Brian Tafazoli vs. Pokemon SSE,pokemon,D_HP,D_ATK,D_DEF,D_SPA,D_SPD,D_SPE,SSE
0,Bulbasaur,-36,-34,-11,0,-20,-42,4737
1,Ivysaur,-21,-21,3,15,-5,-27,1870
2,Venusaur,-1,-1,23,35,15,-7,2030
3,Venusaur (Mega Venusaur),-1,17,63,57,35,-7,8782
4,Charmander,-42,-31,-17,-5,-35,-22,4748
5,Charmeleon,-23,-19,-2,15,-20,-7,1568
6,Charizard,-3,1,18,44,0,13,2439
7,Charizard (Mega Charizard X),-3,47,51,65,0,13,9213
8,Charizard (Mega Charizard Y),-3,21,18,94,30,13,10679
9,Squirtle,-37,-35,5,-15,-21,-44,5221
10,Wartortle,-22,-20,20,0,-5,-29,2150
11,Blastoise,-2,0,40,20,20,-9,2485
12,Blastoise (Mega Blastoise),-2,20,60,70,30,-9,9885
13,Caterpie,-36,-53,-25,-45,-65,-42,12744
14,Metapod,-31,-63,-5,-40,-60,-57,13404
15,Butterfree,-21,-38,-10,25,-5,-17,2924
16,Weedle,-41,-48,-30,-45,-65,-37,12504
17,Kakuna,-36,-58,-10,-40,-60,-52,12664
18,Beedrill,-16,7,-20,-20,-5,-12,1274
19,Beedrill (Mega Beedrill),-16,67,-20,-50,-5,58,11034
20,Pidgey,-41,-38,-20,-30,-50,-31,7886
21,Pidgeotto,-18,-23,-5,-15,-35,-16,2584
22,Pidgeot,2,-3,15,5,-15,14,684
23,Pidgeot (Mega Pidgeot),2,-3,20,70,-5,34,6494
24,Rattata,-51,-27,-25,-40,-50,-15,8280
25,Rattata (Alolan Rattata),-51,-27,-25,-40,-50,-15,8280
26,Raticate,-26,-2,0,-15,-15,10,1230
27,Raticate (Alolan Raticate),-6,-12,10,-25,-5,-10,1030
28,Spearow,-41,-23,-30,-34,-54,-17,7471
29,Fearow,-16,7,5,-4,-24,13,1091
30,Ekans,-46,-23,-16,-25,-31,-32,5511
31,Arbok,-21,12,9,0,-6,-7,751
32,Pikachu,-46,-28,-20,-15,-35,3,4759
33,Pikachu (Partner Pikachu),-36,-3,-10,10,-25,33,3219
34,Raichu,-21,7,-5,25,-5,23,1694
35,Raichu (Alolan Raichu),-21,2,-10,30,0,23,1974
36,Sandshrew,-31,-8,25,-45,-55,-47,8909
37,Sandshrew (Alolan Sandshrew),-31,-8,30,-55,-50,-47,9659
38,Sandslash,-6,17,50,-20,-30,-22,4609
39,Sandslash (Alolan Sandslash),-6,17,60,-40,-20,-22,6409
40,Nidoran♀,-26,-36,-8,-25,-45,-46,6802
41,Nidorina,-11,-21,7,-10,-30,-31,2572
42,Nidoqueen,9,9,27,10,0,-11,1112
43,Nidoran♂,-35,-26,-20,-25,-45,-37,6320
44,Nidorino,-20,-11,-3,-10,-30,-22,2014
45,Nidoking,0,19,17,20,-10,-2,1154
46,Clefairy,-11,-38,-12,-5,-20,-52,4838
47,Clefable,14,-13,13,30,5,-27,2188
48,Vulpix,-43,-42,-20,-15,-20,-22,5122
49,Vulpix (Alolan Vulpix),-43,-42,-20,-15,-20,-22,5122
50,Ninetales,-8,-7,15,16,15,13,988
51,Ninetales (Alolan Ninetales),-8,-16,15,16,15,22,1510
52,Jigglypuff,34,-38,-40,-20,-60,-67,12689
53,Wigglytuff,59,-13,-15,20,-35,-42,7264
54,Zubat,-41,-38,-25,-35,-45,-32,8024
55,Golbat,-6,-3,10,0,-10,3,254
56,Oddish,-36,-33,-5,10,-20,-57,6159
57,Gloom,-21,-18,10,20,-10,-47,3574
58,Vileplume,-6,-3,25,45,5,-37,4089
59,Paras,-46,-13,-5,-20,-30,-62,7454
60,Parasect,-21,12,20,-5,-5,-57,4284
61,Venonat,-21,-28,-10,-25,-30,-42,4614
62,Venomoth,-11,-18,0,25,-10,3,1179
63,Diglett,-71,-28,-35,-30,-40,8,9614
64,Diglett (Alolan Diglett),-71,-28,-30,-30,-40,3,9234
65,Dugtrio,-46,17,-10,-15,-15,33,4044
66,Dugtrio (Alolan Dugtrio),-46,17,0,-15,-15,23,3384
67,Meowth,-41,-38,-25,-25,-45,3,6409
68,Meowth (Alolan Meowth),-41,-48,-25,-15,-45,3,6869
69,Meowth (Galarian Meowth),-31,-18,-5,-25,-45,-47,6169
70,Persian,-16,-13,0,0,-20,28,1609
71,Persian (Alolan Persian),-16,-23,0,10,-20,28,2069
72,Psyduck,-31,-31,-12,0,-35,-32,4315
73,Golduck,-1,-1,18,30,-5,-2,1255
74,Mankey,-41,-3,-25,-30,-40,-17,5104
75,Primeape,-16,22,0,-5,-15,8,1054
76,Growlithe,-26,-13,-15,5,-35,-27,3049
77,Growlithe (Hisuian Growlithe),-21,-8,-15,0,-35,-32,2979
78,Arcanine,9,27,20,35,-5,8,2524
79,Arcanine (Hisuian Arcanine),14,32,20,30,-5,3,2554
80,Poliwag,-41,-33,-20,-25,-45,3,5829
81,Poliwhirl,-16,-18,5,-15,-35,3,2064
82,Poliwrath,9,12,35,5,5,-17,1789
83,Abra,-56,-63,-45,40,-30,3,11639
84,Kadabra,-41,-48,-30,55,-15,18,8459
85,Alakazam,-26,-33,-15,70,10,33,8079
86,Alakazam (Mega Alakazam),-26,-33,5,110,20,63,18259
87,Machop,-11,-3,-10,-30,-50,-52,6334
88,Machoke,-1,17,10,-15,-25,-42,3004
89,Machamp,9,47,20,0,0,-32,3714
90,Bellsprout,-31,-8,-25,5,-55,-47,6909
91,Weepinbell,-16,7,-10,20,-40,-32,3429
92,Victreebel,-1,22,5,35,-15,-17,2249
93,Tentacool,-41,-43,-25,-15,15,-17,4894
94,Tentacruel,-1,-13,5,15,35,13,1814
95,Geodude,-41,-3,40,-35,-55,-67,12029
96,Geodude (Alolan Geodude),-41,-3,40,-35,-55,-67,12029
97,Graveler,-26,12,55,-20,-40,-52,8549
98,Graveler (Alolan Graveler),-26,12,55,-20,-40,-52,8549
99,Golem,-1,37,70,-10,-20,-42,8534
100,Golem (Alolan Golem),-1,37,70,-10,-20,-42,8534
101,Ponyta,-31,2,-5,0,-20,3,1399
102,Ponyta (Galarian Ponyta),-31,2,-5,0,-20,3,1399
103,Rapidash,-16,17,10,15,-5,18,1219
104,Rapidash (Galarian Rapidash),-16,17,10,15,-5,18,1219
105,Slowpoke,9,-18,5,-25,-45,-72,8264
106,Slowpoke (Galarian Slowpoke),9,-18,5,-25,-45,-72,8264
107,Slowbro,14,-8,50,35,-5,-57,7259
108,Slowbro (Mega Slowbro),14,-8,120,65,-5,-57,22159
109,Slowbro (Galarian Slowbro),14,17,35,35,-15,-57,6409
110,Magnemite,-56,-48,10,30,-30,-42,9104
111,Magneton,-31,-23,35,55,-15,-17,6254
112,Farfetch'd,-29,7,-5,-7,-23,-27,2222
113,Farfetch'd (Galarian Farfetch'd),-29,12,-5,-7,-23,-32,2612
114,Doduo,-46,2,-15,-30,-50,-12,5889
115,Dodrio,-21,27,10,-5,-25,23,2449
116,Seel,-16,-38,-5,-20,-15,-42,4114
117,Dewgong,9,-13,20,5,10,-17,1064
118,Grimer,-1,-3,-10,-25,-35,-62,5804
119,Grimer (Alolan Grimer),-1,-3,-10,-25,-35,-62,5804
120,Muk,24,22,15,0,15,-37,2879
121,Muk (Alolan Muk),24,22,15,0,15,-37,2879
122,Shellder,-51,-18,40,-20,-60,-47,10734
123,Cloyster,-31,12,120,20,-40,-17,17794
124,Gastly,-51,-48,-30,35,-50,-7,9579
125,Haunter,-36,-33,-15,50,-30,8,6074
126,Gengar,-21,-18,0,65,-10,23,5619
127,Gengar (Mega Gengar),-21,-18,20,105,10,43,14139
128,Onix,-46,-38,100,-35,-40,-17,16674
129,Drowzee,-21,-35,-15,-22,5,-45,4425
130,Hypno,4,-10,10,8,30,-20,1580
131,Krabby,-51,22,30,-40,-60,-37,10554
132,Kingler,-26,47,55,-15,-35,-12,7504
133,Voltorb,-41,-53,-10,-10,-30,13,5759
134,Voltorb (Hisuian Voltorb),-41,-53,-10,-10,-30,13,5759
135,Electrode,-21,-33,10,15,-5,63,5849
136,Electrode (Hisuian Electrode),-21,-33,10,15,-5,63,5849
137,Exeggcute,-21,-43,20,-5,-40,-47,6524
138,Exeggutor,14,12,25,60,-10,-32,5689
139,Exeggutor (Alolan Exeggutor),14,22,25,60,-10,-42,6769
140,Cubone,-31,-33,35,-25,-35,-52,7829
141,Marowak,-21,-3,50,-15,-5,-42,4964
142,Marowak (Alolan Marowak),-21,-3,50,-15,-5,-42,4964
143,Hitmonlee,-31,37,-7,-30,25,0,3904
144,Hitmonchan,-31,22,19,-30,25,-11,3452
145,Lickitung,9,-28,15,-5,-10,-57,4464
146,Koffing,-41,-18,35,-5,-40,-52,7559
147,Weezing,-16,7,60,20,-15,-27,5259
148,Weezing (Galarian Weezing),-16,7,60,20,-15,-27,5259
149,Rhyhorn,-1,2,35,-35,-55,-62,9324
150,Rhydon,24,47,60,-20,-40,-47,10594
151,Chansey,169,-78,-55,-30,20,-37,40339
152,Tangela,-16,-28,55,35,-45,-27,8044
153,Kangaskhan,24,12,20,-25,-5,3,1779
154,Kangaskhan (Mega Kangaskhan),24,42,40,-5,15,13,4359
155,Horsea,-51,-43,10,5,-60,-27,8904
156,Seadra,-26,-18,35,30,-40,-2,4729
157,Goldeen,-36,-16,0,-30,-35,-24,4253
158,Seaking,-1,9,5,0,-5,-19,493
159,Staryu,-51,-38,-5,5,-30,-2,4999
160,Starmie,-21,-8,25,35,0,28,3139
161,Mr. Mime,-41,-38,5,35,35,3,5609
162,Mr. Mime (Galarian Mr. Mime),-31,-18,5,25,5,13,2129
163,Scyther,-11,27,20,-10,-5,18,1699
164,Jynx,-16,-33,-25,50,10,8,4634
165,Electabuzz,-16,0,-3,30,0,18,1489
166,Magmar,-16,12,-3,35,0,6,1670
167,Pinsir,-16,42,40,-10,-15,-2,3949
168,Pinsir (Mega Pinsir),-16,72,60,0,5,18,9389
169,Tauros,-6,17,35,-25,-15,23,2929
170,Tauros (Paldean Tauros (Combat Breed)),-6,27,45,-35,-15,13,4409
171,Tauros (Paldean Tauros (Blaze Breed)),-6,27,45,-35,-15,13,4409
172,Tauros (Paldean Tauros (Aqua Breed)),-6,27,45,-35,-15,13,4409
173,Magikarp,-61,-73,-5,-50,-65,-7,15849
174,Gyarados,14,42,19,-5,15,-6,2607
175,Gyarados (Mega Gyarados),14,72,49,5,45,-6,9867
176,Lapras,49,2,20,20,10,-27,4034
177,Ditto,-33,-35,-12,-17,-37,-39,5637
178,Eevee,-26,-28,-10,-20,-20,-32,3384
179,Eevee (Partner Eevee),-16,-8,10,0,0,-12,564
180,Vaporeon,49,-18,0,45,10,-22,5334
181,Jolteon,-16,-18,0,45,10,43,4554
182,Flareon,-16,47,0,30,25,-22,4474
183,Porygon,-16,-23,10,20,-10,-47,3594
184,Omanyte,-46,-43,40,25,-30,-52,9794
185,Omastar,-11,-23,65,50,-15,-32,8624
186,Kabuto,-51,-3,30,-10,-40,-32,6234
187,Kabutops,-21,32,45,0,-15,-7,3764
188,Aerodactyl,-1,22,5,-5,-10,43,2484
189,Aerodactyl (Mega Aerodactyl),-1,52,25,5,10,63,7424
190,Snorlax,79,27,5,0,25,-57,10869
191,Articuno,9,2,40,30,40,-2,4189
192,Articuno (Galarian Articuno),9,2,25,60,15,8,4599
193,Zapdos,9,7,25,60,5,13,4549
194,Zapdos (Galarian Zapdos),9,42,30,20,5,13,3339
195,Moltres,9,17,30,60,0,3,4879
196,Moltres (Galarian Moltres),9,2,30,35,40,3,3819
197,Dratini,-40,-19,-15,-15,-35,-37,5005
198,Dragonair,-20,1,5,5,-15,-17,965
199,Dragonite,10,51,35,35,15,-7,5425
200,Mewtwo,25,27,30,89,5,43,12049
201,Mewtwo (Mega Mewtwo X),25,107,40,89,15,43,23669
202,Mewtwo (Mega Mewtwo Y),25,67,10,129,35,53,25889
203,Mew,19,17,40,35,15,13,3869
204,Chikorita,-36,-34,5,-16,-20,-42,4897
205,Bayleef,-21,-21,20,-2,-5,-27,2040
206,Meganium,-1,-1,40,18,15,-7,2200
207,Cyndaquil,-42,-31,-17,-5,-35,-22,4748
208,Quilava,-23,-19,-2,15,-20,-7,1568
209,Typhlosion,-3,1,18,44,0,13,2439
210,Typhlosion (Hisuian Typhlosion),-8,1,18,54,0,8,3369
211,Totodile,-31,-18,4,-21,-37,-44,5047
212,Croconaw,-16,-3,20,-6,-22,-29,2026
213,Feraligatr,4,22,40,14,-2,-9,2381
214,Sentret,-46,-37,-26,-30,-40,-67,11150
215,Furret,4,-7,4,-20,-30,3,1390
216,Hoothoot,-21,-53,-30,-29,-29,-37,7201
217,Noctowl,19,-33,-10,21,11,-17,2401
218,Ledyba,-41,-63,-30,-25,-5,-32,8224
219,Ledian,-26,-48,-10,-10,25,-2,3809
220,Spinarak,-41,-23,-20,-25,-45,-57,8509
221,Ariados,-11,7,10,-5,-15,-47,2729
222,Crobat,4,7,20,5,-5,43,2364
223,Chinchou,-6,-45,-22,-9,-29,-20,3867
224,Lanturn,44,-25,-2,11,-9,-20,3167
225,Pichu,-61,-43,-45,-30,-50,-27,11724
226,Cleffa,-31,-58,-32,-20,-30,-72,11833
227,Igglybuff,9,-53,-45,-25,-65,-72,14949
228,Togepi,-46,-63,5,-25,-20,-67,11624
229,Togetic,-26,-43,25,15,20,-47,5984
230,Natu,-41,-33,-15,5,-40,-17,4909
231,Xatu,-16,-8,10,30,-15,8,1609
232,Mareep,-26,-43,-20,0,-40,-52,7229
233,Flaaffy,-11,-28,-5,15,-25,-42,3544
234,Ampharos,9,-8,25,50,5,-32,4319
235,Ampharos (Mega Ampharos),9,12,45,100,25,-42,14639
236,Bellossom,-6,-3,35,25,15,-37,3489
237,Marill,-11,-63,-10,-45,-35,-47,9649
238,Azumarill,19,-33,20,-5,-5,-37,3269
239,Sudowoodo,-11,17,55,-35,-20,-57,8309
240,Politoed,9,-8,15,25,15,-17,1509
241,Hoppip,-46,-48,-20,-30,-30,-37,7989
242,Skiploom,-26,-38,-10,-20,-20,-7,3069
243,Jumpluff,-6,-28,10,-10,10,23,1649
244,Aipom,-26,-13,-5,-25,-30,-2,2399
245,Sunkern,-51,-53,-30,-35,-55,-57,13809
246,Sunflora,-6,-8,-5,40,0,-57,4974
247,Yanma,-16,-18,-15,10,-40,8,2569
248,Wooper,-26,-38,-15,-40,-60,-72,12729
249,Wooper (Paldean Wooper),-26,-38,-15,-40,-60,-72,12729
250,Quagsire,14,2,25,0,-20,-52,3929
251,Espeon,-16,-18,0,65,10,23,5434
252,Umbreon,14,-18,50,-5,45,-22,5554
253,Murkrow,-21,2,-18,20,-43,4,3034
254,Slowking,14,-8,20,35,25,-57,5759
255,Slowking (Galarian Slowking),14,-18,20,45,25,-57,6819
256,Misdreavus,-21,-23,0,20,0,-2,1374
257,Unown,-33,-11,-12,7,-37,-39,4293
258,Wobbuffet,109,-50,-2,-32,-27,-54,19054
259,Girafarig,-11,-3,5,25,-20,-2,1184
260,Pineco,-31,-18,30,-30,-50,-72,10769
261,Forretress,-6,7,80,-5,-25,-47,9344
262,Dunsparce,19,-13,10,0,-20,-42,2794
263,Gligar,-16,-8,45,-30,-20,-2,3649
264,Steelix,-6,2,140,-10,-20,-57,23389
265,Steelix (Mega Steelix),-6,42,170,-10,10,-57,34149
266,Snubbull,-21,-3,-10,-25,-45,-57,6449
267,Granbull,9,37,15,-5,-25,-42,4089
268,Qwilfish,-16,12,25,-10,-30,-2,2029
269,Qwilfish (Hisuian Qwilfish),-16,12,25,-10,-30,-2,2029
270,Scizor,-11,47,40,-10,-5,-22,4539
271,Scizor (Mega Scizor),-11,67,80,0,15,-12,11379
272,Shuckle,-61,-73,170,-55,145,-82,68724
273,Heracross,-1,42,15,-25,10,-2,2719
274,Heracross (Mega Heracross),-1,102,55,-25,20,-12,14599
275,Sneasel,-26,12,-5,-30,-10,28,2629
276,Sneasel (Hisuian Sneasel),-26,12,-5,-30,-10,28,2629
277,Teddiursa,-21,-3,-10,-15,-35,-47,4209
278,Ursaring,9,47,15,10,-10,-32,3739
279,Slugma,-41,-43,-20,5,-45,-67,10469
280,Magcargo,-21,-33,60,25,-5,-57,9029
281,Swinub,-31,-33,-20,-35,-55,-37,8069
282,Piloswine,19,17,20,-5,-25,-37,3069
283,Corsola,-16,-28,35,0,10,-52,5069
284,Corsola (Galarian Corsola),-21,-28,40,0,15,-57,6299
285,Remoraid,-46,-18,-25,0,-50,-22,6049
286,Octillery,-6,22,15,40,-10,-42,4209
287,Delibird,-36,-28,-15,0,-40,-12,4049
288,Mantine,4,-43,10,15,55,-17,5504
289,Skarmory,-16,-3,80,-25,-15,-17,7804
290,Houndour,-36,-23,-30,15,-35,-22,4659
291,Houndoom,-6,7,-10,45,-5,8,2299
292,Houndoom (Mega Houndoom),-6,7,30,75,5,28,7419
293,Kingdra,-6,12,35,30,10,-2,2409
294,Phanpy,9,-23,0,-25,-45,-47,5469
295,Donphan,9,37,60,-5,-25,-37,7069
296,Porygon2,4,-3,30,40,10,-27,3354
297,Stantler,-8,12,2,20,-20,-2,1016
298,Smeargle,-26,-63,-25,-45,-40,-12,9039
299,Tyrogue,-46,-48,-25,-30,-50,-52,11149
300,Hitmontop,-31,12,35,-30,25,-17,4144
301,Smoochum,-36,-53,-45,20,-20,-22,7414
302,Elekid,-36,-20,-23,0,-30,8,3189
303,Magby,-36,-8,-23,5,-30,-4,2830
304,Miltank,14,-3,45,-25,-15,13,3249
305,Blissey,174,-73,-50,10,50,-32,41729
306,Raikou,9,2,15,50,15,28,3819
307,Entei,34,32,25,25,-10,13,3699
308,Suicune,19,-8,55,25,30,-2,4979
309,Larvitar,-31,-19,-10,-20,-35,-46,5163
310,Pupitar,-11,1,10,0,-15,-36,1743
311,Tyranitar,19,51,50,30,15,-26,7263
312,Tyranitar (Mega Tyranitar),19,81,90,30,35,-16,17403
313,Lugia,25,7,70,25,69,23,11489
314,Ho-Oh,25,47,30,45,69,3,10529
315,Celebi,19,17,40,35,15,13,3869
316,Treecko,-41,-38,-25,0,-30,-17,4939
317,Grovyle,-31,-18,-15,20,-20,8,2374
318,Sceptile,-11,2,5,40,0,33,2839
319,Sceptile (Mega Sceptile),-11,27,15,80,0,58,10839
320,Torchic,-36,-23,-20,5,-35,-42,5239
321,Combusken,-21,2,0,20,-25,-32,2494
322,Blaziken,-1,37,10,45,-15,-7,3769
323,Blaziken (Mega Blaziken),-1,77,20,65,-5,13,10749
324,Mudkip,-31,-13,-10,-15,-35,-47,4889
325,Marshtomp,-11,2,10,-5,-15,-37,1844
326,Swampert,19,27,30,20,5,-27,3144
327,Swampert (Mega Swampert),19,67,50,30,25,-17,9164
328,Poochyena,-46,-28,-25,-35,-55,-52,10479
329,Mightyena,-11,7,10,-5,-25,-17,1209
330,Zigzagoon,-43,-53,-19,-35,-44,-27,8909
331,Zigzagoon (Galarian Zigzagoon),-43,-53,-19,-35,-44,-27,8909
332,Linoone,-3,-13,1,-15,-24,13,1149
333,Linoone (Galarian Linoone),-3,-13,1,-15,-24,13,1149
334,Wurmple,-36,-38,-25,-45,-55,-67,12904
335,Silcoon,-31,-48,-5,-40,-60,-72,13674
336,Beautifly,-21,-13,-10,35,-35,-22,3644
337,Cascoon,-31,-48,-5,-40,-60,-72,13674
338,Dustox,-21,-33,10,-15,5,-22,2364
339,Lotad,-41,-53,-30,-25,-35,-57,10489
340,Lombre,-21,-33,-10,-5,-15,-37,3249
341,Ludicolo,-1,-13,10,25,15,-17,1409
342,Seedot,-41,-43,-10,-35,-55,-57,11129
343,Nuzleaf,-11,-13,-20,-5,-45,-27,3469
344,Shiftry,9,17,0,25,-25,-7,1669
345,Taillow,-41,-28,-30,-35,-55,-2,7619
346,Swellow,-21,2,0,10,-35,38,3214
347,Wingull,-41,-53,-30,-10,-55,-2,8519
348,Pelipper,-21,-33,40,30,-15,-22,4739
349,Ralts,-53,-58,-35,-20,-50,-47,12507
350,Kirlia,-43,-48,-25,0,-30,-37,7047
351,Gardevoir,-13,-18,5,60,30,-7,5067
352,Gardevoir (Mega Gardevoir),-13,2,5,100,50,13,12867
353,Surskit,-41,-53,-28,-15,-33,-22,7072
354,Masquerain,-11,-23,2,35,-3,-7,1937
355,Shroomish,-21,-43,0,-25,-25,-52,6244
356,Breloom,-21,47,20,-5,-25,-17,3989
357,Slakoth,-21,-23,0,-30,-50,-57,7619
358,Vigoroth,-1,-3,20,-10,-30,3,1419
359,Slaking,69,77,40,30,-20,13,13759
360,Nincada,-50,-38,30,-35,-55,-47,11303
361,Ninjask,-20,7,-15,-15,-35,73,7453
362,Shedinja,-80,7,-15,-35,-55,-47,13133
363,Whismur,-17,-32,-37,-14,-62,-59,10203
364,Loudred,3,-12,-17,6,-42,-39,3763
365,Exploud,23,8,3,26,-12,-19,1783
366,Makuhita,-9,-23,-30,-45,-55,-62,10404
367,Hariyama,63,37,0,-25,-25,-37,7957
368,Azurill,-31,-63,-20,-45,-45,-67,13869
369,Nosepass,-51,-38,75,-20,5,-57,13344
370,Skitty,-31,-38,-15,-30,-50,-37,7399
371,Delcatty,-11,-18,5,-10,-30,3,1479
372,Sableye,-31,-8,15,0,-20,-37,3019
373,Sableye (Mega Sableye),-31,2,65,20,30,-67,10979
374,Mawile,-31,2,25,-10,-30,-37,3959
375,Mawile (Mega Mawile),-31,22,65,-10,10,-37,7239
376,Aron,-31,-13,40,-25,-45,-57,8629
377,Lairon,-21,7,80,-15,-35,-47,10549
378,Aggron,-11,27,120,-5,-25,-37,17269
379,Aggron (Mega Aggron),-11,57,170,-5,-5,-37,33689
380,Meditite,-51,-43,-5,-25,-30,-27,6729
381,Medicham,-21,-23,15,-5,-10,-7,1369
382,Medicham (Mega Medicham),-21,17,25,15,0,13,1749
383,Electrike,-41,-38,-20,0,-45,-22,6034
384,Manectric,-11,-8,0,40,-25,18,2734
385,Manectric (Mega Manectric),-11,-8,20,70,-5,48,7814
386,Plusle,-21,-33,-20,20,-10,8,2494
387,Minun,-21,-43,-10,10,0,8,2554
388,Volbeat,-16,-10,15,-18,0,-2,909
389,Illumise,-16,-36,15,8,0,-2,1845
390,Roselia,-31,-23,-15,35,-5,-22,3449
391,Gulpin,-11,-40,-7,-22,-32,-47,5487
392,Swalot,19,-10,23,8,-2,-32,2082
393,Carvanha,-36,7,-40,0,-65,-22,7654
394,Sharpedo,-11,37,-20,30,-45,8,4879
395,Sharpedo (Mega Sharpedo),-11,57,10,45,-20,18,6219
396,Wailmer,49,-13,-25,5,-50,-27,6449
397,Wailord,89,7,-15,25,-40,-27,11149
398,Numel,-21,-23,-20,0,-40,-52,5674
399,Camerupt,-11,17,10,40,-10,-47,4419
400,Camerupt (Mega Camerupt),-11,37,40,80,20,-67,14379
401,Torkoal,-11,2,80,20,-15,-67,11639
402,Spoink,-21,-58,-25,5,-5,-27,5209
403,Grumpig,-1,-38,5,25,25,-7,2769
404,Spinda,-21,-23,0,-5,-25,-27,2349
405,Trapinch,-36,17,-15,-20,-40,-77,9739
406,Vibrava,-31,-13,-10,-15,-35,-17,2969
407,Flygon,-1,17,20,15,-5,13,1109
408,Cacnea,-31,2,-20,20,-45,-52,6494
409,Cacturne,-11,32,0,50,-25,-32,5294
410,Swablu,-36,-43,0,-25,-10,-37,5239
411,Altaria,-6,-13,30,5,20,-7,1579
412,Altaria (Mega Altaria),-6,27,50,45,20,-7,5739
413,Zangoose,-8,32,0,-5,-25,3,1747
414,Seviper,-8,17,0,35,-25,-22,2687
415,Lunatone,9,-28,5,30,0,-17,2079
416,Solrock,9,12,25,-10,-20,-17,1639
417,Barboach,-31,-35,-17,-19,-44,-27,5501
418,Whiscash,29,-5,13,11,-14,-27,2081
419,Corphish,-38,-3,5,-15,-50,-52,6907
420,Crawdaunt,-18,37,25,25,-30,-32,4867
421,Baltoy,-41,-43,-5,-25,-15,-32,5429
422,Claydol,-21,-13,45,5,35,-12,4029
423,Lileep,-15,-42,17,-4,2,-64,6394
424,Cradily,5,-2,37,16,22,-44,4074
425,Anorith,-36,12,-10,-25,-35,-12,3534
426,Armaldo,-6,42,40,5,-5,-42,5214
427,Feebas,-61,-68,-40,-55,-30,-7,13919
428,Milotic,14,-23,19,35,40,-6,3947
429,Castform,-11,-13,10,5,-15,-17,929
430,Kecleon,-21,7,10,-5,35,-47,4049
431,Shuppet,-37,-8,-25,-2,-52,-42,6530
432,Banette,-17,32,5,18,-22,-22,2630
433,Banette (Mega Banette),-17,82,15,28,-2,-12,8170
434,Duskull,-61,-43,30,-35,5,-62,11564
435,Dusclops,-41,-13,70,-5,45,-62,12644
436,Tropius,18,-15,23,7,2,-36,2427
437,Chimecho,-6,-33,20,30,5,-22,2934
438,Absol,-16,47,0,10,-25,-12,3334
439,Absol (Mega Absol),-16,67,0,50,-25,28,8654
440,Wynaut,14,-60,-12,-42,-37,-64,11169
441,Snorunt,-31,-33,-10,-15,-35,-37,4969
442,Glalie,-1,-3,20,15,-5,-7,709
443,Glalie (Mega Glalie),-1,37,20,55,-5,13,4989
444,Spheal,-11,-43,-10,-10,-35,-62,7239
445,Sealeo,9,-23,10,10,-15,-42,2799
446,Walrein,29,-3,30,30,5,-22,3159
447,Clamperl,-46,-19,25,9,-30,-55,7108
448,Huntail,-26,21,45,29,-10,-35,5308
449,Gorebyss,-26,1,45,49,-10,-35,6428
450,Relicanth,19,7,70,-20,-20,-32,7134
451,Luvdisc,-38,-53,-5,-25,-20,10,5403
452,Bagon,-36,-8,0,-25,-55,-37,6379
453,Shelgon,-16,12,40,-5,-35,-37,4619
454,Salamence,14,52,20,45,-5,13,5519
455,Salamence (Mega Salamence),14,62,70,55,5,33,13079
456,Beldum,-41,-28,20,-30,-25,-57,7639
457,Metang,-21,-8,40,-10,-5,-37,3599
458,Metagross,-1,52,70,30,5,-17,8819
459,Metagross (Mega Metagross),-1,62,90,40,25,23,14699
460,Regirock,-1,17,140,-15,15,-37,21709
461,Regice,-1,-33,40,35,115,-37,18509
462,Registeel,-1,-8,90,10,65,-37,13859
463,Latias,-1,-3,30,45,45,23,5489
464,Latias (Mega Latias),-1,17,60,75,65,23,14269
465,Latios,-1,7,20,65,25,23,5829
466,Latios (Mega Latios),-1,47,40,95,35,23,14589
467,Kyogre,19,17,30,85,55,3,11809
468,Kyogre (Primal Kyogre),19,67,30,115,75,3,24609
469,Groudon,19,67,80,35,5,3,12509
470,Groudon (Primal Groudon),19,97,100,85,5,3,27029
471,Rayquaza,24,67,30,85,5,8,13279
472,Rayquaza (Mega Rayquaza),24,97,40,115,15,28,25819
473,Jirachi,19,17,40,35,15,13,3869
474,Deoxys (Normal Forme),-31,67,-10,85,-35,63,17969
475,Deoxys (Attack Forme),-31,97,-40,115,-65,63,33389
476,Deoxys (Defense Forme),-31,-13,100,5,75,3,16789
477,Deoxys (Speed Forme),-31,12,30,30,5,93,11579
478,Turtwig,-26,-15,4,-20,-30,-56,5353
479,Grotle,-6,6,25,-10,-20,-51,3798
480,Torterra,14,26,45,10,0,-31,3958
481,Chimchar,-37,-25,-16,-7,-41,-26,4656
482,Monferno,-17,-5,-8,13,-33,-6,1672
483,Infernape,-5,21,11,39,-14,21,2745
484,Piplup,-28,-32,-7,-4,-29,-47,4923
485,Prinplup,-17,-17,8,16,-9,-37,2348
486,Empoleon,3,3,28,46,16,-27,3903
487,Starly,-41,-28,-30,-35,-55,-27,8344
488,Staravia,-26,-8,-10,-25,-45,-7,3539
489,Staraptor,4,37,10,-15,-25,13,2504
490,Bidoof,-22,-38,-20,-30,-45,-56,8389
491,Bibarel,-2,2,0,-10,-25,-16,989
492,Kricketot,-44,-58,-19,-40,-44,-62,13041
493,Kricketune,-4,2,-9,-10,-34,-22,1841
494,Shinx,-36,-18,-26,-25,-51,-42,7286
495,Luxio,-21,2,-11,-5,-36,-27,2616
496,Luxray,-1,37,19,30,-6,-17,2956
497,Budew,-41,-53,-25,-15,-15,-32,6589
498,Roserade,-21,-13,5,60,20,3,4644
499,Cranidos,-14,42,-20,-35,-55,-29,7451
500,Rampardos,16,82,0,0,-35,-29,9046
501,Shieldon,-51,-41,58,-23,3,-57,11433
502,Bastiodon,-21,-31,108,-18,53,-57,19448
503,Burmy,-41,-54,-15,-36,-40,-51,10319
504,Wormadam (Plant Cloak),-21,-24,25,14,20,-51,4839
505,Wormadam (Sandy Cloak),-21,-4,45,-6,0,-51,5119
506,Wormadam (Trash Cloak),-21,-14,35,4,10,-51,4579
507,Mothim,-11,11,-10,29,-35,-21,2849
508,Combee,-51,-53,-18,-35,-43,-17,9097
509,Vespiquen,-11,-3,42,15,17,-47,4617
510,Pachirisu,-21,-38,10,-20,5,8,2474
511,Buizel,-26,-18,-25,-5,-55,-2,4679
512,Floatzel,4,22,-5,20,-35,28,2934
513,Cherubi,-36,-48,-15,-3,-32,-52,7562
514,Cherrim,-11,-23,10,22,-7,-2,1287
515,Shellos,-5,-35,-12,-8,-23,-53,4796
516,Gastrodon,30,0,8,27,-3,-48,4006
517,Ambipom,-6,17,6,-5,-19,28,1531
518,Drifloon,9,-33,-26,-5,-41,-17,3841
519,Drifblim,69,-3,-16,25,-31,-7,6661
520,Buneary,-26,-17,-16,-21,-29,-2,2507
521,Lopunny,-16,-7,24,-11,11,18,1447
522,Lopunny (Mega Lopunny),-16,53,34,-11,11,48,6767
523,Mismagius,-21,-23,0,40,20,18,3294
524,Honchkrow,19,42,-8,40,-33,-16,5134
525,Glameow,-32,-28,-18,-23,-48,-2,4969
526,Purugly,-10,-1,4,-1,-26,25,1419
527,Chingling,-36,-53,-10,0,-35,-42,7194
528,Stunky,-18,-20,-13,-24,-44,-13,3574
529,Skuntank,22,10,7,6,-24,-3,1254
530,Bronzor,-24,-59,26,-41,1,-64,10511
531,Bronzong,-14,6,56,14,31,-54,7441
532,Bonsly,-31,-3,35,-55,-40,-77,12749
533,Mime Jr.,-61,-58,-15,5,5,-27,8089
534,Happiny,19,-78,-55,-50,-20,-57,15619
535,Chatot,-5,-18,-15,27,-43,4,3168
536,Spiritomb,-31,9,48,27,23,-52,7308
537,Gible,-23,-13,-15,-25,-40,-45,5173
538,Gabite,-13,7,5,-15,-30,-5,1393
539,Garchomp,27,47,35,15,0,15,4613
540,Garchomp (Mega Garchomp),27,87,55,55,10,5,14473
541,Munchlax,54,2,-20,-25,0,-82,10669
542,Riolu,-41,-13,-20,-30,-45,-27,5904
543,Lucario,-11,27,10,50,-15,3,3684
544,Lucario (Mega Lucario),-11,62,28,75,-15,25,11224
545,Hippopotas,-13,-11,18,-27,-43,-55,6217
546,Hippowdon,27,29,58,3,-13,-40,6712
547,Skorupi,-41,-33,30,-35,-30,-22,6279
548,Drapion,-11,7,50,-5,-10,8,2859
549,Croagunk,-33,-22,-20,-4,-45,-37,5383
550,Toxicroak,2,23,5,21,-20,-2,1403
551,Carnivine,-7,17,12,25,-13,-41,2957
552,Finneon,-32,-34,-4,-16,-24,-21,3469
553,Lumineon,-12,-14,16,4,1,4,629
554,Mantyke,-36,-63,-10,-5,35,-37,7984
555,Snover,-21,-21,-10,-3,-25,-47,3825
556,Abomasnow,9,9,15,27,0,-27,1845
557,Abomasnow (Mega Abomasnow),9,49,45,67,20,-57,12645
558,Weavile,-11,37,5,-20,0,38,3359
559,Magnezone,-11,-13,55,65,5,-27,8294
560,Lickilicky,29,2,35,15,10,-37,3764
561,Rhyperior,34,57,70,-10,-30,-47,12514
562,Tangrowth,19,17,65,45,-35,-37,9494
563,Electivire,-6,40,7,30,0,8,2649
564,Magmortar,-6,12,7,60,10,-4,3945
565,Togekiss,4,-33,35,55,30,-7,6304
566,Yanmega,5,-7,26,51,-29,8,4256
567,Leafeon,-16,27,70,-5,-20,8,6374
568,Glaceon,-16,-23,50,65,10,-22,8094
569,Gliscor,-6,12,65,-20,-10,8,4969
570,Mamoswine,29,47,20,5,-25,-7,4149
571,Porygon-Z,4,-3,10,70,-10,3,5134
572,Gallade,-13,42,5,0,30,-7,2907
573,Gallade (Mega Gallade),-13,82,35,0,30,23,9547
574,Probopass,-21,-28,85,10,65,-47,14984
575,Dusknoir,-36,17,75,0,50,-42,11474
576,Froslass,-11,-3,10,15,-15,23,1209
577,Rotom,-31,-33,17,30,-8,4,3319
578,Rotom (Heat Rotom),-31,-18,47,40,22,-1,5579
579,Rotom (Wash Rotom),-31,-18,47,40,22,-1,5579
580,Rotom (Frost Rotom),-31,-18,47,40,22,-1,5579
581,Rotom (Fan Rotom),-31,-18,47,40,22,-1,5579
582,Rotom (Mow Rotom),-31,-18,47,40,22,-1,5579
583,Uxie,-6,-8,70,10,45,8,7189
584,Mesprit,-1,22,45,40,20,-7,4559
585,Azelf,-6,42,10,60,-15,28,6509
586,Dialga,19,37,60,85,15,3,12789
587,Dialga (Origin Forme),19,17,60,85,35,3,12709
588,Palkia,9,37,40,85,35,13,11669
589,Palkia (Origin Forme),9,17,40,85,35,33,11509
590,Heatran,10,7,46,65,21,-10,7031
591,Regigigas,29,77,50,15,25,13,10289
592,Giratina (Altered Forme),69,17,60,35,35,3,11109
593,Giratina (Origin Forme),69,37,40,55,15,3,10989
594,Cresselia,39,-13,60,10,45,-2,7419
595,Phione,-1,-3,20,15,-5,-7,709
596,Manaphy,19,17,40,35,15,13,3869
597,Darkrai,-11,7,30,70,5,38,7439
598,Shaymin (Land Forme),19,17,40,35,15,13,3869
599,Shaymin (Sky Forme),19,20,15,55,-10,40,5711
600,Arceus,39,37,60,55,35,33,11829
601,Victini,19,17,40,35,15,13,3869
602,Snivy,-36,-38,-5,-20,-30,-24,4641
603,Servine,-21,-23,15,-5,-10,-4,1336
604,Serperior,-6,-8,35,10,10,26,2201
605,Tepig,-16,-20,-15,-20,-40,-42,4645
606,Pignite,9,10,-5,5,-30,-32,2155
607,Emboar,29,40,5,35,-20,-22,4575
608,Oshawott,-26,-28,-15,-2,-40,-42,5053
609,Dewott,-6,-8,0,18,-25,-27,1778
610,Samurott,14,17,25,43,-15,-17,3473
611,Samurott (Hisuian Samurott),9,25,20,35,-20,-2,2735
612,Patrat,-36,-28,-21,-30,-46,-45,7562
613,Watchog,-21,2,9,-5,-16,-10,907
614,Lillipup,-36,-23,-15,-40,-40,-32,6274
615,Herdier,-16,-3,5,-30,-20,-27,2319
616,Stoutland,4,27,30,-20,5,-7,2119
617,Purrloin,-40,-33,-23,-15,-48,-21,6188
618,Liepard,-17,5,-10,23,-35,19,2529
619,Pansage,-31,-30,-12,-12,-37,-23,4047
620,Simisage,-6,15,3,33,-22,14,2039
621,Pansear,-31,-30,-12,-12,-37,-23,4047
622,Simisear,-6,15,3,33,-22,14,2039
623,Panpour,-31,-30,-12,-12,-37,-23,4047
624,Simipour,-6,15,3,33,-22,14,2039
625,Munna,-5,-58,-15,2,-30,-63,8487
626,Musharna,35,-28,25,42,10,-58,7862
627,Pidove,-31,-28,-10,-29,-55,-44,7647
628,Tranquill,-19,-6,2,-15,-43,-22,2959
629,Unfezant,-1,32,20,0,-30,6,2361
630,Blitzle,-36,-23,-28,-15,-53,-11,5764
631,Zebstrika,-6,17,3,15,-22,29,1884
632,Roggenrola,-26,-8,25,-40,-60,-72,11749
633,Boldore,-11,22,45,-15,-45,-67,9369
634,Gigalith,4,52,70,-5,-5,-62,11514
635,Woobat,-16,-38,-17,-10,-42,-15,4078
636,Swoobat,-14,-26,-5,12,-30,27,2670
637,Drilbur,-21,2,-20,-35,-40,-19,4031
638,Excadrill,29,52,0,-15,-20,1,4171
639,Audino,22,-23,26,-5,1,-37,3084
640,Audino (Mega Audino),22,-23,66,15,41,-37,8644
641,Timburr,-6,-3,-5,-40,-50,-52,6874
642,Gurdurr,4,22,25,-25,-35,-47,5184
643,Conkeldurr,24,57,35,-10,-20,-42,7314
644,Tympole,-31,-33,-20,-15,-45,-23,5229
645,Palpitoad,-6,-18,-5,0,-30,-18,1609
646,Seismitoad,24,12,15,20,-10,-13,1614
647,Throh,39,17,25,-35,0,-42,5424
648,Sawk,-6,42,15,-35,-10,-2,3354
649,Sewaddle,-36,-30,10,-25,-25,-45,5571
650,Swadloon,-26,-20,30,-15,-5,-45,4251
651,Leavanny,-6,20,20,5,-5,5,911
652,Venipede,-51,-38,-1,-35,-46,-30,8287
653,Whirlipede,-41,-28,39,-25,-6,-40,6247
654,Scolipede,-21,17,29,-10,-16,25,2552
655,Cottonee,-41,-56,0,-28,-35,-21,7267
656,Whimsicott,-21,-16,25,12,-10,29,2407
657,Petilil,-36,-48,-10,5,-35,-57,8199
658,Lilligant,-11,-23,15,45,-10,3,3009
659,Lilligant (Hisuian Lilligant),-11,22,15,-15,-10,18,1479
660,Basculin,-11,9,5,15,-30,11,1473
661,Sandile,-31,-11,-25,-30,-50,-22,5591
662,Krokorok,-21,-1,-15,-20,-40,-13,2836
663,Krookodile,14,34,20,0,-15,5,2002
664,Darumaka,-11,7,-15,-50,-40,-37,5864
665,Darumaka (Galarian Darumaka),-11,7,-15,-50,-40,-37,5864
666,Darmanitan (Standard Mode),24,57,-5,-35,-30,8,6039
667,Darmanitan (Zen Mode),24,-53,45,75,20,-32,12459
668,Darmanitan (Galarian Standard Mode),24,57,-5,-35,-30,8,6039
669,Darmanitan (Galarian Zen Mode),24,77,-5,-35,-30,48,10959
670,Maractus,-6,3,7,41,-18,-27,2828
671,Dwebble,-31,-18,25,-30,-50,-32,6334
672,Crustle,-11,22,65,0,-10,-42,6694
673,Scraggy,-31,-8,10,-30,-15,-39,3771
674,Scrafty,-16,7,55,-20,30,-29,5471
675,Sigilyph,-9,-25,20,38,-5,10,2675
676,Yamask,-43,-53,25,-10,-20,-57,9032
677,Yamask (Galarian Yamask),-43,-28,25,-35,-20,-57,8132
678,Cofagrigus,-23,-33,85,30,20,-57,13392
679,Tirtouga,-27,-5,43,-12,-40,-65,8572
680,Carracosta,-7,25,73,18,-20,-55,9752
681,Archen,-26,29,-15,9,-40,-17,3712
682,Archeops,-6,57,5,47,-20,23,6448
683,Trubbish,-31,-33,2,-25,-23,-22,3692
684,Garbodor,-1,12,22,-5,-3,-12,807
685,Zorua,-41,-18,-20,15,-45,-22,5139
686,Zorua (Hisuian Zorua),-46,-23,-20,20,-45,-17,5759
687,Zoroark,-21,22,0,55,-25,18,4899
688,Zoroark (Hisuian Zoroark),-26,17,0,60,-25,23,5719
689,Minccino,-26,-33,-20,-25,-45,-12,4959
690,Cinccino,-6,12,0,0,-25,28,1589
691,Gothita,-36,-53,-10,-10,-20,-42,6469
692,Gothorita,-21,-38,10,10,0,-32,3109
693,Gothitelle,-11,-28,35,30,25,-22,4139
694,Solosis,-36,-53,-20,40,-35,-67,11819
695,Duosion,-16,-43,-10,60,-25,-57,9679
696,Reuniclus,29,-18,15,60,0,-57,8239
697,Ducklett,-19,-39,-10,-21,-35,-32,4672
698,Swanna,-6,4,3,22,-22,11,1150
699,Vanillite,-45,-33,-10,0,-25,-43,5688
700,Vanillish,-30,-18,5,15,-10,-28,2358
701,Vanilluxe,-10,12,25,45,10,-8,3058
702,Deerling,-21,-23,-10,-25,-35,-12,3064
703,Sawsbuck,-1,17,10,-5,-15,8,704
704,Emolga,-26,-8,0,10,-25,16,1721
705,Karrablast,-31,-8,-15,-25,-40,-27,4204
706,Escavalier,-11,52,45,-5,20,-67,9764
707,Foongus,-12,-28,-15,-10,-30,-72,7337
708,Amoonguss,33,2,10,20,-5,-57,4867
709,Frillish,-26,-43,-10,0,0,-47,4834
710,Jellicent,19,-23,10,20,20,-27,2519
711,Alomomola,84,-8,20,-25,-40,-22,10229
712,Joltik,-31,-36,-10,-8,-35,-22,4130
713,Galvantula,-11,-6,0,32,-25,21,2247
714,Ferroseed,-37,-33,31,-41,1,-77,11030
715,Ferrothorn,-7,11,71,-11,31,-67,10782
716,Klink,-41,-28,10,-20,-25,-57,6839
717,Klang,-21,-3,35,5,0,-37,3069
718,Klinklang,-21,17,55,5,0,3,3789
719,Tynamo,-46,-28,-20,-20,-45,-27,6454
720,Eelektrik,-16,2,10,10,-15,-47,2894
721,Eelektross,4,32,20,40,-5,-37,4434
722,Elgyem,-26,-28,-5,20,-30,-57,6034
723,Beheeyem,-6,-8,15,60,10,-47,6234
724,Litwick,-31,-53,-5,0,-30,-67,9184
725,Lampent,-21,-43,0,30,-25,-32,4839
726,Chandelure,-21,-28,30,80,5,-7,8599
727,Axew,-35,4,0,-35,-45,-30,5391
728,Fraxure,-15,34,10,-25,-35,-20,3731
729,Haxorus,-5,64,30,-5,-15,10,5371
730,Cubchoo,-26,-13,-20,-5,-45,-47,5504
731,Beartic,14,47,20,5,-5,-37,4224
732,Cryogonal,-1,-33,-10,30,50,18,4914
733,Shelmet,-31,-43,25,-25,-20,-62,8304
734,Accelgor,-1,-13,-20,35,-25,58,5784
735,Stunfisk,28,-17,24,16,14,-55,5126
736,Stunfisk (Galarian Stunfisk),28,-2,39,1,-1,-55,5336
737,Mienfoo,-36,2,-10,-10,-35,-22,3209
738,Mienshao,-16,42,0,30,-25,18,3869
739,Druddigon,-4,37,30,-5,5,-39,3856
740,Golett,-22,-9,-10,-30,-35,-52,5494
741,Golurk,8,41,20,-10,-5,-32,3294
742,Pawniard,-36,2,10,-25,-45,-27,4779
743,Bisharp,-16,42,40,-5,-15,-17,4159
744,Bouffalant,14,27,35,-25,10,-32,3899
745,Rufflet,-11,0,-10,-28,-35,-27,2959
746,Braviary,19,40,15,-8,-10,-7,2399
747,Braviary (Hisuian Braviary),29,0,10,47,-15,-22,3859
748,Vullaby,-11,-28,15,-20,-20,-27,2659
749,Mandibuzz,29,-18,45,-10,10,-7,3439
750,Heatmor,4,14,6,40,-19,-22,2693
751,Durant,-23,26,52,-17,-37,22,6051
752,Deino,-29,-18,-10,-20,-35,-49,5291
753,Zweilous,-9,2,10,0,-15,-29,1251
754,Hydreigon,11,22,30,60,5,11,5251
755,Larvesta,-26,2,-5,-15,-30,-27,2559
756,Volcarona,4,-23,5,70,20,13,6039
757,Cobalion,10,7,69,25,-13,21,6145
758,Terrakion,10,46,30,7,5,21,3631
759,Virizion,10,7,12,25,44,21,3295
760,Tornadus (Incarnate Forme),-2,32,10,60,-5,24,5329
761,Tornadus (Therian Forme),-2,17,20,45,5,34,3899
762,Thundurus (Incarnate Forme),-2,32,10,60,-5,24,5329
763,Thundurus (Therian Forme),-2,22,10,80,-5,14,7209
764,Reshiram,19,37,40,85,35,3,11789
765,Zekrom,19,67,60,55,15,3,11709
766,Landorus (Incarnate Forme),8,42,30,50,-5,14,5449
767,Landorus (Therian Forme),8,62,30,40,-5,4,6449
768,Kyurem,44,47,30,65,5,8,9359
769,Kyurem (Black Kyurem),44,87,40,55,5,8,14219
770,Kyurem (White Kyurem),44,37,30,105,15,8,15519
771,Keldeo,10,-11,30,64,5,21,5683
772,Meloetta (Aria Forme),19,-6,17,63,43,3,6513
773,Meloetta (Pirouette Forme),19,45,30,12,-8,41,5175
774,Genesect,-10,37,35,55,10,12,5963
775,Chespin,-25,-22,5,-17,-40,-49,5424
776,Quilladin,-20,-5,35,-9,-27,-30,3360
777,Chesnaught,7,24,62,9,-10,-23,5179
778,Fennekin,-41,-38,-20,-3,-25,-27,4888
779,Braixen,-22,-24,-2,25,-15,-14,2110
780,Delphox,-6,-14,12,49,15,17,3291
781,Froakie,-40,-27,-20,-3,-41,-16,4675
782,Frogadier,-27,-20,-8,18,-29,10,2458
783,Greninja,-9,12,7,38,-14,35,3139
784,Greninja (Ash-Greninja),-9,62,7,88,-14,45,13939
785,Bunnelby,-43,-47,-22,-33,-49,-30,8932
786,Diggersby,4,-27,17,-15,-8,-9,1404
787,Fletchling,-36,-33,-17,-25,-47,-25,6133
788,Fletchinder,-19,-10,-5,-9,-33,-3,1665
789,Talonflame,-3,-2,11,9,-16,39,1992
790,Scatterbug,-43,-48,-20,-38,-60,-52,12301
791,Spewpa,-36,-61,0,-38,-55,-58,12850
792,Vivillon,-1,-31,-10,25,-35,2,2916
793,Litleo,-19,-33,-2,8,-31,-15,2704
794,Pyroar,5,-15,12,44,-19,19,3052
795,Flabébé,-37,-45,-21,-4,-6,-45,5912
796,Floette,-27,-38,-13,10,13,-35,3836
797,Florges,-3,-18,8,47,69,-12,7511
798,Skiddo,-15,-18,-12,-3,-28,-35,2711
799,Gogoat,42,17,2,32,-4,-19,3458
800,Pancham,-14,-1,2,-19,-37,-44,3867
801,Pangoro,14,41,18,4,-14,-29,3254
802,Furfrou,-6,-3,0,0,5,15,295
803,Espurr,-19,-35,-6,-2,-25,-19,2612
804,Meowstic,-7,-35,16,18,-4,17,2159
805,Honedge,-36,-3,40,-30,-48,-59,9590
806,Doublade,-22,27,90,-20,-36,-52,13713
807,Aegislash (Shield Forme),-21,-33,80,-15,55,-27,11909
808,Aegislash (Blade Forme),-21,57,-10,75,-35,-27,11369
809,Spritzee,-3,-31,0,-2,-20,-64,5470
810,Aromatisse,20,-11,12,34,4,-58,5201
811,Swirlix,-19,-35,6,-6,-28,-38,3886
812,Slurpuff,1,-3,26,20,-10,-15,1411
813,Inkay,-28,-29,-7,-28,-39,-42,5743
814,Malamar,5,9,28,3,-10,-14,1195
815,Binacle,-39,-31,7,-26,-29,-37,5417
816,Barbaracle,-9,22,55,-11,1,-19,4073
817,Skrelp,-31,-23,0,-5,-25,-57,5389
818,Dragalge,-16,-8,30,32,38,-43,5537
819,Clauncher,-31,-30,2,-7,-22,-43,4247
820,Clawitzer,-10,-10,28,55,4,-28,4809
821,Helioptile,-37,-45,-27,-4,-42,-17,6192
822,Heliolisk,-19,-28,-8,44,9,22,3710
823,Tyrunt,-23,6,17,-20,-40,-39,4375
824,Tyrantrum,1,38,59,4,-26,-16,5874
825,Amaura,-4,-24,-10,2,-22,-41,2861
826,Aurorus,42,-6,12,34,7,-29,3990
827,Sylveon,14,-18,5,45,45,-27,5324
828,Hawlucha,-3,9,15,9,-22,31,1841
829,Dedenne,-14,-25,-3,16,-18,14,1606
830,Carbink,-31,-33,90,-15,65,-37,15969
831,Goomy,-36,-33,-25,-10,-10,-47,5419
832,Sliggoo,-13,-8,-7,18,28,-27,2119
833,Sliggoo (Hisuian Sliggoo),-23,-8,23,18,28,-47,4439
834,Goodra,9,17,10,45,65,-7,6769
835,Goodra (Hisuian Goodra),-1,17,40,45,65,-27,8869
836,Klefki,-24,-3,31,15,2,-12,1919
837,Phantump,-38,-13,-12,-15,-25,-49,5008
838,Trevenant,4,27,16,0,-3,-31,1971
839,Pumpkaboo (Small Size),-37,-17,10,-21,-30,-31,4060
840,Pumpkaboo (Average Size),-32,-17,10,-21,-30,-36,4050
841,Pumpkaboo (Large Size),-27,-17,10,-21,-30,-41,4140
842,Pumpkaboo (Super Size),-22,-17,10,-21,-30,-46,4330
843,Gourgeist (Small Size),-26,2,62,-7,-10,12,4817
844,Gourgeist (Average Size),-16,7,62,-7,-10,-3,4307
845,Gourgeist (Large Size),-6,12,62,-7,-10,-18,4497
846,Gourgeist (Super Size),4,17,62,-7,-10,-33,5387
847,Bergmite,-26,-14,25,-33,-50,-59,8567
848,Avalugg,14,34,124,-21,-39,-59,22171
849,Avalugg (Hisuian Avalugg),14,44,124,-31,-49,-49,23271
850,Noibat,-41,-53,-25,-20,-45,-32,8564
851,Noivern,4,-13,20,32,-5,36,2930
852,Xerneas,45,48,35,66,13,12,10223
853,Yveltal,45,48,35,66,13,12,10223
854,Zygarde (50% Forme),27,17,61,16,10,8,5159
855,Zygarde (10% Forme),-27,17,11,-4,0,28,1939
856,Zygarde (Complete Forme),135,17,61,26,10,-2,23015
857,Diancie,-31,17,90,35,65,-37,16169
858,Diancie (Mega Diancie),-31,77,50,95,25,23,19569
859,Hoopa (Hoopa Confined),-1,27,0,85,45,-17,10269
860,Hoopa (Hoopa Unbound),-1,77,0,105,45,-7,19029
861,Volcanion,-1,27,60,65,5,-17,8869
862,Rowlet,-13,-28,-5,-15,-35,-45,4453
863,Dartrix,-3,-8,15,5,-15,-35,1773
864,Decidueye,-3,24,15,35,15,-17,2549
865,Decidueye (Hisuian Decidueye),7,29,20,30,10,-27,3019
866,Litten,-36,-18,-20,-5,-45,-17,4359
867,Torracat,-16,2,-10,15,-35,3,1819
868,Incineroar,14,32,30,15,5,-27,3099
869,Popplio,-31,-29,-6,1,-29,-47,4889
870,Brionne,-21,-14,9,26,-4,-37,2779
871,Primarina,-1,-9,14,61,31,-27,5689
872,Pikipek,-46,-8,-30,-35,-55,-22,7814
873,Trumbeak,-26,2,-10,-25,-35,-12,2774
874,Toucannon,-1,37,15,10,-10,-27,2524
875,Yungoos,-33,-13,-30,-35,-55,-42,8172
876,Gumshoos,7,27,0,-10,-25,-42,3267
877,Grubbin,-34,-21,-15,-10,-40,-41,5203
878,Charjabug,-24,-1,35,-10,-10,-51,4603
879,Vikavolt,-4,-13,30,80,-10,-44,9521
880,Crabrawler,-34,-1,-3,-23,-38,-24,3715
881,Crabominable,16,49,17,-3,-18,-44,5215
882,Oricorio,-6,-13,10,33,-15,6,1655
883,Cutiefly,-41,-38,-20,-10,-45,-3,5659
884,Ribombee,-21,-28,0,30,-15,37,3719
885,Rockruff,-36,-18,-20,-35,-45,-27,5999
886,Lycanroc (Midday Form),-6,32,5,-10,-20,25,2210
887,Lycanroc (Midnight Form),4,32,15,-10,-10,-5,1490
888,Lycanroc (Dusk Form),-6,34,5,-10,-20,23,2246
889,Wishiwashi (Solo Form),-36,-63,-40,-40,-60,-47,14274
890,Wishiwashi (School Form),-36,57,70,75,50,-57,20819
891,Mareanie,-31,-30,2,-22,-33,-42,5202
892,Toxapex,-31,-20,92,-12,57,-52,15922
893,Mudbray,-11,17,10,-20,-30,-42,3574
894,Mudsdale,19,42,40,-10,0,-52,6529
895,Dewpider,-43,-43,-8,-25,-13,-60,8156
896,Araquanid,-13,-13,32,-15,47,-45,5821
897,Fomantis,-41,-28,-25,-15,-50,-52,8519
898,Lurantis,-11,22,30,15,5,-42,3519
899,Morelull,-41,-48,-5,0,-10,-72,9294
900,Shiinotic,-21,-38,20,25,15,-57,6384
901,Salandit,-33,-39,-20,6,-45,-10,5171
902,Salazzle,-13,-19,0,46,-25,30,4171
903,Stufful,-11,-8,-10,-20,-35,-37,3279
904,Bewear,39,42,20,-10,-25,-27,5139
905,Bounsweet,-39,-53,-22,-35,-47,-55,11273
906,Steenee,-29,-43,-12,-25,-37,-25,5453
907,Tsareena,-9,37,38,-15,13,-15,3513
908,Comfey,-30,-31,30,17,25,13,3844
909,Oranguru,9,-23,20,25,25,-27,2989
910,Passimian,19,37,30,-25,-25,-7,3929
911,Wimpod,-56,-48,-20,-45,-55,-7,10939
912,Golisopod,-6,42,80,-5,5,-47,10459
913,Sandygast,-26,-28,20,5,-40,-72,8669
914,Palossand,4,-8,50,35,-10,-52,6609
915,Pyukumuku,-26,-23,70,-35,45,-82,16079
916,Type: Null,14,12,35,30,10,-28,3349
917,Silvally,14,12,35,30,10,8,2629
918,Minior (Meteor Form),-21,-23,40,-5,15,-27,3549
919,Minior (Core),-21,17,0,35,-25,33,3669
920,Komala,-16,32,5,10,10,-22,1989
921,Turtonator,-21,-5,75,26,0,-51,9368
922,Togedemaru,-16,15,3,-25,-12,9,1340
923,Mimikyu,-26,7,20,-15,20,9,1831
924,Bruxish,-13,22,10,5,-15,5,1028
925,Drampa,-3,-23,25,70,6,-51,8700
926,Dhelmise,-11,48,40,21,5,-47,6700
927,Jangmo-o,-36,-28,5,-20,-40,-42,5869
928,Hakamo-o,-26,-8,30,0,-15,-22,2349
929,Kommo-o,-6,27,65,35,20,-2,6619
930,Tapu Koko,-11,32,25,30,-10,43,4619
931,Tapu Lele,-11,2,15,65,30,8,5539
932,Tapu Bulu,-11,47,55,20,10,-12,5999
933,Tapu Fini,-11,-8,55,30,45,-2,6139
934,Cosmog,-38,-54,-29,-36,-54,-50,11913
935,Cosmoem,-38,-54,71,-36,46,-50,15313
936,Solgaleo,56,54,47,48,4,10,10681
937,Lunala,56,30,29,72,22,10,10645
938,Nihilego,28,-30,-13,62,46,16,8069
939,Buzzwole,26,56,79,-12,-32,-8,11285
940,Pheromosa,-10,54,-23,72,-48,64,15129
941,Xurkitree,2,6,11,108,-14,-4,12037
942,Celesteela,16,18,43,42,16,-26,5125
943,Kartana,-22,98,71,-6,-54,22,18565
944,Guzzlord,142,18,-7,32,-32,-44,24521
945,Necrozma,16,24,41,62,4,-8,6437
946,Necrozma (Dusk Mane Necrozma),16,74,67,48,24,-10,13201
947,Necrozma (Dawn Wings Necrozma),16,30,49,92,42,-10,13885
948,Necrozma (Ultra Necrozma),16,84,37,102,12,42,20993
949,Magearna,-1,12,55,65,30,-22,8779
950,Marshadow,9,42,20,25,5,38,4339
951,Poipole,-14,-10,7,8,-18,-14,929
952,Naganadel,-8,-10,13,62,-12,34,5477
953,Stakataka,-20,48,151,-12,16,-74,31381
954,Blacephalon,-28,44,-7,86,-6,20,10601
955,Zeraora,7,29,15,37,-5,56,5645
956,Meltan,-35,-18,5,-10,-50,-53,6983
957,Melmetal,54,60,83,15,-20,-53,16839
958,Grookey,-31,-18,-10,-25,-45,-22,4519
959,Thwackey,-11,2,10,-10,-25,-7,999
960,Rillaboom,19,42,30,-5,-15,-2,3279
961,Scorbunny,-31,-12,-20,-25,-45,-18,4479
962,Raboot,-16,3,0,-10,-25,7,1039
963,Cinderace,-1,33,15,0,-10,32,2439
964,Sobble,-31,-43,-20,5,-45,-17,5549
965,Drizzile,-16,-23,-5,30,-30,3,2619
966,Inteleon,-11,2,5,60,-20,33,5239
967,Skwovet,-11,-28,-5,-30,-50,-62,8174
968,Greedent,39,12,35,-10,-10,-67,7579
969,Rookidee,-43,-36,-25,-32,-50,-30,8194
970,Corvisquire,-13,-16,-5,-22,-30,-10,1934
971,Corviknight,17,4,45,-12,0,-20,2874
972,Blipbug,-56,-63,-40,-40,-40,-42,13669
973,Dottler,-31,-48,20,-15,5,-57,7164
974,Orbeetle,-21,-38,50,15,35,3,5844
975,Nickit,-41,-55,-32,-18,-33,-37,8512
976,Thievul,-11,-25,-2,22,7,3,1292
977,Gossifleur,-41,-43,0,-25,-25,-77,10709
978,Eldegoss,-21,-33,30,15,35,-27,4609
979,Wooloo,-39,-43,-5,-25,-40,-39,7141
980,Dubwool,-9,-3,40,-5,5,1,1741
981,Chewtle,-31,-19,-10,-27,-47,-43,6209
982,Drednaw,9,32,30,-17,-17,-13,2752
983,Yamper,-22,-38,-10,-25,-35,-61,7599
984,Boltund,-12,7,0,25,-25,34,2599
985,Rolycoly,-51,-43,-10,-25,-35,-57,9649
986,Carkol,-1,-23,30,-5,-15,-37,3049
987,Coalossal,29,-3,60,15,5,-57,7949
988,Applin,-41,-43,20,-25,-45,-67,11069
989,Flapple,-11,27,20,30,-25,-17,3064
990,Appletun,29,2,20,35,-5,-57,5744
991,Silicobra,-29,-26,15,-30,-35,-41,5548
992,Sandaconda,-9,24,65,0,-15,-16,5363
993,Cramorant,-11,2,-5,20,10,-2,654
994,Arrokuda,-40,-20,-20,-25,-55,-21,6491
995,Barraskewda,-20,40,0,-5,-35,49,5651
996,Toxel,-41,-45,-25,-11,-50,-47,9161
997,Toxtricity,-6,15,10,49,-15,-12,3131
998,Sizzlipede,-31,-18,-15,-15,-35,-42,4724
999,Centiskorch,19,32,5,25,5,-22,2544
1000,Clobbopus,-31,-15,0,-15,-35,-55,5661
1001,Grapploct,-1,35,30,5,-5,-45,4201
1002,Sinistea,-41,-38,-15,9,-31,-37,5761
1003,Polteageist,-21,-18,5,69,29,-17,6681
1004,Hatenna,-39,-53,-15,-9,-32,-48,7964
1005,Hattrem,-24,-43,5,21,-12,-38,4479
1006,Hatterene,-24,7,35,71,18,-58,10579
1007,Impidimp,-36,-38,-30,-10,-45,-37,7134
1008,Morgrem,-16,-23,-15,10,-30,-17,2299
1009,Grimmsnarl,14,37,5,30,-10,-27,3319
1010,Obstagoon,12,7,41,-5,-4,8,1979
1011,Perrserker,-11,27,40,-15,-25,-37,4669
1012,Cursola,-21,12,-10,80,45,-57,12359
1013,Sirfetch'd,-19,52,35,3,-3,-22,4792
1014,Mr. Rime,-1,2,15,45,15,-17,2769
1015,Runerigus,-23,12,85,-15,20,-57,11772
1016,Milcery,-36,-43,-20,-15,-24,-53,7155
1017,Alcremie,-16,-23,15,45,36,-23,4860
1018,Falinks,-16,17,40,5,-25,-12,2939
1019,Pincurchin,-33,18,35,26,0,-72,8498
1020,Snom,-51,-58,-25,-20,-55,-67,14504
1021,Frosmoth,-11,-18,0,60,5,-22,4554
1022,Stonjourner,19,42,75,-45,-65,-17,14289
1023,Eiscue (Ice Face),-6,-3,50,0,5,-37,3939
1024,Eiscue (Noice Face),-6,-3,10,0,-35,43,3219
1025,Indeedee (Male),-21,-18,-5,40,10,8,2554
1026,Indeedee (Female),-11,-28,5,30,20,-2,2234
1027,Morpeko,-23,12,-2,5,-27,10,1531
1028,Cufant,-9,-3,-11,-25,-36,-47,4341
1029,Copperajah,41,47,9,15,-16,-57,7701
1030,Dracozolt,9,17,30,15,-15,-12,1864
1031,Arctozolt,9,17,30,25,-5,-32,2944
1032,Dracovish,9,7,40,5,-5,-12,1924
1033,Arctovish,9,7,40,15,5,-32,3004
1034,Duraludon,-11,12,55,55,-35,-2,7544
1035,Dreepy,-53,-23,-30,-25,-55,-5,7913
1036,Drakloak,-13,-3,-10,-5,-35,15,1753
1037,Dragapult,7,37,15,35,-10,55,5993
1038,Zacian (Hero of Many Battles),11,37,55,15,30,51,8241
1039,Zacian (Crowned Sword),11,67,55,15,30,61,12481
1040,Zamazenta (Hero of Many Battles),11,37,55,15,30,51,8241
1041,Zamazenta (Crowned Shield),11,37,80,15,55,41,12821
1042,Eternatus,59,2,35,80,10,43,13059
1043,Eternatus (Eternamax Eternatus),174,32,190,60,165,43,100074
1044,Kubfu,-21,7,0,-12,-35,-15,2084
1045,Urshifu,19,47,40,-2,-25,10,4899
1046,Zarude,24,37,45,5,10,18,4419
1047,Regieleki,-1,17,-10,35,-35,113,15609
1048,Regidrago,119,17,-10,35,-35,-7,17049
1049,Glastrier,19,62,70,0,25,-57,12979
1050,Spectrier,19,-18,0,80,-5,43,8959
1051,Calyrex,19,-3,20,15,-5,-7,1069
1052,Calyrex (Ice Rider Calyrex),19,82,90,20,45,-37,18979
1053,Calyrex (Shadow Rider Calyrex),19,2,20,100,15,63,14959
1054,Wyrdeer,22,22,12,40,-10,-22,3296
1055,Kleavor,-11,52,35,-20,-15,-2,4679
1056,Ursaluna,49,57,45,-20,-5,-37,9469
1057,Basculegion (Male),39,29,5,15,-10,-9,2793
1058,Basculegion (Female),39,9,5,35,-10,-9,3033
1059,Sneasler,-1,47,0,-25,-5,33,3949
1060,Overqwil,4,32,35,0,-20,-2,2669
1061,Enamorus (Incarnate Forme),-7,32,10,70,-5,19,6459
1062,Enamorus (Therian Forme),-7,32,50,70,15,-41,10379
1063,Sprigatito,-41,-22,-6,-20,-40,-22,4685
1064,Floragato,-20,-3,3,-5,-22,-4,943
1065,Meowscarada,-5,27,10,16,-15,36,2631
1066,Fuecoco,-14,-38,-1,-2,-45,-51,6271
1067,Crocalor,0,-28,18,25,-27,-38,3906
1068,Skeledirge,23,-8,40,45,-10,-21,4759
1069,Quaxly,-26,-18,-15,-15,-40,-37,4419
1070,Quaxwell,-11,2,5,0,-25,-22,1259
1071,Quaquaval,4,37,20,20,-10,-2,2289
1072,Lechonk,-27,-38,-20,-30,-40,-52,7777
1073,Oinkologne (Male),29,17,15,-6,-5,-22,1900
1074,Oinkologne (Female),34,7,10,-6,5,-22,1850
1075,Tarountula,-46,-42,-15,-36,-45,-67,11915
1076,Spidops,-21,-4,32,-13,1,-52,4355
1077,Nymble,-48,-37,-20,-44,-60,-42,11373
1078,Lokix,-10,19,18,-13,-30,5,1879
1079,Pawmi,-36,-33,-40,-25,-60,-27,8939
1080,Pawmo,-21,-8,-20,-15,-45,-2,3159
1081,Pawmot,-11,32,10,5,-25,18,2219
1082,Tandemaus,-31,-33,-15,-25,-40,-12,4644
1083,Maushold,-7,-8,10,0,-10,24,889
1084,Fidough,-44,-28,10,-35,-30,-22,5429
1085,Dachsbun,-24,-3,55,-15,-5,8,3924
1086,Smoliv,-40,-48,-15,-7,-34,-57,8583
1087,Dolliv,-29,-30,0,13,-7,-54,4875
1088,Arboliva,-3,-14,30,60,24,-48,7585
1089,Squawkabilly,1,13,-9,-20,-34,5,1832
1090,Nacli,-26,-28,15,-30,-50,-62,8929
1091,Naclstack,-21,-23,40,-30,-20,-52,6574
1092,Garganacl,19,17,70,-20,5,-52,8679
1093,Charcadet,-41,-33,-20,-15,-45,-52,8124
1094,Armarouge,4,-23,40,60,-5,-12,5914
1095,Ceruledge,-6,42,20,-5,15,-2,2454
1096,Tadbulb,-20,-52,-19,-6,-50,-42,7765
1097,Bellibolt,28,-19,31,38,-2,-42,5318
1098,Wattrel,-41,-43,-25,-10,-45,-17,6569
1099,Kilowattrel,-11,-13,0,40,-25,38,3959
1100,Maschiff,-21,-5,0,-25,-34,-36,3543
1101,Mabosstiff,-1,37,30,-5,-15,-2,2524
1102,Shroodle,-41,-18,-25,-25,-50,-12,5899
1103,Grafaiai,-18,12,5,15,-13,23,1416
1104,Bramblin,-41,-18,-30,-20,-50,-27,6534
1105,Brambleghast,-26,32,10,15,-15,3,2259
1106,Toedscool,-41,-43,-25,-15,15,-17,4894
1107,Toedscruel,-1,-13,5,15,35,13,1814
1108,Klawf,-11,17,55,-30,-30,-12,5379
1109,Capsakid,-31,-21,-20,-3,-45,-37,5205
1110,Scovillain,-16,25,5,43,-20,-12,3299
1111,Rellor,-40,-33,0,-34,-27,-57,7823
1112,Rabsca,-6,-33,25,50,15,-42,6239
1113,Flittle,-51,-48,-30,-10,-55,-12,9074
1114,Espathra,14,-23,0,36,-25,18,2970
1115,Tinkatink,-31,-38,-15,-30,-21,-29,4812
1116,Tinkatuff,-16,-28,-5,-20,-3,-9,1555
1117,Tinkaton,4,-8,17,5,20,7,843
1118,Wiglett,-71,-28,-35,-30,-60,8,11614
1119,Wugtrio,-46,17,-10,-15,-15,33,4044
1120,Bombirdier,-11,20,25,-5,0,-5,1196
1121,Finizen,-11,-38,-20,-20,-45,-12,4534
1122,Palafin,19,-13,12,-12,-23,13,1516
1123,Palafin,19,77,37,41,2,13,9513
1124,Varoom,-36,-13,3,-35,-40,-40,5899
1125,Revavroom,-1,36,30,-11,-18,3,2651
1126,Cyclizar,-11,12,5,20,-20,34,2246
1127,Orthworm,-11,2,85,-5,-30,-22,8759
1128,Glimmet,-33,-48,-18,40,-25,-27,6671
1129,Glimmora,2,-28,30,65,-4,-1,5930
1130,Greavard,-31,-22,0,-35,-30,-53,6379
1131,Houndstone,-9,18,40,-15,12,-19,2735
1132,Flamigo,1,32,14,10,-21,3,1771
1133,Cetoddle,27,-15,-15,-35,-45,-44,6365
1134,Cetitan,89,30,5,-20,-30,-14,10342
1135,Veluza,9,19,13,13,-20,-17,1469
1136,Dondozo,69,17,55,0,-20,-52,11179
1137,Tatsugiri,-13,-33,0,55,10,-5,4408
1138,Annihilape,29,32,20,-15,5,3,2524
1139,Clodsire,49,-8,0,-20,15,-67,7579
1140,Farigiraf,39,7,10,45,-15,-27,4649
1141,Dudunsparce,44,17,20,20,-10,-32,4149
1142,Kingambit,19,52,60,-5,0,-37,8059
1143,Great Tusk,34,48,71,-12,-32,0,9669
1144,Scream Tail,34,-18,39,0,30,24,4477
1145,Brute Bonnet,30,44,39,14,14,-32,5773
1146,Flutter Mane,-26,-28,-5,70,50,48,11189
1147,Slither Wing,4,52,19,20,20,-6,3917
1148,Sandy Shocks,4,-2,37,56,0,14,4721
1149,Iron Treads,9,29,60,7,-15,19,5157
1150,Iron Bundle,-25,-3,54,59,-25,49,10057
1151,Iron Hands,73,57,48,-15,-17,-37,12765
1152,Iron Jugulis,13,-3,26,57,-5,21,4569
1153,Iron Moth,-1,-13,0,75,25,23,6949
1154,Iron Thorns,19,51,50,5,-1,-15,5713
1155,Frigibax,-16,-8,-15,-30,-40,-32,4069
1156,Arctibax,9,12,6,-20,-20,-25,1686
1157,Baxcalibur,34,62,32,10,1,0,6125
1158,Gimmighoul (Chest Form),-36,-53,10,10,-15,-77,10459
1159,Gimmighoul (Roaming Form),-36,-53,-35,10,-40,-7,7079
1160,Gholdengo,6,-23,35,68,6,-3,6459
1161,Wo-Chien,4,2,40,30,50,-17,5309
1162,Chien-Pao,-1,37,20,25,-20,48,5099
1163,Ting-Lu,74,27,65,-10,-5,-42,12319
1164,Chi-Yu,-26,-3,20,70,35,13,7379
1165,Roaring Moon,24,56,11,-10,16,32,5213
1166,Iron Valiant,-7,47,30,55,-25,29,7649
1167,Koraidon,19,52,55,20,15,48,9019
1168,Miraidon,19,2,40,70,30,48,10069
