Jason Jackson vs. Pokemon SSE,pokemon,D_HP,D_ATK,D_DEF,D_SPA,D_SPD,D_SPE,SSE
0,Bulbasaur,-37,-56,-48,-14,-24,-60,11181
1,Ivysaur,-22,-43,-34,1,-9,-45,5596
2,Venusaur,-2,-23,-14,21,11,-25,1916
3,Venusaur (Mega Venusaur),-2,-5,26,43,31,-25,4140
4,Charmander,-43,-53,-54,-19,-39,-40,11056
5,Charmeleon,-24,-41,-39,1,-24,-25,4980
6,Charizard,-4,-21,-19,30,-4,-5,1759
7,Charizard (Mega Charizard X),-4,25,14,51,-4,-5,3479
8,Charizard (Mega Charizard Y),-4,-1,-19,80,26,-5,7479
9,Squirtle,-38,-57,-32,-29,-25,-62,11027
10,Wartortle,-23,-42,-17,-14,-9,-47,5068
11,Blastoise,-3,-22,3,6,16,-27,1523
12,Blastoise (Mega Blastoise),-3,-2,23,56,26,-27,5083
13,Caterpie,-37,-75,-62,-59,-69,-60,22680
14,Metapod,-32,-85,-42,-54,-64,-75,22650
15,Butterfree,-22,-60,-47,11,-9,-35,7720
16,Weedle,-42,-70,-67,-59,-69,-55,22420
17,Kakuna,-37,-80,-47,-54,-64,-70,21890
18,Beedrill,-17,-15,-57,-34,-9,-30,5900
19,Beedrill (Mega Beedrill),-17,45,-57,-64,-9,40,11340
20,Pidgey,-42,-60,-57,-44,-54,-49,15866
21,Pidgeotto,-19,-45,-42,-29,-39,-34,7668
22,Pidgeot,1,-25,-22,-9,-19,-4,1568
23,Pidgeot (Mega Pidgeot),1,-25,-17,56,-9,16,4388
24,Rattata,-52,-49,-62,-54,-54,-33,15870
25,Rattata (Alolan Rattata),-52,-49,-62,-54,-54,-33,15870
26,Raticate,-27,-24,-37,-29,-19,-8,3940
27,Raticate (Alolan Raticate),-7,-34,-27,-39,-9,-28,4320
28,Spearow,-42,-45,-67,-48,-58,-35,15171
29,Fearow,-17,-15,-32,-18,-28,-5,2671
30,Ekans,-47,-45,-53,-39,-35,-50,12289
31,Arbok,-22,-10,-28,-14,-10,-25,2289
32,Pikachu,-47,-50,-57,-29,-39,-15,10545
33,Pikachu (Partner Pikachu),-37,-25,-47,-4,-29,15,5285
34,Raichu,-22,-15,-42,11,-9,5,2700
35,Raichu (Alolan Raichu),-22,-20,-47,16,-4,5,3390
36,Sandshrew,-32,-30,-12,-59,-59,-65,13255
37,Sandshrew (Alolan Sandshrew),-32,-30,-7,-69,-54,-65,13875
38,Sandslash,-7,-5,13,-34,-34,-40,4155
39,Sandslash (Alolan Sandslash),-7,-5,23,-54,-24,-40,5695
40,Nidoran♀,-27,-58,-45,-39,-49,-64,14136
41,Nidorina,-12,-43,-30,-24,-34,-49,7026
42,Nidoqueen,8,-13,-10,-4,-4,-29,1206
43,Nidoran♂,-36,-48,-57,-39,-49,-55,13796
44,Nidorino,-21,-33,-40,-24,-34,-40,6462
45,Nidoking,-1,-3,-20,6,-14,-20,1042
46,Clefairy,-12,-60,-49,-19,-24,-70,11982
47,Clefable,13,-35,-24,16,1,-45,4252
48,Vulpix,-44,-64,-57,-29,-24,-40,12298
49,Vulpix (Alolan Vulpix),-44,-64,-57,-29,-24,-40,12298
50,Ninetales,-9,-29,-22,2,11,-5,1556
51,Ninetales (Alolan Ninetales),-9,-38,-22,2,11,4,2150
52,Jigglypuff,33,-60,-77,-34,-64,-85,23095
53,Wigglytuff,58,-35,-52,6,-39,-60,12450
54,Zubat,-42,-60,-62,-49,-49,-50,16510
55,Golbat,-7,-25,-27,-14,-14,-15,2020
56,Oddish,-37,-55,-42,-4,-24,-75,12375
57,Gloom,-22,-40,-27,6,-14,-65,7270
58,Vileplume,-7,-25,-12,31,1,-55,4805
59,Paras,-47,-35,-42,-34,-34,-80,13910
60,Parasect,-22,-10,-17,-19,-9,-75,6940
61,Venonat,-22,-50,-47,-39,-34,-60,11470
62,Venomoth,-12,-40,-37,11,-14,-15,3655
63,Diglett,-72,-50,-72,-44,-44,-10,16840
64,Diglett (Alolan Diglett),-72,-50,-67,-44,-44,-15,16270
65,Dugtrio,-47,-5,-47,-29,-19,15,5870
66,Dugtrio (Alolan Dugtrio),-47,-5,-37,-29,-19,5,4830
67,Meowth,-42,-60,-62,-39,-49,-15,13355
68,Meowth (Alolan Meowth),-42,-70,-62,-29,-49,-15,13975
69,Meowth (Galarian Meowth),-32,-40,-42,-39,-49,-65,12535
70,Persian,-17,-35,-37,-14,-24,10,3755
71,Persian (Alolan Persian),-17,-45,-37,-4,-24,10,4375
72,Psyduck,-32,-53,-49,-14,-39,-50,10451
73,Golduck,-2,-23,-19,16,-9,-20,1631
74,Mankey,-42,-25,-62,-44,-44,-35,11330
75,Primeape,-17,0,-37,-19,-19,-10,2480
76,Growlithe,-27,-35,-52,-9,-39,-45,8285
77,Growlithe (Hisuian Growlithe),-22,-30,-52,-14,-39,-50,8305
78,Arcanine,8,5,-17,21,-9,-10,1000
79,Arcanine (Hisuian Arcanine),13,10,-17,16,-9,-15,1120
80,Poliwag,-42,-55,-57,-39,-49,-15,12185
81,Poliwhirl,-17,-40,-32,-29,-39,-15,5500
82,Poliwrath,8,-10,-2,-9,1,-35,1475
83,Abra,-57,-85,-82,26,-34,-15,19255
84,Kadabra,-42,-70,-67,41,-19,0,13195
85,Alakazam,-27,-55,-52,56,6,15,9855
86,Alakazam (Mega Alakazam),-27,-55,-32,96,16,45,16275
87,Machop,-12,-25,-47,-44,-54,-70,12730
88,Machoke,-2,-5,-27,-29,-29,-60,6040
89,Machamp,8,25,-17,-14,-4,-50,3690
90,Bellsprout,-32,-30,-62,-9,-59,-65,13555
91,Weepinbell,-17,-15,-47,6,-44,-50,7195
92,Victreebel,-2,0,-32,21,-19,-35,3055
93,Tentacool,-42,-65,-62,-29,11,-35,12020
94,Tentacruel,-2,-35,-32,1,31,-5,3240
95,Geodude,-42,-25,3,-49,-59,-85,15505
96,Geodude (Alolan Geodude),-42,-25,3,-49,-59,-85,15505
97,Graveler,-27,-10,18,-34,-44,-70,9145
98,Graveler (Alolan Graveler),-27,-10,18,-34,-44,-70,9145
99,Golem,-2,15,33,-24,-24,-60,6070
100,Golem (Alolan Golem),-2,15,33,-24,-24,-60,6070
101,Ponyta,-32,-20,-42,-14,-24,-15,4185
102,Ponyta (Galarian Ponyta),-32,-20,-42,-14,-24,-15,4185
103,Rapidash,-17,-5,-27,1,-9,0,1125
104,Rapidash (Galarian Rapidash),-17,-5,-27,1,-9,0,1125
105,Slowpoke,8,-40,-32,-39,-49,-90,14710
106,Slowpoke (Galarian Slowpoke),8,-40,-32,-39,-49,-90,14710
107,Slowbro,13,-30,13,21,-9,-75,7385
108,Slowbro (Mega Slowbro),13,-30,83,51,-9,-75,16265
109,Slowbro (Galarian Slowbro),13,-5,-2,21,-19,-75,6625
110,Magnemite,-57,-70,-27,16,-34,-60,13890
111,Magneton,-32,-45,-2,41,-19,-35,6320
112,Farfetch'd,-30,-15,-42,-21,-27,-45,6084
113,Farfetch'd (Galarian Farfetch'd),-30,-10,-42,-21,-27,-50,6434
114,Doduo,-47,-20,-52,-44,-54,-30,11065
115,Dodrio,-22,5,-27,-19,-29,5,2465
116,Seel,-17,-60,-42,-34,-19,-60,10770
117,Dewgong,8,-35,-17,-9,6,-35,2920
118,Grimer,-2,-25,-47,-39,-39,-80,12280
119,Grimer (Alolan Grimer),-2,-25,-47,-39,-39,-80,12280
120,Muk,23,0,-22,-14,11,-55,4355
121,Muk (Alolan Muk),23,0,-22,-14,11,-55,4355
122,Shellder,-52,-40,3,-34,-64,-65,13790
123,Cloyster,-32,-10,83,6,-44,-35,11210
124,Gastly,-52,-70,-67,21,-54,-25,16075
125,Haunter,-37,-55,-52,36,-34,-10,9650
126,Gengar,-22,-40,-37,51,-14,5,6275
127,Gengar (Mega Gengar),-22,-40,-17,91,6,25,11315
128,Onix,-47,-60,63,-49,-44,-35,15340
129,Drowzee,-22,-57,-52,-36,1,-63,11703
130,Hypno,3,-32,-27,-6,26,-38,3918
131,Krabby,-52,0,-7,-54,-64,-55,12790
132,Kingler,-27,25,18,-29,-39,-30,4940
133,Voltorb,-42,-75,-47,-24,-34,-5,11355
134,Voltorb (Hisuian Voltorb),-42,-75,-47,-24,-34,-5,11355
135,Electrode,-22,-55,-27,1,-9,45,6345
136,Electrode (Hisuian Electrode),-22,-55,-27,1,-9,45,6345
137,Exeggcute,-22,-65,-17,-19,-44,-65,11520
138,Exeggutor,13,-10,-12,46,-14,-50,5225
139,Exeggutor (Alolan Exeggutor),13,0,-12,46,-14,-60,6225
140,Cubone,-32,-55,-2,-39,-39,-70,11995
141,Marowak,-22,-25,13,-29,-9,-60,5800
142,Marowak (Alolan Marowak),-22,-25,13,-29,-9,-60,5800
143,Hitmonlee,-32,15,-44,-44,21,-18,5886
144,Hitmonchan,-32,0,-18,-44,21,-29,4566
145,Lickitung,8,-50,-22,-19,-14,-75,9230
146,Koffing,-42,-40,-2,-19,-44,-70,10565
147,Weezing,-17,-15,23,6,-19,-45,3465
148,Weezing (Galarian Weezing),-17,-15,23,6,-19,-45,3465
149,Rhyhorn,-2,-20,-2,-49,-59,-80,12690
150,Rhydon,23,25,23,-34,-44,-65,9000
151,Chansey,168,-100,-92,-44,16,-55,51905
152,Tangela,-17,-50,18,21,-49,-45,7980
153,Kangaskhan,23,-10,-17,-39,-9,-15,2745
154,Kangaskhan (Mega Kangaskhan),23,20,3,-19,11,-5,1445
155,Horsea,-52,-65,-27,-9,-64,-45,13860
156,Seadra,-27,-40,-2,16,-44,-20,4925
157,Goldeen,-37,-38,-37,-44,-39,-42,9403
158,Seaking,-2,-13,-32,-14,-9,-37,2843
159,Staryu,-52,-60,-42,-9,-34,-20,9705
160,Starmie,-22,-30,-12,21,-4,10,2085
161,Mr. Mime,-42,-60,-32,21,31,-15,8015
162,Mr. Mime (Galarian Mr. Mime),-32,-40,-32,11,1,-5,3795
163,Scyther,-12,5,-17,-24,-9,0,1115
164,Jynx,-17,-55,-62,36,6,-10,8590
165,Electabuzz,-17,-22,-40,16,-4,0,2645
166,Magmar,-17,-10,-40,21,-4,-12,2590
167,Pinsir,-17,20,3,-24,-19,-20,2035
168,Pinsir (Mega Pinsir),-17,50,23,-14,1,0,3515
169,Tauros,-7,-5,-2,-39,-19,5,1985
170,Tauros (Paldean Tauros (Combat Breed)),-7,5,8,-49,-19,-5,2925
171,Tauros (Paldean Tauros (Blaze Breed)),-7,5,8,-49,-19,-5,2925
172,Tauros (Paldean Tauros (Aqua Breed)),-7,5,8,-49,-19,-5,2925
173,Magikarp,-62,-95,-42,-64,-69,-25,24115
174,Gyarados,13,20,-18,-19,11,-24,1951
175,Gyarados (Mega Gyarados),13,50,12,-9,41,-24,5151
176,Lapras,48,-20,-17,6,6,-45,5090
177,Ditto,-34,-57,-49,-31,-41,-57,12697
178,Eevee,-27,-50,-47,-34,-24,-50,9670
179,Eevee (Partner Eevee),-17,-30,-27,-14,-4,-30,3030
180,Vaporeon,48,-40,-37,31,6,-40,7870
181,Jolteon,-17,-40,-37,31,6,25,4880
182,Flareon,-17,25,-37,16,21,-40,4580
183,Porygon,-17,-45,-27,6,-14,-65,7500
184,Omanyte,-47,-65,3,11,-34,-70,12620
185,Omastar,-12,-45,28,36,-19,-50,7110
186,Kabuto,-52,-25,-7,-24,-44,-50,8390
187,Kabutops,-22,10,8,-14,-19,-25,1830
188,Aerodactyl,-2,0,-32,-19,-14,25,2210
189,Aerodactyl (Mega Aerodactyl),-2,30,-12,-9,6,45,3190
190,Snorlax,78,5,-32,-14,21,-75,13395
191,Articuno,8,-20,3,16,36,-20,2425
192,Articuno (Galarian Articuno),8,-20,-12,46,11,-10,2945
193,Zapdos,8,-15,-12,46,1,-5,2575
194,Zapdos (Galarian Zapdos),8,20,-7,6,1,-5,575
195,Moltres,8,-5,-7,46,-4,-15,2495
196,Moltres (Galarian Moltres),8,-20,-7,21,36,-15,2475
197,Dratini,-41,-41,-52,-29,-39,-55,11453
198,Dragonair,-21,-21,-32,-9,-19,-35,3573
199,Dragonite,9,29,-2,21,11,-25,2113
200,Mewtwo,24,5,-7,75,1,25,6901
201,Mewtwo (Mega Mewtwo X),24,85,3,75,11,25,14181
202,Mewtwo (Mega Mewtwo Y),24,45,-27,115,31,35,18741
203,Mew,18,-5,3,21,11,-5,945
204,Chikorita,-37,-56,-32,-30,-24,-60,10605
205,Bayleef,-22,-43,-17,-16,-9,-45,4984
206,Meganium,-2,-23,3,4,11,-25,1304
207,Cyndaquil,-43,-53,-54,-19,-39,-40,11056
208,Quilava,-24,-41,-39,1,-24,-25,4980
209,Typhlosion,-4,-21,-19,30,-4,-5,1759
210,Typhlosion (Hisuian Typhlosion),-9,-21,-19,40,-4,-10,2599
211,Totodile,-32,-40,-33,-35,-41,-62,10463
212,Croconaw,-17,-25,-17,-20,-26,-47,4488
213,Feraligatr,3,0,3,0,-6,-27,783
214,Sentret,-47,-59,-63,-44,-44,-85,20756
215,Furret,3,-29,-33,-34,-34,-15,4476
216,Hoothoot,-22,-75,-67,-43,-33,-55,16561
217,Noctowl,18,-55,-47,7,7,-35,6881
218,Ledyba,-42,-85,-67,-39,-9,-50,17580
219,Ledian,-27,-70,-47,-24,21,-20,9255
220,Spinarak,-42,-45,-57,-39,-49,-75,16585
221,Ariados,-12,-15,-27,-19,-19,-65,6045
222,Crobat,3,-15,-17,-9,-9,25,1310
223,Chinchou,-7,-67,-59,-23,-33,-38,11081
224,Lanturn,43,-47,-39,-3,-13,-38,7201
225,Pichu,-62,-65,-82,-44,-54,-45,21670
226,Cleffa,-32,-80,-69,-34,-34,-90,22597
227,Igglybuff,8,-75,-82,-39,-69,-90,26795
228,Togepi,-47,-85,-32,-39,-24,-85,19780
229,Togetic,-27,-65,-12,1,16,-65,9580
230,Natu,-42,-55,-52,-9,-44,-35,10735
231,Xatu,-17,-30,-27,16,-19,-10,2635
232,Mareep,-27,-65,-57,-14,-44,-70,15235
233,Flaaffy,-12,-50,-42,1,-29,-60,8850
234,Ampharos,8,-30,-12,36,1,-50,4905
235,Ampharos (Mega Ampharos),8,-10,8,86,21,-60,11665
236,Bellossom,-7,-25,-2,11,11,-55,3945
237,Marill,-12,-85,-47,-59,-39,-65,18805
238,Azumarill,18,-55,-17,-19,-9,-55,7105
239,Sudowoodo,-12,-5,18,-49,-24,-75,9095
240,Politoed,8,-30,-22,11,11,-35,2915
241,Hoppip,-47,-70,-57,-44,-34,-55,16475
242,Skiploom,-27,-60,-47,-34,-24,-25,8895
243,Jumpluff,-7,-50,-27,-24,6,5,3915
244,Aipom,-27,-35,-42,-39,-34,-20,6795
245,Sunkern,-52,-75,-67,-49,-59,-75,24325
246,Sunflora,-7,-30,-42,26,-4,-75,9030
247,Yanma,-17,-40,-52,-4,-44,-10,6645
248,Wooper,-27,-60,-52,-54,-64,-90,22145
249,Wooper (Paldean Wooper),-27,-60,-52,-54,-64,-90,22145
250,Quagsire,13,-20,-12,-14,-24,-70,6385
251,Espeon,-17,-40,-37,51,6,5,5920
252,Umbreon,13,-40,13,-19,41,-40,5580
253,Murkrow,-22,-20,-55,6,-47,-14,6350
254,Slowking,13,-30,-17,21,21,-75,7865
255,Slowking (Galarian Slowking),13,-40,-17,31,21,-75,9085
256,Misdreavus,-22,-45,-37,6,-4,-20,4330
257,Unown,-34,-33,-49,-7,-41,-57,9625
258,Wobbuffet,108,-72,-39,-46,-31,-72,26630
259,Girafarig,-12,-25,-32,11,-24,-20,2890
260,Pineco,-32,-40,-7,-44,-54,-90,15625
261,Forretress,-7,-15,43,-19,-29,-65,7550
262,Dunsparce,18,-35,-27,-14,-24,-60,6650
263,Gligar,-17,-30,8,-44,-24,-20,4165
264,Steelix,-7,-20,103,-24,-24,-75,17835
265,Steelix (Mega Steelix),-7,20,133,-24,6,-75,24375
266,Snubbull,-22,-25,-47,-39,-49,-75,12865
267,Granbull,8,15,-22,-19,-29,-60,5575
268,Qwilfish,-17,-10,-12,-24,-34,-20,2665
269,Qwilfish (Hisuian Qwilfish),-17,-10,-12,-24,-34,-20,2665
270,Scizor,-12,25,3,-24,-9,-40,3035
271,Scizor (Mega Scizor),-12,45,43,-14,11,-30,5235
272,Shuckle,-62,-95,133,-69,141,-100,65200
273,Heracross,-2,20,-22,-39,6,-20,2845
274,Heracross (Mega Heracross),-2,80,18,-39,16,-30,9405
275,Sneasel,-27,-10,-42,-44,-14,10,4825
276,Sneasel (Hisuian Sneasel),-27,-10,-42,-44,-14,10,4825
277,Teddiursa,-22,-25,-47,-29,-39,-65,9905
278,Ursaring,8,25,-22,-4,-14,-50,3885
279,Slugma,-42,-65,-57,-9,-49,-85,18945
280,Magcargo,-22,-55,23,11,-9,-75,9865
281,Swinub,-32,-55,-57,-49,-59,-55,16205
282,Piloswine,18,-5,-17,-19,-29,-55,4865
283,Corsola,-17,-50,-2,-14,6,-70,7925
284,Corsola (Galarian Corsola),-22,-50,3,-14,11,-75,8935
285,Remoraid,-47,-40,-62,-14,-54,-40,12365
286,Octillery,-7,0,-22,26,-14,-60,5005
287,Delibird,-37,-50,-52,-14,-44,-30,9605
288,Mantine,3,-65,-27,1,51,-35,8790
289,Skarmory,-17,-25,43,-39,-19,-35,5870
290,Houndour,-37,-45,-67,1,-39,-40,11005
291,Houndoom,-7,-15,-47,31,-9,-10,3625
292,Houndoom (Mega Houndoom),-7,-15,-7,61,1,10,4145
293,Kingdra,-7,-10,-2,16,6,-20,845
294,Phanpy,8,-45,-37,-39,-49,-65,11605
295,Donphan,8,15,23,-19,-29,-55,5045
296,Porygon2,3,-25,-7,26,6,-45,3420
297,Stantler,-9,-10,-35,6,-24,-20,2418
298,Smeargle,-27,-85,-62,-59,-44,-30,18115
299,Tyrogue,-47,-70,-62,-44,-54,-70,20705
300,Hitmontop,-32,-10,-2,-44,21,-35,4730
301,Smoochum,-37,-75,-82,6,-24,-40,15930
302,Elekid,-37,-42,-60,-14,-34,-10,8185
303,Magby,-37,-30,-60,-9,-34,-22,7590
304,Miltank,13,-25,8,-39,-19,-5,2765
305,Blissey,173,-95,-87,-4,46,-50,51155
306,Raikou,8,-20,-22,36,11,10,2465
307,Entei,33,10,-12,11,-14,-5,1675
308,Suicune,18,-30,18,11,26,-20,2745
309,Larvitar,-32,-41,-47,-34,-39,-64,11687
310,Pupitar,-12,-21,-27,-14,-19,-54,4787
311,Tyranitar,18,29,13,16,11,-44,3647
312,Tyranitar (Mega Tyranitar),18,59,53,16,31,-34,8987
313,Lugia,24,-15,33,11,65,5,6261
314,Ho-Oh,24,25,-7,31,65,-15,6661
315,Celebi,18,-5,3,21,11,-5,945
316,Treecko,-42,-60,-62,-14,-34,-35,11785
317,Grovyle,-32,-40,-52,6,-24,-10,6040
318,Sceptile,-12,-20,-32,26,-4,15,2485
319,Sceptile (Mega Sceptile),-12,5,-22,66,-4,40,6625
320,Torchic,-37,-45,-57,-9,-39,-60,11845
321,Combusken,-22,-20,-37,6,-29,-50,5630
322,Blaziken,-2,15,-27,31,-19,-25,2905
323,Blaziken (Mega Blaziken),-2,55,-17,51,-9,-5,6025
324,Mudkip,-32,-35,-47,-29,-39,-65,11045
325,Marshtomp,-12,-20,-27,-19,-19,-55,5020
326,Swampert,18,5,-7,6,1,-45,2460
327,Swampert (Mega Swampert),18,45,13,16,21,-35,4440
328,Poochyena,-47,-50,-62,-49,-59,-70,19335
329,Mightyena,-12,-15,-27,-19,-29,-35,3525
330,Zigzagoon,-44,-75,-56,-49,-48,-45,17427
331,Zigzagoon (Galarian Zigzagoon),-44,-75,-56,-49,-48,-45,17427
332,Linoone,-4,-35,-36,-29,-28,-5,4187
333,Linoone (Galarian Linoone),-4,-35,-36,-29,-28,-5,4187
334,Wurmple,-37,-60,-62,-59,-59,-85,23000
335,Silcoon,-32,-70,-42,-54,-64,-90,22800
336,Beautifly,-22,-35,-47,21,-39,-40,7480
337,Cascoon,-32,-70,-42,-54,-64,-90,22800
338,Dustox,-22,-55,-27,-29,1,-40,6680
339,Lotad,-42,-75,-67,-39,-39,-75,20545
340,Lombre,-22,-55,-47,-19,-19,-55,9465
341,Ludicolo,-2,-35,-27,11,11,-35,3425
342,Seedot,-42,-65,-47,-49,-59,-75,19705
343,Nuzleaf,-12,-35,-57,-19,-49,-45,9405
344,Shiftry,8,-5,-37,11,-29,-25,3045
345,Taillow,-42,-50,-67,-49,-59,-20,15035
346,Swellow,-22,-20,-37,-4,-39,20,4190
347,Wingull,-42,-75,-67,-24,-59,-20,16335
348,Pelipper,-22,-55,3,16,-19,-40,5735
349,Ralts,-54,-80,-72,-34,-54,-65,22797
350,Kirlia,-44,-70,-62,-14,-34,-55,15057
351,Gardevoir,-14,-40,-32,46,26,-25,6237
352,Gardevoir (Mega Gardevoir),-14,-20,-32,86,46,-5,11157
353,Surskit,-42,-75,-65,-29,-37,-40,15424
354,Masquerain,-12,-45,-35,21,-7,-25,4509
355,Shroomish,-22,-65,-37,-39,-29,-70,13340
356,Breloom,-22,25,-17,-19,-29,-35,3825
357,Slakoth,-22,-45,-37,-44,-54,-75,14355
358,Vigoroth,-2,-25,-17,-24,-34,-15,2875
359,Slaking,68,55,3,16,-24,-5,8515
360,Nincada,-51,-60,-7,-49,-59,-65,16357
361,Ninjask,-21,-15,-52,-29,-39,55,8757
362,Shedinja,-81,-15,-52,-49,-59,-65,19597
363,Whismur,-18,-54,-74,-28,-66,-77,19785
364,Loudred,2,-34,-54,-8,-46,-57,9505
365,Exploud,22,-14,-34,12,-16,-37,3605
366,Makuhita,-10,-45,-67,-59,-59,-80,19976
367,Hariyama,62,15,-37,-39,-29,-55,10825
368,Azurill,-32,-85,-57,-59,-49,-85,24605
369,Nosepass,-52,-60,38,-34,1,-75,14530
370,Skitty,-32,-60,-52,-44,-54,-55,15205
371,Delcatty,-12,-40,-32,-24,-34,-15,4725
372,Sableye,-32,-30,-22,-14,-24,-55,6205
373,Sableye (Mega Sableye),-32,-20,28,6,26,-85,10145
374,Mawile,-32,-20,-12,-24,-34,-55,6325
375,Mawile (Mega Mawile),-32,0,28,-24,6,-55,5445
376,Aron,-32,-35,3,-39,-49,-75,11805
377,Lairon,-22,-15,43,-29,-39,-65,9145
378,Aggron,-12,5,83,-19,-29,-55,11285
379,Aggron (Mega Aggron),-12,35,133,-19,-9,-55,22525
380,Meditite,-52,-65,-42,-39,-34,-45,13395
381,Medicham,-22,-45,-22,-19,-14,-25,4175
382,Medicham (Mega Medicham),-22,-5,-12,1,-4,-5,695
383,Electrike,-42,-60,-57,-14,-49,-40,12810
384,Manectric,-12,-30,-37,26,-29,0,3930
385,Manectric (Mega Manectric),-12,-30,-17,56,-9,30,5450
386,Plusle,-22,-55,-57,6,-14,-10,7090
387,Minun,-22,-65,-47,-4,-4,-10,7050
388,Volbeat,-17,-32,-22,-32,-4,-20,3237
389,Illumise,-17,-58,-22,-6,-4,-20,4589
390,Roselia,-32,-45,-52,21,-9,-40,7875
391,Gulpin,-12,-62,-44,-36,-36,-65,12741
392,Swalot,18,-32,-14,-6,-6,-50,4116
393,Carvanha,-37,-15,-77,-14,-69,-40,14080
394,Sharpedo,-12,15,-57,16,-49,-10,6375
395,Sharpedo (Mega Sharpedo),-12,35,-27,31,-24,0,3635
396,Wailmer,48,-35,-62,-9,-54,-45,12395
397,Wailord,88,-15,-52,11,-44,-45,14755
398,Numel,-22,-45,-57,-14,-44,-70,12790
399,Camerupt,-12,-5,-27,26,-14,-65,5995
400,Camerupt (Mega Camerupt),-12,15,3,66,16,-85,12215
401,Torkoal,-12,-20,43,6,-19,-85,10015
402,Spoink,-22,-80,-62,-9,-9,-45,12915
403,Grumpig,-2,-60,-32,11,21,-25,5815
404,Spinda,-22,-45,-37,-19,-29,-45,7105
405,Trapinch,-37,-5,-52,-34,-44,-95,16215
406,Vibrava,-32,-35,-47,-29,-39,-35,8045
407,Flygon,-2,-5,-17,1,-9,-5,425
408,Cacnea,-32,-20,-57,6,-49,-70,12010
409,Cacturne,-12,10,-37,36,-29,-50,6250
410,Swablu,-37,-65,-37,-39,-14,-55,11705
411,Altaria,-7,-35,-7,-9,16,-25,2285
412,Altaria (Mega Altaria),-7,5,13,31,16,-25,2085
413,Zangoose,-9,10,-37,-19,-29,-15,2977
414,Seviper,-9,-5,-37,21,-29,-40,4357
415,Lunatone,8,-50,-32,16,-4,-35,5085
416,Solrock,8,-10,-12,-24,-24,-35,2685
417,Barboach,-32,-57,-54,-33,-48,-45,12607
418,Whiscash,28,-27,-24,-3,-18,-45,4447
419,Corphish,-39,-25,-32,-29,-54,-70,11827
420,Crawdaunt,-19,15,-12,11,-34,-50,4507
421,Baltoy,-42,-65,-42,-39,-19,-50,12135
422,Claydol,-22,-35,8,-9,31,-30,3715
423,Lileep,-16,-64,-20,-18,-2,-82,11804
424,Cradily,4,-24,0,2,18,-62,4764
425,Anorith,-37,-10,-47,-39,-39,-30,7620
426,Armaldo,-7,20,3,-9,-9,-60,4220
427,Feebas,-62,-90,-77,-69,-34,-25,24415
428,Milotic,13,-45,-18,21,36,-24,4831
429,Castform,-12,-35,-27,-9,-19,-35,3765
430,Kecleon,-22,-15,-27,-19,31,-65,6985
431,Shuppet,-38,-30,-62,-16,-56,-60,13180
432,Banette,-18,10,-32,4,-26,-40,3740
433,Banette (Mega Banette),-18,60,-22,14,-6,-30,5540
434,Duskull,-62,-65,-7,-49,1,-80,16920
435,Dusclops,-42,-35,33,-19,41,-80,12520
436,Tropius,17,-37,-14,-7,-2,-54,4823
437,Chimecho,-7,-55,-17,16,1,-40,5220
438,Absol,-17,25,-37,-4,-29,-30,4040
439,Absol (Mega Absol),-17,45,-37,36,-29,10,5920
440,Wynaut,13,-82,-49,-56,-41,-82,20835
441,Snorunt,-32,-55,-47,-29,-39,-55,11645
442,Glalie,-2,-25,-17,1,-9,-25,1625
443,Glalie (Mega Glalie),-2,15,-17,41,-9,-5,2305
444,Spheal,-12,-65,-47,-24,-39,-80,15075
445,Sealeo,8,-45,-27,-4,-19,-60,6795
446,Walrein,28,-25,-7,16,1,-40,3315
447,Clamperl,-47,-41,-12,-5,-34,-73,10544
448,Huntail,-27,-1,8,15,-14,-53,4024
449,Gorebyss,-27,-21,8,35,-14,-53,5464
450,Relicanth,18,-15,33,-34,-24,-50,5870
451,Luvdisc,-39,-75,-42,-39,-24,-8,11071
452,Bagon,-37,-30,-37,-39,-59,-55,11665
453,Shelgon,-17,-10,3,-19,-39,-55,5305
454,Salamence,13,30,-17,31,-9,-5,2425
455,Salamence (Mega Salamence),13,40,33,41,1,15,4765
456,Beldum,-42,-50,-17,-44,-29,-75,12955
457,Metang,-22,-30,3,-24,-9,-55,5075
458,Metagross,-2,30,33,16,1,-35,3475
459,Metagross (Mega Metagross),-2,40,53,26,21,5,5555
460,Regirock,-2,-5,103,-29,11,-55,14625
461,Regice,-2,-55,3,21,111,-55,18825
462,Registeel,-2,-30,53,-4,61,-55,10475
463,Latias,-2,-25,-7,31,41,5,3345
464,Latias (Mega Latias),-2,-5,23,61,61,5,8025
465,Latios,-2,-15,-17,51,21,5,3585
466,Latios (Mega Latios),-2,25,3,81,31,5,8185
467,Kyogre,18,-5,-7,71,51,-15,8265
468,Kyogre (Primal Kyogre),18,45,-7,101,71,-15,17865
469,Groudon,18,45,43,21,1,-15,4865
470,Groudon (Primal Groudon),18,75,63,71,1,-15,15185
471,Rayquaza,23,45,-7,71,1,-10,7745
472,Rayquaza (Mega Rayquaza),23,75,3,101,11,10,16585
473,Jirachi,18,-5,3,21,11,-5,945
474,Deoxys (Normal Forme),-32,45,-47,71,-39,45,13845
475,Deoxys (Attack Forme),-32,75,-77,101,-69,45,29565
476,Deoxys (Defense Forme),-32,-35,63,-9,71,-15,11565
477,Deoxys (Speed Forme),-32,-10,-7,16,1,75,7055
478,Turtwig,-27,-37,-33,-34,-34,-74,10975
479,Grotle,-7,-16,-12,-24,-24,-69,6362
480,Torterra,13,4,8,-4,-4,-49,2682
481,Chimchar,-38,-47,-53,-21,-45,-44,10864
482,Monferno,-18,-27,-45,-1,-37,-24,5024
483,Infernape,-6,-1,-26,25,-18,3,1671
484,Piplup,-29,-54,-44,-18,-33,-65,11331
485,Prinplup,-18,-39,-29,2,-13,-55,5884
486,Empoleon,2,-19,-9,32,12,-45,3639
487,Starly,-42,-50,-67,-49,-59,-45,16660
488,Staravia,-27,-30,-47,-39,-49,-25,8385
489,Staraptor,3,15,-27,-29,-29,-5,2670
490,Bidoof,-23,-60,-57,-44,-49,-74,17191
491,Bibarel,-3,-20,-37,-24,-29,-34,4351
492,Kricketot,-45,-80,-56,-54,-48,-80,23181
493,Kricketune,-5,-20,-46,-24,-38,-40,6161
494,Shinx,-37,-40,-63,-39,-55,-60,15084
495,Luxio,-22,-20,-48,-19,-40,-45,7174
496,Luxray,-2,15,-18,16,-10,-35,2134
497,Budew,-42,-75,-62,-29,-19,-50,14935
498,Roserade,-22,-35,-32,46,16,-15,5330
499,Cranidos,-15,20,-57,-49,-59,-47,11965
500,Rampardos,15,60,-37,-14,-39,-47,9120
501,Shieldon,-52,-63,21,-37,-1,-75,14109
502,Bastiodon,-22,-53,71,-32,49,-75,17384
503,Burmy,-42,-76,-52,-50,-44,-69,19441
504,Wormadam (Plant Cloak),-22,-46,-12,0,16,-69,7761
505,Wormadam (Sandy Cloak),-22,-26,8,-20,-4,-69,6401
506,Wormadam (Trash Cloak),-22,-36,-2,-10,6,-69,6681
507,Mothim,-12,-11,-47,15,-39,-39,5741
508,Combee,-52,-75,-55,-49,-47,-35,17189
509,Vespiquen,-12,-25,5,1,13,-65,5189
510,Pachirisu,-22,-60,-27,-34,1,-10,6070
511,Buizel,-27,-40,-62,-19,-59,-20,10415
512,Floatzel,3,0,-42,6,-39,10,3430
513,Cherubi,-37,-70,-52,-17,-36,-70,15458
514,Cherrim,-12,-45,-27,8,-11,-20,3483
515,Shellos,-6,-57,-49,-22,-27,-71,11940
516,Gastrodon,29,-22,-29,13,-7,-66,6740
517,Ambipom,-7,-5,-31,-19,-23,10,2025
518,Drifloon,8,-55,-63,-19,-45,-35,10669
519,Drifblim,68,-25,-53,11,-35,-25,10029
520,Buneary,-27,-39,-53,-35,-33,-20,7773
521,Lopunny,-17,-29,-13,-25,7,0,1973
522,Lopunny (Mega Lopunny),-17,31,-3,-25,7,30,2833
523,Mismagius,-22,-45,-37,26,16,0,4810
524,Honchkrow,18,20,-45,26,-37,-34,5950
525,Glameow,-33,-50,-55,-37,-52,-20,11087
526,Purugly,-11,-23,-33,-15,-30,7,2913
527,Chingling,-37,-75,-47,-14,-39,-60,14520
528,Stunky,-19,-42,-50,-38,-48,-31,9334
529,Skuntank,21,-12,-30,-8,-28,-21,2774
530,Bronzor,-25,-81,-11,-55,-3,-82,17065
531,Bronzong,-15,-16,19,0,27,-72,6755
532,Bonsly,-32,-25,-2,-69,-44,-95,17375
533,Mime Jr.,-62,-80,-52,-9,1,-45,15055
534,Happiny,18,-100,-92,-64,-24,-75,29085
535,Chatot,-6,-40,-52,13,-47,-14,6914
536,Spiritomb,-32,-13,11,13,19,-70,6744
537,Gible,-24,-35,-52,-39,-44,-63,11931
538,Gabite,-14,-15,-32,-29,-34,-23,3971
539,Garchomp,26,25,-2,1,-4,-3,1331
540,Garchomp (Mega Garchomp),26,65,18,41,6,-13,7111
541,Munchlax,53,-20,-57,-39,-4,-100,17995
542,Riolu,-42,-35,-57,-44,-49,-45,12600
543,Lucario,-12,5,-27,36,-19,-15,2780
544,Lucario (Mega Lucario),-12,40,-9,61,-19,7,5956
545,Hippopotas,-14,-33,-19,-41,-47,-73,10865
546,Hippowdon,26,7,21,-11,-17,-58,4940
547,Skorupi,-42,-55,-7,-49,-34,-40,9995
548,Drapion,-12,-15,13,-19,-14,-10,1195
549,Croagunk,-34,-44,-57,-18,-49,-55,12091
550,Toxicroak,1,1,-32,7,-24,-20,2051
551,Carnivine,-8,-5,-25,11,-17,-59,4605
552,Finneon,-33,-56,-41,-30,-28,-39,9111
553,Lumineon,-13,-36,-21,-10,-3,-14,2211
554,Mantyke,-37,-85,-47,-19,31,-55,15150
555,Snover,-22,-43,-47,-17,-29,-65,9897
556,Abomasnow,8,-13,-22,13,-4,-45,2927
557,Abomasnow (Mega Abomasnow),8,27,8,53,16,-75,9547
558,Weavile,-12,15,-32,-34,-4,20,2965
559,Magnezone,-12,-35,18,51,1,-45,6320
560,Lickilicky,28,-20,-2,1,6,-55,4250
561,Rhyperior,33,35,33,-24,-34,-65,9360
562,Tangrowth,18,-5,28,31,-39,-55,6640
563,Electivire,-7,18,-30,16,-4,-10,1645
564,Magmortar,-7,-10,-30,46,6,-22,3685
565,Togekiss,3,-55,-2,41,26,-25,6020
566,Yanmega,4,-29,-11,37,-33,-10,3536
567,Leafeon,-17,5,33,-19,-24,-10,2440
568,Glaceon,-17,-45,13,51,6,-40,6720
569,Gliscor,-7,-10,28,-34,-14,-10,2385
570,Mamoswine,28,25,-17,-9,-29,-25,3245
571,Porygon-Z,3,-25,-27,56,-14,-15,4920
572,Gallade,-14,20,-32,-14,26,-25,3117
573,Gallade (Mega Gallade),-14,60,-2,-14,26,5,4697
574,Probopass,-22,-50,48,-4,61,-65,13250
575,Dusknoir,-37,-5,38,-14,46,-60,8750
576,Froslass,-12,-25,-27,1,-19,5,1885
577,Rotom,-32,-55,-20,16,-12,-14,5045
578,Rotom (Heat Rotom),-32,-40,10,26,18,-19,4085
579,Rotom (Wash Rotom),-32,-40,10,26,18,-19,4085
580,Rotom (Frost Rotom),-32,-40,10,26,18,-19,4085
581,Rotom (Fan Rotom),-32,-40,10,26,18,-19,4085
582,Rotom (Mow Rotom),-32,-40,10,26,18,-19,4085
583,Uxie,-7,-30,33,-4,41,-10,3835
584,Mesprit,-2,0,8,26,16,-25,1625
585,Azelf,-7,20,-27,46,-19,10,3755
586,Dialga,18,15,23,71,11,-15,6465
587,Dialga (Origin Forme),18,-5,23,71,31,-15,7105
588,Palkia,8,15,3,71,31,-5,6325
589,Palkia (Origin Forme),8,-5,3,71,31,15,6325
590,Heatran,9,-15,9,51,17,-28,4061
591,Regigigas,28,55,13,1,21,-5,4445
592,Giratina (Altered Forme),68,-5,23,21,31,-15,6805
593,Giratina (Origin Forme),68,15,3,41,11,-15,6885
594,Cresselia,38,-35,23,-4,41,-20,5295
595,Phione,-2,-25,-17,1,-9,-25,1625
596,Manaphy,18,-5,3,21,11,-5,945
597,Darkrai,-12,-15,-7,56,1,20,3955
598,Shaymin (Land Forme),18,-5,3,21,11,-5,945
599,Shaymin (Sky Forme),18,-2,-22,41,-14,22,3173
600,Arceus,38,15,23,41,31,15,5065
601,Victini,18,-5,3,21,11,-5,945
602,Snivy,-37,-60,-42,-34,-34,-42,10809
603,Servine,-22,-45,-22,-19,-14,-22,4034
604,Serperior,-7,-30,-2,-4,6,8,1069
605,Tepig,-17,-42,-52,-34,-44,-60,11449
606,Pignite,8,-12,-42,-9,-34,-50,5709
607,Emboar,28,18,-32,21,-24,-40,4749
608,Oshawott,-27,-50,-52,-16,-44,-60,11725
609,Dewott,-7,-30,-37,4,-29,-45,5200
610,Samurott,13,-5,-12,29,-19,-35,2765
611,Samurott (Hisuian Samurott),8,3,-17,21,-24,-20,1779
612,Patrat,-37,-50,-58,-44,-50,-63,15638
613,Watchog,-22,-20,-28,-19,-20,-28,3213
614,Lillipup,-37,-45,-52,-54,-44,-50,13450
615,Herdier,-17,-25,-32,-44,-24,-45,6475
616,Stoutland,3,5,-7,-34,1,-25,1865
617,Purrloin,-41,-55,-60,-29,-52,-39,13372
618,Liepard,-18,-17,-47,9,-39,1,4425
619,Pansage,-32,-52,-49,-26,-41,-41,10167
620,Simisage,-7,-7,-34,19,-26,-4,2307
621,Pansear,-32,-52,-49,-26,-41,-41,10167
622,Simisear,-7,-7,-34,19,-26,-4,2307
623,Panpour,-32,-52,-49,-26,-41,-41,10167
624,Simipour,-7,-7,-34,19,-26,-4,2307
625,Munna,-6,-80,-52,-12,-34,-81,17001
626,Musharna,34,-50,-12,28,6,-76,10396
627,Pidove,-32,-50,-47,-43,-59,-62,14907
628,Tranquill,-20,-28,-35,-29,-47,-40,7059
629,Unfezant,-2,10,-17,-14,-34,-12,1889
630,Blitzle,-37,-45,-65,-29,-57,-29,12550
631,Zebstrika,-7,-5,-34,1,-26,11,2028
632,Roggenrola,-27,-30,-12,-54,-64,-90,16885
633,Boldore,-12,0,8,-29,-49,-85,10675
634,Gigalith,3,30,33,-19,-9,-80,8840
635,Woobat,-17,-60,-54,-24,-46,-33,10586
636,Swoobat,-15,-48,-42,-2,-34,9,5534
637,Drilbur,-22,-20,-57,-49,-44,-37,9839
638,Excadrill,28,30,-37,-29,-24,-17,4759
639,Audino,21,-45,-11,-19,-3,-55,5982
640,Audino (Mega Audino),21,-45,29,1,37,-55,7702
641,Timburr,-7,-25,-42,-54,-54,-70,13170
642,Gurdurr,3,0,-12,-39,-39,-65,7420
643,Conkeldurr,23,35,-2,-24,-24,-60,6510
644,Tympole,-32,-55,-57,-29,-49,-41,12221
645,Palpitoad,-7,-40,-42,-14,-34,-36,6061
646,Seismitoad,23,-10,-22,6,-14,-31,2306
647,Throh,38,-5,-12,-49,-4,-60,7630
648,Sawk,-7,20,-22,-49,-14,-20,3930
649,Sewaddle,-37,-52,-27,-39,-29,-63,11133
650,Swadloon,-27,-42,-7,-29,-9,-63,7433
651,Leavanny,-7,-2,-17,-9,-9,-13,673
652,Venipede,-52,-60,-38,-49,-50,-48,14953
653,Whirlipede,-42,-50,2,-39,-10,-58,9253
654,Scolipede,-22,-5,-8,-24,-20,7,1598
655,Cottonee,-42,-78,-37,-42,-39,-39,14023
656,Whimsicott,-22,-38,-12,-2,-14,11,2393
657,Petilil,-37,-70,-47,-9,-39,-75,15705
658,Lilligant,-12,-45,-22,31,-14,-15,4035
659,Lilligant (Hisuian Lilligant),-12,0,-22,-29,-14,0,1665
660,Basculin,-12,-13,-32,1,-34,-7,2543
661,Sandile,-32,-33,-62,-44,-54,-40,12409
662,Krokorok,-22,-23,-52,-34,-44,-31,7770
663,Krookodile,13,12,-17,-14,-19,-13,1328
664,Darumaka,-12,-15,-52,-64,-44,-55,12130
665,Darumaka (Galarian Darumaka),-12,-15,-52,-64,-44,-55,12130
666,Darmanitan (Standard Mode),23,35,-42,-49,-34,-10,7175
667,Darmanitan (Zen Mode),23,-75,8,61,16,-50,12695
668,Darmanitan (Galarian Standard Mode),23,35,-42,-49,-34,-10,7175
669,Darmanitan (Galarian Zen Mode),23,55,-42,-49,-34,30,9775
670,Maractus,-7,-19,-30,27,-22,-45,4548
671,Dwebble,-32,-40,-12,-44,-54,-50,10120
672,Crustle,-12,0,28,-14,-14,-60,4920
673,Scraggy,-32,-30,-27,-44,-19,-57,8199
674,Scrafty,-17,-15,18,-34,26,-47,4879
675,Sigilyph,-10,-47,-17,24,-9,-8,3319
676,Yamask,-44,-75,-12,-24,-24,-75,14482
677,Yamask (Galarian Yamask),-44,-50,-12,-49,-24,-75,13182
678,Cofagrigus,-24,-55,48,16,16,-75,12042
679,Tirtouga,-28,-27,6,-26,-44,-83,11050
680,Carracosta,-8,3,36,4,-24,-73,7290
681,Archen,-27,7,-52,-5,-44,-35,6668
682,Archeops,-7,35,-32,33,-24,5,3988
683,Trubbish,-32,-55,-35,-39,-27,-40,9124
684,Garbodor,-2,-10,-15,-19,-7,-30,1639
685,Zorua,-42,-40,-57,1,-49,-40,10615
686,Zorua (Hisuian Zorua),-47,-45,-57,6,-49,-35,11145
687,Zoroark,-22,0,-37,41,-29,0,4375
688,Zoroark (Hisuian Zoroark),-27,-5,-37,46,-29,5,5105
689,Minccino,-27,-55,-57,-39,-49,-30,11825
690,Cinccino,-7,-10,-37,-14,-29,10,2655
691,Gothita,-37,-75,-47,-24,-24,-60,13955
692,Gothorita,-22,-60,-27,-4,-4,-50,7345
693,Gothitelle,-12,-50,-2,16,21,-40,4945
694,Solosis,-37,-75,-57,26,-39,-85,19665
695,Duosion,-17,-65,-47,46,-29,-75,15305
696,Reuniclus,28,-40,-22,46,-4,-75,10625
697,Ducklett,-20,-61,-47,-35,-39,-50,11576
698,Swanna,-7,-18,-34,8,-26,-7,2318
699,Vanillite,-46,-55,-47,-14,-29,-61,12108
700,Vanillish,-31,-40,-32,1,-14,-46,5898
701,Vanilluxe,-11,-10,-12,31,6,-26,2038
702,Deerling,-22,-45,-47,-39,-39,-30,8660
703,Sawsbuck,-2,-5,-27,-19,-19,-10,1580
704,Emolga,-27,-30,-37,-4,-29,-2,3859
705,Karrablast,-32,-30,-52,-39,-44,-45,10110
706,Escavalier,-12,30,8,-19,16,-85,8950
707,Foongus,-13,-50,-52,-24,-34,-90,15205
708,Amoonguss,32,-20,-27,6,-9,-75,7895
709,Frillish,-27,-65,-47,-14,-4,-65,11600
710,Jellicent,18,-45,-27,6,16,-45,5395
711,Alomomola,83,-30,-17,-39,-44,-40,13135
712,Joltik,-32,-58,-47,-22,-39,-40,10202
713,Galvantula,-12,-28,-37,18,-29,3,3471
714,Ferroseed,-38,-55,-6,-55,-3,-95,16564
715,Ferrothorn,-8,-11,34,-25,27,-85,9920
716,Klink,-42,-50,-27,-34,-29,-75,12615
717,Klang,-22,-25,-2,-9,-4,-55,4235
718,Klinklang,-22,-5,18,-9,-4,-15,1155
719,Tynamo,-47,-50,-57,-34,-49,-45,13540
720,Eelektrik,-17,-20,-27,-4,-19,-65,6020
721,Eelektross,3,10,-17,26,-9,-55,4180
722,Elgyem,-27,-50,-42,6,-34,-75,11810
723,Beheeyem,-7,-30,-22,46,6,-65,7810
724,Litwick,-32,-75,-42,-14,-34,-85,16990
725,Lampent,-22,-65,-37,16,-29,-50,9675
726,Chandelure,-22,-50,-7,66,1,-25,8015
727,Axew,-36,-18,-37,-49,-49,-48,10095
728,Fraxure,-16,12,-27,-39,-39,-38,5615
729,Haxorus,-6,42,-7,-19,-19,-8,2635
730,Cubchoo,-27,-35,-57,-19,-49,-65,12190
731,Beartic,13,25,-17,-9,-9,-55,4270
732,Cryogonal,-2,-55,-47,16,46,0,7610
733,Shelmet,-32,-65,-12,-39,-24,-80,13890
734,Accelgor,-2,-35,-57,21,-29,40,7360
735,Stunfisk,27,-39,-13,2,10,-73,7852
736,Stunfisk (Galarian Stunfisk),27,-24,2,-13,-5,-73,6832
737,Mienfoo,-37,-20,-47,-24,-39,-40,7675
738,Mienshao,-17,20,-37,16,-29,0,3155
739,Druddigon,-5,15,-7,-19,1,-57,3910
740,Golett,-23,-31,-47,-44,-39,-70,12056
741,Golurk,7,19,-17,-24,-9,-50,3856
742,Pawniard,-37,-20,-27,-39,-49,-45,8445
743,Bisharp,-17,20,3,-19,-19,-35,2645
744,Bouffalant,13,5,-2,-39,6,-50,4255
745,Rufflet,-12,-22,-47,-42,-39,-45,8147
746,Braviary,18,18,-22,-22,-14,-25,2437
747,Braviary (Hisuian Braviary),28,-22,-27,33,-19,-40,5047
748,Vullaby,-12,-50,-22,-34,-24,-45,6885
749,Mandibuzz,28,-40,8,-24,6,-25,3685
750,Heatmor,3,-8,-31,26,-23,-40,3839
751,Durant,-24,4,15,-31,-41,4,3475
752,Deino,-30,-40,-47,-34,-39,-67,11875
753,Zweilous,-10,-20,-27,-14,-19,-47,3995
754,Hydreigon,10,0,-7,46,1,-7,2315
755,Larvesta,-27,-20,-42,-29,-34,-45,6915
756,Volcarona,3,-45,-32,56,16,-5,6475
757,Cobalion,9,-15,32,11,-17,3,1749
758,Terrakion,9,24,-7,-7,1,3,765
759,Virizion,9,-15,-25,11,40,3,2661
760,Tornadus (Incarnate Forme),-3,10,-27,46,-9,6,3071
761,Tornadus (Therian Forme),-3,-5,-17,31,1,16,1541
762,Thundurus (Incarnate Forme),-3,10,-27,46,-9,6,3071
763,Thundurus (Therian Forme),-3,0,-27,66,-9,-4,5191
764,Reshiram,18,15,3,71,31,-15,6785
765,Zekrom,18,45,23,41,11,-15,4905
766,Landorus (Incarnate Forme),7,20,-7,36,-9,-4,1891
767,Landorus (Therian Forme),7,40,-7,26,-9,-14,2651
768,Kyurem,43,25,-7,51,1,-10,5225
769,Kyurem (Black Kyurem),43,65,3,41,1,-10,7865
770,Kyurem (White Kyurem),43,15,-7,91,11,-10,10625
771,Keldeo,9,-33,-7,50,1,3,3729
772,Meloetta (Aria Forme),18,-28,-20,49,39,-15,5655
773,Meloetta (Pirouette Forme),18,23,-7,-2,-12,23,1579
774,Genesect,-11,15,-2,41,6,-6,2103
775,Chespin,-26,-44,-32,-31,-44,-67,11022
776,Quilladin,-21,-27,-2,-23,-31,-48,4968
777,Chesnaught,6,2,25,-5,-14,-41,2567
778,Fennekin,-42,-60,-57,-17,-29,-45,11768
779,Braixen,-23,-46,-39,11,-19,-32,5672
780,Delphox,-7,-36,-25,35,11,-1,3317
781,Froakie,-41,-49,-57,-17,-45,-34,10801
782,Frogadier,-28,-42,-45,4,-33,-8,5742
783,Greninja,-10,-10,-30,24,-18,17,2289
784,Greninja (Ash-Greninja),-10,40,-30,74,-18,27,9129
785,Bunnelby,-44,-69,-59,-47,-53,-48,17500
786,Diggersby,3,-49,-20,-29,-12,-27,4524
787,Fletchling,-37,-55,-54,-39,-51,-43,13281
788,Fletchinder,-20,-32,-42,-23,-37,-21,5527
789,Talonflame,-4,-24,-26,-5,-20,21,2134
790,Scatterbug,-44,-70,-57,-52,-64,-70,21785
791,Spewpa,-37,-83,-37,-52,-59,-76,21588
792,Vivillon,-2,-53,-47,11,-39,-16,6920
793,Litleo,-20,-55,-39,-6,-35,-33,7296
794,Pyroar,4,-37,-25,30,-23,1,3440
795,Flabébé,-38,-67,-58,-18,-10,-63,13690
796,Floette,-28,-60,-50,-4,9,-53,9790
797,Florges,-4,-40,-29,33,65,-30,8671
798,Skiddo,-16,-40,-49,-17,-32,-53,8379
799,Gogoat,41,-5,-35,18,-8,-37,4688
800,Pancham,-15,-23,-35,-33,-41,-62,8593
801,Pangoro,13,19,-19,-10,-18,-47,3524
802,Furfrou,-7,-25,-37,-14,1,-3,2249
803,Espurr,-20,-57,-43,-16,-29,-37,7964
804,Meowstic,-8,-57,-21,4,-8,-1,3835
805,Honedge,-37,-25,3,-44,-52,-77,12572
806,Doublade,-23,5,53,-34,-40,-70,11019
807,Aegislash (Shield Forme),-22,-55,43,-29,51,-45,10825
808,Aegislash (Blade Forme),-22,35,-47,61,-39,-45,11185
809,Spritzee,-4,-53,-37,-16,-24,-82,11750
810,Aromatisse,19,-33,-25,20,0,-76,8251
811,Swirlix,-20,-57,-31,-20,-32,-56,9170
812,Slurpuff,0,-25,-11,6,-14,-33,2067
813,Inkay,-29,-51,-44,-42,-43,-60,12591
814,Malamar,4,-13,-9,-11,-14,-32,1607
815,Binacle,-40,-53,-30,-40,-33,-55,11023
816,Barbaracle,-10,0,18,-25,-3,-37,2427
817,Skrelp,-32,-45,-37,-19,-29,-75,11245
818,Dragalge,-17,-30,-7,18,34,-61,6439
819,Clauncher,-32,-52,-35,-21,-26,-61,9791
820,Clawitzer,-11,-32,-9,41,0,-46,5023
821,Helioptile,-38,-67,-64,-18,-46,-35,13694
822,Heliolisk,-20,-50,-45,30,5,4,5866
823,Tyrunt,-24,-16,-20,-34,-44,-57,7573
824,Tyrantrum,0,16,22,-10,-30,-34,2896
825,Amaura,-5,-46,-47,-12,-26,-59,8651
826,Aurorus,41,-28,-25,20,3,-47,5708
827,Sylveon,13,-40,-32,31,41,-45,7460
828,Hawlucha,-4,-13,-22,-5,-26,13,1539
829,Dedenne,-15,-47,-40,2,-22,-4,4538
830,Carbink,-32,-55,53,-29,61,-55,14445
831,Goomy,-37,-55,-62,-24,-14,-65,13235
832,Sliggoo,-14,-30,-44,4,24,-45,5649
833,Sliggoo (Hisuian Sliggoo),-24,-30,-14,4,24,-65,6489
834,Goodra,8,-5,-27,31,61,-25,6125
835,Goodra (Hisuian Goodra),-2,-5,3,31,61,-45,6745
836,Klefki,-25,-25,-6,1,-2,-30,2191
837,Phantump,-39,-35,-49,-29,-29,-67,11318
838,Trevenant,3,5,-21,-14,-7,-49,3121
839,Pumpkaboo (Small Size),-38,-39,-27,-35,-34,-49,8476
840,Pumpkaboo (Average Size),-33,-39,-27,-35,-34,-54,8636
841,Pumpkaboo (Large Size),-28,-39,-27,-35,-34,-59,8896
842,Pumpkaboo (Super Size),-23,-39,-27,-35,-34,-64,9256
843,Gourgeist (Small Size),-27,-20,25,-21,-14,-6,2427
844,Gourgeist (Average Size),-17,-15,25,-21,-14,-21,2217
845,Gourgeist (Large Size),-7,-10,25,-21,-14,-36,2707
846,Gourgeist (Super Size),3,-5,25,-21,-14,-51,3897
847,Bergmite,-27,-36,-12,-47,-54,-77,13223
848,Avalugg,13,12,87,-35,-43,-77,16885
849,Avalugg (Hisuian Avalugg),13,22,87,-45,-53,-67,17545
850,Noibat,-42,-75,-62,-34,-49,-50,17290
851,Noivern,3,-35,-17,18,-9,18,2252
852,Xerneas,44,26,-2,52,9,-6,5437
853,Yveltal,44,26,-2,52,9,-6,5437
854,Zygarde (50% Forme),26,-5,24,2,6,-10,1417
855,Zygarde (10% Forme),-28,-5,-26,-18,-4,10,1925
856,Zygarde (Complete Forme),134,-5,24,12,6,-20,19137
857,Diancie,-32,-5,53,21,61,-55,11045
858,Diancie (Mega Diancie),-32,55,13,81,21,5,11245
859,Hoopa (Hoopa Confined),-2,5,-37,71,41,-35,9345
860,Hoopa (Hoopa Unbound),-2,55,-37,91,41,-25,14985
861,Volcanion,-2,5,23,51,1,-35,4385
862,Rowlet,-14,-50,-42,-29,-39,-63,10791
863,Dartrix,-4,-30,-22,-9,-19,-53,4651
864,Decidueye,-4,2,-22,21,11,-35,2291
865,Decidueye (Hisuian Decidueye),6,7,-17,16,6,-45,2691
866,Litten,-37,-40,-57,-19,-49,-35,10205
867,Torracat,-17,-20,-47,1,-39,-15,4645
868,Incineroar,13,10,-7,1,1,-45,2345
869,Popplio,-32,-51,-43,-13,-33,-65,10957
870,Brionne,-22,-36,-28,12,-8,-55,5797
871,Primarina,-2,-31,-23,47,27,-45,6457
872,Pikipek,-47,-30,-67,-49,-59,-40,15080
873,Trumbeak,-27,-20,-47,-39,-39,-30,7280
874,Toucannon,-2,15,-22,-4,-14,-45,2950
875,Yungoos,-34,-35,-67,-49,-59,-60,16352
876,Gumshoos,6,5,-37,-24,-29,-60,6447
877,Grubbin,-35,-43,-52,-24,-44,-59,11771
878,Charjabug,-25,-23,-2,-24,-14,-69,6691
879,Vikavolt,-5,-35,-7,66,-14,-62,9695
880,Crabrawler,-35,-23,-40,-37,-42,-42,8251
881,Crabominable,15,27,-20,-17,-22,-62,5971
882,Oricorio,-7,-35,-27,19,-19,-12,2869
883,Cutiefly,-42,-60,-57,-24,-49,-21,12031
884,Ribombee,-22,-50,-37,16,-19,19,5331
885,Rockruff,-37,-40,-57,-49,-49,-45,13045
886,Lycanroc (Midday Form),-7,10,-32,-24,-24,7,2374
887,Lycanroc (Midnight Form),3,10,-22,-24,-14,-23,1894
888,Lycanroc (Dusk Form),-7,12,-32,-24,-24,5,2394
889,Wishiwashi (Solo Form),-37,-85,-77,-54,-64,-65,25760
890,Wishiwashi (School Form),-37,35,33,61,46,-75,15145
891,Mareanie,-32,-52,-35,-36,-37,-60,11218
892,Toxapex,-32,-42,55,-26,53,-70,14198
893,Mudbray,-12,-5,-27,-34,-34,-60,6810
894,Mudsdale,18,20,3,-24,-4,-70,6225
895,Dewpider,-44,-65,-45,-39,-17,-78,16080
896,Araquanid,-14,-35,-5,-29,43,-63,8105
897,Fomantis,-42,-50,-62,-29,-54,-70,16765
898,Lurantis,-12,0,-7,1,1,-60,3795
899,Morelull,-42,-70,-42,-14,-14,-90,16920
900,Shiinotic,-22,-60,-17,11,11,-75,10240
901,Salandit,-34,-61,-57,-8,-49,-28,11375
902,Salazzle,-14,-41,-37,32,-29,12,5255
903,Stufful,-12,-30,-47,-34,-39,-55,8955
904,Bewear,38,20,-17,-24,-29,-45,5575
905,Bounsweet,-40,-75,-59,-49,-51,-73,21037
906,Steenee,-30,-65,-49,-39,-41,-43,12577
907,Tsareena,-10,15,1,-29,9,-33,2337
908,Comfey,-31,-53,-7,3,21,-5,4294
909,Oranguru,8,-45,-17,11,21,-45,4965
910,Passimian,18,15,-7,-39,-29,-25,3585
911,Wimpod,-57,-70,-57,-59,-59,-25,18985
912,Golisopod,-7,20,43,-19,1,-65,6885
913,Sandygast,-27,-50,-17,-9,-44,-90,13635
914,Palossand,3,-30,13,21,-14,-70,6615
915,Pyukumuku,-27,-45,33,-49,41,-100,17925
916,Type: Null,13,-10,-2,16,6,-46,2681
917,Silvally,13,-10,-2,16,6,-10,665
918,Minior (Meteor Form),-22,-45,3,-19,11,-45,5025
919,Minior (Core),-22,-5,-37,21,-29,15,3385
920,Komala,-17,10,-32,-4,6,-40,3065
921,Turtonator,-22,-27,38,12,-4,-69,7578
922,Togedemaru,-17,-7,-34,-39,-16,-9,3352
923,Mimikyu,-27,-15,-17,-29,16,-9,2421
924,Bruxish,-14,0,-27,-9,-19,-13,1536
925,Drampa,-4,-45,-12,56,2,-69,10086
926,Dhelmise,-12,26,3,7,1,-65,5104
927,Jangmo-o,-37,-50,-32,-34,-44,-60,11585
928,Hakamo-o,-27,-30,-7,-14,-19,-40,3835
929,Kommo-o,-7,5,28,21,16,-20,1955
930,Tapu Koko,-12,10,-12,16,-14,25,1465
931,Tapu Lele,-12,-20,-22,51,26,-10,4405
932,Tapu Bulu,-12,25,18,6,6,-30,2065
933,Tapu Fini,-12,-30,18,16,41,-20,3705
934,Cosmog,-39,-76,-66,-50,-58,-68,22141
935,Cosmoem,-39,-76,34,-50,42,-68,17341
936,Solgaleo,55,32,10,34,0,-8,5369
937,Lunala,55,8,-8,58,18,-8,6905
938,Nihilego,27,-52,-50,48,42,-2,10005
939,Buzzwole,25,34,42,-26,-36,-26,6193
940,Pheromosa,-11,32,-60,58,-52,46,12929
941,Xurkitree,1,-16,-26,94,-18,-22,10577
942,Celesteela,15,-4,6,28,12,-44,3141
943,Kartana,-23,76,34,-20,-58,4,11241
944,Guzzlord,141,-4,-44,18,-36,-62,27297
945,Necrozma,15,2,4,48,0,-26,3225
946,Necrozma (Dusk Mane Necrozma),15,52,30,34,20,-28,6169
947,Necrozma (Dawn Wings Necrozma),15,8,12,78,38,-28,8745
948,Necrozma (Ultra Necrozma),15,62,0,88,8,24,12453
949,Magearna,-2,-10,18,51,26,-40,5305
950,Marshadow,8,20,-17,11,1,20,1275
951,Poipole,-15,-32,-30,-6,-22,-32,3693
952,Naganadel,-9,-32,-24,48,-16,16,4497
953,Stakataka,-21,26,114,-26,12,-92,23397
954,Blacephalon,-29,22,-44,72,-10,2,8549
955,Zeraora,6,7,-22,23,-9,38,2623
956,Meltan,-36,-40,-32,-24,-54,-71,12453
957,Melmetal,53,38,46,1,-24,-71,11987
958,Grookey,-32,-40,-47,-39,-49,-40,10355
959,Thwackey,-12,-20,-27,-24,-29,-25,3315
960,Rillaboom,18,20,-7,-19,-19,-20,1895
961,Scorbunny,-32,-34,-57,-39,-49,-36,10647
962,Raboot,-17,-19,-37,-24,-29,-11,3557
963,Cinderace,-2,11,-22,-14,-14,14,1197
964,Sobble,-32,-65,-57,-9,-49,-35,12205
965,Drizzile,-17,-45,-42,16,-34,-15,5715
966,Inteleon,-12,-20,-32,46,-24,15,4485
967,Skwovet,-12,-50,-42,-44,-54,-80,15660
968,Greedent,38,-10,-2,-24,-14,-85,9545
969,Rookidee,-44,-58,-62,-46,-54,-48,16480
970,Corvisquire,-14,-38,-42,-36,-34,-28,6640
971,Corviknight,16,-18,8,-26,-4,-38,2780
972,Blipbug,-57,-85,-77,-54,-44,-60,24855
973,Dottler,-32,-70,-17,-29,1,-75,12680
974,Orbeetle,-22,-60,13,1,31,-15,5440
975,Nickit,-42,-77,-69,-32,-37,-55,17872
976,Thievul,-12,-47,-39,8,3,-15,4172
977,Gossifleur,-42,-65,-37,-39,-29,-95,18745
978,Eldegoss,-22,-55,-7,1,31,-45,6545
979,Wooloo,-40,-65,-42,-39,-44,-57,14295
980,Dubwool,-10,-25,3,-19,1,-17,1385
981,Chewtle,-32,-41,-47,-41,-51,-61,12917
982,Drednaw,8,10,-7,-31,-21,-31,2576
983,Yamper,-23,-60,-47,-39,-39,-79,15621
984,Boltund,-13,-15,-37,11,-29,16,2981
985,Rolycoly,-52,-65,-47,-39,-39,-75,17805
986,Carkol,-2,-45,-7,-19,-19,-55,5825
987,Coalossal,28,-25,23,1,1,-75,7565
988,Applin,-42,-65,-17,-39,-49,-85,17425
989,Flapple,-12,5,-17,16,-29,-35,2780
990,Appletun,28,-20,-17,21,-9,-75,7620
991,Silicobra,-30,-48,-22,-44,-39,-59,10626
992,Sandaconda,-10,2,28,-14,-19,-34,2601
993,Cramorant,-12,-20,-42,6,6,-20,2780
994,Arrokuda,-41,-42,-57,-39,-59,-39,13217
995,Barraskewda,-21,18,-37,-19,-39,31,4977
996,Toxel,-42,-67,-62,-25,-54,-65,17863
997,Toxtricity,-7,-7,-27,35,-19,-30,3313
998,Sizzlipede,-32,-40,-52,-29,-39,-60,11290
999,Centiskorch,18,10,-32,11,1,-40,3170
1000,Clobbopus,-32,-37,-37,-29,-39,-73,11453
1001,Grapploct,-2,13,-7,-9,-9,-63,4353
1002,Sinistea,-42,-60,-52,-5,-35,-55,12343
1003,Polteageist,-22,-40,-32,55,25,-35,7983
1004,Hatenna,-40,-75,-52,-23,-36,-66,16110
1005,Hattrem,-25,-65,-32,7,-16,-56,9315
1006,Hatterene,-25,-15,-2,57,14,-76,10075
1007,Impidimp,-37,-60,-67,-24,-49,-55,15460
1008,Morgrem,-17,-45,-52,-4,-34,-35,7415
1009,Grimmsnarl,13,15,-32,16,-14,-45,3895
1010,Obstagoon,11,-15,4,-19,-8,-10,887
1011,Perrserker,-12,5,3,-29,-29,-55,4885
1012,Cursola,-22,-10,-47,66,41,-75,14455
1013,Sirfetch'd,-20,30,-2,-11,-7,-40,3074
1014,Mr. Rime,-2,-20,-22,31,11,-35,3195
1015,Runerigus,-24,-10,48,-29,16,-75,9702
1016,Milcery,-37,-65,-57,-29,-28,-71,15509
1017,Alcremie,-17,-45,-22,31,32,-41,6464
1018,Falinks,-17,-5,3,-9,-29,-30,2145
1019,Pincurchin,-34,-4,-2,12,-4,-90,9436
1020,Snom,-52,-80,-62,-34,-59,-85,24810
1021,Frosmoth,-12,-40,-37,46,1,-40,6830
1022,Stonjourner,18,20,38,-59,-69,-35,11635
1023,Eiscue (Ice Face),-7,-25,13,-14,1,-55,4065
1024,Eiscue (Noice Face),-7,-25,-27,-14,-39,25,3745
1025,Indeedee (Male),-22,-40,-42,26,6,-10,4660
1026,Indeedee (Female),-12,-50,-32,16,16,-20,4580
1027,Morpeko,-24,-10,-39,-9,-31,-8,3303
1028,Cufant,-10,-25,-48,-39,-40,-65,10375
1029,Copperajah,40,25,-28,1,-20,-75,9035
1030,Dracozolt,8,-5,-7,1,-19,-30,1400
1031,Arctozolt,8,-5,-7,11,-9,-50,2840
1032,Dracovish,8,-15,3,-9,-9,-30,1360
1033,Arctovish,8,-15,3,1,1,-50,2800
1034,Duraludon,-12,-10,18,41,-39,-20,4170
1035,Dreepy,-54,-45,-67,-39,-59,-23,14961
1036,Drakloak,-14,-25,-47,-19,-39,-3,4921
1037,Dragapult,6,15,-22,21,-14,37,2751
1038,Zacian (Hero of Many Battles),10,15,18,1,26,33,2415
1039,Zacian (Crowned Sword),10,45,18,1,26,43,4975
1040,Zamazenta (Hero of Many Battles),10,15,18,1,26,33,2415
1041,Zamazenta (Crowned Shield),10,15,43,1,51,23,5305
1042,Eternatus,58,-20,-2,66,6,25,8785
1043,Eternatus (Eternamax Eternatus),173,10,153,46,161,25,82100
1044,Kubfu,-22,-15,-37,-26,-39,-33,5364
1045,Urshifu,18,25,3,-16,-29,-8,2119
1046,Zarude,23,15,8,-9,6,0,935
1047,Regieleki,-2,-5,-47,21,-39,95,13225
1048,Regidrago,118,-5,-47,21,-39,-25,18745
1049,Glastrier,18,40,33,-14,21,-75,9275
1050,Spectrier,18,-40,-37,66,-9,25,8355
1051,Calyrex,18,-25,-17,1,-9,-25,1945
1052,Calyrex (Ice Rider Calyrex),18,60,53,6,41,-55,11475
1053,Calyrex (Shadow Rider Calyrex),18,-20,-17,86,11,45,10555
1054,Wyrdeer,21,0,-25,26,-14,-40,3538
1055,Kleavor,-12,30,-2,-34,-19,-20,2965
1056,Ursaluna,48,35,8,-34,-9,-55,7855
1057,Basculegion (Male),38,7,-32,1,-14,-27,3443
1058,Basculegion (Female),38,-13,-32,21,-14,-27,4003
1059,Sneasler,-2,25,-37,-39,-9,15,3825
1060,Overqwil,3,10,-2,-14,-24,-20,1285
1061,Enamorus (Incarnate Forme),-8,10,-27,56,-9,1,4111
1062,Enamorus (Therian Forme),-8,10,13,56,11,-59,7071
1063,Sprigatito,-42,-44,-43,-34,-44,-40,10241
1064,Floragato,-21,-25,-34,-19,-26,-22,3743
1065,Meowscarada,-6,5,-27,2,-19,18,1479
1066,Fuecoco,-15,-60,-38,-16,-49,-69,12687
1067,Crocalor,-1,-50,-19,11,-31,-56,7080
1068,Skeledirge,22,-30,3,31,-14,-39,4071
1069,Quaxly,-27,-40,-52,-29,-44,-55,10835
1070,Quaxwell,-12,-20,-32,-14,-29,-40,4205
1071,Quaquaval,3,15,-17,6,-14,-20,1155
1072,Lechonk,-28,-60,-57,-44,-44,-70,16405
1073,Oinkologne (Male),28,-5,-22,-20,-9,-40,3374
1074,Oinkologne (Female),33,-15,-27,-20,1,-40,4044
1075,Tarountula,-47,-64,-52,-50,-49,-85,21135
1076,Spidops,-22,-26,-5,-27,-3,-70,6823
1077,Nymble,-49,-59,-57,-58,-64,-60,20191
1078,Lokix,-11,-3,-19,-27,-34,-13,2545
1079,Pawmi,-37,-55,-77,-39,-64,-45,17965
1080,Pawmo,-22,-30,-57,-29,-49,-20,8275
1081,Pawmot,-12,10,-27,-9,-29,0,1895
1082,Tandemaus,-32,-55,-52,-39,-44,-30,11110
1083,Maushold,-8,-30,-27,-14,-14,6,2121
1084,Fidough,-45,-50,-27,-49,-34,-40,10411
1085,Dachsbun,-25,-25,18,-29,-9,-10,2596
1086,Smoliv,-41,-70,-52,-21,-38,-75,16795
1087,Dolliv,-30,-52,-37,-1,-11,-72,10279
1088,Arboliva,-4,-36,-7,46,20,-66,8233
1089,Squawkabilly,0,-9,-46,-34,-38,-13,4966
1090,Nacli,-27,-50,-22,-44,-54,-80,14965
1091,Naclstack,-22,-45,3,-44,-24,-70,9930
1092,Garganacl,18,-5,33,-34,1,-70,7495
1093,Charcadet,-42,-55,-57,-29,-49,-70,16180
1094,Armarouge,3,-45,3,46,-9,-30,5140
1095,Ceruledge,-7,20,-17,-19,11,-20,1620
1096,Tadbulb,-21,-74,-56,-20,-54,-60,15969
1097,Bellibolt,27,-41,-6,24,-6,-60,6658
1098,Wattrel,-42,-65,-62,-24,-49,-35,14035
1099,Kilowattrel,-12,-35,-37,26,-29,20,4655
1100,Maschiff,-22,-27,-37,-39,-38,-54,8463
1101,Mabosstiff,-2,15,-7,-19,-19,-20,1400
1102,Shroodle,-42,-40,-62,-39,-54,-30,12545
1103,Grafaiai,-19,-10,-32,1,-17,5,1800
1104,Bramblin,-42,-40,-67,-34,-54,-45,13950
1105,Brambleghast,-27,10,-27,1,-19,-15,2145
1106,Toedscool,-42,-65,-62,-29,11,-35,12020
1107,Toedscruel,-2,-35,-32,1,31,-5,3240
1108,Klawf,-12,-5,18,-44,-34,-30,4485
1109,Capsakid,-32,-43,-57,-17,-49,-55,11837
1110,Scovillain,-17,3,-32,29,-24,-30,3639
1111,Rellor,-41,-55,-37,-48,-31,-75,14965
1112,Rabsca,-7,-55,-12,36,11,-60,8235
1113,Flittle,-52,-70,-67,-24,-59,-30,17050
1114,Espathra,13,-45,-37,22,-29,0,4888
1115,Tinkatink,-32,-60,-52,-44,-25,-47,12098
1116,Tinkatuff,-17,-50,-42,-34,-7,-27,6487
1117,Tinkaton,3,-30,-20,-9,16,-11,1767
1118,Wiglett,-72,-50,-72,-44,-64,-10,19000
1119,Wugtrio,-47,-5,-47,-29,-19,15,5870
1120,Bombirdier,-12,-2,-12,-19,-4,-23,1198
1121,Finizen,-12,-60,-57,-34,-49,-30,11450
1122,Palafin,18,-35,-25,-26,-27,-5,3604
1123,Palafin,18,55,0,27,-2,-5,4107
1124,Varoom,-37,-35,-34,-49,-44,-58,11451
1125,Revavroom,-2,14,-7,-25,-22,-15,1583
1126,Cyclizar,-12,-10,-32,6,-24,16,2136
1127,Orthworm,-12,-20,48,-19,-34,-40,5965
1128,Glimmet,-34,-70,-55,26,-29,-45,12623
1129,Glimmora,1,-50,-7,51,-8,-19,5576
1130,Greavard,-32,-44,-37,-49,-34,-71,12927
1131,Houndstone,-10,-4,3,-29,8,-37,2399
1132,Flamigo,0,10,-23,-4,-25,-15,1495
1133,Cetoddle,26,-37,-52,-49,-49,-62,13395
1134,Cetitan,88,8,-32,-34,-34,-32,12168
1135,Veluza,8,-3,-24,-1,-24,-35,2451
1136,Dondozo,68,-5,18,-14,-24,-70,10645
1137,Tatsugiri,-14,-55,-37,41,6,-23,6836
1138,Annihilape,28,10,-17,-29,1,-15,2240
1139,Clodsire,48,-30,-37,-34,11,-85,13075
1140,Farigiraf,38,-15,-27,31,-19,-45,5745
1141,Dudunsparce,43,-5,-17,6,-14,-50,4895
1142,Kingambit,18,30,23,-19,-4,-55,5155
1143,Great Tusk,33,26,34,-26,-36,-18,5217
1144,Scream Tail,33,-40,2,-14,26,6,3601
1145,Brute Bonnet,29,22,2,0,10,-50,3929
1146,Flutter Mane,-27,-50,-42,56,46,30,11145
1147,Slither Wing,3,30,-18,6,16,-24,2101
1148,Sandy Shocks,3,-24,0,42,-4,-4,2381
1149,Iron Treads,8,7,23,-7,-19,1,1053
1150,Iron Bundle,-26,-25,17,45,-29,31,5417
1151,Iron Hands,72,35,11,-29,-21,-55,10837
1152,Iron Jugulis,12,-25,-11,43,-9,3,2829
1153,Iron Moth,-2,-35,-37,61,21,5,6785
1154,Iron Thorns,18,29,13,-9,-5,-33,2529
1155,Frigibax,-17,-30,-52,-44,-44,-50,10265
1156,Arctibax,8,-10,-31,-34,-24,-43,4706
1157,Baxcalibur,33,40,-5,-4,-3,-18,3063
1158,Gimmighoul (Chest Form),-37,-75,-27,-4,-19,-95,17125
1159,Gimmighoul (Roaming Form),-37,-75,-72,-4,-44,-25,14755
1160,Gholdengo,5,-45,-2,54,2,-21,5415
1161,Wo-Chien,3,-20,3,16,46,-35,4015
1162,Chien-Pao,-2,15,-17,11,-24,30,2115
1163,Ting-Lu,73,5,28,-24,-9,-60,10395
1164,Chi-Yu,-27,-25,-17,56,31,-5,5765
1165,Roaring Moon,23,34,-26,-24,12,14,3277
1166,Iron Valiant,-8,25,-7,41,-29,11,3381
1167,Koraidon,18,30,18,6,11,30,2605
1168,Miraidon,18,-20,3,56,26,30,5445
