Kevin Lee vs. Pokemon SSE,pokemon,D_HP,D_ATK,D_DEF,D_SPA,D_SPD,D_SPE,SSE
0,Bulbasaur,-36,-71,-60,-55,-43,5,14836
1,Ivysaur,-21,-58,-46,-40,-28,20,8705
2,Venusaur,-1,-38,-26,-20,-8,40,4185
3,Venusaur (Mega Venusaur),-1,-20,14,2,12,40,2345
4,Charmander,-42,-68,-66,-60,-58,25,18333
5,Charmeleon,-23,-56,-51,-40,-43,40,11315
6,Charizard,-3,-36,-31,-11,-23,60,6516
7,Charizard (Mega Charizard X),-3,10,2,10,-23,60,4342
8,Charizard (Mega Charizard Y),-3,-16,-31,39,7,60,6396
9,Squirtle,-37,-72,-44,-70,-44,3,15334
10,Wartortle,-22,-57,-29,-55,-28,18,8707
11,Blastoise,-2,-37,-9,-35,-3,38,4132
12,Blastoise (Mega Blastoise),-2,-17,11,15,7,38,2132
13,Caterpie,-36,-90,-74,-100,-88,5,32641
14,Metapod,-31,-100,-54,-95,-83,-10,29891
15,Butterfree,-21,-75,-59,-30,-28,30,12131
16,Weedle,-41,-85,-79,-100,-88,10,32991
17,Kakuna,-36,-95,-59,-95,-83,-5,29741
18,Beedrill,-16,-30,-69,-75,-28,35,13551
19,Beedrill (Mega Beedrill),-16,30,-69,-105,-28,105,28751
20,Pidgey,-41,-75,-69,-85,-73,16,24877
21,Pidgeotto,-18,-60,-54,-70,-58,31,16065
22,Pidgeot,2,-40,-34,-50,-38,61,10425
23,Pidgeot (Mega Pidgeot),2,-40,-29,15,-28,81,10015
24,Rattata,-51,-64,-74,-95,-73,32,27551
25,Rattata (Alolan Rattata),-51,-64,-74,-95,-73,32,27551
26,Raticate,-26,-39,-49,-70,-38,57,14191
27,Raticate (Alolan Raticate),-6,-49,-39,-80,-28,37,12511
28,Spearow,-41,-60,-79,-89,-77,30,26272
29,Fearow,-16,-30,-44,-59,-47,60,12382
30,Ekans,-46,-60,-65,-80,-54,15,19482
31,Arbok,-21,-25,-40,-55,-29,40,8132
32,Pikachu,-46,-65,-69,-70,-58,50,21866
33,Pikachu (Partner Pikachu),-36,-40,-59,-45,-48,80,17106
34,Raichu,-21,-30,-54,-30,-28,70,10841
35,Raichu (Alolan Raichu),-21,-35,-59,-25,-23,70,11201
36,Sandshrew,-31,-45,-24,-100,-78,0,19646
37,Sandshrew (Alolan Sandshrew),-31,-45,-19,-110,-73,0,20776
38,Sandslash,-6,-20,1,-75,-53,25,9496
39,Sandslash (Alolan Sandslash),-6,-20,11,-95,-43,25,12056
40,Nidoran♀,-26,-73,-57,-80,-68,1,20279
41,Nidorina,-11,-58,-42,-65,-53,16,12539
42,Nidoqueen,9,-28,-22,-45,-23,36,5199
43,Nidoran♂,-35,-63,-69,-80,-68,10,21079
44,Nidorino,-20,-48,-52,-65,-53,25,13067
45,Nidoking,0,-18,-32,-35,-33,45,5687
46,Clefairy,-11,-75,-61,-60,-43,-5,14941
47,Clefable,14,-50,-36,-25,-18,20,5341
48,Vulpix,-43,-79,-69,-70,-43,25,20225
49,Vulpix (Alolan Vulpix),-43,-79,-69,-70,-43,25,20225
50,Ninetales,-8,-44,-34,-39,-8,60,8341
51,Ninetales (Alolan Ninetales),-8,-53,-34,-39,-8,69,10375
52,Jigglypuff,34,-75,-89,-75,-83,-20,27616
53,Wigglytuff,59,-50,-64,-35,-58,5,14691
54,Zubat,-41,-75,-74,-90,-68,15,25731
55,Golbat,-6,-40,-39,-55,-33,50,9771
56,Oddish,-36,-70,-54,-45,-43,-10,13086
57,Gloom,-21,-55,-39,-35,-33,0,7301
58,Vileplume,-6,-40,-24,-10,-18,10,2736
59,Paras,-46,-50,-54,-75,-53,-15,16191
60,Parasect,-21,-25,-29,-60,-28,-10,6391
61,Venonat,-21,-65,-59,-80,-53,5,17381
62,Venomoth,-11,-55,-49,-30,-33,50,10036
63,Diglett,-71,-65,-84,-85,-63,55,30541
64,Diglett (Alolan Diglett),-71,-65,-79,-85,-63,50,29201
65,Dugtrio,-46,-20,-59,-70,-38,80,18741
66,Dugtrio (Alolan Dugtrio),-46,-20,-49,-70,-38,70,16161
67,Meowth,-41,-75,-74,-80,-68,50,26306
68,Meowth (Alolan Meowth),-41,-85,-74,-70,-68,50,26406
69,Meowth (Galarian Meowth),-31,-55,-54,-80,-68,0,17926
70,Persian,-16,-50,-49,-55,-43,75,15656
71,Persian (Alolan Persian),-16,-60,-49,-45,-43,75,15756
72,Psyduck,-31,-68,-61,-55,-58,15,15920
73,Golduck,-1,-38,-31,-25,-28,45,5840
74,Mankey,-41,-40,-74,-85,-63,30,20851
75,Primeape,-16,-15,-49,-60,-38,55,10951
76,Growlithe,-26,-50,-64,-50,-58,20,13536
77,Growlithe (Hisuian Growlithe),-21,-45,-64,-55,-58,15,13176
78,Arcanine,9,-10,-29,-20,-28,55,5231
79,Arcanine (Hisuian Arcanine),14,-5,-29,-25,-28,50,4971
80,Poliwag,-41,-70,-69,-80,-68,50,24866
81,Poliwhirl,-16,-55,-44,-70,-58,50,15981
82,Poliwrath,9,-25,-14,-50,-18,30,4626
83,Abra,-56,-100,-94,-15,-53,50,27506
84,Kadabra,-41,-85,-79,0,-38,65,20816
85,Alakazam,-26,-70,-64,15,-13,80,16466
86,Alakazam (Mega Alakazam),-26,-70,-44,55,-3,110,22646
87,Machop,-11,-40,-59,-85,-73,-5,17781
88,Machoke,-1,-20,-39,-70,-48,5,9151
89,Machamp,9,10,-29,-55,-23,15,4801
90,Bellsprout,-31,-45,-74,-50,-78,0,17046
91,Weepinbell,-16,-30,-59,-35,-63,15,10056
92,Victreebel,-1,-15,-44,-20,-38,30,4906
93,Tentacool,-41,-80,-74,-70,-8,30,19421
94,Tentacruel,-1,-50,-44,-40,12,60,9781
95,Geodude,-41,-40,-9,-90,-78,-20,17946
96,Geodude (Alolan Geodude),-41,-40,-9,-90,-78,-20,17946
97,Graveler,-26,-25,6,-75,-63,-5,10956
98,Graveler (Alolan Graveler),-26,-25,6,-75,-63,-5,10956
99,Golem,-1,0,21,-65,-43,5,6541
100,Golem (Alolan Golem),-1,0,21,-65,-43,5,6541
101,Ponyta,-31,-35,-54,-55,-43,50,12476
102,Ponyta (Galarian Ponyta),-31,-35,-54,-55,-43,50,12476
103,Rapidash,-16,-20,-39,-40,-28,65,8786
104,Rapidash (Galarian Rapidash),-16,-20,-39,-40,-28,65,8786
105,Slowpoke,9,-55,-44,-80,-68,-25,16691
106,Slowpoke (Galarian Slowpoke),9,-55,-44,-80,-68,-25,16691
107,Slowbro,14,-45,1,-20,-28,-10,3506
108,Slowbro (Mega Slowbro),14,-45,71,10,-28,-10,8246
109,Slowbro (Galarian Slowbro),14,-20,-14,-20,-38,-10,2736
110,Magnemite,-56,-85,-39,-25,-53,5,15341
111,Magneton,-31,-60,-14,0,-38,30,7101
112,Farfetch'd,-29,-30,-54,-62,-46,20,11017
113,Farfetch'd (Galarian Farfetch'd),-29,-25,-54,-62,-46,15,10567
114,Doduo,-46,-35,-64,-85,-73,35,21216
115,Dodrio,-21,-10,-39,-60,-48,70,12866
116,Seel,-16,-75,-54,-75,-38,5,15891
117,Dewgong,9,-50,-29,-50,-13,30,6991
118,Grimer,-1,-40,-59,-80,-58,-15,15071
119,Grimer (Alolan Grimer),-1,-40,-59,-80,-58,-15,15071
120,Muk,24,-15,-34,-55,-8,10,5146
121,Muk (Alolan Muk),24,-15,-34,-55,-8,10,5146
122,Shellder,-51,-55,-9,-75,-83,0,18221
123,Cloyster,-31,-25,71,-35,-63,30,12721
124,Gastly,-51,-85,-79,-20,-73,40,23396
125,Haunter,-36,-70,-64,-5,-53,55,16151
126,Gengar,-21,-55,-49,10,-33,70,11956
127,Gengar (Mega Gengar),-21,-55,-29,50,-13,90,15076
128,Onix,-46,-75,51,-90,-63,30,23311
129,Drowzee,-21,-72,-64,-77,-18,2,15978
130,Hypno,4,-47,-39,-47,7,27,6733
131,Krabby,-51,-15,-19,-95,-83,10,19201
132,Kingler,-26,10,6,-70,-58,35,10301
133,Voltorb,-41,-90,-59,-65,-53,60,23896
134,Voltorb (Hisuian Voltorb),-41,-90,-59,-65,-53,60,23896
135,Electrode,-21,-70,-39,-40,-28,110,21346
136,Electrode (Hisuian Electrode),-21,-70,-39,-40,-28,110,21346
137,Exeggcute,-21,-80,-29,-60,-63,0,15251
138,Exeggutor,14,-25,-24,5,-33,15,2736
139,Exeggutor (Alolan Exeggutor),14,-15,-24,5,-33,5,2136
140,Cubone,-31,-70,-14,-80,-58,-5,15846
141,Marowak,-21,-40,1,-70,-28,5,7751
142,Marowak (Alolan Marowak),-21,-40,1,-70,-28,5,7751
143,Hitmonlee,-31,0,-56,-85,2,47,13535
144,Hitmonchan,-31,-15,-30,-85,2,36,10611
145,Lickitung,9,-65,-34,-60,-33,-10,10251
146,Koffing,-41,-55,-14,-60,-63,-5,12496
147,Weezing,-16,-30,11,-35,-38,20,4346
148,Weezing (Galarian Weezing),-16,-30,11,-35,-38,20,4346
149,Rhyhorn,-1,-35,-14,-90,-78,-15,15831
150,Rhydon,24,10,11,-75,-63,0,10391
151,Chansey,169,-115,-104,-85,-3,10,59936
152,Tangela,-16,-65,6,-20,-68,20,9941
153,Kangaskhan,24,-25,-29,-80,-28,50,11726
154,Kangaskhan (Mega Kangaskhan),24,5,-9,-60,-8,60,7946
155,Horsea,-51,-80,-39,-50,-83,20,20311
156,Seadra,-26,-55,-14,-25,-63,45,10516
157,Goldeen,-36,-53,-49,-85,-58,23,17624
158,Seaking,-1,-28,-44,-55,-28,28,7314
159,Staryu,-51,-75,-54,-50,-53,45,18476
160,Starmie,-21,-45,-24,-20,-23,75,9596
161,Mr. Mime,-41,-75,-44,-20,12,50,12286
162,Mr. Mime (Galarian Mr. Mime),-31,-55,-44,-30,-18,60,10746
163,Scyther,-11,-10,-29,-65,-28,65,10296
164,Jynx,-16,-70,-74,-5,-13,55,13851
165,Electabuzz,-16,-37,-52,-25,-23,65,9708
166,Magmar,-16,-25,-52,-20,-23,53,7323
167,Pinsir,-16,5,-9,-65,-38,45,8056
168,Pinsir (Mega Pinsir),-16,35,11,-55,-18,65,9176
169,Tauros,-6,-20,-14,-80,-38,70,13376
170,Tauros (Paldean Tauros (Combat Breed)),-6,-10,-4,-90,-38,60,13296
171,Tauros (Paldean Tauros (Blaze Breed)),-6,-10,-4,-90,-38,60,13296
172,Tauros (Paldean Tauros (Aqua Breed)),-6,-10,-4,-90,-38,60,13296
173,Magikarp,-61,-110,-54,-105,-88,40,39106
174,Gyarados,14,5,-30,-60,-8,41,6466
175,Gyarados (Mega Gyarados),14,35,0,-50,22,41,6086
176,Lapras,49,-35,-29,-35,-13,20,6261
177,Ditto,-33,-72,-61,-72,-60,8,18842
178,Eevee,-26,-65,-59,-75,-43,15,16081
179,Eevee (Partner Eevee),-16,-45,-39,-55,-23,35,8581
180,Vaporeon,49,-55,-49,-10,-13,25,8721
181,Jolteon,-16,-55,-49,-10,-13,90,14051
182,Flareon,-16,10,-49,-25,2,25,4011
183,Porygon,-16,-60,-39,-35,-33,0,7691
184,Omanyte,-46,-80,-9,-30,-53,-5,12331
185,Omastar,-11,-60,16,-5,-38,15,5671
186,Kabuto,-51,-40,-19,-65,-63,15,12981
187,Kabutops,-21,-5,-4,-55,-38,40,6551
188,Aerodactyl,-1,-15,-44,-60,-33,90,14951
189,Aerodactyl (Mega Aerodactyl),-1,15,-24,-50,-13,110,15571
190,Snorlax,79,-10,-44,-55,2,-10,11406
191,Articuno,9,-35,-9,-25,17,45,4326
192,Articuno (Galarian Articuno),9,-35,-24,5,-8,55,4996
193,Zapdos,9,-30,-24,5,-18,60,5506
194,Zapdos (Galarian Zapdos),9,5,-19,-35,-18,60,5616
195,Moltres,9,-20,-19,5,-23,50,3896
196,Moltres (Galarian Moltres),9,-35,-19,-20,17,50,4856
197,Dratini,-40,-56,-64,-70,-58,10,17196
198,Dragonair,-20,-36,-44,-50,-38,30,8476
199,Dragonite,10,14,-14,-20,-8,40,2556
200,Mewtwo,25,-10,-19,34,-18,90,10666
201,Mewtwo (Mega Mewtwo X),25,70,-9,34,-8,90,14926
202,Mewtwo (Mega Mewtwo Y),25,30,-39,74,12,100,18666
203,Mew,19,-20,-9,-20,-8,60,4906
204,Chikorita,-36,-71,-44,-71,-43,5,15188
205,Bayleef,-21,-58,-29,-57,-28,20,9079
206,Meganium,-1,-38,-9,-37,-8,40,4559
207,Cyndaquil,-42,-68,-66,-60,-58,25,18333
208,Quilava,-23,-56,-51,-40,-43,40,11315
209,Typhlosion,-3,-36,-31,-11,-23,60,6516
210,Typhlosion (Hisuian Typhlosion),-8,-36,-31,-1,-23,55,5876
211,Totodile,-31,-55,-45,-76,-60,3,15396
212,Croconaw,-16,-40,-29,-61,-45,18,8767
213,Feraligatr,4,-15,-9,-41,-25,38,4072
214,Sentret,-46,-74,-75,-85,-63,-20,24811
215,Furret,4,-44,-45,-75,-53,50,14911
216,Hoothoot,-21,-90,-79,-84,-52,10,24642
217,Noctowl,19,-70,-59,-34,-12,30,10942
218,Ledyba,-41,-100,-79,-80,-28,15,25331
219,Ledian,-26,-85,-59,-65,2,45,17636
220,Spinarak,-41,-60,-69,-80,-68,-10,21166
221,Ariados,-11,-30,-39,-60,-38,0,7586
222,Crobat,4,-30,-29,-50,-28,90,13141
223,Chinchou,-6,-82,-71,-64,-52,27,19330
224,Lanturn,44,-62,-51,-44,-32,27,12070
225,Pichu,-61,-80,-94,-85,-73,20,31911
226,Cleffa,-31,-95,-81,-75,-53,-25,25606
227,Igglybuff,9,-90,-94,-80,-88,-25,31786
228,Togepi,-46,-100,-44,-80,-43,-20,22701
229,Togetic,-26,-80,-24,-40,-3,0,9261
230,Natu,-41,-70,-64,-50,-63,30,18046
231,Xatu,-16,-45,-39,-25,-38,55,8896
232,Mareep,-26,-80,-69,-55,-63,-5,18856
233,Flaaffy,-11,-65,-54,-40,-48,5,11191
234,Ampharos,9,-45,-24,-5,-18,15,3256
235,Ampharos (Mega Ampharos),9,-25,-4,45,2,5,2776
236,Bellossom,-6,-40,-14,-30,-8,10,2896
237,Marill,-11,-100,-59,-100,-58,0,26966
238,Azumarill,19,-70,-29,-60,-28,10,10586
239,Sudowoodo,-11,-20,6,-90,-43,-10,10606
240,Politoed,9,-45,-34,-30,-8,30,5126
241,Hoppip,-46,-85,-69,-85,-53,10,24236
242,Skiploom,-26,-75,-59,-75,-43,40,18856
243,Jumpluff,-6,-65,-39,-65,-13,70,15076
244,Aipom,-26,-50,-54,-80,-53,45,17326
245,Sunkern,-51,-90,-79,-90,-78,-10,31226
246,Sunflora,-6,-45,-54,-15,-23,-10,5831
247,Yanma,-16,-55,-64,-45,-63,55,16396
248,Wooper,-26,-75,-64,-95,-83,-25,26936
249,Wooper (Paldean Wooper),-26,-75,-64,-95,-83,-25,26936
250,Quagsire,14,-35,-24,-55,-43,-5,6896
251,Espeon,-16,-55,-49,10,-13,70,10851
252,Umbreon,14,-55,1,-60,22,25,7931
253,Murkrow,-21,-35,-67,-35,-66,51,14337
254,Slowking,14,-45,-29,-20,2,-10,3566
255,Slowking (Galarian Slowking),14,-55,-29,-10,2,-10,4266
256,Misdreavus,-21,-60,-49,-35,-23,45,10221
257,Unown,-33,-48,-61,-48,-60,8,13082
258,Wobbuffet,109,-87,-51,-87,-50,-7,32169
259,Girafarig,-11,-40,-44,-30,-43,45,8431
260,Pineco,-31,-55,-19,-85,-73,-25,17526
261,Forretress,-6,-30,31,-60,-48,0,7801
262,Dunsparce,19,-50,-39,-55,-43,5,9281
263,Gligar,-16,-45,-4,-85,-43,45,13396
264,Steelix,-6,-35,91,-65,-43,-10,15716
265,Steelix (Mega Steelix),-6,5,121,-65,-13,-10,19196
266,Snubbull,-21,-40,-59,-80,-68,-10,16646
267,Granbull,9,0,-34,-60,-48,5,7166
268,Qwilfish,-16,-25,-24,-65,-53,45,10516
269,Qwilfish (Hisuian Qwilfish),-16,-25,-24,-65,-53,45,10516
270,Scizor,-11,10,-9,-65,-28,25,5936
271,Scizor (Mega Scizor),-11,30,31,-55,-8,35,6296
272,Shuckle,-61,-110,121,-110,122,-35,58671
273,Heracross,-1,5,-34,-80,-13,45,9776
274,Heracross (Mega Heracross),-1,65,6,-80,-3,35,11896
275,Sneasel,-26,-25,-54,-85,-33,75,18156
276,Sneasel (Hisuian Sneasel),-26,-25,-54,-85,-33,75,18156
277,Teddiursa,-21,-40,-59,-70,-58,0,13786
278,Ursaring,9,10,-34,-45,-33,15,4676
279,Slugma,-41,-80,-69,-50,-68,-20,20366
280,Magcargo,-21,-70,11,-30,-28,-10,7246
281,Swinub,-31,-70,-69,-90,-78,10,24906
282,Piloswine,19,-20,-29,-60,-48,10,7606
283,Corsola,-16,-65,-14,-55,-13,-5,7896
284,Corsola (Galarian Corsola),-21,-65,-9,-55,-8,-10,7936
285,Remoraid,-46,-55,-74,-55,-73,25,19596
286,Octillery,-6,-15,-34,-15,-33,5,2756
287,Delibird,-36,-65,-64,-55,-63,35,17836
288,Mantine,4,-80,-39,-40,32,30,11461
289,Skarmory,-16,-40,31,-80,-38,30,11561
290,Houndour,-36,-60,-79,-40,-58,25,16726
291,Houndoom,-6,-30,-59,-10,-28,55,8326
292,Houndoom (Mega Houndoom),-6,-30,-19,20,-18,75,7646
293,Kingdra,-6,-25,-14,-25,-13,45,3676
294,Phanpy,9,-60,-49,-80,-68,0,17106
295,Donphan,9,0,11,-60,-48,10,6206
296,Porygon2,4,-40,-19,-15,-13,20,2771
297,Stantler,-8,-25,-47,-35,-43,45,7997
298,Smeargle,-26,-100,-74,-100,-63,35,31346
299,Tyrogue,-46,-85,-74,-85,-73,-5,27396
300,Hitmontop,-31,-25,-14,-85,2,30,9911
301,Smoochum,-36,-90,-94,-35,-43,25,21931
302,Elekid,-36,-57,-72,-55,-53,55,18588
303,Magby,-36,-45,-72,-50,-53,43,15663
304,Miltank,14,-40,-4,-80,-38,60,13256
305,Blissey,174,-110,-99,-45,27,15,55156
306,Raikou,9,-35,-34,-5,-8,75,8176
307,Entei,34,-5,-24,-30,-33,60,7346
308,Suicune,19,-45,6,-30,7,45,5396
309,Larvitar,-31,-56,-59,-75,-58,1,16568
310,Pupitar,-11,-36,-39,-55,-38,11,7528
311,Tyranitar,19,14,1,-25,-8,21,1688
312,Tyranitar (Mega Tyranitar),19,44,41,-25,12,31,5708
313,Lugia,25,-30,21,-30,46,70,9882
314,Ho-Oh,25,10,-19,-10,46,50,5802
315,Celebi,19,-20,-9,-20,-8,60,4906
316,Treecko,-41,-75,-74,-55,-53,30,19516
317,Grovyle,-31,-55,-64,-35,-43,55,14181
318,Sceptile,-11,-35,-44,-15,-23,80,10436
319,Sceptile (Mega Sceptile),-11,-10,-34,25,-23,105,13556
320,Torchic,-36,-60,-69,-50,-58,5,15546
321,Combusken,-21,-35,-49,-35,-48,15,7821
322,Blaziken,-1,0,-39,-10,-38,40,4666
323,Blaziken (Mega Blaziken),-1,40,-29,10,-28,60,6926
324,Mudkip,-31,-50,-59,-70,-58,0,15206
325,Marshtomp,-11,-35,-39,-60,-38,10,8011
326,Swampert,19,-10,-19,-35,-18,20,2771
327,Swampert (Mega Swampert),19,30,1,-25,2,30,2791
328,Poochyena,-46,-65,-74,-90,-78,-5,26026
329,Mightyena,-11,-30,-39,-60,-48,30,9346
330,Zigzagoon,-43,-90,-68,-90,-67,20,27562
331,Zigzagoon (Galarian Zigzagoon),-43,-90,-68,-90,-67,20,27562
332,Linoone,-3,-50,-48,-70,-47,60,15522
333,Linoone (Galarian Linoone),-3,-50,-48,-70,-47,60,15522
334,Wurmple,-36,-75,-74,-100,-78,-20,28881
335,Silcoon,-31,-85,-54,-95,-83,-25,27641
336,Beautifly,-21,-50,-59,-20,-58,25,10811
337,Cascoon,-31,-85,-54,-95,-83,-25,27641
338,Dustox,-21,-70,-39,-70,-18,25,12711
339,Lotad,-41,-90,-79,-80,-58,-10,25886
340,Lombre,-21,-70,-59,-60,-38,10,13966
341,Ludicolo,-1,-50,-39,-30,-8,30,5886
342,Seedot,-41,-80,-59,-90,-78,-10,25846
343,Nuzleaf,-11,-50,-69,-60,-68,20,16006
344,Shiftry,9,-20,-49,-30,-48,40,7686
345,Taillow,-41,-65,-79,-90,-78,45,28356
346,Swellow,-21,-35,-49,-45,-58,85,16681
347,Wingull,-41,-90,-79,-65,-78,45,28356
348,Pelipper,-21,-70,-9,-25,-38,25,8116
349,Ralts,-53,-95,-84,-75,-73,0,29844
350,Kirlia,-43,-85,-74,-55,-53,10,20484
351,Gardevoir,-13,-55,-44,5,7,40,6804
352,Gardevoir (Mega Gardevoir),-13,-35,-44,45,27,60,9684
353,Surskit,-41,-90,-77,-70,-56,25,24371
354,Masquerain,-11,-60,-47,-20,-26,40,8606
355,Shroomish,-21,-80,-49,-80,-48,-5,17971
356,Breloom,-21,10,-29,-60,-48,30,8186
357,Slakoth,-21,-60,-49,-85,-73,-10,19096
358,Vigoroth,-1,-40,-29,-65,-53,50,11976
359,Slaking,69,40,-9,-25,-43,60,12516
360,Nincada,-50,-75,-19,-90,-78,0,22670
361,Ninjask,-20,-30,-64,-70,-58,120,28060
362,Shedinja,-80,-30,-64,-90,-78,0,25580
363,Whismur,-17,-69,-86,-69,-85,-12,24576
364,Loudred,3,-49,-66,-49,-65,8,13456
365,Exploud,23,-29,-46,-29,-35,28,6336
366,Makuhita,-9,-60,-79,-100,-78,-15,26231
367,Hariyama,63,0,-49,-80,-48,10,15174
368,Azurill,-31,-100,-69,-100,-68,-20,30746
369,Nosepass,-51,-75,26,-75,-18,-10,14951
370,Skitty,-31,-75,-64,-85,-73,10,23336
371,Delcatty,-11,-55,-44,-65,-53,50,14616
372,Sableye,-31,-45,-34,-55,-43,10,9116
373,Sableye (Mega Sableye),-31,-35,16,-35,7,-20,4116
374,Mawile,-31,-35,-24,-65,-53,10,9896
375,Mawile (Mega Mawile),-31,-15,16,-65,-13,10,5936
376,Aron,-31,-50,-9,-80,-68,-10,14666
377,Lairon,-21,-30,31,-70,-58,0,10566
378,Aggron,-11,-10,71,-60,-48,10,11266
379,Aggron (Mega Aggron),-11,20,121,-60,-28,10,19646
380,Meditite,-51,-80,-54,-80,-53,20,21526
381,Medicham,-21,-60,-34,-60,-33,40,11486
382,Medicham (Mega Medicham),-21,-20,-24,-40,-23,60,7146
383,Electrike,-41,-75,-69,-55,-68,25,20341
384,Manectric,-11,-45,-49,-15,-48,65,11301
385,Manectric (Mega Manectric),-11,-45,-29,15,-28,95,13021
386,Plusle,-21,-70,-69,-35,-33,55,15441
387,Minun,-21,-80,-59,-45,-23,55,15901
388,Volbeat,-16,-47,-34,-73,-23,45,11504
389,Illumise,-16,-73,-34,-47,-23,45,11504
390,Roselia,-31,-60,-64,-20,-28,25,10466
391,Gulpin,-11,-77,-56,-77,-55,0,18140
392,Swalot,19,-47,-26,-47,-25,15,6305
393,Carvanha,-36,-30,-89,-55,-88,25,21511
394,Sharpedo,-11,0,-69,-25,-68,55,13156
395,Sharpedo (Mega Sharpedo),-11,20,-39,-10,-43,65,8216
396,Wailmer,49,-50,-74,-50,-73,20,18606
397,Wailord,89,-30,-64,-30,-63,20,18186
398,Numel,-21,-60,-69,-55,-63,-5,15821
399,Camerupt,-11,-20,-39,-15,-33,0,3356
400,Camerupt (Mega Camerupt),-11,0,-9,25,-3,-20,1236
401,Torkoal,-11,-35,31,-35,-38,-20,5376
402,Spoink,-21,-95,-74,-50,-28,20,18626
403,Grumpig,-1,-75,-44,-30,2,40,10066
404,Spinda,-21,-60,-49,-60,-48,20,12746
405,Trapinch,-36,-20,-64,-75,-63,-30,16286
406,Vibrava,-31,-50,-59,-70,-58,30,16106
407,Flygon,-1,-20,-29,-40,-28,60,7226
408,Cacnea,-31,-35,-69,-35,-68,-5,12821
409,Cacturne,-11,-5,-49,-5,-48,15,5101
410,Swablu,-36,-80,-49,-80,-33,10,17686
411,Altaria,-6,-50,-19,-50,-3,40,7006
412,Altaria (Mega Altaria),-6,-10,1,-10,-3,40,1846
413,Zangoose,-8,-5,-49,-60,-48,50,10894
414,Seviper,-8,-20,-49,-20,-48,25,6194
415,Lunatone,9,-65,-44,-25,-23,30,8296
416,Solrock,9,-25,-24,-65,-43,30,8256
417,Barboach,-31,-72,-66,-74,-67,20,20866
418,Whiscash,29,-42,-36,-44,-37,20,7606
419,Corphish,-38,-40,-44,-70,-73,-5,15234
420,Crawdaunt,-18,0,-24,-30,-53,15,4834
421,Baltoy,-41,-80,-54,-80,-38,15,19066
422,Claydol,-21,-50,-4,-50,12,35,6826
423,Lileep,-15,-79,-32,-59,-21,-17,11701
424,Cradily,5,-39,-12,-39,-1,3,3221
425,Anorith,-36,-25,-59,-80,-58,35,16391
426,Armaldo,-6,5,-9,-50,-28,5,3451
427,Feebas,-61,-105,-89,-110,-53,40,39176
428,Milotic,14,-60,-30,-20,17,41,7066
429,Castform,-11,-50,-39,-50,-38,30,8986
430,Kecleon,-21,-30,-39,-60,12,0,6606
431,Shuppet,-37,-45,-74,-57,-75,5,17769
432,Banette,-17,-5,-44,-37,-45,25,6269
433,Banette (Mega Banette),-17,45,-34,-27,-25,35,6049
434,Duskull,-61,-80,-19,-90,-18,-15,19131
435,Dusclops,-41,-50,21,-60,22,-15,8931
436,Tropius,18,-52,-26,-48,-21,11,6570
437,Chimecho,-6,-70,-29,-25,-18,25,7351
438,Absol,-16,10,-49,-45,-48,35,8311
439,Absol (Mega Absol),-16,30,-49,-5,-48,75,11511
440,Wynaut,14,-97,-61,-97,-60,-17,26624
441,Snorunt,-31,-70,-59,-70,-58,10,17706
442,Glalie,-1,-40,-29,-40,-28,40,6426
443,Glalie (Mega Glalie),-1,0,-29,0,-28,60,5226
444,Spheal,-11,-80,-59,-65,-58,-15,17816
445,Sealeo,9,-60,-39,-45,-38,5,8696
446,Walrein,29,-40,-19,-25,-18,25,4376
447,Clamperl,-46,-56,-24,-46,-53,-8,10817
448,Huntail,-26,-16,-4,-26,-33,12,2857
449,Gorebyss,-26,-36,-4,-6,-33,12,3257
450,Relicanth,19,-30,21,-75,-43,15,9401
451,Luvdisc,-38,-90,-54,-80,-43,57,23958
452,Bagon,-36,-45,-49,-80,-78,10,18306
453,Shelgon,-16,-25,-9,-60,-58,10,8026
454,Salamence,14,15,-29,-10,-28,60,5746
455,Salamence (Mega Salamence),14,25,21,0,-18,80,7986
456,Beldum,-41,-65,-29,-85,-48,-10,16376
457,Metang,-21,-45,-9,-65,-28,10,7656
458,Metagross,-1,15,21,-25,-18,30,2516
459,Metagross (Mega Metagross),-1,25,41,-15,2,70,7436
460,Regirock,-1,-20,91,-70,-8,10,13746
461,Regice,-1,-70,-9,-20,92,10,13946
462,Registeel,-1,-45,41,-45,42,10,7596
463,Latias,-1,-40,-19,-10,22,70,7446
464,Latias (Mega Latias),-1,-20,11,20,42,70,7586
465,Latios,-1,-30,-29,10,2,70,6746
466,Latios (Mega Latios),-1,10,-9,40,12,70,6826
467,Kyogre,19,-20,-19,30,32,50,5546
468,Kyogre (Primal Kyogre),19,30,-19,60,52,50,10426
469,Groudon,19,30,31,-20,-18,50,5446
470,Groudon (Primal Groudon),19,60,51,30,-18,50,10286
471,Rayquaza,24,30,-19,30,-18,55,6086
472,Rayquaza (Mega Rayquaza),24,60,-9,60,-8,75,13546
473,Jirachi,19,-20,-9,-20,-8,60,4906
474,Deoxys (Normal Forme),-31,30,-59,30,-58,110,21706
475,Deoxys (Attack Forme),-31,60,-89,60,-88,110,35926
476,Deoxys (Defense Forme),-31,-50,51,-50,52,50,13766
477,Deoxys (Speed Forme),-31,-25,-19,-25,-18,140,22496
478,Turtwig,-26,-52,-45,-75,-53,-9,13920
479,Grotle,-6,-31,-24,-65,-43,-4,7663
480,Torterra,14,-11,-4,-45,-23,16,3143
481,Chimchar,-37,-62,-65,-62,-64,21,17819
482,Monferno,-17,-42,-57,-42,-56,41,11883
483,Infernape,-5,-16,-38,-16,-37,68,7974
484,Piplup,-28,-69,-56,-59,-52,0,14866
485,Prinplup,-17,-54,-41,-39,-32,10,7531
486,Empoleon,3,-34,-21,-9,-7,20,2136
487,Starly,-41,-65,-79,-90,-78,20,26731
488,Staravia,-26,-45,-59,-80,-68,40,18806
489,Staraptor,4,0,-39,-70,-48,60,12341
490,Bidoof,-22,-75,-69,-85,-68,-9,22800
491,Bibarel,-2,-35,-49,-65,-48,31,11120
492,Kricketot,-44,-95,-68,-95,-67,-15,29324
493,Kricketune,-4,-35,-58,-65,-57,25,12704
494,Shinx,-36,-55,-75,-80,-74,5,21847
495,Luxio,-21,-35,-60,-60,-59,20,12747
496,Luxray,-1,0,-30,-25,-29,30,3267
497,Budew,-41,-90,-74,-70,-38,15,21826
498,Roserade,-21,-50,-44,5,-3,50,7411
499,Cranidos,-14,5,-69,-90,-78,18,19490
500,Rampardos,16,45,-49,-55,-58,18,11395
501,Shieldon,-51,-78,9,-78,-20,-10,15350
502,Bastiodon,-21,-68,59,-73,30,-10,14875
503,Burmy,-41,-91,-64,-91,-63,-4,26324
504,Wormadam (Plant Cloak),-21,-61,-24,-41,-3,-4,6444
505,Wormadam (Sandy Cloak),-21,-41,-4,-61,-23,-4,6404
506,Wormadam (Trash Cloak),-21,-51,-14,-51,-13,-4,6024
507,Mothim,-11,-26,-59,-26,-58,26,8994
508,Combee,-51,-90,-67,-90,-66,30,28546
509,Vespiquen,-11,-40,-7,-40,-6,0,3406
510,Pachirisu,-21,-75,-39,-75,-18,55,16561
511,Buizel,-26,-55,-74,-60,-78,45,20886
512,Floatzel,4,-15,-54,-35,-58,75,13371
513,Cherubi,-36,-85,-64,-58,-55,-5,19031
514,Cherrim,-11,-60,-39,-33,-30,45,9256
515,Shellos,-5,-72,-61,-63,-46,-6,15051
516,Gastrodon,30,-37,-41,-28,-26,-1,5411
517,Ambipom,-6,-20,-43,-60,-42,75,13274
518,Drifloon,9,-70,-75,-60,-64,30,19202
519,Drifblim,69,-40,-65,-30,-54,40,16002
520,Buneary,-26,-54,-65,-76,-52,45,18322
521,Lopunny,-16,-44,-25,-66,-12,65,11542
522,Lopunny (Mega Lopunny),-16,16,-15,-66,-12,95,14262
523,Mismagius,-21,-60,-49,-15,-3,65,10901
524,Honchkrow,19,5,-57,-15,-56,31,7957
525,Glameow,-32,-65,-67,-78,-71,45,22888
526,Purugly,-10,-38,-45,-56,-49,72,14290
527,Chingling,-36,-90,-59,-55,-58,5,19291
528,Stunky,-18,-57,-62,-79,-67,34,19303
529,Skuntank,22,-27,-42,-49,-47,44,9523
530,Bronzor,-24,-96,-23,-96,-22,-17,20310
531,Bronzong,-14,-31,7,-41,8,-7,3000
532,Bonsly,-31,-40,-14,-110,-63,-30,19726
533,Mime Jr.,-61,-95,-64,-50,-18,20,20066
534,Happiny,19,-115,-104,-105,-43,-10,37376
535,Chatot,-5,-55,-64,-28,-66,51,14887
536,Spiritomb,-31,-28,-1,-28,0,-5,2555
537,Gible,-23,-50,-64,-80,-63,2,17498
538,Gabite,-13,-30,-44,-70,-53,42,12478
539,Garchomp,27,10,-14,-40,-23,62,6998
540,Garchomp (Mega Garchomp),27,50,6,0,-13,52,6138
541,Munchlax,54,-35,-69,-80,-23,-35,17056
542,Riolu,-41,-50,-69,-85,-68,20,21191
543,Lucario,-11,-10,-39,-5,-38,50,5711
544,Lucario (Mega Lucario),-11,25,-21,20,-38,72,8215
545,Hippopotas,-13,-48,-31,-82,-66,-8,14578
546,Hippowdon,27,-8,9,-52,-36,7,4923
547,Skorupi,-41,-70,-19,-90,-53,25,18476
548,Drapion,-11,-30,1,-60,-33,55,8736
549,Croagunk,-33,-59,-69,-59,-68,10,17536
550,Toxicroak,2,-14,-44,-34,-43,45,7166
551,Carnivine,-7,-20,-37,-30,-36,6,4050
552,Finneon,-32,-71,-53,-71,-47,26,16800
553,Lumineon,-12,-51,-33,-51,-22,51,9520
554,Mantyke,-36,-100,-59,-60,12,10,18621
555,Snover,-21,-58,-59,-58,-48,0,12954
556,Abomasnow,9,-28,-34,-28,-23,20,3734
557,Abomasnow (Mega Abomasnow),9,12,-4,12,-3,-10,494
558,Weavile,-11,0,-44,-75,-23,85,15436
559,Magnezone,-11,-50,6,10,-18,20,3481
560,Lickilicky,29,-35,-14,-40,-13,10,4131
561,Rhyperior,34,20,21,-65,-53,0,9031
562,Tangrowth,19,-20,16,-10,-58,10,4581
563,Electivire,-6,3,-42,-25,-23,55,5988
564,Magmortar,-6,-25,-42,5,-13,43,4468
565,Togekiss,4,-70,-14,0,7,40,6761
566,Yanmega,5,-44,-23,-4,-52,55,8235
567,Leafeon,-16,-10,21,-60,-43,55,9271
568,Glaceon,-16,-60,1,10,-13,25,4751
569,Gliscor,-6,-25,16,-75,-33,55,10656
570,Mamoswine,29,10,-29,-50,-48,40,8186
571,Porygon-Z,4,-40,-39,15,-33,50,6951
572,Gallade,-13,5,-44,-55,7,40,6804
573,Gallade (Mega Gallade),-13,45,-14,-55,7,70,10364
574,Probopass,-21,-65,36,-45,42,0,9751
575,Dusknoir,-36,-20,26,-55,27,5,6151
576,Froslass,-11,-40,-39,-40,-38,70,11186
577,Rotom,-31,-70,-32,-25,-31,51,11072
578,Rotom (Heat Rotom),-31,-55,-2,-15,-1,46,6332
579,Rotom (Wash Rotom),-31,-55,-2,-15,-1,46,6332
580,Rotom (Frost Rotom),-31,-55,-2,-15,-1,46,6332
581,Rotom (Fan Rotom),-31,-55,-2,-15,-1,46,6332
582,Rotom (Mow Rotom),-31,-55,-2,-15,-1,46,6332
583,Uxie,-6,-45,21,-45,22,55,8036
584,Mesprit,-1,-15,-4,-15,-3,40,2076
585,Azelf,-6,5,-39,5,-38,75,8676
586,Dialga,19,0,11,30,-8,50,3946
587,Dialga (Origin Forme),19,-20,11,30,12,50,4426
588,Palkia,9,0,-9,30,12,60,4806
589,Palkia (Origin Forme),9,-20,-9,30,12,80,8006
590,Heatran,10,-30,-3,10,-2,37,2482
591,Regigigas,29,40,1,-40,2,60,7646
592,Giratina (Altered Forme),69,-20,11,-20,12,50,8326
593,Giratina (Origin Forme),69,0,-9,0,-8,50,7406
594,Cresselia,39,-50,11,-45,22,45,8676
595,Phione,-1,-40,-29,-40,-28,40,6426
596,Manaphy,19,-20,-9,-20,-8,60,4906
597,Darkrai,-11,-30,-19,15,-18,85,9156
598,Shaymin (Land Forme),19,-20,-9,-20,-8,60,4906
599,Shaymin (Sky Forme),19,-17,-34,0,-33,87,10464
600,Arceus,39,0,11,0,12,80,8186
601,Victini,19,-20,-9,-20,-8,60,4906
602,Snivy,-36,-75,-54,-75,-53,23,18800
603,Servine,-21,-60,-34,-60,-33,43,11735
604,Serperior,-6,-45,-14,-45,-13,73,9780
605,Tepig,-16,-57,-64,-75,-63,5,17220
606,Pignite,9,-27,-54,-50,-53,15,9260
607,Emboar,29,3,-44,-20,-43,25,5660
608,Oshawott,-26,-65,-64,-57,-63,5,16240
609,Dewott,-6,-45,-49,-37,-48,20,8535
610,Samurott,14,-20,-24,-12,-38,30,3660
611,Samurott (Hisuian Samurott),9,-12,-29,-20,-43,45,5340
612,Patrat,-36,-65,-70,-85,-69,2,22411
613,Watchog,-21,-35,-40,-60,-39,37,9756
614,Lillipup,-36,-60,-64,-95,-63,15,22211
615,Herdier,-16,-40,-44,-85,-43,20,13266
616,Stoutland,4,-10,-19,-75,-18,40,8026
617,Purrloin,-40,-70,-72,-70,-71,26,22301
618,Liepard,-17,-32,-59,-32,-58,66,13538
619,Pansage,-31,-67,-61,-67,-60,24,17836
620,Simisage,-6,-22,-46,-22,-45,61,8866
621,Pansear,-31,-67,-61,-67,-60,24,17836
622,Simisear,-6,-22,-46,-22,-45,61,8866
623,Panpour,-31,-67,-61,-67,-60,24,17836
624,Simipour,-6,-22,-46,-22,-45,61,8866
625,Munna,-5,-95,-64,-53,-53,-16,19020
626,Musharna,35,-65,-24,-13,-13,-11,6485
627,Pidove,-31,-65,-59,-84,-78,3,21816
628,Tranquill,-19,-43,-47,-70,-66,25,14300
629,Unfezant,-1,-5,-29,-55,-53,53,9510
630,Blitzle,-36,-60,-77,-70,-76,36,22797
631,Zebstrika,-6,-20,-46,-40,-45,76,11953
632,Roggenrola,-26,-45,-24,-95,-83,-25,19816
633,Boldore,-11,-15,-4,-70,-68,-20,10286
634,Gigalith,4,15,21,-60,-28,-15,5291
635,Woobat,-16,-75,-66,-65,-65,32,19711
636,Swoobat,-14,-63,-54,-43,-53,74,17215
637,Drilbur,-21,-35,-69,-90,-63,28,19280
638,Excadrill,29,15,-49,-70,-43,48,12520
639,Audino,22,-60,-23,-60,-22,10,8797
640,Audino (Mega Audino),22,-60,17,-40,18,10,6397
641,Timburr,-6,-40,-54,-95,-73,-5,18931
642,Gurdurr,4,-15,-24,-80,-58,0,10581
643,Conkeldurr,24,20,-14,-65,-43,5,7271
644,Tympole,-31,-70,-69,-70,-68,24,20722
645,Palpitoad,-6,-55,-54,-55,-53,29,12652
646,Seismitoad,24,-25,-34,-35,-33,34,5827
647,Throh,39,-20,-24,-90,-23,5,11151
648,Sawk,-6,5,-34,-90,-33,45,12431
649,Sewaddle,-36,-67,-39,-80,-48,2,16014
650,Swadloon,-26,-57,-19,-70,-28,2,9974
651,Leavanny,-6,-17,-29,-50,-28,52,7154
652,Venipede,-51,-75,-50,-90,-69,17,23876
653,Whirlipede,-41,-65,-10,-80,-29,7,13296
654,Scolipede,-21,-20,-20,-65,-39,72,12171
655,Cottonee,-41,-93,-49,-83,-58,26,23660
656,Whimsicott,-21,-53,-24,-43,-33,76,12540
657,Petilil,-36,-85,-59,-50,-58,-10,17966
658,Lilligant,-11,-60,-34,-10,-33,50,8566
659,Lilligant (Hisuian Lilligant),-11,-15,-34,-70,-33,65,11716
660,Basculin,-11,-28,-44,-40,-53,58,10614
661,Sandile,-31,-48,-74,-85,-73,25,21920
662,Krokorok,-21,-38,-64,-75,-63,34,16731
663,Krookodile,14,-3,-29,-55,-38,52,8219
664,Darumaka,-11,-30,-64,-105,-63,10,20211
665,Darumaka (Galarian Darumaka),-11,-30,-64,-105,-63,10,20211
666,Darmanitan (Standard Mode),24,20,-54,-90,-53,55,17826
667,Darmanitan (Zen Mode),24,-90,-4,20,-3,15,9326
668,Darmanitan (Galarian Standard Mode),24,20,-54,-90,-53,55,17826
669,Darmanitan (Galarian Zen Mode),24,40,-54,-90,-53,95,25026
670,Maractus,-6,-34,-42,-14,-41,20,5233
671,Dwebble,-31,-55,-24,-85,-73,15,17341
672,Crustle,-11,-15,16,-55,-33,5,4741
673,Scraggy,-31,-45,-39,-85,-38,8,13240
674,Scrafty,-16,-30,6,-75,7,18,7190
675,Sigilyph,-9,-62,-29,-17,-28,57,9088
676,Yamask,-43,-90,-24,-65,-43,-10,16699
677,Yamask (Galarian Yamask),-43,-65,-24,-90,-43,-10,16699
678,Cofagrigus,-23,-70,36,-25,-3,-10,7459
679,Tirtouga,-27,-42,-6,-67,-63,-18,11311
680,Carracosta,-7,-12,24,-37,-43,-8,4051
681,Archen,-26,-8,-64,-46,-63,30,11821
682,Archeops,-6,20,-44,-8,-43,70,9185
683,Trubbish,-31,-70,-47,-80,-46,25,17211
684,Garbodor,-1,-25,-27,-60,-26,35,6856
685,Zorua,-41,-55,-69,-40,-68,25,16316
686,Zorua (Hisuian Zorua),-46,-60,-69,-35,-68,30,17226
687,Zoroark,-21,-15,-49,0,-48,65,9596
688,Zoroark (Hisuian Zoroark),-26,-20,-49,5,-48,70,10706
689,Minccino,-26,-70,-69,-80,-68,35,22586
690,Cinccino,-6,-25,-49,-55,-48,75,14016
691,Gothita,-36,-90,-59,-65,-43,5,18976
692,Gothorita,-21,-75,-39,-45,-23,15,10366
693,Gothitelle,-11,-65,-14,-25,2,25,5796
694,Solosis,-36,-90,-69,-15,-58,-20,18146
695,Duosion,-16,-80,-59,5,-48,-10,12566
696,Reuniclus,29,-55,-34,5,-23,-10,5676
697,Ducklett,-19,-76,-59,-76,-58,15,18983
698,Swanna,-6,-33,-46,-33,-45,58,9719
699,Vanillite,-45,-70,-59,-55,-48,4,15751
700,Vanillish,-30,-55,-44,-40,-33,19,8911
701,Vanilluxe,-10,-25,-24,-10,-13,39,3091
702,Deerling,-21,-60,-59,-80,-58,35,18511
703,Sawsbuck,-1,-20,-39,-60,-38,55,9991
704,Emolga,-26,-45,-49,-45,-48,63,13400
705,Karrablast,-31,-45,-64,-80,-63,20,17851
706,Escavalier,-11,15,-4,-60,-3,-20,4371
707,Foongus,-12,-65,-64,-65,-53,-25,16124
708,Amoonguss,33,-35,-39,-35,-28,-10,5944
709,Frillish,-26,-80,-59,-55,-23,0,14111
710,Jellicent,19,-60,-39,-35,-3,20,7116
711,Alomomola,84,-45,-29,-80,-63,25,20916
712,Joltik,-31,-73,-59,-63,-58,25,17729
713,Galvantula,-11,-43,-49,-23,-48,68,11828
714,Ferroseed,-37,-70,-18,-96,-22,-30,17193
715,Ferrothorn,-7,-26,22,-66,8,-20,6029
716,Klink,-41,-65,-39,-75,-48,-10,15456
717,Klang,-21,-40,-14,-50,-23,10,5366
718,Klinklang,-21,-20,6,-50,-23,50,6406
719,Tynamo,-46,-65,-69,-75,-68,20,21751
720,Eelektrik,-16,-35,-39,-45,-38,0,6471
721,Eelektross,4,-5,-29,-15,-28,10,1991
722,Elgyem,-26,-65,-54,-35,-53,-10,11951
723,Beheeyem,-6,-45,-34,5,-13,0,3411
724,Litwick,-31,-90,-54,-55,-53,-20,18211
725,Lampent,-21,-80,-49,-25,-48,15,12396
726,Chandelure,-21,-65,-19,25,-18,40,7576
727,Axew,-35,-33,-49,-90,-68,17,17728
728,Fraxure,-15,-3,-39,-80,-58,27,12248
729,Haxorus,-5,27,-19,-60,-38,57,9408
730,Cubchoo,-26,-50,-69,-60,-68,0,16161
731,Beartic,14,10,-29,-50,-28,10,4521
732,Cryogonal,-1,-70,-59,-25,27,65,13961
733,Shelmet,-31,-80,-24,-80,-43,-15,16411
734,Accelgor,-1,-50,-69,-20,-48,105,20991
735,Stunfisk,28,-54,-25,-39,-9,-8,5991
736,Stunfisk (Galarian Stunfisk),28,-39,-10,-54,-24,-8,5961
737,Mienfoo,-36,-35,-59,-65,-58,25,14216
738,Mienshao,-16,5,-49,-25,-48,65,9836
739,Druddigon,-4,0,-19,-60,-18,8,4365
740,Golett,-22,-46,-59,-85,-58,-5,16695
741,Golurk,8,4,-29,-65,-28,15,6155
742,Pawniard,-36,-35,-39,-80,-68,20,15466
743,Bisharp,-16,5,-9,-60,-38,30,6306
744,Bouffalant,14,-10,-14,-80,-13,15,7286
745,Rufflet,-11,-37,-59,-83,-58,20,15624
746,Braviary,19,3,-34,-63,-33,40,8184
747,Braviary (Hisuian Braviary),29,-37,-39,-8,-38,25,5864
748,Vullaby,-11,-65,-34,-75,-43,20,13376
749,Mandibuzz,29,-55,-4,-65,-13,40,9876
750,Heatmor,4,-23,-43,-15,-42,25,5008
751,Durant,-23,-11,3,-72,-60,69,14204
752,Deino,-29,-55,-59,-75,-58,-2,16340
753,Zweilous,-9,-35,-39,-55,-38,18,7620
754,Hydreigon,11,-15,-19,5,-18,58,4420
755,Larvesta,-26,-35,-54,-70,-53,20,12926
756,Volcarona,4,-60,-44,15,-3,60,9386
757,Cobalion,10,-30,20,-30,-36,68,8220
758,Terrakion,10,9,-19,-48,-18,68,7794
759,Virizion,10,-30,-37,-30,21,68,8334
760,Tornadus (Incarnate Forme),-2,-5,-39,5,-28,71,7400
761,Tornadus (Therian Forme),-2,-20,-29,-10,-18,81,8230
762,Thundurus (Incarnate Forme),-2,-5,-39,5,-28,71,7400
763,Thundurus (Therian Forme),-2,-15,-39,25,-28,61,6880
764,Reshiram,19,0,-9,30,12,50,3986
765,Zekrom,19,30,11,0,-8,50,3946
766,Landorus (Incarnate Forme),8,5,-19,-5,-28,61,4980
767,Landorus (Therian Forme),8,25,-19,-15,-28,51,4660
768,Kyurem,44,10,-19,10,-18,55,5846
769,Kyurem (Black Kyurem),44,50,-9,0,-18,55,7866
770,Kyurem (White Kyurem),44,0,-19,50,-8,55,7886
771,Keldeo,10,-48,-19,9,-18,68,7794
772,Meloetta (Aria Forme),19,-43,-32,8,20,50,6198
773,Meloetta (Pirouette Forme),19,8,-19,-43,-31,88,11340
774,Genesect,-10,0,-14,0,-13,59,3946
775,Chespin,-25,-59,-44,-72,-63,-2,15199
776,Quilladin,-20,-42,-14,-64,-50,17,9245
777,Chesnaught,7,-13,13,-46,-33,24,4168
778,Fennekin,-41,-75,-69,-58,-48,20,18135
779,Braixen,-22,-61,-51,-30,-38,33,10239
780,Delphox,-6,-51,-37,-6,-8,64,8202
781,Froakie,-40,-64,-69,-58,-64,31,18878
782,Frogadier,-27,-57,-57,-37,-52,57,14549
783,Greninja,-9,-25,-42,-17,-37,82,10852
784,Greninja (Ash-Greninja),-9,25,-42,33,-37,92,13392
785,Bunnelby,-43,-84,-71,-88,-72,17,27163
786,Diggersby,4,-64,-32,-70,-31,38,12441
787,Fletchling,-36,-70,-66,-80,-70,22,22336
788,Fletchinder,-19,-47,-54,-64,-56,44,14654
789,Talonflame,-3,-39,-38,-46,-39,86,14007
790,Scatterbug,-43,-85,-69,-93,-83,-5,29398
791,Spewpa,-36,-98,-49,-93,-78,-11,28155
792,Vivillon,-1,-68,-59,-30,-58,49,14771
793,Litleo,-19,-70,-51,-47,-54,32,14011
794,Pyroar,5,-52,-37,-11,-42,66,10339
795,Flabébé,-37,-82,-70,-59,-29,2,17319
796,Floette,-27,-75,-62,-45,-10,12,12467
797,Florges,-3,-55,-41,-8,46,35,8120
798,Skiddo,-15,-55,-61,-58,-51,12,13080
799,Gogoat,42,-20,-47,-23,-27,28,6415
800,Pancham,-14,-38,-47,-74,-60,3,12934
801,Pangoro,14,4,-31,-51,-37,18,5467
802,Furfrou,-6,-40,-49,-55,-18,62,11230
803,Espurr,-19,-72,-55,-57,-48,28,14907
804,Meowstic,-7,-72,-33,-37,-27,64,12516
805,Honedge,-36,-40,-9,-85,-71,-12,15387
806,Doublade,-22,-10,41,-75,-59,-5,11396
807,Aegislash (Shield Forme),-21,-70,31,-70,32,20,12626
808,Aegislash (Blade Forme),-21,20,-59,20,-58,20,8486
809,Spritzee,-3,-68,-49,-57,-43,-17,12421
810,Aromatisse,20,-48,-37,-21,-19,-11,4996
811,Swirlix,-19,-72,-43,-61,-51,9,13797
812,Slurpuff,1,-40,-23,-35,-33,32,5468
813,Inkay,-28,-66,-56,-83,-62,5,19034
814,Malamar,5,-28,-21,-52,-33,33,6132
815,Binacle,-39,-68,-42,-81,-52,10,17274
816,Barbaracle,-9,-15,6,-66,-22,28,5966
817,Skrelp,-31,-60,-49,-60,-48,-10,12966
818,Dragalge,-16,-45,-19,-23,15,4,3412
819,Clauncher,-31,-67,-47,-62,-45,4,13544
820,Clawitzer,-10,-47,-21,0,-19,19,3472
821,Helioptile,-37,-82,-76,-59,-65,30,22475
822,Heliolisk,-19,-65,-57,-11,-14,69,12913
823,Tyrunt,-23,-31,-32,-75,-63,8,12172
824,Tyrantrum,1,1,10,-51,-49,31,6065
825,Amaura,-4,-61,-59,-53,-45,6,12088
826,Aurorus,42,-43,-37,-21,-16,18,6003
827,Sylveon,14,-55,-44,-10,22,20,6141
828,Hawlucha,-3,-28,-34,-46,-45,78,12174
829,Dedenne,-14,-62,-52,-39,-41,61,13667
830,Carbink,-31,-70,41,-70,42,10,14306
831,Goomy,-36,-70,-74,-65,-33,0,16986
832,Sliggoo,-13,-45,-56,-37,5,20,7124
833,Sliggoo (Hisuian Sliggoo),-23,-45,-26,-37,5,0,4624
834,Goodra,9,-20,-39,-10,42,40,5466
835,Goodra (Hisuian Goodra),-1,-20,-9,-10,42,20,2746
836,Klefki,-24,-40,-18,-40,-21,35,5766
837,Phantump,-38,-50,-61,-70,-48,-2,14873
838,Trevenant,4,-10,-33,-55,-26,16,5162
839,Pumpkaboo (Small Size),-37,-54,-39,-76,-53,16,14647
840,Pumpkaboo (Average Size),-32,-54,-39,-76,-53,11,14167
841,Pumpkaboo (Large Size),-27,-54,-39,-76,-53,6,13787
842,Pumpkaboo (Super Size),-22,-54,-39,-76,-53,1,13507
843,Gourgeist (Small Size),-26,-35,13,-62,-33,59,10484
844,Gourgeist (Average Size),-16,-30,13,-62,-33,44,8194
845,Gourgeist (Large Size),-6,-25,13,-62,-33,29,6604
846,Gourgeist (Super Size),4,-20,13,-62,-33,14,5714
847,Bergmite,-26,-51,-24,-88,-73,-12,17070
848,Avalugg,14,-3,75,-76,-62,-12,15594
849,Avalugg (Hisuian Avalugg),14,7,75,-86,-72,-2,18454
850,Noibat,-41,-90,-74,-75,-68,15,25731
851,Noivern,4,-50,-29,-23,-28,83,11559
852,Xerneas,45,11,-14,11,-10,59,6044
853,Yveltal,45,11,-14,11,-10,59,6044
854,Zygarde (50% Forme),27,-20,12,-39,-13,55,5988
855,Zygarde (10% Forme),-27,-20,-38,-59,-23,75,12208
856,Zygarde (Complete Forme),135,-20,12,-29,-13,45,21804
857,Diancie,-31,-20,41,-20,42,10,5306
858,Diancie (Mega Diancie),-31,40,1,40,2,70,9066
859,Hoopa (Hoopa Confined),-1,-10,-49,30,22,30,4786
860,Hoopa (Hoopa Unbound),-1,40,-49,50,22,40,8586
861,Volcanion,-1,-10,11,10,-18,30,1546
862,Rowlet,-13,-65,-54,-70,-58,2,15578
863,Dartrix,-3,-45,-34,-50,-38,12,7278
864,Decidueye,-3,-13,-34,-20,-8,30,2698
865,Decidueye (Hisuian Decidueye),7,-8,-29,-25,-13,20,2148
866,Litten,-36,-55,-69,-60,-68,30,18206
867,Torracat,-16,-35,-59,-40,-58,50,12426
868,Incineroar,14,-5,-19,-40,-18,20,2906
869,Popplio,-31,-66,-55,-54,-52,0,13962
870,Brionne,-21,-51,-40,-29,-27,10,6312
871,Primarina,-1,-46,-35,6,8,20,3842
872,Pikipek,-46,-45,-79,-90,-78,25,25191
873,Trumbeak,-26,-35,-59,-80,-58,35,16371
874,Toucannon,-1,0,-34,-45,-33,20,4671
875,Yungoos,-33,-50,-79,-90,-78,5,24039
876,Gumshoos,7,-10,-49,-65,-48,5,9104
877,Grubbin,-34,-58,-64,-65,-63,6,16846
878,Charjabug,-24,-38,-14,-65,-33,-4,7546
879,Vikavolt,-4,-50,-19,25,-33,3,4600
880,Crabrawler,-34,-38,-52,-78,-61,23,15638
881,Crabominable,16,12,-32,-58,-41,3,6478
882,Oricorio,-6,-50,-39,-22,-38,53,8794
883,Cutiefly,-41,-75,-69,-65,-68,44,22852
884,Ribombee,-21,-65,-49,-25,-38,84,16192
885,Rockruff,-36,-55,-69,-90,-68,20,22206
886,Lycanroc (Midday Form),-6,-5,-44,-65,-43,72,13255
887,Lycanroc (Midnight Form),4,-5,-34,-65,-33,42,8275
888,Lycanroc (Dusk Form),-6,-3,-44,-65,-43,70,12955
889,Wishiwashi (Solo Form),-36,-100,-89,-95,-83,0,35131
890,Wishiwashi (School Form),-36,20,21,20,27,-10,3366
891,Mareanie,-31,-67,-47,-77,-56,5,16749
892,Toxapex,-31,-57,43,-67,34,-5,11729
893,Mudbray,-11,-20,-39,-75,-53,5,10501
894,Mudsdale,19,5,-9,-65,-23,-5,5246
895,Dewpider,-43,-80,-57,-80,-36,-13,19363
896,Araquanid,-13,-50,-17,-70,24,2,8438
897,Fomantis,-41,-65,-74,-70,-73,-5,21636
898,Lurantis,-11,-15,-19,-40,-18,5,2656
899,Morelull,-41,-85,-54,-55,-33,-25,16561
900,Shiinotic,-21,-75,-29,-30,-8,-10,7971
901,Salandit,-33,-76,-69,-49,-68,37,20020
902,Salazzle,-13,-56,-49,-9,-48,77,14020
903,Stufful,-11,-45,-59,-75,-58,10,14716
904,Bewear,39,5,-29,-65,-48,20,9316
905,Bounsweet,-39,-90,-71,-90,-70,-8,27726
906,Steenee,-29,-80,-61,-80,-60,22,21446
907,Tsareena,-9,0,-11,-70,-10,32,6226
908,Comfey,-30,-68,-19,-38,2,60,10933
909,Oranguru,9,-60,-29,-30,2,20,5826
910,Passimian,19,0,-19,-80,-48,40,11026
911,Wimpod,-56,-85,-69,-100,-78,40,32806
912,Golisopod,-6,5,31,-60,-18,0,4946
913,Sandygast,-26,-65,-29,-50,-63,-25,12836
914,Palossand,4,-45,1,-20,-33,-5,3556
915,Pyukumuku,-26,-60,21,-90,22,-35,14526
916,Type: Null,14,-25,-14,-25,-13,19,2172
917,Silvally,14,-25,-14,-25,-13,55,4836
918,Minior (Meteor Form),-21,-60,-9,-60,-8,20,8186
919,Minior (Core),-21,-20,-49,-20,-48,80,12346
920,Komala,-16,-5,-44,-45,-13,25,5036
921,Turtonator,-21,-42,26,-29,-23,-4,4267
922,Togedemaru,-16,-22,-46,-80,-35,56,13617
923,Mimikyu,-26,-30,-29,-70,-3,56,10462
924,Bruxish,-13,-15,-39,-50,-38,52,8563
925,Drampa,-3,-60,-24,15,-17,-4,4715
926,Dhelmise,-11,11,-9,-34,-18,0,1803
927,Jangmo-o,-36,-65,-44,-75,-63,5,17076
928,Hakamo-o,-26,-45,-19,-55,-38,25,8156
929,Kommo-o,-6,-10,16,-20,-3,45,2826
930,Tapu Koko,-11,-5,-24,-25,-33,90,10536
931,Tapu Lele,-11,-35,-34,10,7,55,5676
932,Tapu Bulu,-11,10,6,-35,-13,35,2876
933,Tapu Fini,-11,-45,6,-25,22,45,5316
934,Cosmog,-38,-91,-78,-91,-77,-3,30028
935,Cosmoem,-38,-91,22,-91,23,-3,19028
936,Solgaleo,56,17,-2,-7,-19,57,7088
937,Lunala,56,-7,-20,17,-1,57,7124
938,Nihilego,28,-67,-62,7,23,63,13664
939,Buzzwole,26,19,30,-67,-55,39,10972
940,Pheromosa,-10,17,-72,17,-71,111,23224
941,Xurkitree,2,-31,-38,53,-37,43,8436
942,Celesteela,16,-19,-6,-13,-7,21,1312
943,Kartana,-22,61,22,-61,-77,69,19100
944,Guzzlord,142,-19,-56,-23,-55,3,27224
945,Necrozma,16,-13,-8,7,-19,39,2420
946,Necrozma (Dusk Mane Necrozma),16,37,18,-7,1,37,3368
947,Necrozma (Dawn Wings Necrozma),16,-7,0,37,19,37,3404
948,Necrozma (Ultra Necrozma),16,47,-12,47,-11,89,12860
949,Magearna,-1,-25,6,10,7,25,1436
950,Marshadow,9,5,-29,-30,-18,85,9396
951,Poipole,-14,-47,-42,-47,-41,33,9148
952,Naganadel,-8,-47,-36,7,-35,81,11404
953,Stakataka,-20,11,102,-67,-7,-27,16192
954,Blacephalon,-28,7,-56,31,-29,67,10260
955,Zeraora,7,-8,-34,-18,-28,103,12986
956,Meltan,-35,-55,-44,-65,-73,-6,15776
957,Melmetal,54,23,34,-40,-43,-6,8086
958,Grookey,-31,-55,-59,-80,-68,25,19116
959,Thwackey,-11,-35,-39,-65,-48,40,10996
960,Rillaboom,19,5,-19,-60,-38,45,7816
961,Scorbunny,-31,-49,-69,-80,-68,29,19988
962,Raboot,-16,-34,-49,-65,-48,54,13258
963,Cinderace,-1,-4,-34,-55,-33,79,11528
964,Sobble,-31,-80,-69,-50,-68,30,20146
965,Drizzile,-16,-60,-54,-25,-53,50,12706
966,Inteleon,-11,-35,-44,5,-43,80,11556
967,Skwovet,-11,-65,-54,-85,-73,-15,20041
968,Greedent,39,-25,-14,-65,-33,-20,8056
969,Rookidee,-43,-73,-74,-87,-73,17,25841
970,Corvisquire,-13,-53,-54,-77,-53,37,16001
971,Corviknight,17,-33,-4,-67,-23,27,7141
972,Blipbug,-56,-100,-89,-95,-63,5,34076
973,Dottler,-31,-85,-29,-70,-18,-10,14351
974,Orbeetle,-21,-75,1,-40,12,50,10311
975,Nickit,-41,-92,-81,-73,-56,10,25271
976,Thievul,-11,-62,-51,-33,-16,50,10411
977,Gossifleur,-41,-80,-49,-80,-48,-30,20086
978,Eldegoss,-21,-70,-19,-40,12,20,7846
979,Wooloo,-39,-80,-54,-80,-63,8,21270
980,Dubwool,-9,-40,-9,-60,-18,48,7990
981,Chewtle,-31,-56,-59,-82,-70,4,19218
982,Drednaw,9,-5,-19,-72,-40,34,8407
983,Yamper,-22,-75,-59,-80,-58,-14,19550
984,Boltund,-12,-30,-49,-30,-48,81,13210
985,Rolycoly,-51,-80,-59,-80,-58,-10,22346
986,Carkol,-1,-60,-19,-60,-38,10,9106
987,Coalossal,29,-40,11,-40,-18,-10,4586
988,Applin,-41,-80,-29,-80,-68,-20,20346
989,Flapple,-11,-10,-29,-25,-48,30,4891
990,Appletun,29,-35,-29,-20,-28,-10,4191
991,Silicobra,-29,-63,-34,-85,-58,6,16591
992,Sandaconda,-9,-13,16,-55,-38,31,5936
993,Cramorant,-11,-35,-54,-35,-13,45,7681
994,Arrokuda,-40,-57,-69,-80,-78,26,22770
995,Barraskewda,-20,3,-49,-60,-58,96,18990
996,Toxel,-41,-82,-74,-66,-73,0,23566
997,Toxtricity,-6,-22,-39,-6,-38,35,4746
998,Sizzlipede,-31,-55,-64,-70,-58,5,16371
999,Centiskorch,19,-5,-44,-30,-18,25,4171
1000,Clobbopus,-31,-52,-49,-70,-58,-8,14394
1001,Grapploct,-1,-2,-19,-50,-28,2,3654
1002,Sinistea,-41,-75,-64,-46,-54,10,16534
1003,Polteageist,-21,-55,-44,14,6,30,6534
1004,Hatenna,-39,-90,-64,-64,-55,-1,20839
1005,Hattrem,-24,-80,-44,-34,-35,9,11374
1006,Hatterene,-24,-30,-14,16,-5,-11,2074
1007,Impidimp,-36,-75,-79,-65,-68,10,22111
1008,Morgrem,-16,-60,-64,-45,-53,30,13686
1009,Grimmsnarl,14,0,-44,-25,-33,20,4246
1010,Obstagoon,12,-30,-8,-60,-27,55,8462
1011,Perrserker,-11,-10,-9,-70,-48,10,7606
1012,Cursola,-21,-25,-59,25,22,-10,5756
1013,Sirfetch'd,-19,15,-14,-52,-26,25,4787
1014,Mr. Rime,-1,-35,-34,-10,-8,30,3446
1015,Runerigus,-23,-25,36,-70,-3,-10,7459
1016,Milcery,-36,-80,-69,-70,-47,-6,19602
1017,Alcremie,-16,-60,-34,-10,13,24,5857
1018,Falinks,-16,-20,-9,-50,-48,35,6766
1019,Pincurchin,-33,-19,-14,-29,-23,-25,3641
1020,Snom,-51,-95,-74,-75,-78,-20,29211
1021,Frosmoth,-11,-55,-49,5,-18,25,6521
1022,Stonjourner,19,5,26,-100,-88,30,19706
1023,Eiscue (Ice Face),-6,-40,1,-55,-18,10,5086
1024,Eiscue (Noice Face),-6,-40,-39,-55,-58,90,17646
1025,Indeedee (Male),-21,-55,-54,-15,-13,55,9801
1026,Indeedee (Female),-11,-65,-44,-25,-3,45,8941
1027,Morpeko,-23,-25,-51,-50,-50,57,12004
1028,Cufant,-9,-40,-60,-80,-59,0,15162
1029,Copperajah,41,10,-40,-40,-39,-10,6602
1030,Dracozolt,9,-20,-19,-40,-38,35,5111
1031,Arctozolt,9,-20,-19,-30,-28,15,2751
1032,Dracovish,9,-30,-9,-50,-28,35,5571
1033,Arctovish,9,-30,-9,-40,-18,15,3211
1034,Duraludon,-11,-25,6,0,-58,45,6171
1035,Dreepy,-53,-60,-79,-80,-78,42,26898
1036,Drakloak,-13,-40,-59,-60,-58,62,16058
1037,Dragapult,7,0,-34,-20,-33,102,13098
1038,Zacian (Hero of Many Battles),11,0,6,-40,7,98,11410
1039,Zacian (Crowned Sword),11,30,6,-40,7,108,14370
1040,Zamazenta (Hero of Many Battles),11,0,6,-40,7,98,11410
1041,Zamazenta (Crowned Shield),11,0,31,-40,32,88,11450
1042,Eternatus,59,-35,-14,25,-13,90,13796
1043,Eternatus (Eternamax Eternatus),174,-5,141,5,142,90,78471
1044,Kubfu,-21,-30,-49,-67,-58,32,12619
1045,Urshifu,19,10,-9,-57,-48,57,9344
1046,Zarude,24,0,-4,-50,-13,65,7486
1047,Regieleki,-1,-20,-59,-20,-58,160,33246
1048,Regidrago,119,-20,-59,-20,-58,40,23406
1049,Glastrier,19,25,21,-55,2,-10,4556
1050,Spectrier,19,-55,-49,25,-28,90,15296
1051,Calyrex,19,-40,-29,-40,-28,40,6786
1052,Calyrex (Ice Rider Calyrex),19,45,41,-35,22,10,5876
1053,Calyrex (Shadow Rider Calyrex),19,-35,-29,45,-8,110,16616
1054,Wyrdeer,22,-15,-37,-15,-33,25,4017
1055,Kleavor,-11,15,-14,-75,-38,45,9636
1056,Ursaluna,49,20,-4,-75,-28,10,9326
1057,Basculegion (Male),39,-8,-44,-40,-33,38,7654
1058,Basculegion (Female),39,-28,-44,-20,-33,38,7174
1059,Sneasler,-1,10,-49,-80,-28,80,16086
1060,Overqwil,4,-5,-14,-55,-43,45,7136
1061,Enamorus (Incarnate Forme),-7,-5,-39,15,-28,66,6960
1062,Enamorus (Therian Forme),-7,-5,1,15,-8,6,400
1063,Sprigatito,-41,-59,-55,-75,-63,25,18406
1064,Floragato,-20,-40,-46,-60,-45,43,11590
1065,Meowscarada,-5,-10,-39,-39,-38,83,11500
1066,Fuecoco,-14,-75,-50,-57,-68,-4,16210
1067,Crocalor,0,-65,-31,-30,-50,9,8667
1068,Skeledirge,23,-45,-9,-10,-33,26,4500
1069,Quaxly,-26,-55,-64,-70,-63,10,16766
1070,Quaxwell,-11,-35,-44,-55,-48,25,9236
1071,Quaquaval,4,0,-29,-35,-33,45,5196
1072,Lechonk,-27,-75,-69,-85,-63,-5,22334
1073,Oinkologne (Male),29,-20,-34,-61,-28,25,7527
1074,Oinkologne (Female),34,-30,-39,-61,-18,25,8247
1075,Tarountula,-46,-79,-64,-91,-68,-20,25758
1076,Spidops,-21,-41,-17,-68,-22,-5,7544
1077,Nymble,-48,-74,-69,-99,-83,5,29256
1078,Lokix,-10,-18,-31,-68,-53,52,11522
1079,Pawmi,-36,-70,-89,-80,-83,20,27806
1080,Pawmo,-21,-45,-69,-70,-68,45,18776
1081,Pawmot,-11,-5,-39,-50,-48,65,10696
1082,Tandemaus,-31,-70,-64,-80,-63,35,21551
1083,Maushold,-7,-45,-39,-55,-33,71,12750
1084,Fidough,-44,-65,-39,-90,-53,25,19216
1085,Dachsbun,-24,-40,6,-70,-28,55,10921
1086,Smoliv,-40,-85,-64,-62,-57,-10,20114
1087,Dolliv,-29,-67,-49,-42,-30,-7,10444
1088,Arboliva,-3,-51,-19,5,1,-1,2998
1089,Squawkabilly,1,-24,-58,-75,-57,52,15519
1090,Nacli,-26,-65,-34,-85,-73,-15,18836
1091,Naclstack,-21,-60,-9,-85,-43,-5,13221
1092,Garganacl,19,-20,21,-75,-18,-5,7176
1093,Charcadet,-41,-70,-69,-70,-68,-5,20891
1094,Armarouge,4,-60,-9,5,-28,35,5731
1095,Ceruledge,-6,5,-29,-60,-8,45,6591
1096,Tadbulb,-20,-89,-68,-61,-73,5,22020
1097,Bellibolt,28,-56,-18,-17,-25,5,5183
1098,Wattrel,-41,-80,-74,-65,-68,30,23306
1099,Kilowattrel,-11,-50,-49,-15,-48,85,14776
1100,Maschiff,-21,-42,-49,-80,-57,11,14376
1101,Mabosstiff,-1,0,-19,-60,-38,45,7431
1102,Shroodle,-41,-55,-74,-80,-73,35,23136
1103,Grafaiai,-18,-25,-44,-40,-36,70,10681
1104,Bramblin,-41,-55,-79,-75,-73,20,22301
1105,Brambleghast,-26,-5,-39,-40,-38,50,7766
1106,Toedscool,-41,-80,-74,-70,-8,30,19421
1107,Toedscruel,-1,-50,-44,-40,12,60,9781
1108,Klawf,-11,-20,6,-85,-53,35,11816
1109,Capsakid,-31,-58,-69,-58,-68,10,17174
1110,Scovillain,-16,-12,-44,-12,-43,35,5554
1111,Rellor,-40,-70,-49,-89,-50,-10,19422
1112,Rabsca,-6,-70,-24,-5,-8,5,5626
1113,Flittle,-51,-85,-79,-65,-78,35,27601
1114,Espathra,14,-60,-49,-19,-48,65,13087
1115,Tinkatink,-31,-75,-64,-85,-44,18,20167
1116,Tinkatuff,-16,-65,-54,-75,-26,38,15142
1117,Tinkaton,4,-45,-32,-50,-3,54,8490
1118,Wiglett,-71,-65,-84,-85,-83,55,33461
1119,Wugtrio,-46,-20,-59,-70,-38,80,18741
1120,Bombirdier,-11,-17,-24,-60,-23,42,6879
1121,Finizen,-11,-75,-69,-75,-68,35,21981
1122,Palafin,19,-50,-37,-67,-46,60,14435
1123,Palafin,19,40,-12,-14,-21,60,6342
1124,Varoom,-36,-50,-46,-90,-63,7,18030
1125,Revavroom,-1,-1,-19,-66,-41,50,8900
1126,Cyclizar,-11,-25,-44,-35,-43,81,12317
1127,Orthworm,-11,-35,36,-60,-53,25,9676
1128,Glimmet,-33,-85,-67,-15,-48,20,15732
1129,Glimmora,2,-65,-19,10,-27,46,7535
1130,Greavard,-31,-59,-49,-90,-53,-6,17788
1131,Houndstone,-9,-19,-9,-70,-11,28,6328
1132,Flamigo,1,-5,-35,-45,-44,50,7712
1133,Cetoddle,27,-52,-64,-90,-68,3,20262
1134,Cetitan,89,-7,-44,-75,-53,33,19429
1135,Veluza,9,-18,-36,-42,-43,30,6214
1136,Dondozo,69,-20,6,-55,-43,-5,10096
1137,Tatsugiri,-13,-70,-49,0,-13,42,9403
1138,Annihilape,29,-5,-29,-70,-18,50,9431
1139,Clodsire,49,-45,-49,-75,-8,-20,12916
1140,Farigiraf,39,-30,-39,-10,-38,20,5886
1141,Dudunsparce,44,-20,-29,-35,-33,15,5716
1142,Kingambit,19,15,11,-60,-23,10,4936
1143,Great Tusk,34,11,22,-67,-55,47,11484
1144,Scream Tail,34,-55,-10,-55,7,71,12396
1145,Brute Bonnet,30,7,-10,-41,-9,15,3036
1146,Flutter Mane,-26,-65,-54,15,27,95,17796
1147,Slither Wing,4,15,-30,-35,-3,41,4056
1148,Sandy Shocks,4,-39,-12,1,-23,61,5932
1149,Iron Treads,9,-8,11,-48,-38,66,8370
1150,Iron Bundle,-25,-40,5,4,-48,96,13786
1151,Iron Hands,73,20,-1,-70,-40,10,12330
1152,Iron Jugulis,13,-40,-23,2,-28,68,7710
1153,Iron Moth,-1,-50,-49,20,2,70,10206
1154,Iron Thorns,19,14,1,-50,-24,32,4658
1155,Frigibax,-16,-45,-64,-85,-63,15,17796
1156,Arctibax,9,-25,-43,-75,-43,22,10513
1157,Baxcalibur,34,25,-17,-45,-22,47,6788
1158,Gimmighoul (Chest Form),-36,-90,-39,-45,-38,-30,15286
1159,Gimmighoul (Roaming Form),-36,-90,-84,-45,-63,40,24046
1160,Gholdengo,6,-60,-14,13,-17,44,6226
1161,Wo-Chien,4,-35,-9,-25,27,30,3576
1162,Chien-Pao,-1,0,-29,-30,-43,95,12616
1163,Ting-Lu,74,-10,16,-65,-28,5,10866
1164,Chi-Yu,-26,-40,-29,15,12,60,7086
1165,Roaring Moon,24,19,-38,-65,-7,79,12896
1166,Iron Valiant,-7,10,-19,0,-48,76,8590
1167,Koraidon,19,15,6,-35,-8,95,10936
1168,Miraidon,19,-35,-9,15,7,95,10966
