Luci Nguyen vs. Pokemon SSE,pokemon,D_HP,D_ATK,D_DEF,D_SPA,D_SPD,D_SPE,SSE
0,Bulbasaur,-30,-55,-66,-4,-37,-66,14022
1,Ivysaur,-15,-42,-52,11,-22,-51,7899
2,Venusaur,5,-22,-32,31,-2,-31,3459
3,Venusaur (Mega Venusaur),5,-4,8,53,18,-31,4199
4,Charmander,-36,-52,-72,-9,-52,-46,14085
5,Charmeleon,-17,-40,-57,11,-37,-31,7589
6,Charizard,3,-20,-37,40,-17,-11,3788
7,Charizard (Mega Charizard X),3,26,-4,61,-17,-11,4832
8,Charizard (Mega Charizard Y),3,0,-37,90,13,-11,9768
9,Squirtle,-31,-56,-50,-19,-38,-68,13026
10,Wartortle,-16,-41,-35,-4,-22,-53,6471
11,Blastoise,4,-21,-15,16,3,-33,2036
12,Blastoise (Mega Blastoise),4,-1,5,66,13,-33,5656
13,Caterpie,-30,-74,-80,-49,-82,-66,26257
14,Metapod,-25,-84,-60,-44,-77,-81,25707
15,Butterfree,-15,-59,-65,21,-22,-41,10537
16,Weedle,-35,-69,-85,-49,-82,-61,26057
17,Kakuna,-30,-79,-65,-44,-77,-76,25007
18,Beedrill,-10,-14,-75,-24,-22,-36,8277
19,Beedrill (Mega Beedrill),-10,46,-75,-54,-22,34,12397
20,Pidgey,-35,-59,-75,-34,-67,-55,19001
21,Pidgeotto,-12,-44,-60,-19,-52,-40,10345
22,Pidgeot,8,-24,-40,1,-32,-10,3365
23,Pidgeot (Mega Pidgeot),8,-24,-35,66,-22,10,6805
24,Rattata,-45,-48,-80,-44,-67,-39,18675
25,Rattata (Alolan Rattata),-45,-48,-80,-44,-67,-39,18675
26,Raticate,-20,-23,-55,-19,-32,-14,5535
27,Raticate (Alolan Raticate),0,-33,-45,-29,-22,-34,5595
28,Spearow,-35,-44,-85,-38,-71,-41,18552
29,Fearow,-10,-14,-50,-8,-41,-11,4662
30,Ekans,-40,-44,-71,-29,-48,-56,14858
31,Arbok,-15,-9,-46,-4,-23,-31,3928
32,Pikachu,-40,-49,-75,-19,-52,-21,13132
33,Pikachu (Partner Pikachu),-30,-24,-65,6,-42,9,7582
34,Raichu,-15,-14,-60,21,-22,-1,4947
35,Raichu (Alolan Raichu),-15,-19,-65,26,-17,-1,5777
36,Sandshrew,-25,-29,-30,-49,-72,-71,14992
37,Sandshrew (Alolan Sandshrew),-25,-29,-25,-59,-67,-71,15102
38,Sandslash,0,-4,-5,-24,-47,-46,4942
39,Sandslash (Alolan Sandslash),0,-4,5,-44,-37,-46,5462
40,Nidoran♀,-20,-57,-63,-29,-62,-70,17203
41,Nidorina,-5,-42,-48,-14,-47,-55,9523
42,Nidoqueen,15,-12,-28,6,-17,-35,2703
43,Nidoran♂,-29,-47,-75,-29,-62,-61,17081
44,Nidorino,-14,-32,-58,-14,-47,-46,9105
45,Nidoking,6,-2,-38,16,-27,-26,3145
46,Clefairy,-5,-59,-67,-9,-37,-76,15221
47,Clefable,20,-34,-42,26,-12,-51,6741
48,Vulpix,-37,-63,-75,-19,-37,-46,14809
49,Vulpix (Alolan Vulpix),-37,-63,-75,-19,-37,-46,14809
50,Ninetales,-2,-28,-40,12,-2,-11,2657
51,Ninetales (Alolan Ninetales),-2,-37,-40,12,-2,-2,3125
52,Jigglypuff,40,-59,-95,-24,-77,-91,28892
53,Wigglytuff,65,-34,-70,16,-52,-66,17597
54,Zubat,-35,-59,-80,-39,-62,-56,19607
55,Golbat,0,-24,-45,-4,-27,-21,3787
56,Oddish,-30,-54,-60,6,-37,-81,15382
57,Gloom,-15,-39,-45,16,-27,-71,9797
58,Vileplume,0,-24,-30,41,-12,-61,7022
59,Paras,-40,-34,-60,-24,-47,-86,16537
60,Parasect,-15,-9,-35,-9,-22,-81,8657
61,Venonat,-15,-49,-65,-29,-47,-66,14257
62,Venomoth,-5,-39,-55,21,-27,-21,6182
63,Diglett,-65,-49,-90,-34,-57,-16,19387
64,Diglett (Alolan Diglett),-65,-49,-85,-34,-57,-21,18697
65,Dugtrio,-40,-4,-65,-19,-32,9,7307
66,Dugtrio (Alolan Dugtrio),-40,-4,-55,-19,-32,-1,6027
67,Meowth,-35,-59,-80,-29,-62,-21,16232
68,Meowth (Alolan Meowth),-35,-69,-80,-19,-62,-21,17032
69,Meowth (Galarian Meowth),-25,-39,-60,-29,-62,-71,15472
70,Persian,-10,-34,-55,-4,-37,4,5682
71,Persian (Alolan Persian),-10,-44,-55,6,-37,4,6482
72,Psyduck,-25,-52,-67,-4,-52,-56,13674
73,Golduck,5,-22,-37,26,-22,-26,3714
74,Mankey,-35,-24,-80,-34,-57,-41,14287
75,Primeape,-10,1,-55,-9,-32,-16,4487
76,Growlithe,-20,-34,-70,1,-52,-51,11762
77,Growlithe (Hisuian Growlithe),-15,-29,-70,-4,-52,-56,11822
78,Arcanine,15,6,-35,31,-22,-16,3187
79,Arcanine (Hisuian Arcanine),20,11,-35,26,-22,-21,3347
80,Poliwag,-35,-54,-75,-29,-62,-21,14892
81,Poliwhirl,-10,-39,-50,-19,-52,-21,7627
82,Poliwrath,15,-9,-20,1,-12,-41,2532
83,Abra,-50,-84,-100,36,-47,-21,23502
84,Kadabra,-35,-69,-85,51,-32,-6,16872
85,Alakazam,-20,-54,-70,66,-7,9,12702
86,Alakazam (Mega Alakazam),-20,-54,-50,106,3,39,18582
87,Machop,-5,-24,-65,-34,-67,-76,16247
88,Machoke,5,-4,-45,-19,-42,-66,8547
89,Machamp,15,26,-35,-4,-17,-56,5567
90,Bellsprout,-25,-29,-80,1,-72,-71,18092
91,Weepinbell,-10,-14,-65,16,-57,-56,11162
92,Victreebel,5,1,-50,31,-32,-41,6192
93,Tentacool,-35,-64,-80,-19,-2,-41,13767
94,Tentacruel,5,-34,-50,11,18,-11,4247
95,Geodude,-35,-24,-15,-39,-72,-91,17012
96,Geodude (Alolan Geodude),-35,-24,-15,-39,-72,-91,17012
97,Graveler,-20,-9,0,-24,-57,-76,10082
98,Graveler (Alolan Graveler),-20,-9,0,-24,-57,-76,10082
99,Golem,5,16,15,-14,-37,-66,6427
100,Golem (Alolan Golem),5,16,15,-14,-37,-66,6427
101,Ponyta,-25,-19,-60,-4,-37,-21,6412
102,Ponyta (Galarian Ponyta),-25,-19,-60,-4,-37,-21,6412
103,Rapidash,-10,-4,-45,11,-22,-6,2782
104,Rapidash (Galarian Rapidash),-10,-4,-45,11,-22,-6,2782
105,Slowpoke,15,-39,-50,-29,-62,-96,18147
106,Slowpoke (Galarian Slowpoke),15,-39,-50,-29,-62,-96,18147
107,Slowbro,20,-29,-5,31,-22,-81,9272
108,Slowbro (Mega Slowbro),20,-29,65,61,-22,-81,16232
109,Slowbro (Galarian Slowbro),20,-4,-20,31,-32,-81,9362
110,Magnemite,-50,-69,-45,26,-47,-66,16527
111,Magneton,-25,-44,-20,51,-32,-41,8267
112,Farfetch'd,-23,-14,-60,-11,-40,-51,8647
113,Farfetch'd (Galarian Farfetch'd),-23,-9,-60,-11,-40,-56,9067
114,Doduo,-40,-19,-70,-34,-67,-36,13802
115,Dodrio,-15,6,-45,-9,-42,-1,4132
116,Seel,-10,-59,-60,-24,-32,-66,13137
117,Dewgong,15,-34,-35,1,-7,-41,4337
118,Grimer,5,-24,-65,-29,-52,-86,15767
119,Grimer (Alolan Grimer),5,-24,-65,-29,-52,-86,15767
120,Muk,30,1,-40,-4,-2,-61,6242
121,Muk (Alolan Muk),30,1,-40,-4,-2,-61,6242
122,Shellder,-45,-39,-15,-24,-77,-71,15317
123,Cloyster,-25,-9,65,16,-57,-41,10117
124,Gastly,-45,-69,-85,31,-67,-31,20422
125,Haunter,-30,-54,-70,46,-47,-16,13297
126,Gengar,-15,-39,-55,61,-27,-1,9222
127,Gengar (Mega Gengar),-15,-39,-35,101,-7,19,13582
128,Onix,-40,-59,45,-39,-57,-41,13557
129,Drowzee,-15,-56,-70,-26,-12,-69,13842
130,Hypno,10,-31,-45,4,13,-44,5207
131,Krabby,-45,1,-25,-44,-77,-61,14237
132,Kingler,-20,26,0,-19,-52,-36,5437
133,Voltorb,-35,-74,-65,-14,-47,-11,13452
134,Voltorb (Hisuian Voltorb),-35,-74,-65,-14,-47,-11,13452
135,Electrode,-15,-54,-45,11,-22,39,7292
136,Electrode (Hisuian Electrode),-15,-54,-45,11,-22,39,7292
137,Exeggcute,-15,-64,-35,-9,-57,-71,13917
138,Exeggutor,20,-9,-30,56,-27,-56,8382
139,Exeggutor (Alolan Exeggutor),20,1,-30,56,-27,-66,9522
140,Cubone,-25,-54,-20,-29,-52,-76,13262
141,Marowak,-15,-24,-5,-19,-22,-66,6027
142,Marowak (Alolan Marowak),-15,-24,-5,-19,-22,-66,6027
143,Hitmonlee,-25,16,-62,-34,8,-24,6521
144,Hitmonchan,-25,1,-36,-34,8,-35,4367
145,Lickitung,15,-49,-40,-9,-27,-81,11597
146,Koffing,-35,-39,-20,-9,-57,-76,12252
147,Weezing,-10,-14,5,16,-32,-51,4202
148,Weezing (Galarian Weezing),-10,-14,5,16,-32,-51,4202
149,Rhyhorn,5,-19,-20,-39,-72,-86,14887
150,Rhydon,30,26,5,-24,-57,-71,10467
151,Chansey,175,-99,-110,-34,3,-61,57412
152,Tangela,-10,-49,0,31,-62,-51,9907
153,Kangaskhan,30,-9,-35,-29,-22,-21,3972
154,Kangaskhan (Mega Kangaskhan),30,21,-15,-9,-2,-11,1772
155,Horsea,-45,-64,-45,1,-77,-51,16677
156,Seadra,-20,-39,-20,26,-57,-26,6922
157,Goldeen,-30,-37,-55,-34,-52,-48,11458
158,Seaking,5,-12,-50,-4,-22,-43,5018
159,Staryu,-45,-59,-60,1,-47,-26,11992
160,Starmie,-15,-29,-30,31,-17,4,3232
161,Mr. Mime,-35,-59,-50,31,18,-21,8932
162,Mr. Mime (Galarian Mr. Mime),-25,-39,-50,21,-12,-11,5352
163,Scyther,-5,6,-35,-14,-22,-6,2002
164,Jynx,-10,-54,-80,46,-7,-16,11837
165,Electabuzz,-10,-21,-58,26,-17,-6,4906
166,Magmar,-10,-9,-58,31,-17,-18,5119
167,Pinsir,-10,21,-15,-14,-32,-26,2662
168,Pinsir (Mega Pinsir),-10,51,5,-4,-12,-6,2922
169,Tauros,0,-4,-20,-29,-32,-1,2282
170,Tauros (Paldean Tauros (Combat Breed)),0,6,-10,-39,-32,-11,2802
171,Tauros (Paldean Tauros (Blaze Breed)),0,6,-10,-39,-32,-11,2802
172,Tauros (Paldean Tauros (Aqua Breed)),0,6,-10,-39,-32,-11,2802
173,Magikarp,-55,-94,-60,-54,-82,-31,26062
174,Gyarados,20,21,-36,-9,-2,-30,3122
175,Gyarados (Mega Gyarados),20,51,-6,1,28,-30,4722
176,Lapras,55,-19,-35,16,-7,-51,7517
177,Ditto,-27,-56,-67,-21,-54,-63,15680
178,Eevee,-20,-49,-65,-24,-37,-56,12107
179,Eevee (Partner Eevee),-10,-29,-45,-4,-17,-36,4567
180,Vaporeon,55,-39,-55,41,-7,-46,11417
181,Jolteon,-10,-39,-55,41,-7,19,6737
182,Flareon,-10,26,-55,26,8,-46,6657
183,Porygon,-10,-44,-45,16,-27,-71,10087
184,Omanyte,-40,-64,-15,21,-47,-76,14347
185,Omastar,-5,-44,10,46,-32,-56,8337
186,Kabuto,-45,-24,-25,-14,-57,-56,9807
187,Kabutops,-15,11,-10,-4,-32,-31,2447
188,Aerodactyl,5,1,-50,-9,-27,19,3697
189,Aerodactyl (Mega Aerodactyl),5,31,-30,1,-7,39,3457
190,Snorlax,85,6,-50,-4,8,-81,16402
191,Articuno,15,-19,-15,26,23,-26,2692
192,Articuno (Galarian Articuno),15,-19,-30,56,-2,-16,4882
193,Zapdos,15,-14,-30,56,-12,-11,4722
194,Zapdos (Galarian Zapdos),15,21,-25,16,-12,-11,1812
195,Moltres,15,-4,-25,56,-17,-21,4732
196,Moltres (Galarian Moltres),15,-19,-25,31,23,-21,3142
197,Dratini,-34,-40,-70,-19,-52,-61,14442
198,Dragonair,-14,-20,-50,1,-32,-41,5802
199,Dragonite,16,30,-20,31,-2,-31,3482
200,Mewtwo,31,6,-25,85,-12,19,9352
201,Mewtwo (Mega Mewtwo X),31,86,-15,85,-2,19,16172
202,Mewtwo (Mega Mewtwo Y),31,46,-45,125,18,29,21892
203,Mew,25,-4,-15,31,-2,-11,1952
204,Chikorita,-30,-55,-50,-20,-37,-66,12550
205,Bayleef,-15,-42,-35,-6,-22,-51,6335
206,Meganium,5,-22,-15,14,-2,-31,1895
207,Cyndaquil,-36,-52,-72,-9,-52,-46,14085
208,Quilava,-17,-40,-57,11,-37,-31,7589
209,Typhlosion,3,-20,-37,40,-17,-11,3788
210,Typhlosion (Hisuian Typhlosion),-2,-20,-37,50,-17,-16,4818
211,Totodile,-25,-39,-51,-25,-54,-68,12912
212,Croconaw,-10,-24,-35,-10,-39,-53,6331
213,Feraligatr,10,1,-15,10,-19,-33,1876
214,Sentret,-40,-58,-81,-34,-57,-91,24211
215,Furret,10,-28,-51,-24,-47,-21,6711
216,Hoothoot,-15,-74,-85,-33,-46,-61,19852
217,Noctowl,25,-54,-65,17,-6,-41,9772
218,Ledyba,-35,-84,-85,-29,-22,-56,19967
219,Ledian,-20,-69,-65,-14,8,-26,10322
220,Spinarak,-35,-44,-75,-29,-62,-81,20032
221,Ariados,-5,-14,-45,-9,-32,-71,8392
222,Crobat,10,-14,-35,1,-22,19,2367
223,Chinchou,0,-66,-77,-13,-46,-44,14506
224,Lanturn,50,-46,-57,7,-26,-44,10526
225,Pichu,-55,-64,-100,-34,-67,-51,25367
226,Cleffa,-25,-79,-87,-24,-47,-96,26436
227,Igglybuff,15,-74,-100,-29,-82,-96,32482
228,Togepi,-40,-84,-50,-29,-37,-91,21647
229,Togetic,-20,-64,-30,11,3,-71,10567
230,Natu,-35,-54,-70,1,-57,-41,13972
231,Xatu,-10,-29,-45,26,-32,-16,4922
232,Mareep,-20,-64,-75,-4,-57,-76,19162
233,Flaaffy,-5,-49,-60,11,-42,-66,12267
234,Ampharos,15,-29,-30,46,-12,-56,7362
235,Ampharos (Mega Ampharos),15,-9,-10,96,8,-66,14042
236,Bellossom,0,-24,-20,21,-2,-61,5142
237,Marill,-5,-84,-65,-49,-52,-71,21452
238,Azumarill,25,-54,-35,-9,-22,-61,9052
239,Sudowoodo,-5,-4,0,-39,-37,-81,9492
240,Politoed,15,-29,-40,21,-2,-41,4792
241,Hoppip,-40,-69,-75,-34,-47,-61,19072
242,Skiploom,-20,-59,-65,-24,-37,-31,11012
243,Jumpluff,0,-49,-45,-14,-7,-1,4672
244,Aipom,-20,-34,-60,-29,-47,-26,8882
245,Sunkern,-45,-74,-85,-39,-72,-81,27992
246,Sunflora,0,-29,-60,36,-17,-81,12587
247,Yanma,-10,-39,-70,6,-57,-16,10062
248,Wooper,-20,-59,-70,-44,-77,-96,25862
249,Wooper (Paldean Wooper),-20,-59,-70,-44,-77,-96,25862
250,Quagsire,20,-19,-30,-4,-37,-76,8822
251,Espeon,-10,-39,-55,61,-7,-1,8417
252,Umbreon,20,-39,-5,-9,28,-46,4927
253,Murkrow,-15,-19,-73,16,-60,-20,10171
254,Slowking,20,-29,-35,31,8,-81,10052
255,Slowking (Galarian Slowking),20,-39,-35,41,8,-81,11452
256,Misdreavus,-15,-44,-55,16,-17,-26,6407
257,Unown,-27,-32,-67,3,-54,-63,13136
258,Wobbuffet,115,-71,-57,-36,-44,-78,30831
259,Girafarig,-5,-24,-50,21,-37,-26,5587
260,Pineco,-25,-39,-25,-34,-67,-96,17632
261,Forretress,0,-14,25,-9,-42,-71,7707
262,Dunsparce,25,-34,-45,-4,-37,-66,9547
263,Gligar,-10,-29,-10,-34,-37,-26,4242
264,Steelix,0,-19,85,-14,-37,-81,15712
265,Steelix (Mega Steelix),0,21,115,-14,-7,-81,20472
266,Snubbull,-15,-24,-65,-29,-62,-81,16272
267,Granbull,15,16,-40,-9,-42,-66,8282
268,Qwilfish,-10,-9,-30,-14,-47,-26,4162
269,Qwilfish (Hisuian Qwilfish),-10,-9,-30,-14,-47,-26,4162
270,Scizor,-5,26,-15,-14,-22,-46,3722
271,Scizor (Mega Scizor),-5,46,25,-4,-2,-36,4082
272,Shuckle,-55,-94,115,-59,128,-106,56187
273,Heracross,5,21,-40,-29,-7,-26,3632
274,Heracross (Mega Heracross),5,81,0,-29,3,-36,8732
275,Sneasel,-20,-9,-60,-34,-27,4,5982
276,Sneasel (Hisuian Sneasel),-20,-9,-60,-34,-27,4,5982
277,Teddiursa,-15,-24,-65,-19,-52,-71,13132
278,Ursaring,15,26,-40,6,-27,-56,6402
279,Slugma,-35,-64,-75,1,-62,-91,23072
280,Magcargo,-15,-54,5,21,-22,-81,10652
281,Swinub,-25,-54,-75,-39,-72,-61,19592
282,Piloswine,25,-4,-35,-9,-42,-61,7432
283,Corsola,-10,-49,-20,-4,-7,-76,8742
284,Corsola (Galarian Corsola),-15,-49,-15,-4,-2,-81,9432
285,Remoraid,-40,-39,-80,-4,-67,-46,16142
286,Octillery,0,1,-40,36,-27,-66,7982
287,Delibird,-30,-49,-70,-4,-57,-36,12762
288,Mantine,10,-64,-45,11,38,-41,9467
289,Skarmory,-10,-24,25,-29,-32,-41,4847
290,Houndour,-30,-44,-85,11,-52,-46,15002
291,Houndoom,0,-14,-65,41,-22,-16,6842
292,Houndoom (Mega Houndoom),0,-14,-25,71,-12,4,6022
293,Kingdra,0,-9,-20,26,-7,-26,1882
294,Phanpy,15,-44,-55,-29,-62,-71,14912
295,Donphan,15,16,5,-9,-42,-61,6072
296,Porygon2,10,-24,-25,36,-7,-51,5247
297,Stantler,-2,-9,-53,16,-37,-26,5195
298,Smeargle,-20,-84,-80,-49,-57,-36,20802
299,Tyrogue,-40,-69,-80,-34,-67,-76,24182
300,Hitmontop,-25,-9,-20,-34,8,-41,4007
301,Smoochum,-30,-74,-100,16,-37,-46,20117
302,Elekid,-30,-41,-78,-4,-47,-16,11146
303,Magby,-30,-29,-78,1,-47,-28,10819
304,Miltank,20,-24,-10,-29,-32,-11,3062
305,Blissey,180,-94,-105,6,33,-56,56522
306,Raikou,15,-19,-40,46,-2,4,4322
307,Entei,40,11,-30,21,-27,-11,3912
308,Suicune,25,-29,0,21,13,-26,2752
309,Larvitar,-25,-40,-65,-24,-52,-70,14630
310,Pupitar,-5,-20,-45,-4,-32,-60,7090
311,Tyranitar,25,30,-5,26,-2,-50,4730
312,Tyranitar (Mega Tyranitar),25,60,35,26,18,-40,8050
313,Lugia,31,-14,15,21,52,-1,4528
314,Ho-Oh,31,26,-25,41,52,-21,7088
315,Celebi,25,-4,-15,31,-2,-11,1952
316,Treecko,-35,-59,-80,-4,-47,-41,15012
317,Grovyle,-25,-39,-70,16,-37,-16,8927
318,Sceptile,-5,-19,-50,36,-17,9,4552
319,Sceptile (Mega Sceptile),-5,6,-40,76,-17,34,8882
320,Torchic,-30,-44,-75,1,-52,-66,15522
321,Combusken,-15,-19,-55,16,-42,-56,8767
322,Blaziken,5,16,-45,41,-32,-31,5972
323,Blaziken (Mega Blaziken),5,56,-35,61,-22,-11,8712
324,Mudkip,-25,-34,-65,-19,-52,-71,14112
325,Marshtomp,-5,-19,-45,-9,-32,-61,7237
326,Swampert,25,6,-25,16,-12,-51,4287
327,Swampert (Mega Swampert),25,46,-5,26,8,-41,5187
328,Poochyena,-40,-49,-80,-39,-72,-76,22882
329,Mightyena,-5,-14,-45,-9,-42,-41,5772
330,Zigzagoon,-37,-74,-74,-39,-61,-51,20164
331,Zigzagoon (Galarian Zigzagoon),-37,-74,-74,-39,-61,-51,20164
332,Linoone,3,-34,-54,-19,-41,-11,6244
333,Linoone (Galarian Linoone),3,-34,-54,-19,-41,-11,6244
334,Wurmple,-30,-59,-80,-49,-72,-91,26647
335,Silcoon,-25,-69,-60,-44,-77,-96,26067
336,Beautifly,-15,-34,-65,31,-52,-46,11387
337,Cascoon,-25,-69,-60,-44,-77,-96,26067
338,Dustox,-15,-54,-45,-19,-12,-46,7787
339,Lotad,-35,-74,-85,-29,-52,-81,24032
340,Lombre,-15,-54,-65,-9,-32,-61,12192
341,Ludicolo,5,-34,-45,21,-2,-41,5332
342,Seedot,-35,-64,-65,-39,-72,-81,22812
343,Nuzleaf,-5,-34,-75,-9,-62,-51,13332
344,Shiftry,15,-4,-55,21,-42,-31,6432
345,Taillow,-35,-49,-85,-39,-72,-26,18232
346,Swellow,-15,-19,-55,6,-52,14,6547
347,Wingull,-35,-74,-85,-14,-72,-26,19982
348,Pelipper,-15,-54,-15,26,-32,-46,7182
349,Ralts,-47,-79,-90,-24,-67,-71,26656
350,Kirlia,-37,-69,-80,-4,-47,-61,18476
351,Gardevoir,-7,-39,-50,56,13,-31,8336
352,Gardevoir (Mega Gardevoir),-7,-19,-50,96,33,-11,13336
353,Surskit,-35,-74,-83,-19,-50,-46,18567
354,Masquerain,-5,-44,-53,31,-20,-31,7092
355,Shroomish,-15,-64,-55,-29,-42,-76,15727
356,Breloom,-15,26,-35,-9,-42,-41,5652
357,Slakoth,-15,-44,-55,-34,-67,-81,17392
358,Vigoroth,5,-24,-35,-14,-47,-21,4672
359,Slaking,75,56,-15,26,-37,-11,11152
360,Nincada,-44,-59,-25,-39,-72,-71,17788
361,Ninjask,-14,-14,-70,-19,-52,49,10758
362,Shedinja,-74,-14,-70,-39,-72,-71,22318
363,Whismur,-11,-53,-92,-18,-79,-83,24848
364,Loudred,9,-33,-72,2,-59,-63,13808
365,Exploud,29,-13,-52,22,-29,-43,6888
366,Makuhita,-3,-44,-85,-49,-72,-86,24151
367,Hariyama,69,16,-55,-29,-42,-61,14368
368,Azurill,-25,-84,-75,-49,-62,-91,27832
369,Nosepass,-45,-59,20,-24,-12,-81,13187
370,Skitty,-25,-59,-70,-34,-67,-61,18372
371,Delcatty,-5,-39,-50,-14,-47,-21,6892
372,Sableye,-25,-29,-40,-4,-37,-61,8172
373,Sableye (Mega Sableye),-25,-19,10,16,13,-91,9792
374,Mawile,-25,-19,-30,-14,-47,-61,8012
375,Mawile (Mega Mawile),-25,1,10,-14,-7,-61,4692
376,Aron,-25,-34,-15,-29,-62,-81,13252
377,Lairon,-15,-14,25,-19,-52,-71,9152
378,Aggron,-5,6,65,-9,-42,-61,9852
379,Aggron (Mega Aggron),-5,36,115,-9,-22,-61,18832
380,Meditite,-45,-64,-60,-29,-47,-51,15372
381,Medicham,-15,-44,-40,-9,-27,-31,5532
382,Medicham (Mega Medicham),-15,-4,-30,11,-17,-11,1672
383,Electrike,-35,-59,-75,-4,-62,-46,16307
384,Manectric,-5,-29,-55,36,-42,-6,6987
385,Manectric (Mega Manectric),-5,-29,-35,66,-22,24,7507
386,Plusle,-15,-54,-75,16,-27,-16,10007
387,Minun,-15,-64,-65,6,-17,-16,9127
388,Volbeat,-10,-31,-40,-22,-17,-26,4110
389,Illumise,-10,-57,-40,4,-17,-26,5930
390,Roselia,-25,-44,-70,31,-22,-46,11022
391,Gulpin,-5,-61,-62,-26,-49,-71,15708
392,Swalot,25,-31,-32,4,-19,-56,6123
393,Carvanha,-30,-14,-95,-4,-82,-46,18977
394,Sharpedo,-5,16,-75,26,-62,-16,10682
395,Sharpedo (Mega Sharpedo),-5,36,-45,41,-37,-6,6432
396,Wailmer,55,-34,-80,1,-67,-51,17672
397,Wailord,95,-14,-70,21,-57,-51,20412
398,Numel,-15,-44,-75,-4,-57,-76,16827
399,Camerupt,-5,-4,-45,36,-27,-71,9132
400,Camerupt (Mega Camerupt),-5,16,-15,76,3,-91,14572
401,Torkoal,-5,-19,25,16,-32,-91,10572
402,Spoink,-15,-79,-80,1,-22,-51,15952
403,Grumpig,5,-59,-50,21,8,-31,7472
404,Spinda,-15,-44,-55,-9,-42,-51,9632
405,Trapinch,-30,-4,-70,-24,-57,-101,19842
406,Vibrava,-25,-34,-65,-19,-52,-41,10752
407,Flygon,5,-4,-35,11,-22,-11,1992
408,Cacnea,-25,-19,-75,16,-62,-76,16487
409,Cacturne,-5,11,-55,46,-42,-56,10187
410,Swablu,-30,-64,-55,-29,-27,-61,13312
411,Altaria,0,-34,-25,1,3,-31,2752
412,Altaria (Mega Altaria),0,6,-5,41,3,-31,2712
413,Zangoose,-2,11,-55,-9,-42,-21,5436
414,Seviper,-2,-4,-55,31,-42,-46,7886
415,Lunatone,15,-49,-50,26,-17,-41,7772
416,Solrock,15,-9,-30,-14,-37,-41,4452
417,Barboach,-25,-56,-72,-23,-61,-51,15796
418,Whiscash,35,-26,-42,7,-31,-51,7276
419,Corphish,-32,-24,-50,-19,-67,-76,14726
420,Crawdaunt,-12,16,-30,21,-47,-56,7086
421,Baltoy,-35,-64,-60,-29,-32,-56,13922
422,Claydol,-15,-34,-10,1,18,-36,3102
423,Lileep,-9,-63,-38,-8,-15,-88,13527
424,Cradily,11,-23,-18,12,5,-68,5767
425,Anorith,-30,-9,-65,-29,-52,-36,10047
426,Armaldo,0,21,-15,1,-22,-66,5507
427,Feebas,-55,-89,-95,-59,-47,-31,26622
428,Milotic,20,-44,-36,31,23,-30,6022
429,Castform,-5,-34,-45,1,-32,-41,5912
430,Kecleon,-15,-14,-45,-9,18,-71,7892
431,Shuppet,-31,-29,-80,-6,-69,-66,17355
432,Banette,-11,11,-50,14,-39,-46,6575
433,Banette (Mega Banette),-11,61,-40,24,-19,-36,7675
434,Duskull,-55,-64,-25,-39,-12,-86,16807
435,Dusclops,-35,-34,15,-9,28,-86,10867
436,Tropius,24,-36,-32,3,-15,-60,6730
437,Chimecho,0,-54,-35,26,-12,-46,7077
438,Absol,-10,26,-55,6,-42,-36,6897
439,Absol (Mega Absol),-10,46,-55,46,-42,4,9137
440,Wynaut,20,-81,-67,-46,-54,-88,24226
441,Snorunt,-25,-54,-65,-19,-52,-61,14552
442,Glalie,5,-24,-35,11,-22,-31,3392
443,Glalie (Mega Glalie),5,16,-35,51,-22,-11,4712
444,Spheal,-5,-64,-65,-14,-52,-86,18642
445,Sealeo,15,-44,-45,6,-32,-66,9602
446,Walrein,35,-24,-25,26,-12,-46,5362
447,Clamperl,-40,-40,-30,5,-47,-79,12575
448,Huntail,-20,0,-10,25,-27,-59,5335
449,Gorebyss,-20,-20,-10,45,-27,-59,7135
450,Relicanth,25,-14,15,-24,-37,-56,6127
451,Luvdisc,-32,-74,-60,-29,-37,-14,12506
452,Bagon,-30,-29,-55,-29,-72,-61,14512
453,Shelgon,-10,-9,-15,-9,-52,-61,6912
454,Salamence,20,31,-35,41,-22,-11,4872
455,Salamence (Mega Salamence),20,41,15,51,-12,9,5132
456,Beldum,-35,-49,-35,-34,-42,-81,14332
457,Metang,-15,-29,-15,-14,-22,-61,5692
458,Metagross,5,31,15,26,-12,-41,3712
459,Metagross (Mega Metagross),5,41,35,36,8,-1,4292
460,Regirock,5,-4,85,-19,-2,-61,11352
461,Regice,5,-54,-15,31,98,-61,17452
462,Registeel,5,-29,35,6,48,-61,8152
463,Latias,5,-24,-25,41,28,-1,3692
464,Latias (Mega Latias),5,-4,5,71,48,-1,7412
465,Latios,5,-14,-35,61,8,-1,5232
466,Latios (Mega Latios),5,26,-15,91,18,-1,9532
467,Kyogre,25,-4,-25,81,38,-21,9712
468,Kyogre (Primal Kyogre),25,46,-25,111,58,-21,19492
469,Groudon,25,46,25,31,-12,-21,4912
470,Groudon (Primal Groudon),25,76,45,81,-12,-21,15572
471,Rayquaza,30,46,-25,81,-12,-16,10602
472,Rayquaza (Mega Rayquaza),30,76,-15,111,-2,4,19242
473,Jirachi,25,-4,-15,31,-2,-11,1952
474,Deoxys (Normal Forme),-25,46,-65,81,-52,39,17752
475,Deoxys (Attack Forme),-25,76,-95,111,-82,39,35992
476,Deoxys (Defense Forme),-25,-34,45,1,58,-21,7612
477,Deoxys (Speed Forme),-25,-9,-25,26,-12,69,6912
478,Turtwig,-20,-36,-51,-24,-47,-80,13482
479,Grotle,0,-15,-30,-14,-37,-75,8315
480,Torterra,20,5,-10,6,-17,-55,3875
481,Chimchar,-31,-46,-71,-11,-58,-50,14103
482,Monferno,-11,-26,-63,9,-50,-30,8247
483,Infernape,1,0,-44,35,-31,-3,4132
484,Piplup,-22,-53,-62,-8,-46,-71,14358
485,Prinplup,-11,-38,-47,12,-26,-61,8315
486,Empoleon,9,-18,-27,42,-1,-51,5500
487,Starly,-35,-49,-85,-39,-72,-51,20157
488,Staravia,-20,-29,-65,-29,-62,-31,11112
489,Staraptor,10,16,-45,-19,-42,-11,4627
490,Bidoof,-16,-59,-75,-34,-62,-80,20762
491,Bibarel,4,-19,-55,-14,-42,-40,6962
492,Kricketot,-38,-79,-74,-44,-61,-86,26214
493,Kricketune,2,-19,-64,-14,-51,-46,9374
494,Shinx,-30,-39,-81,-29,-68,-66,18803
495,Luxio,-15,-19,-66,-9,-53,-51,10433
496,Luxray,5,16,-36,26,-23,-41,4463
497,Budew,-35,-74,-80,-19,-32,-56,17622
498,Roserade,-15,-34,-50,56,3,-21,7467
499,Cranidos,-8,21,-75,-39,-72,-53,15644
500,Rampardos,22,61,-55,-4,-52,-53,12759
501,Shieldon,-45,-62,3,-27,-14,-81,13364
502,Bastiodon,-15,-52,53,-22,36,-81,14079
503,Burmy,-35,-75,-70,-40,-57,-75,22224
504,Wormadam (Plant Cloak),-15,-45,-30,10,3,-75,8884
505,Wormadam (Sandy Cloak),-15,-25,-10,-10,-17,-75,6964
506,Wormadam (Trash Cloak),-15,-35,-20,0,-7,-75,7524
507,Mothim,-5,-10,-65,25,-52,-45,9704
508,Combee,-45,-74,-73,-39,-60,-41,19632
509,Vespiquen,-5,-24,-13,11,0,-71,5932
510,Pachirisu,-15,-59,-45,-24,-12,-16,6707
511,Buizel,-20,-39,-80,-9,-72,-26,14262
512,Floatzel,10,1,-60,16,-52,4,6677
513,Cherubi,-30,-69,-70,-7,-49,-76,18787
514,Cherrim,-5,-44,-45,18,-24,-26,5562
515,Shellos,1,-56,-67,-12,-40,-77,15299
516,Gastrodon,36,-21,-47,23,-20,-72,10059
517,Ambipom,0,-4,-49,-9,-36,4,3810
518,Drifloon,15,-54,-81,-9,-58,-41,14828
519,Drifblim,75,-24,-71,21,-48,-31,14948
520,Buneary,-20,-38,-71,-25,-46,-26,10302
521,Lopunny,-10,-28,-31,-15,-6,-6,2142
522,Lopunny (Mega Lopunny),-10,32,-21,-15,-6,24,2402
523,Mismagius,-15,-44,-55,36,3,-6,6527
524,Honchkrow,25,21,-63,36,-50,-40,10431
525,Glameow,-26,-49,-73,-27,-65,-26,14036
526,Purugly,-4,-22,-51,-5,-43,1,4976
527,Chingling,-30,-74,-65,-4,-52,-66,17677
528,Stunky,-12,-41,-68,-28,-61,-37,12323
529,Skuntank,28,-11,-48,2,-41,-27,5623
530,Bronzor,-18,-80,-29,-45,-16,-88,17590
531,Bronzong,-8,-15,1,10,14,-78,6670
532,Bonsly,-25,-24,-20,-59,-57,-101,18532
533,Mime Jr.,-55,-79,-70,1,-12,-51,16912
534,Happiny,25,-99,-110,-54,-37,-81,33372
535,Chatot,1,-39,-70,23,-60,-20,10951
536,Spiritomb,-25,-12,-7,23,6,-76,7159
537,Gible,-17,-34,-70,-29,-57,-69,15196
538,Gabite,-7,-14,-50,-19,-47,-29,6156
539,Garchomp,33,26,-20,11,-17,-9,2656
540,Garchomp (Mega Garchomp),33,66,0,51,-7,-19,8456
541,Munchlax,60,-19,-75,-29,-17,-106,21952
542,Riolu,-35,-34,-75,-34,-62,-51,15607
543,Lucario,-5,6,-45,46,-32,-21,5667
544,Lucario (Mega Lucario),-5,41,-27,71,-32,1,8501
545,Hippopotas,-7,-32,-37,-31,-60,-79,13244
546,Hippowdon,33,8,3,-1,-30,-64,6159
547,Skorupi,-35,-54,-25,-39,-47,-46,10612
548,Drapion,-5,-14,-5,-9,-27,-16,1312
549,Croagunk,-27,-43,-75,-8,-62,-61,15832
550,Toxicroak,8,2,-50,17,-37,-26,4902
551,Carnivine,-1,-4,-43,21,-30,-65,7432
552,Finneon,-26,-55,-59,-20,-41,-45,11288
553,Lumineon,-6,-35,-39,0,-16,-20,3438
554,Mantyke,-30,-84,-65,-9,18,-61,16307
555,Snover,-15,-42,-65,-7,-42,-71,13068
556,Abomasnow,15,-12,-40,23,-17,-51,5388
557,Abomasnow (Mega Abomasnow),15,28,-10,63,3,-81,11648
558,Weavile,-5,16,-50,-24,-17,14,3842
559,Magnezone,-5,-34,0,61,-12,-51,7647
560,Lickilicky,35,-19,-20,11,-7,-61,5877
561,Rhyperior,40,36,15,-14,-47,-71,10567
562,Tangrowth,25,-4,10,41,-52,-61,8847
563,Electivire,0,19,-48,26,-17,-16,3886
564,Magmortar,0,-9,-48,56,-7,-28,6354
565,Togekiss,10,-54,-20,51,13,-31,7147
566,Yanmega,11,-28,-29,47,-46,-16,6327
567,Leafeon,-10,6,15,-9,-37,-16,2067
568,Glaceon,-10,-44,-5,61,-7,-46,7947
569,Gliscor,0,-9,10,-24,-27,-16,1742
570,Mamoswine,35,26,-35,1,-42,-31,5852
571,Porygon-Z,10,-24,-45,66,-27,-21,8227
572,Gallade,-7,21,-50,-4,13,-31,4136
573,Gallade (Mega Gallade),-7,61,-20,-4,13,-1,4356
574,Probopass,-15,-49,30,6,48,-71,10907
575,Dusknoir,-30,-4,20,-4,33,-66,6777
576,Froslass,-5,-24,-45,11,-32,-1,3772
577,Rotom,-25,-54,-38,26,-25,-20,6686
578,Rotom (Heat Rotom),-25,-39,-8,36,5,-25,4156
579,Rotom (Wash Rotom),-25,-39,-8,36,5,-25,4156
580,Rotom (Frost Rotom),-25,-39,-8,36,5,-25,4156
581,Rotom (Fan Rotom),-25,-39,-8,36,5,-25,4156
582,Rotom (Mow Rotom),-25,-39,-8,36,5,-25,4156
583,Uxie,0,-29,15,6,28,-16,2142
584,Mesprit,5,1,-10,36,3,-31,2392
585,Azelf,0,21,-45,56,-32,4,6642
586,Dialga,25,16,5,81,-2,-21,7912
587,Dialga (Origin Forme),25,-4,5,81,18,-21,7992
588,Palkia,15,16,-15,81,18,-11,7712
589,Palkia (Origin Forme),15,-4,-15,81,18,9,7432
590,Heatran,16,-14,-9,61,4,-34,5426
591,Regigigas,35,56,-5,11,8,-11,4692
592,Giratina (Altered Forme),75,-4,5,31,18,-21,7392
593,Giratina (Origin Forme),75,16,-15,51,-2,-21,9152
594,Cresselia,45,-34,5,6,28,-26,4702
595,Phione,5,-24,-35,11,-22,-31,3392
596,Manaphy,25,-4,-15,31,-2,-11,1952
597,Darkrai,-5,-14,-25,66,-12,14,5542
598,Shaymin (Land Forme),25,-4,-15,31,-2,-11,1952
599,Shaymin (Sky Forme),25,-1,-40,51,-27,16,5812
600,Arceus,45,16,5,51,18,9,5312
601,Victini,25,-4,-15,31,-2,-11,1952
602,Snivy,-30,-59,-60,-24,-47,-48,13070
603,Servine,-15,-44,-40,-9,-27,-28,5355
604,Serperior,0,-29,-20,6,-7,2,1330
605,Tepig,-10,-41,-70,-24,-57,-66,14862
606,Pignite,15,-11,-60,1,-47,-56,9292
607,Emboar,35,19,-50,31,-37,-46,8532
608,Oshawott,-20,-49,-70,-6,-57,-66,15342
609,Dewott,0,-29,-55,14,-42,-51,8427
610,Samurott,20,-4,-30,39,-32,-41,5542
611,Samurott (Hisuian Samurott),15,4,-35,31,-37,-26,4472
612,Patrat,-30,-49,-76,-34,-63,-69,18963
613,Watchog,-15,-19,-46,-9,-33,-34,5028
614,Lillipup,-30,-44,-70,-44,-57,-56,16057
615,Herdier,-10,-24,-50,-34,-37,-51,8302
616,Stoutland,10,6,-25,-24,-12,-31,2442
617,Purrloin,-34,-54,-78,-19,-65,-45,16767
618,Liepard,-11,-16,-65,19,-52,-5,7692
619,Pansage,-25,-51,-67,-16,-54,-47,13096
620,Simisage,0,-6,-52,29,-39,-10,5202
621,Pansear,-25,-51,-67,-16,-54,-47,13096
622,Simisear,0,-6,-52,29,-39,-10,5202
623,Panpour,-25,-51,-67,-16,-54,-47,13096
624,Simipour,0,-6,-52,29,-39,-10,5202
625,Munna,1,-79,-70,-2,-47,-87,20924
626,Musharna,41,-49,-30,38,-7,-82,13199
627,Pidove,-25,-49,-65,-33,-72,-68,18148
628,Tranquill,-13,-27,-53,-19,-60,-46,9784
629,Unfezant,5,11,-35,-4,-47,-18,3920
630,Blitzle,-30,-44,-83,-19,-70,-35,16211
631,Zebstrika,0,-4,-52,11,-39,5,4387
632,Roggenrola,-20,-29,-30,-44,-77,-96,19222
633,Boldore,-5,1,-10,-19,-62,-91,12612
634,Gigalith,10,31,15,-9,-22,-86,9247
635,Woobat,-10,-59,-72,-14,-59,-39,13963
636,Swoobat,-8,-47,-60,8,-47,3,8155
637,Drilbur,-15,-19,-75,-39,-57,-43,12830
638,Excadrill,35,31,-55,-19,-37,-23,7470
639,Audino,28,-44,-29,-9,-16,-61,7619
640,Audino (Mega Audino),28,-44,11,11,24,-61,7259
641,Timburr,0,-24,-60,-44,-67,-76,16377
642,Gurdurr,10,1,-30,-29,-52,-71,9587
643,Conkeldurr,30,36,-20,-14,-37,-66,8517
644,Tympole,-25,-54,-75,-19,-62,-47,15580
645,Palpitoad,0,-39,-60,-4,-47,-42,9110
646,Seismitoad,30,-9,-40,16,-27,-37,4935
647,Throh,45,-4,-30,-39,-17,-66,9107
648,Sawk,0,21,-40,-39,-27,-26,4967
649,Sewaddle,-30,-51,-45,-29,-42,-69,12892
650,Swadloon,-20,-41,-25,-19,-22,-69,8312
651,Leavanny,0,-1,-35,1,-22,-19,2072
652,Venipede,-45,-59,-56,-39,-63,-54,17048
653,Whirlipede,-35,-49,-16,-29,-23,-64,9348
654,Scolipede,-15,-4,-26,-14,-33,1,2203
655,Cottonee,-35,-77,-55,-32,-52,-45,15932
656,Whimsicott,-15,-37,-30,8,-27,5,3312
657,Petilil,-30,-69,-65,1,-52,-81,19152
658,Lilligant,-5,-44,-40,41,-27,-21,6412
659,Lilligant (Hisuian Lilligant),-5,1,-40,-19,-27,-6,2752
660,Basculin,-5,-12,-50,11,-47,-13,5168
661,Sandile,-25,-32,-80,-34,-67,-46,15810
662,Krokorok,-15,-22,-70,-24,-57,-37,10803
663,Krookodile,20,13,-35,-4,-32,-19,3195
664,Darumaka,-5,-14,-70,-54,-57,-61,15007
665,Darumaka (Galarian Darumaka),-5,-14,-70,-54,-57,-61,15007
666,Darmanitan (Standard Mode),30,36,-60,-39,-47,-16,9782
667,Darmanitan (Zen Mode),30,-74,-10,71,3,-56,14662
668,Darmanitan (Galarian Standard Mode),30,36,-60,-39,-47,-16,9782
669,Darmanitan (Galarian Zen Mode),30,56,-60,-39,-47,24,11942
670,Maractus,0,-18,-48,37,-35,-51,7823
671,Dwebble,-25,-39,-30,-34,-67,-56,11827
672,Crustle,-5,1,10,-4,-27,-66,5227
673,Scraggy,-25,-29,-45,-34,-32,-63,9640
674,Scrafty,-10,-14,0,-24,13,-53,3850
675,Sigilyph,-3,-46,-35,34,-22,-14,5186
676,Yamask,-37,-74,-30,-14,-37,-81,15871
677,Yamask (Galarian Yamask),-37,-49,-30,-39,-37,-81,14121
678,Cofagrigus,-17,-54,30,26,3,-81,11351
679,Tirtouga,-21,-26,-12,-16,-57,-89,12687
680,Carracosta,-1,4,18,14,-37,-79,8147
681,Archen,-20,8,-70,5,-57,-41,10319
682,Archeops,0,36,-50,43,-37,-1,7015
683,Trubbish,-25,-54,-53,-29,-40,-46,10907
684,Garbodor,5,-9,-33,-9,-20,-36,2972
685,Zorua,-35,-39,-75,11,-62,-46,14452
686,Zorua (Hisuian Zorua),-40,-44,-75,16,-62,-41,14942
687,Zoroark,-15,1,-55,51,-42,-6,7652
688,Zoroark (Hisuian Zoroark),-20,-4,-55,56,-42,-1,8342
689,Minccino,-20,-54,-75,-29,-62,-36,14922
690,Cinccino,0,-9,-55,-4,-42,4,4902
691,Gothita,-30,-74,-65,-14,-37,-66,16522
692,Gothorita,-15,-59,-45,6,-17,-56,9192
693,Gothitelle,-5,-49,-20,26,8,-46,5682
694,Solosis,-30,-74,-75,36,-52,-91,24282
695,Duosion,-10,-64,-65,56,-42,-81,19882
696,Reuniclus,35,-39,-40,56,-17,-81,14332
697,Ducklett,-13,-60,-65,-25,-52,-56,14459
698,Swanna,0,-17,-52,18,-39,-13,5007
699,Vanillite,-39,-54,-65,-4,-42,-67,14931
700,Vanillish,-24,-39,-50,11,-27,-52,8151
701,Vanilluxe,-4,-9,-30,41,-7,-32,3751
702,Deerling,-15,-44,-65,-29,-52,-36,11227
703,Sawsbuck,5,-4,-45,-9,-32,-16,3427
704,Emolga,-20,-29,-55,6,-42,-8,6130
705,Karrablast,-25,-29,-70,-29,-57,-51,13057
706,Escavalier,-5,31,-10,-9,3,-91,9457
707,Foongus,-6,-49,-70,-14,-47,-96,18958
708,Amoonguss,39,-19,-45,16,-22,-81,11208
709,Frillish,-20,-64,-65,-4,-17,-71,14067
710,Jellicent,25,-44,-45,16,3,-51,7452
711,Alomomola,90,-29,-35,-29,-57,-46,16372
712,Joltik,-25,-57,-65,-12,-52,-46,13063
713,Galvantula,-5,-27,-55,28,-42,-3,6336
714,Ferroseed,-31,-54,-24,-45,-16,-101,16935
715,Ferrothorn,-1,-10,16,-15,14,-91,9059
716,Klink,-35,-49,-45,-24,-42,-81,14552
717,Klang,-15,-24,-20,1,-17,-61,5212
718,Klinklang,-15,-4,0,1,-17,-21,972
719,Tynamo,-40,-49,-75,-24,-62,-51,16647
720,Eelektrik,-10,-19,-45,6,-32,-71,8587
721,Eelektross,10,11,-35,36,-22,-61,6947
722,Elgyem,-20,-49,-60,16,-47,-81,15427
723,Beheeyem,0,-29,-40,56,-7,-71,10667
724,Litwick,-25,-74,-60,-4,-47,-91,20207
725,Lampent,-15,-64,-55,26,-42,-56,12922
726,Chandelure,-15,-49,-25,76,-12,-31,10132
727,Axew,-29,-17,-55,-39,-62,-54,12436
728,Fraxure,-9,13,-45,-29,-52,-44,7756
729,Haxorus,1,43,-25,-9,-32,-14,3776
730,Cubchoo,-20,-34,-75,-9,-62,-71,16147
731,Beartic,20,26,-35,1,-22,-61,6507
732,Cryogonal,5,-54,-65,26,33,-6,8967
733,Shelmet,-25,-64,-30,-29,-37,-86,15227
734,Accelgor,5,-34,-75,31,-42,34,10687
735,Stunfisk,34,-38,-31,12,-3,-79,9955
736,Stunfisk (Galarian Stunfisk),34,-23,-16,-3,-18,-79,8515
737,Mienfoo,-30,-19,-65,-14,-52,-46,10502
738,Mienshao,-10,21,-55,26,-42,-6,6042
739,Druddigon,2,16,-25,-9,-12,-63,5079
740,Golett,-16,-30,-65,-34,-52,-76,15017
741,Golurk,14,20,-35,-14,-22,-56,5637
742,Pawniard,-30,-19,-45,-29,-62,-51,10572
743,Bisharp,-10,21,-15,-9,-32,-41,3552
744,Bouffalant,20,6,-20,-29,-7,-56,4862
745,Rufflet,-5,-21,-65,-32,-52,-51,11020
746,Braviary,25,19,-40,-12,-27,-31,4420
747,Braviary (Hisuian Braviary),35,-21,-45,43,-32,-46,8680
748,Vullaby,-5,-49,-40,-24,-37,-51,8572
749,Mandibuzz,35,-39,-10,-14,-7,-31,4052
750,Heatmor,10,-7,-49,36,-36,-46,7258
751,Durant,-17,5,-3,-21,-54,-2,3684
752,Deino,-23,-39,-65,-24,-52,-73,14884
753,Zweilous,-3,-19,-45,-4,-32,-53,6244
754,Hydreigon,17,1,-25,56,-12,-13,4364
755,Larvesta,-20,-19,-60,-19,-47,-51,9532
756,Volcarona,10,-44,-50,66,3,-11,9022
757,Cobalion,16,-14,14,21,-30,-3,1998
758,Terrakion,16,25,-25,3,-12,-3,1668
759,Virizion,16,-14,-43,21,27,-3,3480
760,Tornadus (Incarnate Forme),4,11,-45,56,-22,0,5782
761,Tornadus (Therian Forme),4,-4,-35,41,-12,10,3182
762,Thundurus (Incarnate Forme),4,11,-45,56,-22,0,5782
763,Thundurus (Therian Forme),4,1,-45,76,-22,-10,8402
764,Reshiram,25,16,-15,81,18,-21,8432
765,Zekrom,25,46,5,51,-2,-21,5812
766,Landorus (Incarnate Forme),14,21,-25,46,-22,-10,3962
767,Landorus (Therian Forme),14,41,-25,36,-22,-20,4682
768,Kyurem,50,26,-25,61,-12,-16,7922
769,Kyurem (Black Kyurem),50,66,-15,51,-12,-16,10082
770,Kyurem (White Kyurem),50,16,-25,101,-2,-16,13842
771,Keldeo,16,-32,-25,60,-12,-3,5658
772,Meloetta (Aria Forme),25,-27,-38,59,26,-21,7396
773,Meloetta (Pirouette Forme),25,24,-25,8,-25,17,2804
774,Genesect,-4,16,-20,51,-7,-12,3466
775,Chespin,-19,-43,-50,-21,-57,-73,13729
776,Quilladin,-14,-26,-20,-13,-44,-54,6293
777,Chesnaught,13,3,7,5,-27,-47,3190
778,Fennekin,-35,-59,-75,-7,-42,-51,14745
779,Braixen,-16,-45,-57,21,-32,-38,8439
780,Delphox,0,-35,-43,45,-2,-7,5152
781,Froakie,-34,-48,-75,-7,-58,-40,14098
782,Frogadier,-21,-41,-63,14,-46,-14,8599
783,Greninja,-3,-9,-48,34,-31,11,4632
784,Greninja (Ash-Greninja),-3,41,-48,84,-31,21,12452
785,Bunnelby,-37,-68,-77,-37,-66,-54,20563
786,Diggersby,10,-48,-38,-19,-25,-33,5923
787,Fletchling,-30,-54,-72,-29,-64,-49,16338
788,Fletchinder,-13,-31,-60,-13,-50,-27,8128
789,Talonflame,3,-23,-44,5,-33,15,3813
790,Scatterbug,-37,-69,-75,-42,-77,-76,25224
791,Spewpa,-30,-82,-55,-42,-72,-82,24321
792,Vivillon,5,-52,-65,21,-52,-22,10583
793,Litleo,-13,-54,-57,4,-48,-39,10175
794,Pyroar,11,-36,-43,40,-36,-5,6187
795,Flabébé,-31,-66,-76,-8,-23,-69,16447
796,Floette,-21,-59,-68,6,-4,-59,12079
797,Florges,3,-39,-47,43,52,-36,9588
798,Skiddo,-9,-39,-67,-7,-45,-59,11646
799,Gogoat,48,-4,-53,28,-21,-43,8203
800,Pancham,-8,-22,-53,-23,-54,-68,11426
801,Pangoro,20,20,-37,0,-31,-53,5939
802,Furfrou,0,-24,-55,-4,-12,-9,3842
803,Espurr,-13,-56,-61,-6,-42,-43,10675
804,Meowstic,-1,-56,-39,14,-21,-7,5344
805,Honedge,-30,-24,-15,-34,-65,-83,13971
806,Doublade,-16,6,35,-24,-53,-76,10678
807,Aegislash (Shield Forme),-15,-54,25,-19,38,-51,8172
808,Aegislash (Blade Forme),-15,36,-65,71,-52,-51,16092
809,Spritzee,3,-52,-55,-6,-37,-88,14887
810,Aromatisse,26,-32,-43,30,-13,-82,11342
811,Swirlix,-13,-56,-49,-10,-45,-62,11675
812,Slurpuff,7,-24,-29,16,-27,-39,3972
813,Inkay,-22,-50,-62,-32,-56,-66,15344
814,Malamar,11,-12,-27,-1,-27,-38,3168
815,Binacle,-33,-52,-48,-30,-46,-61,12834
816,Barbaracle,-3,1,0,-15,-16,-43,2340
817,Skrelp,-25,-44,-55,-9,-42,-81,13992
818,Dragalge,-10,-29,-25,28,21,-67,7280
819,Clauncher,-25,-51,-53,-11,-39,-67,12166
820,Clawitzer,-4,-31,-27,51,-13,-52,7180
821,Helioptile,-31,-66,-82,-8,-59,-41,17267
822,Heliolisk,-13,-49,-63,40,-8,-2,8207
823,Tyrunt,-17,-15,-38,-24,-57,-63,9752
824,Tyrantrum,7,17,4,0,-43,-40,3803
825,Amaura,2,-45,-65,-2,-39,-65,12004
826,Aurorus,48,-27,-43,30,-10,-53,8691
827,Sylveon,20,-39,-50,41,28,-51,9487
828,Hawlucha,3,-12,-40,5,-39,7,3348
829,Dedenne,-8,-46,-58,12,-35,-10,7013
830,Carbink,-25,-54,35,-19,48,-61,11152
831,Goomy,-30,-54,-80,-14,-27,-71,16182
832,Sliggoo,-7,-29,-62,14,11,-51,7652
833,Sliggoo (Hisuian Sliggoo),-17,-29,-32,14,11,-71,7512
834,Goodra,15,-4,-45,41,48,-31,7212
835,Goodra (Hisuian Goodra),5,-4,-15,41,48,-51,6852
836,Klefki,-18,-24,-24,11,-15,-36,3118
837,Phantump,-32,-34,-67,-19,-42,-73,14123
838,Trevenant,10,6,-39,-4,-20,-55,5098
839,Pumpkaboo (Small Size),-31,-38,-45,-25,-47,-55,10289
840,Pumpkaboo (Average Size),-26,-38,-45,-25,-47,-60,10579
841,Pumpkaboo (Large Size),-21,-38,-45,-25,-47,-65,10969
842,Pumpkaboo (Super Size),-16,-38,-45,-25,-47,-70,11459
843,Gourgeist (Small Size),-20,-19,7,-11,-27,-12,1804
844,Gourgeist (Average Size),-10,-14,7,-11,-27,-27,1924
845,Gourgeist (Large Size),0,-9,7,-11,-27,-42,2744
846,Gourgeist (Super Size),10,-4,7,-11,-27,-57,4264
847,Bergmite,-20,-35,-30,-37,-67,-83,15272
848,Avalugg,20,13,69,-25,-56,-83,15980
849,Avalugg (Hisuian Avalugg),20,23,69,-35,-66,-73,16600
850,Noibat,-35,-74,-80,-24,-62,-56,20657
851,Noivern,10,-34,-35,28,-22,12,3893
852,Xerneas,51,27,-20,62,-4,-12,7734
853,Yveltal,51,27,-20,62,-4,-12,7734
854,Zygarde (50% Forme),33,-4,6,12,-7,-16,1590
855,Zygarde (10% Forme),-21,-4,-44,-8,-17,4,2762
856,Zygarde (Complete Forme),141,-4,6,22,-7,-26,21142
857,Diancie,-25,-4,35,31,48,-61,8852
858,Diancie (Mega Diancie),-25,56,-5,91,8,-1,12132
859,Hoopa (Hoopa Confined),5,6,-55,81,28,-41,12112
860,Hoopa (Hoopa Unbound),5,56,-55,101,28,-31,18132
861,Volcanion,5,6,5,61,-12,-41,5632
862,Rowlet,-7,-49,-60,-19,-52,-69,13876
863,Dartrix,3,-29,-40,1,-32,-59,6956
864,Decidueye,3,3,-40,31,-2,-41,4264
865,Decidueye (Hisuian Decidueye),13,8,-35,26,-7,-51,4784
866,Litten,-30,-39,-75,-9,-62,-41,13652
867,Torracat,-10,-19,-65,11,-52,-21,7952
868,Incineroar,20,11,-25,11,-12,-51,4012
869,Popplio,-25,-50,-61,-3,-46,-71,14012
870,Brionne,-15,-35,-46,22,-21,-61,8212
871,Primarina,5,-30,-41,57,14,-51,8652
872,Pikipek,-40,-29,-85,-39,-72,-46,18487
873,Trumbeak,-20,-19,-65,-29,-52,-36,9827
874,Toucannon,5,16,-40,6,-27,-51,5247
875,Yungoos,-27,-34,-85,-39,-72,-66,20171
876,Gumshoos,13,6,-55,-14,-42,-66,9546
877,Grubbin,-28,-42,-70,-14,-57,-65,15118
878,Charjabug,-18,-22,-20,-14,-27,-75,7758
879,Vikavolt,2,-34,-25,76,-27,-68,12914
880,Crabrawler,-28,-22,-58,-27,-55,-48,10690
881,Crabominable,22,28,-38,-7,-35,-68,8610
882,Oricorio,0,-34,-45,29,-32,-18,5370
883,Cutiefly,-35,-59,-75,-14,-62,-27,15100
884,Ribombee,-15,-49,-55,26,-32,13,7520
885,Rockruff,-30,-39,-75,-39,-62,-51,16012
886,Lycanroc (Midday Form),0,11,-50,-14,-37,1,4187
887,Lycanroc (Midnight Form),10,11,-40,-14,-27,-29,3587
888,Lycanroc (Dusk Form),0,13,-50,-14,-37,-1,4235
889,Wishiwashi (Solo Form),-30,-84,-95,-44,-77,-71,29887
890,Wishiwashi (School Form),-30,36,15,71,33,-81,15112
891,Mareanie,-25,-51,-53,-26,-50,-66,13567
892,Toxapex,-25,-41,37,-16,40,-76,11307
893,Mudbray,-5,-4,-45,-24,-47,-66,9207
894,Mudsdale,25,21,-15,-14,-17,-76,7552
895,Dewpider,-37,-64,-63,-29,-30,-84,18231
896,Araquanid,-7,-34,-23,-19,30,-69,7756
897,Fomantis,-35,-49,-80,-19,-67,-76,20652
898,Lurantis,-5,1,-25,11,-12,-66,5272
899,Morelull,-35,-69,-60,-4,-27,-96,19547
900,Shiinotic,-15,-59,-35,21,-2,-81,11937
901,Salandit,-27,-60,-75,2,-62,-34,14958
902,Salazzle,-7,-40,-55,42,-42,6,8238
903,Stufful,-5,-29,-65,-24,-52,-61,12092
904,Bewear,45,21,-35,-14,-42,-51,8252
905,Bounsweet,-33,-74,-77,-39,-64,-79,24352
906,Steenee,-23,-64,-67,-29,-54,-49,15272
907,Tsareena,-3,16,-17,-19,-4,-39,2452
908,Comfey,-24,-52,-25,13,8,-11,4259
909,Oranguru,15,-44,-35,21,8,-51,6492
910,Passimian,25,16,-25,-29,-42,-31,5072
911,Wimpod,-50,-69,-75,-49,-72,-31,21432
912,Golisopod,0,21,25,-9,-12,-71,6332
913,Sandygast,-20,-49,-35,1,-57,-96,16492
914,Palossand,10,-29,-5,31,-27,-76,8432
915,Pyukumuku,-20,-44,15,-39,28,-106,16102
916,Type: Null,20,-9,-20,26,-7,-52,4310
917,Silvally,20,-9,-20,26,-7,-16,1862
918,Minior (Meteor Form),-15,-44,-15,-9,-2,-51,5072
919,Minior (Core),-15,-4,-55,31,-42,9,6072
920,Komala,-10,11,-50,6,-7,-46,4922
921,Turtonator,-15,-26,20,22,-17,-75,7699
922,Togedemaru,-10,-6,-52,-29,-29,-15,4747
923,Mimikyu,-20,-14,-35,-19,3,-15,2416
924,Bruxish,-7,1,-45,1,-32,-19,3461
925,Drampa,3,-44,-30,66,-11,-75,12947
926,Dhelmise,-5,27,-15,17,-12,-71,6453
927,Jangmo-o,-30,-49,-50,-24,-57,-66,13982
928,Hakamo-o,-20,-29,-25,-4,-32,-46,5022
929,Kommo-o,0,6,10,31,3,-26,1782
930,Tapu Koko,-5,11,-30,26,-27,19,2812
931,Tapu Lele,-5,-19,-40,61,13,-16,6132
932,Tapu Bulu,-5,26,0,16,-7,-36,2302
933,Tapu Fini,-5,-29,0,26,28,-26,3002
934,Cosmog,-32,-75,-84,-40,-71,-74,25822
935,Cosmoem,-32,-75,16,-40,29,-74,14822
936,Solgaleo,62,33,-8,44,-13,-14,7298
937,Lunala,62,9,-26,68,5,-14,9446
938,Nihilego,34,-51,-68,58,29,-8,12650
939,Buzzwole,32,35,24,-16,-49,-32,6506
940,Pheromosa,-4,33,-78,68,-65,40,17638
941,Xurkitree,8,-15,-44,104,-31,-28,14786
942,Celesteela,22,-3,-12,38,-1,-50,4582
943,Kartana,-16,77,16,-10,-71,-2,11586
944,Guzzlord,148,-3,-62,28,-49,-68,33566
945,Necrozma,22,3,-14,58,-13,-32,5246
946,Necrozma (Dusk Mane Necrozma),22,53,12,44,7,-34,6578
947,Necrozma (Dawn Wings Necrozma),22,9,-6,88,25,-34,10126
948,Necrozma (Ultra Necrozma),22,63,-18,98,-5,18,14730
949,Magearna,5,-9,0,61,13,-46,6112
950,Marshadow,15,21,-35,21,-12,14,2672
951,Poipole,-8,-31,-48,4,-35,-38,6014
952,Naganadel,-2,-31,-42,58,-29,10,7034
953,Stakataka,-14,27,96,-16,-1,-98,20002
954,Blacephalon,-22,23,-62,82,-23,-4,12126
955,Zeraora,13,8,-40,33,-22,32,4430
956,Meltan,-29,-39,-50,-14,-67,-77,15476
957,Melmetal,60,39,28,11,-37,-77,13324
958,Grookey,-25,-39,-65,-29,-62,-46,13172
959,Thwackey,-5,-19,-45,-14,-42,-31,5332
960,Rillaboom,25,21,-25,-9,-32,-26,3472
961,Scorbunny,-25,-33,-75,-29,-62,-42,13788
962,Raboot,-10,-18,-55,-14,-42,-17,5698
963,Cinderace,5,12,-40,-4,-27,8,2578
964,Sobble,-25,-64,-75,1,-62,-41,15872
965,Drizzile,-10,-44,-60,26,-47,-21,8962
966,Inteleon,-5,-19,-50,56,-37,9,7472
967,Skwovet,-5,-49,-60,-34,-67,-86,19067
968,Greedent,45,-9,-20,-14,-27,-91,11712
969,Rookidee,-37,-57,-80,-36,-67,-54,19719
970,Corvisquire,-7,-37,-60,-26,-47,-34,9059
971,Corviknight,23,-17,-10,-16,-17,-44,3399
972,Blipbug,-50,-84,-95,-44,-57,-66,28122
973,Dottler,-25,-69,-35,-19,-12,-81,13677
974,Orbeetle,-15,-59,-5,11,18,-21,4617
975,Nickit,-35,-76,-87,-22,-50,-61,21275
976,Thievul,-5,-46,-57,18,-10,-21,6255
977,Gossifleur,-35,-64,-55,-29,-42,-101,21152
978,Eldegoss,-15,-54,-25,11,18,-51,6812
979,Wooloo,-33,-64,-60,-29,-57,-63,16844
980,Dubwool,-3,-24,-15,-9,-12,-23,1564
981,Chewtle,-25,-40,-65,-31,-64,-67,15996
982,Drednaw,15,11,-25,-21,-34,-37,3937
983,Yamper,-16,-59,-65,-29,-52,-85,18732
984,Boltund,-6,-14,-55,21,-42,10,5562
985,Rolycoly,-45,-64,-65,-29,-52,-81,20452
986,Carkol,5,-44,-25,-9,-32,-61,7412
987,Coalossal,35,-24,5,11,-12,-81,8652
988,Applin,-35,-64,-35,-29,-62,-91,19512
989,Flapple,-5,6,-35,26,-42,-41,5407
990,Appletun,35,-19,-35,31,-22,-81,10817
991,Silicobra,-23,-47,-40,-34,-52,-65,12423
992,Sandaconda,-3,3,10,-4,-32,-40,2758
993,Cramorant,-5,-19,-60,16,-7,-26,4967
994,Arrokuda,-34,-41,-75,-29,-72,-45,16512
995,Barraskewda,-14,19,-55,-9,-52,25,6992
996,Toxel,-35,-66,-80,-15,-67,-71,21736
997,Toxtricity,0,-6,-45,45,-32,-36,6406
998,Sizzlipede,-25,-39,-70,-19,-52,-66,14467
999,Centiskorch,25,11,-50,21,-12,-46,5947
1000,Clobbopus,-25,-36,-55,-19,-52,-79,14252
1001,Grapploct,5,14,-25,1,-22,-69,6092
1002,Sinistea,-35,-59,-70,5,-48,-61,15656
1003,Polteageist,-15,-39,-50,65,12,-41,10296
1004,Hatenna,-33,-74,-70,-13,-49,-72,19219
1005,Hattrem,-18,-64,-50,17,-29,-62,11894
1006,Hatterene,-18,-14,-20,67,1,-82,12134
1007,Impidimp,-30,-59,-85,-14,-62,-61,19367
1008,Morgrem,-10,-44,-70,6,-47,-41,10862
1009,Grimmsnarl,20,16,-50,26,-27,-51,7162
1010,Obstagoon,18,-14,-14,-9,-21,-16,1494
1011,Perrserker,-5,6,-15,-19,-42,-61,6132
1012,Cursola,-15,-9,-65,76,28,-81,17652
1013,Sirfetch'd,-13,31,-20,-1,-20,-46,4047
1014,Mr. Rime,5,-19,-40,41,-2,-41,5352
1015,Runerigus,-17,-9,30,-19,3,-81,8201
1016,Milcery,-30,-64,-75,-19,-41,-77,18592
1017,Alcremie,-10,-44,-40,41,19,-47,7887
1018,Falinks,-10,-4,-15,1,-42,-36,3402
1019,Pincurchin,-27,-3,-20,22,-17,-96,11127
1020,Snom,-45,-79,-80,-24,-72,-91,28707
1021,Frosmoth,-5,-39,-55,56,-12,-46,9967
1022,Stonjourner,25,21,20,-49,-82,-41,12272
1023,Eiscue (Ice Face),0,-24,-5,-4,-12,-61,4482
1024,Eiscue (Noice Face),0,-24,-45,-4,-52,19,5682
1025,Indeedee (Male),-15,-39,-60,36,-7,-16,6947
1026,Indeedee (Female),-5,-49,-50,26,3,-26,6287
1027,Morpeko,-17,-9,-57,1,-44,-14,5752
1028,Cufant,-3,-24,-66,-29,-53,-71,13632
1029,Copperajah,47,26,-46,11,-33,-81,12772
1030,Dracozolt,15,-4,-25,11,-32,-36,3307
1031,Arctozolt,15,-4,-25,21,-22,-56,4927
1032,Dracovish,15,-14,-15,1,-22,-36,2427
1033,Arctovish,15,-14,-15,11,-12,-56,4047
1034,Duraludon,-5,-9,0,51,-52,-26,6087
1035,Dreepy,-47,-44,-85,-29,-72,-29,18236
1036,Drakloak,-7,-24,-65,-9,-52,-9,7716
1037,Dragapult,13,16,-40,31,-27,31,4676
1038,Zacian (Hero of Many Battles),17,16,0,11,13,27,1564
1039,Zacian (Crowned Sword),17,46,0,11,13,37,4064
1040,Zamazenta (Hero of Many Battles),17,16,0,11,13,27,1564
1041,Zamazenta (Crowned Shield),17,16,25,11,38,17,3024
1042,Eternatus,65,-19,-20,76,-7,19,11172
1043,Eternatus (Eternamax Eternatus),180,11,135,56,148,19,76147
1044,Kubfu,-15,-14,-55,-16,-52,-39,7927
1045,Urshifu,25,26,-15,-6,-42,-14,3522
1046,Zarude,30,16,-10,1,-7,-6,1342
1047,Regieleki,5,-4,-65,31,-52,89,15852
1048,Regidrago,125,-4,-65,31,-52,-31,24492
1049,Glastrier,25,41,15,-4,8,-81,9172
1050,Spectrier,25,-39,-55,76,-22,19,11792
1051,Calyrex,25,-24,-35,11,-22,-31,3992
1052,Calyrex (Ice Rider Calyrex),25,61,35,16,28,-61,10332
1053,Calyrex (Shadow Rider Calyrex),25,-19,-35,96,-2,39,12952
1054,Wyrdeer,28,1,-43,36,-27,-46,6775
1055,Kleavor,-5,31,-20,-24,-32,-26,3662
1056,Ursaluna,55,36,-10,-24,-22,-61,9202
1057,Basculegion (Male),45,8,-50,11,-27,-33,6528
1058,Basculegion (Female),45,-12,-50,31,-27,-33,7448
1059,Sneasler,5,26,-55,-29,-22,9,5132
1060,Overqwil,10,11,-20,-4,-37,-26,2682
1061,Enamorus (Incarnate Forme),-1,11,-45,66,-22,-5,7012
1062,Enamorus (Therian Forme),-1,11,-5,66,-2,-65,8732
1063,Sprigatito,-35,-43,-61,-24,-57,-46,12736
1064,Floragato,-14,-24,-52,-9,-39,-28,5862
1065,Meowscarada,1,6,-45,12,-32,12,3374
1066,Fuecoco,-8,-59,-56,-6,-62,-75,16186
1067,Crocalor,6,-49,-37,21,-44,-62,10027
1068,Skeledirge,29,-29,-15,41,-27,-45,6342
1069,Quaxly,-20,-39,-70,-19,-57,-61,14152
1070,Quaxwell,-5,-19,-50,-4,-42,-46,6782
1071,Quaquaval,10,16,-35,16,-27,-26,3242
1072,Lechonk,-21,-59,-75,-34,-57,-76,19728
1073,Oinkologne (Male),35,-4,-40,-10,-22,-46,5541
1074,Oinkologne (Female),40,-14,-45,-10,-12,-46,6181
1075,Tarountula,-40,-63,-70,-40,-62,-91,24194
1076,Spidops,-15,-25,-23,-17,-16,-76,7700
1077,Nymble,-42,-58,-75,-48,-77,-66,23342
1078,Lokix,-4,-2,-37,-17,-47,-19,4248
1079,Pawmi,-30,-54,-95,-29,-77,-51,22212
1080,Pawmo,-15,-29,-75,-19,-62,-26,11572
1081,Pawmot,-5,11,-45,1,-42,-6,3972
1082,Tandemaus,-25,-54,-70,-29,-57,-36,13827
1083,Maushold,-1,-29,-45,-4,-27,0,3612
1084,Fidough,-38,-49,-45,-39,-47,-46,11716
1085,Dachsbun,-18,-24,0,-19,-22,-16,2001
1086,Smoliv,-34,-69,-70,-11,-51,-81,20100
1087,Dolliv,-23,-51,-55,9,-24,-78,12896
1088,Arboliva,3,-35,-25,56,7,-72,10228
1089,Squawkabilly,7,-8,-64,-24,-51,-19,7747
1090,Nacli,-20,-49,-40,-34,-67,-86,17442
1091,Naclstack,-15,-44,-15,-34,-37,-76,10687
1092,Garganacl,25,-4,15,-24,-12,-76,7362
1093,Charcadet,-35,-54,-75,-19,-62,-76,19747
1094,Armarouge,10,-44,-15,56,-22,-36,7177
1095,Ceruledge,0,21,-35,-9,-2,-26,2427
1096,Tadbulb,-14,-73,-74,-10,-67,-66,19946
1097,Bellibolt,34,-40,-24,34,-19,-66,9205
1098,Wattrel,-35,-64,-80,-14,-62,-41,17442
1099,Kilowattrel,-5,-34,-55,36,-42,14,7462
1100,Maschiff,-15,-26,-55,-29,-51,-60,10968
1101,Mabosstiff,5,16,-25,-9,-32,-26,2687
1102,Shroodle,-35,-39,-80,-29,-67,-36,15772
1103,Grafaiai,-12,-9,-50,11,-30,-1,3747
1104,Bramblin,-35,-39,-85,-24,-67,-51,17637
1105,Brambleghast,-20,11,-45,11,-32,-21,4132
1106,Toedscool,-35,-64,-80,-19,-2,-41,13767
1107,Toedscruel,5,-34,-50,11,18,-11,4247
1108,Klawf,-5,-4,0,-34,-47,-36,4702
1109,Capsakid,-25,-42,-75,-7,-62,-61,15628
1110,Scovillain,-10,4,-50,39,-37,-36,6802
1111,Rellor,-34,-54,-55,-38,-44,-81,17038
1112,Rabsca,0,-54,-30,46,-2,-66,10292
1113,Flittle,-45,-69,-85,-14,-72,-36,20687
1114,Espathra,20,-44,-55,32,-42,-6,8185
1115,Tinkatink,-25,-59,-70,-34,-38,-53,14415
1116,Tinkatuff,-10,-49,-60,-24,-20,-33,8166
1117,Tinkaton,10,-29,-38,1,3,-17,2684
1118,Wiglett,-65,-49,-90,-34,-77,-16,22067
1119,Wugtrio,-40,-4,-65,-19,-32,9,7307
1120,Bombirdier,-5,-1,-30,-9,-17,-29,2137
1121,Finizen,-5,-59,-75,-24,-62,-36,14847
1122,Palafin,25,-34,-43,-16,-40,-11,5607
1123,Palafin,25,56,-18,37,-15,-11,5800
1124,Varoom,-30,-34,-52,-39,-57,-64,13626
1125,Revavroom,5,15,-25,-15,-35,-21,2766
1126,Cyclizar,-5,-9,-50,16,-37,10,4331
1127,Orthworm,-5,-19,30,-9,-47,-46,5692
1128,Glimmet,-27,-69,-73,36,-42,-51,16480
1129,Glimmora,8,-49,-25,61,-21,-25,7877
1130,Greavard,-25,-43,-55,-39,-47,-77,15158
1131,Houndstone,-3,-3,-15,-19,-5,-43,2478
1132,Flamigo,7,11,-41,6,-38,-21,3772
1133,Cetoddle,33,-36,-70,-39,-62,-68,17274
1134,Cetitan,95,9,-50,-24,-47,-38,15835
1135,Veluza,15,-2,-42,9,-37,-41,5124
1136,Dondozo,75,-4,0,-4,-37,-76,12802
1137,Tatsugiri,-7,-54,-55,51,-7,-29,9481
1138,Annihilape,35,11,-35,-19,-12,-21,3517
1139,Clodsire,55,-29,-55,-24,-2,-91,15752
1140,Farigiraf,45,-14,-45,41,-32,-51,9552
1141,Dudunsparce,50,-4,-35,16,-27,-56,7862
1142,Kingambit,25,31,5,-9,-17,-61,5702
1143,Great Tusk,40,27,16,-16,-49,-24,5818
1144,Scream Tail,40,-39,-16,-4,13,0,3562
1145,Brute Bonnet,36,23,-16,10,-3,-56,5326
1146,Flutter Mane,-20,-49,-60,66,33,24,12422
1147,Slither Wing,10,31,-36,16,3,-30,3522
1148,Sandy Shocks,10,-23,-18,52,-17,-10,4046
1149,Iron Treads,15,8,5,3,-32,-5,1372
1150,Iron Bundle,-19,-24,-1,55,-42,25,6352
1151,Iron Hands,79,36,-7,-19,-34,-61,12824
1152,Iron Jugulis,19,-24,-29,53,-22,-3,5080
1153,Iron Moth,5,-34,-55,71,8,-1,9312
1154,Iron Thorns,25,30,-5,1,-18,-39,3396
1155,Frigibax,-10,-29,-70,-34,-57,-56,13382
1156,Arctibax,15,-9,-49,-24,-37,-49,7053
1157,Baxcalibur,40,41,-23,6,-16,-24,4678
1158,Gimmighoul (Chest Form),-30,-74,-45,6,-32,-101,19662
1159,Gimmighoul (Roaming Form),-30,-74,-90,6,-57,-31,18722
1160,Gholdengo,12,-44,-20,64,-11,-27,7426
1161,Wo-Chien,10,-19,-15,26,33,-41,4132
1162,Chien-Pao,5,16,-35,21,-37,24,3892
1163,Ting-Lu,80,6,10,-14,-22,-66,11572
1164,Chi-Yu,-20,-24,-35,66,18,-11,7002
1165,Roaring Moon,30,35,-44,-14,-1,8,4322
1166,Iron Valiant,-1,26,-25,51,-42,5,5692
1167,Koraidon,25,31,0,16,-2,24,2422
1168,Miraidon,25,-19,-15,66,13,24,6312
