Yafu LastName vs. Pokemon SSE,pokemon,D_HP,D_ATK,D_DEF,D_SPA,D_SPD,D_SPE,SSE
0,Bulbasaur,-36,-48,-11,5,-23,-37,5644
1,Ivysaur,-21,-35,3,20,-8,-22,2623
2,Venusaur,-1,-15,23,40,12,-2,2503
3,Venusaur (Mega Venusaur),-1,3,63,62,32,-2,8851
4,Charmander,-42,-45,-17,0,-38,-17,5811
5,Charmeleon,-23,-33,-2,20,-23,-2,2555
6,Charizard,-3,-13,18,49,-3,18,3236
7,Charizard (Mega Charizard X),-3,33,51,70,-3,18,8932
8,Charizard (Mega Charizard Y),-3,7,18,99,27,18,11236
9,Squirtle,-37,-49,5,-10,-24,-39,5992
10,Wartortle,-22,-34,20,5,-8,-24,2705
11,Blastoise,-2,-14,40,25,17,-4,2730
12,Blastoise (Mega Blastoise),-2,6,60,75,27,-4,10010
13,Caterpie,-36,-67,-25,-40,-68,-37,14003
14,Metapod,-31,-77,-5,-35,-63,-52,14813
15,Butterfree,-21,-52,-10,30,-8,-12,4353
16,Weedle,-41,-62,-30,-40,-68,-32,13673
17,Kakuna,-36,-72,-10,-35,-63,-47,13983
18,Beedrill,-16,-7,-20,-15,-8,-7,1043
19,Beedrill (Mega Beedrill),-16,53,-20,-45,-8,63,9523
20,Pidgey,-41,-52,-20,-25,-53,-26,8895
21,Pidgeotto,-18,-37,-5,-10,-38,-11,3383
22,Pidgeot,2,-17,15,10,-18,19,1303
23,Pidgeot (Mega Pidgeot),2,-17,20,75,-8,39,7903
24,Rattata,-51,-41,-25,-35,-53,-10,9041
25,Rattata (Alolan Rattata),-51,-41,-25,-35,-53,-10,9041
26,Raticate,-26,-16,0,-10,-18,15,1581
27,Raticate (Alolan Raticate),-6,-26,10,-20,-8,-5,1301
28,Spearow,-41,-37,-30,-29,-57,-12,8184
29,Fearow,-16,-7,5,1,-27,18,1384
30,Ekans,-46,-37,-16,-20,-34,-27,6026
31,Arbok,-21,-2,9,5,-9,-2,636
32,Pikachu,-46,-42,-20,-10,-38,8,5888
33,Pikachu (Partner Pikachu),-36,-17,-10,15,-28,38,4138
34,Raichu,-21,-7,-5,30,-8,28,2263
35,Raichu (Alolan Raichu),-21,-12,-10,35,-3,28,2703
36,Sandshrew,-31,-22,25,-40,-58,-42,8798
37,Sandshrew (Alolan Sandshrew),-31,-22,30,-50,-53,-42,9418
38,Sandslash,-6,3,50,-15,-33,-17,4148
39,Sandslash (Alolan Sandslash),-6,3,60,-35,-23,-17,5688
40,Nidoran♀,-26,-50,-8,-20,-48,-41,7625
41,Nidorina,-11,-35,7,-5,-33,-26,3185
42,Nidoqueen,9,-5,27,15,-3,-6,1105
43,Nidoran♂,-35,-40,-20,-20,-48,-32,6953
44,Nidorino,-20,-25,-3,-5,-33,-17,2437
45,Nidoking,0,5,17,25,-13,3,1117
46,Clefairy,-11,-52,-12,0,-23,-47,5707
47,Clefable,14,-27,13,35,2,-22,2807
48,Vulpix,-43,-56,-20,-10,-23,-17,6303
49,Vulpix (Alolan Vulpix),-43,-56,-20,-10,-23,-17,6303
50,Ninetales,-8,-21,15,21,12,18,1639
51,Ninetales (Alolan Ninetales),-8,-30,15,21,12,27,2503
52,Jigglypuff,34,-52,-40,-15,-63,-62,13498
53,Wigglytuff,59,-27,-15,25,-38,-37,7873
54,Zubat,-41,-52,-25,-30,-48,-27,8943
55,Golbat,-6,-17,10,5,-13,8,683
56,Oddish,-36,-47,-5,15,-23,-52,6988
57,Gloom,-21,-32,10,25,-13,-42,4123
58,Vileplume,-6,-17,25,50,2,-32,4478
59,Paras,-46,-27,-5,-15,-33,-57,7433
60,Parasect,-21,-2,20,0,-8,-52,3613
61,Venonat,-21,-42,-10,-20,-33,-37,5163
62,Venomoth,-11,-32,0,30,-13,8,2278
63,Diglett,-71,-42,-35,-25,-43,13,10673
64,Diglett (Alolan Diglett),-71,-42,-30,-25,-43,8,10243
65,Dugtrio,-46,3,-10,-10,-18,38,4093
66,Dugtrio (Alolan Dugtrio),-46,3,0,-10,-18,28,3333
67,Meowth,-41,-52,-25,-20,-48,8,7778
68,Meowth (Alolan Meowth),-41,-62,-25,-10,-48,8,8618
69,Meowth (Galarian Meowth),-31,-32,-5,-20,-48,-42,6478
70,Persian,-16,-27,0,5,-23,33,2628
71,Persian (Alolan Persian),-16,-37,0,15,-23,33,3468
72,Psyduck,-31,-45,-12,5,-38,-27,5328
73,Golduck,-1,-15,18,35,-8,3,1848
74,Mankey,-41,-17,-25,-25,-43,-12,5213
75,Primeape,-16,8,0,0,-18,13,813
76,Growlithe,-26,-27,-15,10,-38,-22,3658
77,Growlithe (Hisuian Growlithe),-21,-22,-15,5,-38,-27,3348
78,Arcanine,9,13,20,40,-8,13,2483
79,Arcanine (Hisuian Arcanine),14,18,20,35,-8,8,2273
80,Poliwag,-41,-47,-20,-20,-48,8,7058
81,Poliwhirl,-16,-32,5,-10,-38,8,2913
82,Poliwrath,9,-2,35,10,2,-12,1558
83,Abra,-56,-77,-45,45,-33,8,14268
84,Kadabra,-41,-62,-30,60,-18,23,10878
85,Alakazam,-26,-47,-15,75,7,38,10228
86,Alakazam (Mega Alakazam),-26,-47,5,115,17,68,21048
87,Machop,-11,-17,-10,-25,-53,-47,6153
88,Machoke,-1,3,10,-10,-28,-37,2363
89,Machamp,9,33,20,5,-3,-27,2333
90,Bellsprout,-31,-22,-25,10,-58,-42,7298
91,Weepinbell,-16,-7,-10,25,-43,-27,3608
92,Victreebel,-1,8,5,40,-18,-12,2158
93,Tentacool,-41,-57,-25,-10,12,-12,5943
94,Tentacruel,-1,-27,5,20,32,18,2503
95,Geodude,-41,-17,40,-30,-58,-62,11678
96,Geodude (Alolan Geodude),-41,-17,40,-30,-58,-62,11678
97,Graveler,-26,-2,55,-15,-43,-47,7988
98,Graveler (Alolan Graveler),-26,-2,55,-15,-43,-47,7988
99,Golem,-1,23,70,-5,-23,-37,7353
100,Golem (Alolan Golem),-1,23,70,-5,-23,-37,7353
101,Ponyta,-31,-12,-5,5,-23,8,1748
102,Ponyta (Galarian Ponyta),-31,-12,-5,5,-23,8,1748
103,Rapidash,-16,3,10,20,-8,23,1358
104,Rapidash (Galarian Rapidash),-16,3,10,20,-8,23,1358
105,Slowpoke,9,-32,5,-20,-48,-67,8323
106,Slowpoke (Galarian Slowpoke),9,-32,5,-20,-48,-67,8323
107,Slowbro,14,-22,50,40,-8,-52,7548
108,Slowbro (Mega Slowbro),14,-22,120,70,-8,-52,22748
109,Slowbro (Galarian Slowbro),14,3,35,40,-18,-52,6058
110,Magnemite,-56,-62,10,35,-33,-37,10763
111,Magneton,-31,-37,35,60,-18,-12,7623
112,Farfetch'd,-29,-7,-5,-2,-26,-22,2079
113,Farfetch'd (Galarian Farfetch'd),-29,-2,-5,-2,-26,-27,2279
114,Doduo,-46,-12,-15,-25,-53,-7,5968
115,Dodrio,-21,13,10,0,-28,28,2278
116,Seel,-16,-52,-5,-15,-18,-37,4903
117,Dewgong,9,-27,20,10,7,-12,1503
118,Grimer,-1,-17,-10,-20,-38,-57,5483
119,Grimer (Alolan Grimer),-1,-17,-10,-20,-38,-57,5483
120,Muk,24,8,15,5,12,-32,2058
121,Muk (Alolan Muk),24,8,15,5,12,-32,2058
122,Shellder,-51,-32,40,-15,-63,-42,11183
123,Cloyster,-31,-2,120,25,-43,-12,17983
124,Gastly,-51,-62,-30,40,-53,-2,11758
125,Haunter,-36,-47,-15,55,-33,13,8013
126,Gengar,-21,-32,0,70,-13,28,7318
127,Gengar (Mega Gengar),-21,-32,20,110,7,48,16318
128,Onix,-46,-52,100,-30,-43,-12,17713
129,Drowzee,-21,-49,-15,-17,2,-40,4960
130,Hypno,4,-24,10,13,27,-15,1815
131,Krabby,-51,8,30,-35,-63,-32,9783
132,Kingler,-26,33,55,-10,-38,-7,6383
133,Voltorb,-41,-67,-10,-5,-33,18,7708
134,Voltorb (Hisuian Voltorb),-41,-67,-10,-5,-33,18,7708
135,Electrode,-21,-47,10,20,-8,68,7838
136,Electrode (Hisuian Electrode),-21,-47,10,20,-8,68,7838
137,Exeggcute,-21,-57,20,0,-43,-42,7703
138,Exeggutor,14,-2,25,65,-13,-27,5948
139,Exeggutor (Alolan Exeggutor),14,8,25,65,-13,-37,6648
140,Cubone,-31,-47,35,-20,-38,-47,8448
141,Marowak,-21,-17,50,-10,-8,-37,4763
142,Marowak (Alolan Marowak),-21,-17,50,-10,-8,-37,4763
143,Hitmonlee,-31,23,-7,-25,22,5,2673
144,Hitmonchan,-31,8,19,-25,22,-6,2531
145,Lickitung,9,-42,15,0,-13,-52,4943
146,Koffing,-41,-32,35,0,-43,-47,7988
147,Weezing,-16,-7,60,25,-18,-22,5338
148,Weezing (Galarian Weezing),-16,-7,60,25,-18,-22,5338
149,Rhyhorn,-1,-12,35,-30,-58,-57,8883
150,Rhydon,24,33,60,-15,-43,-42,9103
151,Chansey,169,-92,-55,-25,17,-32,41988
152,Tangela,-16,-42,55,40,-48,-22,9433
153,Kangaskhan,24,-2,20,-20,-8,8,1508
154,Kangaskhan (Mega Kangaskhan),24,28,40,0,12,18,3428
155,Horsea,-51,-57,10,10,-63,-22,10503
156,Seadra,-26,-32,35,35,-43,3,6008
157,Goldeen,-36,-30,0,-25,-38,-19,4626
158,Seaking,-1,-5,5,5,-8,-14,336
159,Staryu,-51,-52,-5,10,-33,3,6528
160,Starmie,-21,-22,25,40,-3,33,4248
161,Mr. Mime,-41,-52,5,40,32,8,7098
162,Mr. Mime (Galarian Mr. Mime),-31,-32,5,30,2,18,3238
163,Scyther,-11,13,20,-5,-8,23,1308
164,Jynx,-16,-47,-25,55,7,13,6333
165,Electabuzz,-16,-14,-3,35,-3,23,2224
166,Magmar,-16,-2,-3,40,-3,11,1999
167,Pinsir,-16,28,40,-5,-18,3,2998
168,Pinsir (Mega Pinsir),-16,58,60,5,2,23,7778
169,Tauros,-6,3,35,-20,-18,28,2778
170,Tauros (Paldean Tauros (Combat Breed)),-6,13,45,-30,-18,18,3778
171,Tauros (Paldean Tauros (Blaze Breed)),-6,13,45,-30,-18,18,3778
172,Tauros (Paldean Tauros (Aqua Breed)),-6,13,45,-30,-18,18,3778
173,Magikarp,-61,-87,-5,-45,-68,-2,17968
174,Gyarados,14,28,19,0,12,-1,1486
175,Gyarados (Mega Gyarados),14,58,49,10,42,-1,7826
176,Lapras,49,-12,20,25,7,-22,4103
177,Ditto,-33,-49,-12,-12,-40,-34,6534
178,Eevee,-26,-42,-10,-15,-23,-27,4023
179,Eevee (Partner Eevee),-16,-22,10,5,-3,-7,923
180,Vaporeon,49,-32,0,50,7,-17,6263
181,Jolteon,-16,-32,0,50,7,48,6133
182,Flareon,-16,33,0,35,22,-17,3343
183,Porygon,-16,-37,10,25,-13,-42,4283
184,Omanyte,-46,-57,40,30,-33,-47,11163
185,Omastar,-11,-37,65,55,-18,-27,9793
186,Kabuto,-51,-17,30,-5,-43,-27,6393
187,Kabutops,-21,18,45,5,-18,-2,3143
188,Aerodactyl,-1,8,5,0,-13,48,2563
189,Aerodactyl (Mega Aerodactyl),-1,38,25,10,7,68,6843
190,Snorlax,79,13,5,5,22,-52,9648
191,Articuno,9,-12,40,35,37,3,4428
192,Articuno (Galarian Articuno),9,-12,25,65,12,13,5388
193,Zapdos,9,-7,25,65,2,18,5308
194,Zapdos (Galarian Zapdos),9,28,30,25,2,18,2718
195,Moltres,9,3,30,65,-3,8,5288
196,Moltres (Galarian Moltres),9,-12,30,40,37,8,4158
197,Dratini,-40,-33,-15,-10,-38,-32,5482
198,Dragonair,-20,-13,5,10,-18,-12,1162
199,Dragonite,10,37,35,40,12,-2,4442
200,Mewtwo,25,13,30,94,2,48,12838
201,Mewtwo (Mega Mewtwo X),25,93,40,94,12,48,22158
202,Mewtwo (Mega Mewtwo Y),25,53,10,134,32,58,25878
203,Mew,19,3,40,40,12,18,4038
204,Chikorita,-36,-48,5,-11,-23,-37,5644
205,Bayleef,-21,-35,20,3,-8,-22,2623
206,Meganium,-1,-15,40,23,12,-2,2503
207,Cyndaquil,-42,-45,-17,0,-38,-17,5811
208,Quilava,-23,-33,-2,20,-23,-2,2555
209,Typhlosion,-3,-13,18,49,-3,18,3236
210,Typhlosion (Hisuian Typhlosion),-8,-13,18,59,-3,13,4216
211,Totodile,-31,-32,4,-16,-40,-39,5378
212,Croconaw,-16,-17,20,-1,-25,-24,2147
213,Feraligatr,4,8,40,19,-5,-4,2082
214,Sentret,-46,-51,-26,-25,-43,-62,11711
215,Furret,4,-21,4,-15,-33,8,1851
216,Hoothoot,-21,-67,-30,-24,-32,-32,8454
217,Noctowl,19,-47,-10,26,8,-12,3554
218,Ledyba,-41,-77,-30,-20,-8,-27,9703
219,Ledian,-26,-62,-10,-5,22,3,5138
220,Spinarak,-41,-37,-20,-20,-48,-52,8858
221,Ariados,-11,-7,10,0,-18,-42,2358
222,Crobat,4,-7,20,10,-8,48,2933
223,Chinchou,-6,-59,-22,-4,-32,-15,5266
224,Lanturn,44,-39,-2,16,-12,-15,4086
225,Pichu,-61,-57,-45,-25,-53,-22,12913
226,Cleffa,-31,-72,-32,-15,-33,-67,12972
227,Igglybuff,9,-67,-45,-20,-68,-67,16108
228,Togepi,-46,-77,5,-20,-23,-62,12843
229,Togetic,-26,-57,25,20,17,-42,7003
230,Natu,-41,-47,-15,10,-43,-12,6208
231,Xatu,-16,-22,10,35,-18,13,2558
232,Mareep,-26,-57,-20,5,-43,-47,8408
233,Flaaffy,-11,-42,-5,20,-28,-37,4463
234,Ampharos,9,-22,25,55,2,-27,4948
235,Ampharos (Mega Ampharos),9,-2,45,105,22,-37,14988
236,Bellossom,-6,-17,35,30,12,-32,3618
237,Marill,-11,-77,-10,-40,-38,-42,10958
238,Azumarill,19,-47,20,0,-8,-32,4058
239,Sudowoodo,-11,3,55,-30,-23,-52,7288
240,Politoed,9,-22,15,30,12,-12,1978
241,Hoppip,-46,-62,-20,-25,-33,-32,9098
242,Skiploom,-26,-52,-10,-15,-23,-2,4238
243,Jumpluff,-6,-42,10,-5,7,28,2758
244,Aipom,-26,-27,-5,-20,-33,3,2928
245,Sunkern,-51,-67,-30,-30,-58,-52,14958
246,Sunflora,-6,-22,-5,45,-3,-52,5283
247,Yanma,-16,-32,-15,15,-43,13,3748
248,Wooper,-26,-52,-15,-35,-63,-67,13288
249,Wooper (Paldean Wooper),-26,-52,-15,-35,-63,-67,13288
250,Quagsire,14,-12,25,5,-23,-47,3728
251,Espeon,-16,-32,0,70,7,28,7013
252,Umbreon,14,-32,50,0,42,-17,5773
253,Murkrow,-21,-12,-18,25,-46,9,3731
254,Slowking,14,-22,20,40,22,-52,5868
255,Slowking (Galarian Slowking),14,-32,20,50,22,-52,7308
256,Misdreavus,-21,-37,0,25,-3,3,2453
257,Unown,-33,-25,-12,12,-40,-34,4758
258,Wobbuffet,109,-64,-2,-27,-30,-49,20011
259,Girafarig,-11,-17,5,30,-23,3,1873
260,Pineco,-31,-32,30,-25,-53,-67,10808
261,Forretress,-6,-7,80,0,-28,-42,9033
262,Dunsparce,19,-27,10,5,-23,-37,3113
263,Gligar,-16,-22,45,-25,-23,3,3928
264,Steelix,-6,-12,140,-5,-23,-52,23038
265,Steelix (Mega Steelix),-6,28,170,-5,7,-52,32498
266,Snubbull,-21,-17,-10,-20,-48,-52,6238
267,Granbull,9,23,15,0,-28,-37,2988
268,Qwilfish,-16,-2,25,-5,-33,3,2008
269,Qwilfish (Hisuian Qwilfish),-16,-2,25,-5,-33,3,2008
270,Scizor,-11,33,40,-5,-8,-17,3188
271,Scizor (Mega Scizor),-11,53,80,5,12,-7,9548
272,Shuckle,-61,-87,170,-50,142,-77,68783
273,Heracross,-1,28,15,-20,7,3,1468
274,Heracross (Mega Heracross),-1,88,55,-20,17,-7,11508
275,Sneasel,-26,-2,-5,-25,-13,33,2588
276,Sneasel (Hisuian Sneasel),-26,-2,-5,-25,-13,33,2588
277,Teddiursa,-21,-17,-10,-10,-38,-42,4138
278,Ursaring,9,33,15,15,-13,-27,2518
279,Slugma,-41,-57,-20,10,-48,-62,11578
280,Magcargo,-21,-47,60,30,-8,-52,9918
281,Swinub,-31,-47,-20,-30,-58,-32,8858
282,Piloswine,19,3,20,0,-28,-32,2578
283,Corsola,-16,-42,35,5,7,-47,5528
284,Corsola (Galarian Corsola),-21,-42,40,5,12,-52,6678
285,Remoraid,-46,-32,-25,5,-53,-17,6888
286,Octillery,-6,8,15,45,-13,-37,3888
287,Delibird,-36,-42,-15,5,-43,-7,5208
288,Mantine,4,-57,10,20,52,-12,6613
289,Skarmory,-16,-17,80,-20,-18,-12,7813
290,Houndour,-36,-37,-30,20,-38,-17,5698
291,Houndoom,-6,-7,-10,50,-8,13,2918
292,Houndoom (Mega Houndoom),-6,-7,30,80,2,33,8478
293,Kingdra,-6,-2,35,35,7,3,2548
294,Phanpy,9,-37,0,-20,-48,-42,5918
295,Donphan,9,23,60,0,-28,-32,6018
296,Porygon2,4,-17,30,45,7,-22,3763
297,Stantler,-8,-2,2,25,-23,3,1235
298,Smeargle,-26,-77,-25,-40,-43,-7,10728
299,Tyrogue,-46,-62,-25,-25,-53,-47,12228
300,Hitmontop,-31,-2,35,-25,22,-12,3443
301,Smoochum,-36,-67,-45,25,-23,-17,9253
302,Elekid,-36,-34,-23,5,-33,13,4264
303,Magby,-36,-22,-23,10,-33,1,3499
304,Miltank,14,-17,45,-20,-18,18,3558
305,Blissey,174,-87,-50,15,47,-27,43508
306,Raikou,9,-12,15,55,12,33,4708
307,Entei,34,18,25,30,-13,18,3498
308,Suicune,19,-22,55,30,27,3,5508
309,Larvitar,-31,-33,-10,-15,-38,-41,5500
310,Pupitar,-11,-13,10,5,-18,-31,1700
311,Tyranitar,19,37,50,35,12,-21,6040
312,Tyranitar (Mega Tyranitar),19,67,90,35,32,-11,15320
313,Lugia,25,-7,70,30,66,28,11614
314,Ho-Oh,25,33,30,50,66,8,9534
315,Celebi,19,3,40,40,12,18,4038
316,Treecko,-41,-52,-25,5,-33,-12,6268
317,Grovyle,-31,-32,-15,25,-23,13,3533
318,Sceptile,-11,-12,5,45,-3,38,3768
319,Sceptile (Mega Sceptile),-11,13,15,85,-3,63,11718
320,Torchic,-36,-37,-20,10,-38,-37,5978
321,Combusken,-21,-12,0,25,-28,-27,2723
322,Blaziken,-1,23,10,50,-18,-2,3458
323,Blaziken (Mega Blaziken),-1,63,20,70,-8,18,9658
324,Mudkip,-31,-27,-10,-10,-38,-42,5098
325,Marshtomp,-11,-12,10,0,-18,-32,1713
326,Swampert,19,13,30,25,2,-22,2543
327,Swampert (Mega Swampert),19,53,50,35,22,-12,7523
328,Poochyena,-46,-42,-25,-30,-58,-47,10978
329,Mightyena,-11,-7,10,0,-28,-12,1198
330,Zigzagoon,-43,-67,-19,-30,-47,-22,10292
331,Zigzagoon (Galarian Zigzagoon),-43,-67,-19,-30,-47,-22,10292
332,Linoone,-3,-27,1,-10,-27,18,1892
333,Linoone (Galarian Linoone),-3,-27,1,-10,-27,18,1892
334,Wurmple,-36,-52,-25,-40,-58,-62,13433
335,Silcoon,-31,-62,-5,-35,-63,-67,14513
336,Beautifly,-21,-27,-10,40,-38,-17,4603
337,Cascoon,-31,-62,-5,-35,-63,-67,14513
338,Dustox,-21,-47,10,-10,2,-17,3143
339,Lotad,-41,-67,-30,-20,-38,-52,11618
340,Lombre,-21,-47,-10,0,-18,-32,4098
341,Ludicolo,-1,-27,10,30,12,-12,2018
342,Seedot,-41,-57,-10,-30,-58,-52,11998
343,Nuzleaf,-11,-27,-20,0,-48,-22,4038
344,Shiftry,9,3,0,30,-28,-2,1778
345,Taillow,-41,-42,-30,-30,-58,3,8618
346,Swellow,-21,-12,0,15,-38,43,4103
347,Wingull,-41,-67,-30,-5,-58,3,10468
348,Pelipper,-21,-47,40,35,-18,-17,6088
349,Ralts,-53,-72,-35,-15,-53,-42,14016
350,Kirlia,-43,-62,-25,5,-33,-32,8456
351,Gardevoir,-13,-32,5,65,27,-2,6176
352,Gardevoir (Mega Gardevoir),-13,-12,5,105,47,18,13896
353,Surskit,-41,-67,-28,-10,-36,-17,8639
354,Masquerain,-11,-37,2,40,-6,-2,3134
355,Shroomish,-21,-57,0,-20,-28,-47,7083
356,Breloom,-21,33,20,0,-28,-12,2858
357,Slakoth,-21,-37,0,-25,-53,-52,7948
358,Vigoroth,-1,-17,20,-5,-33,8,1868
359,Slaking,69,63,40,35,-23,18,12408
360,Nincada,-50,-52,30,-30,-58,-42,12132
361,Ninjask,-20,-7,-15,-10,-38,78,8302
362,Shedinja,-80,-7,-15,-30,-58,-42,12702
363,Whismur,-17,-46,-37,-9,-65,-54,10996
364,Loudred,3,-26,-17,11,-45,-34,4276
365,Exploud,23,-6,3,31,-15,-14,1956
366,Makuhita,-9,-37,-30,-40,-58,-57,10563
367,Hariyama,63,23,0,-20,-28,-32,6706
368,Azurill,-31,-77,-20,-40,-48,-62,15038
369,Nosepass,-51,-52,75,-15,2,-52,13863
370,Skitty,-31,-52,-15,-25,-53,-32,8348
371,Delcatty,-11,-32,5,-5,-33,8,2348
372,Sableye,-31,-22,15,5,-23,-32,3248
373,Sableye (Mega Sableye),-31,-12,65,25,27,-62,10528
374,Mawile,-31,-12,25,-5,-33,-32,3868
375,Mawile (Mega Mawile),-31,8,65,-5,7,-32,6348
376,Aron,-31,-27,40,-20,-48,-52,8698
377,Lairon,-21,-7,80,-10,-38,-42,10198
378,Aggron,-11,13,120,0,-28,-32,16498
379,Aggron (Mega Aggron),-11,43,170,0,-8,-32,31958
380,Meditite,-51,-57,-5,-20,-33,-22,7848
381,Medicham,-21,-37,15,0,-13,-2,2208
382,Medicham (Mega Medicham),-21,3,25,20,-3,18,1808
383,Electrike,-41,-52,-20,5,-48,-17,7403
384,Manectric,-11,-22,0,45,-28,23,3943
385,Manectric (Mega Manectric),-11,-22,20,75,-8,53,9503
386,Plusle,-21,-47,-20,25,-13,13,4013
387,Minun,-21,-57,-10,15,-3,13,4193
388,Volbeat,-16,-24,15,-13,-3,3,1244
389,Illumise,-16,-50,15,13,-3,3,3168
390,Roselia,-31,-37,-15,40,-8,-17,4508
391,Gulpin,-11,-54,-7,-17,-35,-42,6364
392,Swalot,19,-24,23,13,-5,-27,2389
393,Carvanha,-36,-7,-40,5,-68,-17,7883
394,Sharpedo,-11,23,-20,35,-48,13,4748
395,Sharpedo (Mega Sharpedo),-11,43,10,50,-23,23,5628
396,Wailmer,49,-27,-25,10,-53,-22,7148
397,Wailord,89,-7,-15,30,-43,-22,11428
398,Numel,-21,-37,-20,5,-43,-47,6293
399,Camerupt,-11,3,10,45,-13,-42,4188
400,Camerupt (Mega Camerupt),-11,23,40,85,17,-62,13608
401,Torkoal,-11,-12,80,25,-18,-62,11458
402,Spoink,-21,-72,-25,10,-8,-22,6898
403,Grumpig,-1,-52,5,30,22,-2,4118
404,Spinda,-21,-37,0,0,-28,-22,3078
405,Trapinch,-36,3,-15,-15,-43,-72,8788
406,Vibrava,-31,-27,-10,-10,-38,-12,3478
407,Flygon,-1,3,20,20,-8,18,1198
408,Cacnea,-31,-12,-20,25,-48,-47,6643
409,Cacturne,-11,18,0,55,-28,-27,4983
410,Swablu,-36,-57,0,-20,-13,-32,6138
411,Altaria,-6,-27,30,10,17,-2,2058
412,Altaria (Mega Altaria),-6,13,50,50,17,-2,5498
413,Zangoose,-8,18,0,0,-28,8,1236
414,Seviper,-8,3,0,40,-28,-17,2746
415,Lunatone,9,-42,5,35,-3,-12,3248
416,Solrock,9,-2,25,-5,-23,-12,1408
417,Barboach,-31,-49,-17,-14,-47,-22,6540
418,Whiscash,29,-19,13,16,-17,-22,2400
419,Corphish,-38,-17,5,-10,-53,-47,6876
420,Crawdaunt,-18,23,25,30,-33,-27,4196
421,Baltoy,-41,-57,-5,-20,-18,-27,6408
422,Claydol,-21,-27,45,10,32,-7,4368
423,Lileep,-15,-56,17,1,-1,-59,7133
424,Cradily,5,-16,37,21,19,-39,3973
425,Anorith,-36,-2,-10,-20,-38,-7,3293
426,Armaldo,-6,28,40,10,-8,-37,3953
427,Feebas,-61,-82,-40,-50,-33,-2,15638
428,Milotic,14,-37,19,40,37,-1,4896
429,Castform,-11,-27,10,10,-18,-12,1518
430,Kecleon,-21,-7,10,0,32,-42,3378
431,Shuppet,-37,-22,-25,3,-55,-37,6881
432,Banette,-17,18,5,23,-25,-17,2081
433,Banette (Mega Banette),-17,68,15,33,-5,-7,6301
434,Duskull,-61,-57,30,-30,2,-57,12023
435,Dusclops,-41,-27,70,0,42,-57,12323
436,Tropius,18,-29,23,12,-1,-31,2800
437,Chimecho,-6,-47,20,35,2,-17,4163
438,Absol,-16,33,0,15,-28,-7,2403
439,Absol (Mega Absol),-16,53,0,55,-28,33,7963
440,Wynaut,14,-74,-12,-37,-40,-59,12266
441,Snorunt,-31,-47,-10,-10,-38,-32,5838
442,Glalie,-1,-17,20,20,-8,-2,1158
443,Glalie (Mega Glalie),-1,23,20,60,-8,18,4918
444,Spheal,-11,-57,-10,-5,-38,-57,8188
445,Sealeo,9,-37,10,15,-18,-37,3468
446,Walrein,29,-17,30,35,2,-17,3548
447,Clamperl,-46,-33,25,14,-33,-50,7615
448,Huntail,-26,7,45,34,-13,-30,4975
449,Gorebyss,-26,-13,45,54,-13,-30,6855
450,Relicanth,19,-7,70,-15,-23,-27,6793
451,Luvdisc,-38,-67,-5,-20,-23,15,7112
452,Bagon,-36,-22,0,-20,-58,-32,6568
453,Shelgon,-16,-2,40,0,-38,-32,4328
454,Salamence,14,38,20,50,-8,18,4928
455,Salamence (Mega Salamence),14,48,70,60,2,38,12448
456,Beldum,-41,-42,20,-25,-28,-52,7958
457,Metang,-21,-22,40,-5,-8,-32,3638
458,Metagross,-1,38,70,35,2,-12,7718
459,Metagross (Mega Metagross),-1,48,90,45,22,28,13698
460,Regirock,-1,3,140,-10,12,-32,20878
461,Regice,-1,-47,40,40,112,-32,18978
462,Registeel,-1,-22,90,15,62,-32,13678
463,Latias,-1,-17,30,50,42,28,6238
464,Latias (Mega Latias),-1,3,60,80,62,28,14638
465,Latios,-1,-7,20,70,22,28,6618
466,Latios (Mega Latios),-1,33,40,100,32,28,14498
467,Kyogre,19,3,30,90,52,8,12138
468,Kyogre (Primal Kyogre),19,53,30,120,72,8,23718
469,Groudon,19,53,80,40,2,8,11238
470,Groudon (Primal Groudon),19,83,100,90,2,8,25418
471,Rayquaza,24,53,30,90,2,13,12558
472,Rayquaza (Mega Rayquaza),24,83,40,120,12,33,24698
473,Jirachi,19,3,40,40,12,18,4038
474,Deoxys (Normal Forme),-31,53,-10,90,-38,68,18038
475,Deoxys (Attack Forme),-31,83,-40,120,-68,68,33098
476,Deoxys (Defense Forme),-31,-27,100,10,72,8,17038
477,Deoxys (Speed Forme),-31,-2,30,35,2,98,12698
478,Turtwig,-26,-29,4,-15,-33,-51,5448
479,Grotle,-6,-8,25,-5,-23,-46,3395
480,Torterra,14,12,45,15,-3,-26,3275
481,Chimchar,-37,-39,-16,-2,-44,-21,5527
482,Monferno,-17,-19,-8,18,-36,-1,2335
483,Infernape,-5,7,11,44,-17,26,3096
484,Piplup,-28,-46,-7,1,-32,-42,5738
485,Prinplup,-17,-31,8,21,-12,-32,2923
486,Empoleon,3,-11,28,51,13,-22,4168
487,Starly,-41,-42,-30,-30,-58,-22,9093
488,Staravia,-26,-22,-10,-20,-48,-2,3968
489,Staraptor,4,23,10,-10,-28,18,1853
490,Bidoof,-22,-52,-20,-25,-48,-51,9118
491,Bibarel,-2,-12,0,-5,-28,-11,1078
492,Kricketot,-44,-72,-19,-35,-47,-57,14164
493,Kricketune,-4,-12,-9,-5,-37,-17,1924
494,Shinx,-36,-32,-26,-20,-54,-37,7681
495,Luxio,-21,-12,-11,0,-39,-22,2711
496,Luxray,-1,23,19,35,-9,-12,2341
497,Budew,-41,-67,-25,-10,-18,-27,7948
498,Roserade,-21,-27,5,65,17,8,5773
499,Cranidos,-14,28,-20,-30,-58,-24,6220
500,Rampardos,16,68,0,5,-38,-24,6925
501,Shieldon,-51,-55,58,-18,0,-52,12018
502,Bastiodon,-21,-45,108,-13,50,-52,19503
503,Burmy,-41,-68,-15,-31,-43,-46,11456
504,Wormadam (Plant Cloak),-21,-38,25,19,17,-46,5276
505,Wormadam (Sandy Cloak),-21,-18,45,-1,-3,-46,4916
506,Wormadam (Trash Cloak),-21,-28,35,9,7,-46,4696
507,Mothim,-11,-3,-10,34,-38,-16,3086
508,Combee,-51,-67,-18,-30,-46,-12,10574
509,Vespiquen,-11,-17,42,20,14,-42,4534
510,Pachirisu,-21,-52,10,-15,2,13,3643
511,Buizel,-26,-32,-25,0,-58,3,5698
512,Floatzel,4,8,-5,25,-38,33,3263
513,Cherubi,-36,-62,-15,2,-35,-47,8803
514,Cherrim,-11,-37,10,27,-10,3,2428
515,Shellos,-5,-49,-12,-3,-26,-48,5559
516,Gastrodon,30,-14,8,32,-6,-43,4069
517,Ambipom,-6,3,6,0,-22,33,1654
518,Drifloon,9,-47,-26,0,-44,-12,5046
519,Drifblim,69,-17,-16,30,-34,-2,7366
520,Buneary,-26,-31,-16,-16,-32,3,3182
521,Lopunny,-16,-21,24,-6,8,23,1902
522,Lopunny (Mega Lopunny),-16,39,34,-6,8,53,5842
523,Mismagius,-21,-37,0,45,17,23,4653
524,Honchkrow,19,28,-8,45,-36,-11,4651
525,Glameow,-32,-42,-18,-18,-51,3,6046
526,Purugly,-10,-15,4,4,-29,30,2098
527,Chingling,-36,-67,-10,5,-38,-37,8723
528,Stunky,-18,-34,-13,-19,-47,-8,4283
529,Skuntank,22,-4,7,11,-27,2,1403
530,Bronzor,-24,-73,26,-36,-2,-59,11362
531,Bronzong,-14,-8,56,19,28,-49,6942
532,Bonsly,-31,-17,35,-50,-43,-72,12008
533,Mime Jr.,-61,-72,-15,10,2,-22,9718
534,Happiny,19,-92,-55,-45,-23,-52,17108
535,Chatot,-5,-32,-15,32,-46,9,4495
536,Spiritomb,-31,-5,48,32,20,-47,6923
537,Gible,-23,-27,-15,-20,-43,-40,5332
538,Gabite,-13,-7,5,-10,-33,0,1432
539,Garchomp,27,33,35,20,-3,20,3852
540,Garchomp (Mega Garchomp),27,73,55,60,7,10,12832
541,Munchlax,54,-12,-20,-20,-3,-77,9798
542,Riolu,-41,-27,-20,-25,-48,-22,6223
543,Lucario,-11,13,10,55,-18,8,3803
544,Lucario (Mega Lucario),-11,48,28,80,-18,30,10833
545,Hippopotas,-13,-25,18,-22,-46,-50,6218
546,Hippowdon,27,15,58,8,-16,-35,5863
547,Skorupi,-41,-47,30,-30,-33,-17,7068
548,Drapion,-11,-7,50,0,-13,13,3008
549,Croagunk,-33,-36,-20,1,-48,-32,6114
550,Toxicroak,2,9,5,26,-23,3,1324
551,Carnivine,-7,3,12,30,-16,-36,2654
552,Finneon,-32,-48,-4,-11,-27,-16,4450
553,Lumineon,-12,-28,16,9,-2,9,1350
554,Mantyke,-36,-77,-10,0,32,-32,9373
555,Snover,-21,-35,-10,2,-28,-42,4318
556,Abomasnow,9,-5,15,32,-3,-22,1848
557,Abomasnow (Mega Abomasnow),9,35,45,72,17,-52,11508
558,Weavile,-11,23,5,-15,-3,43,2758
559,Magnezone,-11,-27,55,70,2,-22,9263
560,Lickilicky,29,-12,35,20,7,-32,3683
561,Rhyperior,34,43,70,-5,-33,-42,10783
562,Tangrowth,19,3,65,50,-38,-32,9563
563,Electivire,-6,26,7,35,-3,13,2164
564,Magmortar,-6,-2,7,65,7,1,4364
565,Togekiss,4,-47,35,60,27,-2,7783
566,Yanmega,5,-21,26,56,-32,13,5471
567,Leafeon,-16,13,70,0,-23,13,6023
568,Glaceon,-16,-37,50,70,7,-17,9363
569,Gliscor,-6,-2,65,-15,-13,13,4828
570,Mamoswine,29,33,20,10,-28,-2,3218
571,Porygon-Z,4,-17,10,75,-13,8,6263
572,Gallade,-13,28,5,5,27,-2,1736
573,Gallade (Mega Gallade),-13,68,35,5,27,28,7556
574,Probopass,-21,-42,85,15,62,-42,15263
575,Dusknoir,-36,3,75,5,47,-37,10533
576,Froslass,-11,-17,10,20,-18,28,2018
577,Rotom,-31,-47,17,35,-11,9,4886
578,Rotom (Heat Rotom),-31,-32,47,45,19,4,6596
579,Rotom (Wash Rotom),-31,-32,47,45,19,4,6596
580,Rotom (Frost Rotom),-31,-32,47,45,19,4,6596
581,Rotom (Fan Rotom),-31,-32,47,45,19,4,6596
582,Rotom (Mow Rotom),-31,-32,47,45,19,4,6596
583,Uxie,-6,-22,70,15,42,13,7578
584,Mesprit,-1,8,45,45,17,-2,4408
585,Azelf,-6,28,10,65,-18,33,6558
586,Dialga,19,23,60,90,12,8,12798
587,Dialga (Origin Forme),19,3,60,90,32,8,13158
588,Palkia,9,23,40,90,32,18,11658
589,Palkia (Origin Forme),9,3,40,90,32,38,12258
590,Heatran,10,-7,46,70,18,-5,7514
591,Regigigas,29,63,50,20,22,18,8518
592,Giratina (Altered Forme),69,3,60,40,32,8,11058
593,Giratina (Origin Forme),69,23,40,60,12,8,10698
594,Cresselia,39,-27,60,15,42,3,7848
595,Phione,-1,-17,20,20,-8,-2,1158
596,Manaphy,19,3,40,40,12,18,4038
597,Darkrai,-11,-7,30,75,2,43,8548
598,Shaymin (Land Forme),19,3,40,40,12,18,4038
599,Shaymin (Sky Forme),19,6,15,60,-13,45,6416
600,Arceus,39,23,60,60,32,38,11718
601,Victini,19,3,40,40,12,18,4038
602,Snivy,-36,-52,-5,-15,-33,-19,5700
603,Servine,-21,-37,15,0,-13,1,2205
604,Serperior,-6,-22,35,15,7,31,2980
605,Tepig,-16,-34,-15,-15,-43,-37,5080
606,Pignite,9,-4,-5,10,-33,-27,2040
607,Emboar,29,26,5,40,-23,-17,3960
608,Oshawott,-26,-42,-15,3,-43,-37,5892
609,Dewott,-6,-22,0,23,-28,-22,2317
610,Samurott,14,3,25,48,-18,-12,3602
611,Samurott (Hisuian Samurott),9,11,20,40,-23,3,2740
612,Patrat,-36,-42,-21,-25,-49,-40,8127
613,Watchog,-21,-12,9,0,-19,-5,1052
614,Lillipup,-36,-37,-15,-35,-43,-27,6693
615,Herdier,-16,-17,5,-25,-23,-22,2208
616,Stoutland,4,13,30,-15,2,-2,1318
617,Purrloin,-40,-47,-23,-10,-51,-16,7295
618,Liepard,-17,-9,-10,28,-38,24,3274
619,Pansage,-31,-44,-12,-7,-40,-18,5014
620,Simisage,-6,1,3,38,-25,19,2476
621,Pansear,-31,-44,-12,-7,-40,-18,5014
622,Simisear,-6,1,3,38,-25,19,2476
623,Panpour,-31,-44,-12,-7,-40,-18,5014
624,Simipour,-6,1,3,38,-25,19,2476
625,Munna,-5,-72,-15,7,-33,-58,9936
626,Musharna,35,-42,25,47,7,-53,8681
627,Pidove,-31,-42,-10,-24,-58,-39,8286
628,Tranquill,-19,-20,2,-10,-46,-17,3270
629,Unfezant,-1,18,20,5,-33,11,1960
630,Blitzle,-36,-37,-28,-10,-56,-6,6721
631,Zebstrika,-6,3,3,20,-25,34,2235
632,Roggenrola,-26,-22,25,-35,-63,-67,11468
633,Boldore,-11,8,45,-10,-48,-62,8458
634,Gigalith,4,38,70,0,-8,-57,9673
635,Woobat,-16,-52,-17,-5,-45,-10,5399
636,Swoobat,-14,-40,-5,17,-33,32,4223
637,Drilbur,-21,-12,-20,-30,-43,-14,3930
638,Excadrill,29,38,0,-10,-23,6,2950
639,Audino,22,-37,26,0,-2,-32,3557
640,Audino (Mega Audino),22,-37,66,20,38,-32,9077
641,Timburr,-6,-17,-5,-35,-53,-47,6593
642,Gurdurr,4,8,25,-20,-38,-42,4313
643,Conkeldurr,24,43,35,-5,-23,-37,5573
644,Tympole,-31,-47,-20,-10,-48,-18,6298
645,Palpitoad,-6,-32,-5,5,-33,-13,2368
646,Seismitoad,24,-2,15,25,-13,-8,1663
647,Throh,39,3,25,-30,-3,-37,4433
648,Sawk,-6,28,15,-30,-13,3,2123
649,Sewaddle,-36,-44,10,-20,-28,-40,6116
650,Swadloon,-26,-34,30,-10,-8,-40,4496
651,Leavanny,-6,6,20,10,-8,10,736
652,Venipede,-51,-52,-1,-30,-49,-25,9232
653,Whirlipede,-41,-42,39,-20,-9,-35,6672
654,Scolipede,-21,3,29,-5,-19,30,2577
655,Cottonee,-41,-70,0,-23,-38,-16,8810
656,Whimsicott,-21,-30,25,17,-13,34,3580
657,Petilil,-36,-62,-10,10,-38,-52,9488
658,Lilligant,-11,-37,15,50,-13,8,4448
659,Lilligant (Hisuian Lilligant),-11,8,15,-10,-13,23,1208
660,Basculin,-11,-5,5,20,-33,16,1916
661,Sandile,-31,-25,-25,-25,-53,-17,5934
662,Krokorok,-21,-15,-15,-15,-43,-8,3029
663,Krookodile,14,20,20,5,-18,10,1445
664,Darumaka,-11,-7,-15,-45,-43,-32,5293
665,Darumaka (Galarian Darumaka),-11,-7,-15,-45,-43,-32,5293
666,Darmanitan (Standard Mode),24,43,-5,-30,-33,13,4608
667,Darmanitan (Zen Mode),24,-67,45,80,17,-27,14508
668,Darmanitan (Galarian Standard Mode),24,43,-5,-30,-33,13,4608
669,Darmanitan (Galarian Zen Mode),24,63,-5,-30,-33,53,9368
670,Maractus,-6,-11,7,46,-21,-22,3247
671,Dwebble,-31,-32,25,-25,-53,-27,6773
672,Crustle,-11,8,65,5,-13,-37,5973
673,Scraggy,-31,-22,10,-25,-18,-34,3650
674,Scrafty,-16,-7,55,-15,27,-24,4860
675,Sigilyph,-9,-39,20,43,-8,15,4140
676,Yamask,-43,-67,25,-5,-23,-52,10221
677,Yamask (Galarian Yamask),-43,-42,25,-30,-23,-52,8371
678,Cofagrigus,-23,-47,85,35,17,-52,14181
679,Tirtouga,-27,-19,43,-7,-43,-60,8437
680,Carracosta,-7,11,73,23,-23,-50,9057
681,Archen,-26,15,-15,14,-43,-12,3315
682,Archeops,-6,43,5,52,-23,28,5927
683,Trubbish,-31,-47,2,-20,-26,-17,4539
684,Garbodor,-1,-2,22,0,-6,-7,574
685,Zorua,-41,-32,-20,20,-48,-17,6098
686,Zorua (Hisuian Zorua),-46,-37,-20,25,-48,-12,6958
687,Zoroark,-21,8,0,60,-28,23,5418
688,Zoroark (Hisuian Zoroark),-26,3,0,65,-28,28,6478
689,Minccino,-26,-47,-20,-20,-48,-7,6038
690,Cinccino,-6,-2,0,5,-28,33,1938
691,Gothita,-36,-67,-10,-5,-23,-37,7808
692,Gothorita,-21,-52,10,15,-3,-27,4208
693,Gothitelle,-11,-42,35,35,22,-17,5108
694,Solosis,-36,-67,-20,45,-38,-62,13498
695,Duosion,-16,-57,-10,65,-28,-52,11318
696,Reuniclus,29,-32,15,65,-3,-52,9028
697,Ducklett,-19,-53,-10,-16,-38,-27,5699
698,Swanna,-6,-10,3,27,-25,16,1755
699,Vanillite,-45,-47,-10,5,-28,-38,6587
700,Vanillish,-30,-32,5,20,-13,-23,3047
701,Vanilluxe,-10,-2,25,50,7,-3,3287
702,Deerling,-21,-37,-10,-20,-38,-7,3803
703,Sawsbuck,-1,3,10,0,-18,13,603
704,Emolga,-26,-22,0,15,-28,21,2610
705,Karrablast,-31,-22,-15,-20,-43,-22,4403
706,Escavalier,-11,38,45,0,17,-62,7723
707,Foongus,-12,-42,-15,-5,-33,-67,7736
708,Amoonguss,33,-12,10,25,-8,-52,4726
709,Frillish,-26,-57,-10,5,-3,-42,5823
710,Jellicent,19,-37,10,25,17,-22,3228
711,Alomomola,84,-22,20,-20,-43,-17,10478
712,Joltik,-31,-50,-10,-3,-38,-17,5303
713,Galvantula,-11,-20,0,37,-28,26,3350
714,Ferroseed,-37,-47,31,-36,-2,-72,11023
715,Ferrothorn,-7,-3,71,-6,28,-62,9763
716,Klink,-41,-42,10,-15,-28,-52,7258
717,Klang,-21,-17,35,10,-3,-32,3088
718,Klinklang,-21,3,55,10,-3,8,3648
719,Tynamo,-46,-42,-20,-15,-48,-22,7293
720,Eelektrik,-16,-12,10,15,-18,-42,2813
721,Eelektross,4,18,20,45,-8,-32,3853
722,Elgyem,-26,-42,-5,25,-33,-52,6883
723,Beheeyem,-6,-22,15,65,7,-42,6783
724,Litwick,-31,-67,-5,5,-33,-62,10433
725,Lampent,-21,-57,0,35,-28,-27,6428
726,Chandelure,-21,-42,30,85,2,-2,10338
727,Axew,-35,-10,0,-30,-48,-25,5154
728,Fraxure,-15,20,10,-20,-38,-15,2794
729,Haxorus,-5,50,30,0,-18,15,3974
730,Cubchoo,-26,-27,-20,0,-48,-42,5873
731,Beartic,14,33,20,10,-8,-32,2873
732,Cryogonal,-1,-47,-10,35,47,23,6273
733,Shelmet,-31,-57,25,-20,-23,-57,9013
734,Accelgor,-1,-27,-20,40,-28,63,7483
735,Stunfisk,28,-31,24,21,11,-50,5383
736,Stunfisk (Galarian Stunfisk),28,-16,39,6,-4,-50,5113
737,Mienfoo,-36,-12,-10,-5,-38,-17,3298
738,Mienshao,-16,28,0,35,-28,23,3578
739,Druddigon,-4,23,30,0,2,-34,2605
740,Golett,-22,-23,-10,-25,-38,-47,5391
741,Golurk,8,27,20,-5,-8,-27,2011
742,Pawniard,-36,-12,10,-20,-48,-22,4728
743,Bisharp,-16,28,40,0,-18,-12,3108
744,Bouffalant,14,13,35,-20,7,-27,2768
745,Rufflet,-11,-14,-10,-23,-38,-22,2874
746,Braviary,19,26,15,-3,-13,-2,1444
747,Braviary (Hisuian Braviary),29,-14,10,52,-18,-17,4454
748,Vullaby,-11,-42,15,-15,-23,-22,3348
749,Mandibuzz,29,-32,45,-5,7,-2,3968
750,Heatmor,4,0,6,45,-22,-17,2850
751,Durant,-23,12,52,-12,-40,27,5850
752,Deino,-29,-32,-10,-15,-38,-44,5570
753,Zweilous,-9,-12,10,5,-18,-24,1250
754,Hydreigon,11,8,30,65,2,16,5570
755,Larvesta,-26,-12,-5,-10,-33,-22,2518
756,Volcarona,4,-37,5,75,17,18,7648
757,Cobalion,10,-7,69,30,-16,26,6742
758,Terrakion,10,32,30,12,2,26,2848
759,Virizion,10,-7,12,30,41,26,3550
760,Tornadus (Incarnate Forme),-2,18,10,65,-8,29,5558
761,Tornadus (Therian Forme),-2,3,20,50,2,39,4438
762,Thundurus (Incarnate Forme),-2,18,10,65,-8,29,5558
763,Thundurus (Therian Forme),-2,8,10,85,-8,19,7818
764,Reshiram,19,23,40,90,32,8,11678
765,Zekrom,19,53,60,60,12,8,10578
766,Landorus (Incarnate Forme),8,28,30,55,-8,19,5198
767,Landorus (Therian Forme),8,48,30,45,-8,9,5438
768,Kyurem,44,33,30,70,2,13,8998
769,Kyurem (Black Kyurem),44,73,40,60,2,13,12638
770,Kyurem (White Kyurem),44,23,30,110,12,13,15778
771,Keldeo,10,-25,30,69,2,26,7066
772,Meloetta (Aria Forme),19,-20,17,68,40,8,7338
773,Meloetta (Pirouette Forme),19,31,30,17,-11,46,4748
774,Genesect,-10,23,35,60,7,17,5792
775,Chespin,-25,-36,5,-12,-43,-44,5875
776,Quilladin,-20,-19,35,-4,-30,-25,3527
777,Chesnaught,7,10,62,14,-13,-18,4682
778,Fennekin,-41,-52,-20,2,-28,-22,6057
779,Braixen,-22,-38,-2,30,-18,-9,3237
780,Delphox,-6,-28,12,54,12,22,4508
781,Froakie,-40,-41,-20,2,-44,-11,5742
782,Frogadier,-27,-34,-8,23,-32,15,3727
783,Greninja,-9,-2,7,43,-17,40,3872
784,Greninja (Ash-Greninja),-9,48,7,93,-17,50,13872
785,Bunnelby,-43,-61,-22,-28,-52,-25,10167
786,Diggersby,4,-41,17,-10,-11,-4,2223
787,Fletchling,-36,-47,-17,-20,-50,-20,7094
788,Fletchinder,-19,-24,-5,-4,-36,2,2278
789,Talonflame,-3,-16,11,14,-19,44,2879
790,Scatterbug,-43,-62,-20,-33,-63,-47,13360
791,Spewpa,-36,-75,0,-33,-58,-53,14183
792,Vivillon,-1,-45,-10,30,-38,7,4519
793,Litleo,-19,-47,-2,13,-34,-10,3999
794,Pyroar,5,-29,12,49,-22,24,4471
795,Flabébé,-37,-59,-21,1,-9,-40,6973
796,Floette,-27,-52,-13,15,10,-30,4827
797,Florges,-3,-32,8,52,66,-7,8206
798,Skiddo,-15,-32,-12,2,-31,-30,3258
799,Gogoat,42,3,2,37,-7,-14,3391
800,Pancham,-14,-15,2,-14,-40,-39,3742
801,Pangoro,14,27,18,9,-17,-24,2195
802,Furfrou,-6,-17,0,5,2,20,754
803,Espurr,-19,-49,-6,3,-28,-14,3787
804,Meowstic,-7,-49,16,23,-7,22,3768
805,Honedge,-36,-17,40,-25,-51,-54,9327
806,Doublade,-22,13,90,-15,-39,-47,12708
807,Aegislash (Shield Forme),-21,-47,80,-10,52,-22,12338
808,Aegislash (Blade Forme),-21,43,-10,80,-38,-22,10718
809,Spritzee,-3,-45,0,3,-23,-59,6053
810,Aromatisse,20,-25,12,39,1,-53,5500
811,Swirlix,-19,-49,6,-1,-31,-33,4849
812,Slurpuff,1,-17,26,25,-13,-10,1860
813,Inkay,-28,-43,-7,-23,-42,-37,6344
814,Malamar,5,-5,28,8,-13,-9,1148
815,Binacle,-39,-45,7,-21,-32,-32,6084
816,Barbaracle,-9,8,55,-6,-2,-14,3406
817,Skrelp,-31,-37,0,0,-28,-52,5818
818,Dragalge,-16,-22,30,37,35,-38,5678
819,Clauncher,-31,-44,2,-2,-25,-38,4974
820,Clawitzer,-10,-24,28,60,1,-23,5590
821,Helioptile,-37,-59,-27,1,-45,-12,7749
822,Heliolisk,-19,-42,-8,49,6,27,5355
823,Tyrunt,-23,-8,17,-15,-43,-34,4112
824,Tyrantrum,1,24,59,9,-29,-11,5101
825,Amaura,-4,-38,-10,7,-25,-36,3530
826,Aurorus,42,-20,12,39,4,-24,4421
827,Sylveon,14,-32,5,50,42,-22,5993
828,Hawlucha,-3,-5,15,14,-25,36,2376
829,Dedenne,-14,-39,-3,21,-21,19,2969
830,Carbink,-31,-47,90,-10,62,-32,16238
831,Goomy,-36,-47,-25,-5,-13,-42,6088
832,Sliggoo,-13,-22,-7,23,25,-22,2340
833,Sliggoo (Hisuian Sliggoo),-23,-22,23,23,25,-42,4460
834,Goodra,9,3,10,50,62,-2,6538
835,Goodra (Hisuian Goodra),-1,3,40,50,62,-22,8438
836,Klefki,-24,-17,31,20,-1,-7,2276
837,Phantump,-38,-27,-12,-10,-28,-44,5137
838,Trevenant,4,13,16,5,-6,-26,1178
839,Pumpkaboo (Small Size),-37,-31,10,-16,-33,-26,4451
840,Pumpkaboo (Average Size),-32,-31,10,-16,-33,-31,4391
841,Pumpkaboo (Large Size),-27,-31,10,-16,-33,-36,4431
842,Pumpkaboo (Super Size),-22,-31,10,-16,-33,-41,4571
843,Gourgeist (Small Size),-26,-12,62,-2,-13,17,5126
844,Gourgeist (Average Size),-16,-7,62,-2,-13,2,4326
845,Gourgeist (Large Size),-6,-2,62,-2,-13,-13,4226
846,Gourgeist (Super Size),4,3,62,-2,-13,-28,4826
847,Bergmite,-26,-28,25,-28,-53,-54,8594
848,Avalugg,14,20,124,-16,-42,-54,20908
849,Avalugg (Hisuian Avalugg),14,30,124,-26,-52,-44,21788
850,Noibat,-41,-67,-25,-15,-48,-27,10053
851,Noivern,4,-27,20,37,-8,41,4259
852,Xerneas,45,34,35,71,10,17,9836
853,Yveltal,45,34,35,71,10,17,9836
854,Zygarde (50% Forme),27,3,61,21,7,13,5118
855,Zygarde (10% Forme),-27,3,11,1,-3,33,1958
856,Zygarde (Complete Forme),135,3,61,31,7,3,22974
857,Diancie,-31,3,90,40,62,-32,15538
858,Diancie (Mega Diancie),-31,63,50,100,22,28,18698
859,Hoopa (Hoopa Confined),-1,13,0,90,42,-12,10178
860,Hoopa (Hoopa Unbound),-1,63,0,110,42,-2,17838
861,Volcanion,-1,13,60,70,2,-12,8818
862,Rowlet,-13,-42,-5,-10,-38,-40,5102
863,Dartrix,-3,-22,15,10,-18,-30,2042
864,Decidueye,-3,10,15,40,12,-12,2222
865,Decidueye (Hisuian Decidueye),7,15,20,35,7,-22,2432
866,Litten,-36,-32,-20,0,-48,-12,5168
867,Torracat,-16,-12,-10,20,-38,8,2408
868,Incineroar,14,18,30,20,2,-22,2308
869,Popplio,-31,-43,-6,6,-32,-42,5670
870,Brionne,-21,-28,9,31,-7,-32,3340
871,Primarina,-1,-23,14,66,28,-22,6350
872,Pikipek,-46,-22,-30,-30,-58,-17,8053
873,Trumbeak,-26,-12,-10,-20,-38,-7,2813
874,Toucannon,-1,23,15,15,-13,-22,1633
875,Yungoos,-33,-27,-30,-30,-58,-37,8351
876,Gumshoos,7,13,0,-5,-28,-37,2396
877,Grubbin,-34,-35,-15,-5,-43,-36,5776
878,Charjabug,-24,-15,35,-5,-13,-46,4336
879,Vikavolt,-4,-27,30,85,-13,-39,10560
880,Crabrawler,-34,-15,-3,-18,-41,-19,3756
881,Crabominable,16,35,17,2,-21,-39,3736
882,Oricorio,-6,-27,10,38,-18,11,2754
883,Cutiefly,-41,-52,-20,-5,-48,2,7118
884,Ribombee,-21,-42,0,35,-18,42,5518
885,Rockruff,-36,-32,-20,-30,-48,-22,6408
886,Lycanroc (Midday Form),-6,18,5,-5,-23,30,1839
887,Lycanroc (Midnight Form),4,18,15,-5,-13,0,759
888,Lycanroc (Dusk Form),-6,20,5,-5,-23,28,1799
889,Wishiwashi (Solo Form),-36,-77,-40,-35,-63,-42,15783
890,Wishiwashi (School Form),-36,43,70,80,47,-52,19358
891,Mareanie,-31,-44,2,-17,-36,-37,5855
892,Toxapex,-31,-34,92,-7,54,-47,15755
893,Mudbray,-11,3,10,-15,-33,-37,2913
894,Mudsdale,19,28,40,-5,-3,-47,4988
895,Dewpider,-43,-57,-8,-20,-16,-55,8843
896,Araquanid,-13,-27,32,-10,44,-40,5558
897,Fomantis,-41,-42,-25,-10,-53,-47,9188
898,Lurantis,-11,8,30,20,2,-37,2858
899,Morelull,-41,-62,-5,5,-13,-67,10233
900,Shiinotic,-21,-52,20,30,12,-52,7293
901,Salandit,-33,-53,-20,11,-48,-5,6748
902,Salazzle,-13,-33,0,51,-28,35,5868
903,Stufful,-11,-22,-10,-15,-38,-32,3398
904,Bewear,39,28,20,-5,-28,-22,3998
905,Bounsweet,-39,-67,-22,-30,-50,-50,12394
906,Steenee,-29,-57,-12,-20,-40,-20,6634
907,Tsareena,-9,23,38,-10,10,-10,2354
908,Comfey,-30,-45,30,22,22,18,5117
909,Oranguru,9,-37,20,30,22,-22,3718
910,Passimian,19,23,30,-20,-28,-2,2978
911,Wimpod,-56,-62,-20,-40,-58,-2,12348
912,Golisopod,-6,28,80,0,2,-42,8988
913,Sandygast,-26,-42,20,10,-43,-67,9278
914,Palossand,4,-22,50,40,-13,-47,6978
915,Pyukumuku,-26,-37,70,-30,42,-77,15538
916,Type: Null,14,-2,35,35,7,-23,3228
917,Silvally,14,-2,35,35,7,13,2868
918,Minior (Meteor Form),-21,-37,40,0,12,-22,4038
919,Minior (Core),-21,3,0,40,-28,38,4278
920,Komala,-16,18,5,15,7,-17,1168
921,Turtonator,-21,-19,75,31,-3,-46,9513
922,Togedemaru,-16,1,3,-20,-15,14,1087
923,Mimikyu,-26,-7,20,-10,17,14,1710
924,Bruxish,-13,8,10,10,-18,10,857
925,Drampa,-3,-37,25,75,3,-46,9753
926,Dhelmise,-11,34,40,26,2,-42,5321
927,Jangmo-o,-36,-42,5,-15,-43,-37,6528
928,Hakamo-o,-26,-22,30,5,-18,-17,2698
929,Kommo-o,-6,13,65,40,17,3,6328
930,Tapu Koko,-11,18,25,35,-13,48,4768
931,Tapu Lele,-11,-12,15,70,27,13,6288
932,Tapu Bulu,-11,33,55,25,7,-7,4958
933,Tapu Fini,-11,-22,55,35,42,3,6628
934,Cosmog,-38,-68,-29,-31,-57,-45,13144
935,Cosmoem,-38,-68,71,-31,43,-45,15944
936,Solgaleo,56,40,47,53,1,15,9980
937,Lunala,56,16,29,77,19,15,10748
938,Nihilego,28,-44,-13,67,43,21,9668
939,Buzzwole,26,42,79,-7,-35,-3,9964
940,Pheromosa,-10,40,-23,77,-51,69,15520
941,Xurkitree,2,-8,11,113,-17,1,13248
942,Celesteela,16,4,43,47,13,-21,4940
943,Kartana,-22,84,71,-1,-57,27,16560
944,Guzzlord,142,4,-7,37,-35,-39,24344
945,Necrozma,16,10,41,67,1,-3,6536
946,Necrozma (Dusk Mane Necrozma),16,60,67,53,21,-5,11620
947,Necrozma (Dawn Wings Necrozma),16,16,49,97,39,-5,13868
948,Necrozma (Ultra Necrozma),16,70,37,107,9,47,20264
949,Magearna,-1,-2,55,70,27,-17,8948
950,Marshadow,9,28,20,30,2,43,4018
951,Poipole,-14,-24,7,13,-21,-9,1512
952,Naganadel,-8,-24,13,67,-15,39,7044
953,Stakataka,-20,34,151,-7,13,-69,29336
954,Blacephalon,-28,30,-7,91,-9,25,10720
955,Zeraora,7,15,15,42,-8,61,6048
956,Meltan,-35,-32,5,-5,-53,-48,7412
957,Melmetal,54,46,83,20,-23,-48,15154
958,Grookey,-31,-32,-10,-20,-48,-17,5078
959,Thwackey,-11,-12,10,-5,-28,-2,1178
960,Rillaboom,19,28,30,0,-18,3,2378
961,Scorbunny,-31,-26,-20,-20,-48,-13,4910
962,Raboot,-16,-11,0,-5,-28,12,1330
963,Cinderace,-1,19,15,5,-13,37,2150
964,Sobble,-31,-57,-20,10,-48,-12,7158
965,Drizzile,-16,-37,-5,35,-33,8,4028
966,Inteleon,-11,-12,5,65,-23,38,6488
967,Skwovet,-11,-42,-5,-25,-53,-57,8593
968,Greedent,39,-2,35,-5,-13,-62,6788
969,Rookidee,-43,-50,-25,-27,-53,-25,9137
970,Corvisquire,-13,-30,-5,-17,-33,-5,2497
971,Corviknight,17,-10,45,-7,-3,-15,2697
972,Blipbug,-56,-77,-40,-35,-43,-37,15108
973,Dottler,-31,-62,20,-10,2,-52,8013
974,Orbeetle,-21,-52,50,20,32,8,7133
975,Nickit,-41,-69,-32,-13,-36,-32,9955
976,Thievul,-11,-39,-2,27,4,8,2455
977,Gossifleur,-41,-57,0,-20,-28,-72,11298
978,Eldegoss,-21,-47,30,20,32,-22,5458
979,Wooloo,-39,-57,-5,-20,-43,-34,8200
980,Dubwool,-9,-17,40,0,2,6,2010
981,Chewtle,-31,-33,-10,-22,-50,-38,6578
982,Drednaw,9,18,30,-12,-20,-8,1913
983,Yamper,-22,-52,-10,-20,-38,-56,8268
984,Boltund,-12,-7,0,30,-28,39,3398
985,Rolycoly,-51,-57,-10,-20,-38,-52,10498
986,Carkol,-1,-37,30,0,-18,-32,3618
987,Coalossal,29,-17,60,20,2,-52,7838
988,Applin,-41,-57,20,-20,-48,-62,11878
989,Flapple,-11,13,20,35,-28,-12,2843
990,Appletun,29,-12,20,40,-8,-52,5753
991,Silicobra,-29,-40,15,-25,-38,-36,6031
992,Sandaconda,-9,10,65,5,-18,-11,4876
993,Cramorant,-11,-12,-5,25,7,3,973
994,Arrokuda,-40,-34,-20,-20,-58,-16,7176
995,Barraskewda,-20,26,0,0,-38,54,5436
996,Toxel,-41,-59,-25,-6,-53,-42,10396
997,Toxtricity,-6,1,10,54,-18,-7,3426
998,Sizzlipede,-31,-32,-15,-10,-38,-37,5123
999,Centiskorch,19,18,5,30,2,-17,1903
1000,Clobbopus,-31,-29,0,-10,-38,-50,5846
1001,Grapploct,-1,21,30,10,-8,-40,3106
1002,Sinistea,-41,-52,-15,14,-34,-32,6986
1003,Polteageist,-21,-32,5,74,26,-12,7786
1004,Hatenna,-39,-67,-15,-4,-35,-43,9325
1005,Hattrem,-24,-57,5,26,-15,-33,5840
1006,Hatterene,-24,-7,35,76,15,-53,10660
1007,Impidimp,-36,-52,-30,-5,-48,-32,8253
1008,Morgrem,-16,-37,-15,15,-33,-12,3308
1009,Grimmsnarl,14,23,5,35,-13,-22,2628
1010,Obstagoon,12,-7,41,0,-7,13,2092
1011,Perrserker,-11,13,40,-10,-28,-32,3798
1012,Cursola,-21,-2,-10,85,42,-52,12238
1013,Sirfetch'd,-19,38,35,8,-6,-17,3419
1014,Mr. Rime,-1,-12,15,50,12,-12,3158
1015,Runerigus,-23,-2,85,-10,17,-52,10851
1016,Milcery,-36,-57,-20,-10,-27,-48,8078
1017,Alcremie,-16,-37,15,50,33,-18,5763
1018,Falinks,-16,3,40,10,-28,-7,2798
1019,Pincurchin,-33,4,35,31,-3,-67,7789
1020,Snom,-51,-72,-25,-15,-58,-62,15843
1021,Frosmoth,-11,-32,0,65,2,-17,5663
1022,Stonjourner,19,28,75,-40,-68,-12,13138
1023,Eiscue (Ice Face),-6,-17,50,5,2,-32,3878
1024,Eiscue (Noice Face),-6,-17,10,5,-38,48,4198
1025,Indeedee (Male),-21,-32,-5,45,7,13,3733
1026,Indeedee (Female),-11,-42,5,35,17,3,3433
1027,Morpeko,-23,-2,-2,10,-30,15,1762
1028,Cufant,-9,-17,-11,-20,-39,-42,4176
1029,Copperajah,41,33,9,20,-19,-52,6316
1030,Dracozolt,9,3,30,20,-18,-7,1763
1031,Arctozolt,9,3,30,30,-8,-27,2683
1032,Dracovish,9,-7,40,10,-8,-7,1943
1033,Arctovish,9,-7,40,20,2,-27,2863
1034,Duraludon,-11,-2,55,60,-38,3,8203
1035,Dreepy,-53,-37,-30,-20,-58,0,8842
1036,Drakloak,-13,-17,-10,0,-38,20,2402
1037,Dragapult,7,23,15,40,-13,60,6172
1038,Zacian (Hero of Many Battles),11,23,55,20,27,56,7940
1039,Zacian (Crowned Sword),11,53,55,20,27,66,11440
1040,Zamazenta (Hero of Many Battles),11,23,55,20,27,56,7940
1041,Zamazenta (Crowned Shield),11,23,80,20,52,46,12270
1042,Eternatus,59,-12,35,85,7,48,14428
1043,Eternatus (Eternamax Eternatus),174,18,190,65,162,48,99473
1044,Kubfu,-21,-7,0,-7,-38,-10,2083
1045,Urshifu,19,33,40,3,-28,15,4068
1046,Zarude,24,23,45,10,7,23,3808
1047,Regieleki,-1,3,-10,40,-38,118,17078
1048,Regidrago,119,3,-10,40,-38,-2,17318
1049,Glastrier,19,48,70,5,22,-52,10778
1050,Spectrier,19,-32,0,85,-8,48,10978
1051,Calyrex,19,-17,20,20,-8,-2,1518
1052,Calyrex (Ice Rider Calyrex),19,68,90,25,42,-32,16498
1053,Calyrex (Shadow Rider Calyrex),19,-12,20,105,12,68,16698
1054,Wyrdeer,22,8,12,45,-13,-17,3175
1055,Kleavor,-11,38,35,-15,-18,3,3348
1056,Ursaluna,49,43,45,-15,-8,-32,7588
1057,Basculegion (Male),39,15,5,20,-13,-4,2356
1058,Basculegion (Female),39,-5,5,40,-13,-4,3356
1059,Sneasler,-1,33,0,-20,-8,38,2998
1060,Overqwil,4,18,35,5,-23,3,2128
1061,Enamorus (Incarnate Forme),-7,18,10,75,-8,24,6738
1062,Enamorus (Therian Forme),-7,18,50,75,12,-36,9938
1063,Sprigatito,-41,-36,-6,-15,-43,-17,5376
1064,Floragato,-20,-17,3,0,-25,1,1324
1065,Meowscarada,-5,13,10,21,-18,41,2740
1066,Fuecoco,-14,-52,-1,3,-48,-46,7330
1067,Crocalor,0,-42,18,30,-30,-33,4977
1068,Skeledirge,23,-22,40,50,-13,-16,5538
1069,Quaxly,-26,-32,-15,-10,-43,-32,4898
1070,Quaxwell,-11,-12,5,5,-28,-17,1388
1071,Quaquaval,4,23,20,25,-13,3,1748
1072,Lechonk,-27,-52,-20,-25,-43,-47,8516
1073,Oinkologne (Male),29,3,15,-1,-8,-17,1429
1074,Oinkologne (Female),34,-7,10,-1,2,-17,1599
1075,Tarountula,-46,-56,-15,-31,-48,-62,12586
1076,Spidops,-21,-18,32,-8,-2,-47,4066
1077,Nymble,-48,-51,-20,-39,-63,-37,12164
1078,Lokix,-10,5,18,-8,-33,10,1702
1079,Pawmi,-36,-47,-40,-20,-63,-22,9958
1080,Pawmo,-21,-22,-20,-10,-48,3,3738
1081,Pawmot,-11,18,10,10,-28,23,1958
1082,Tandemaus,-31,-47,-15,-20,-43,-7,5693
1083,Maushold,-7,-22,10,5,-13,29,1668
1084,Fidough,-44,-42,10,-30,-33,-17,6078
1085,Dachsbun,-24,-17,55,-10,-8,13,4223
1086,Smoliv,-40,-62,-15,-2,-37,-52,9746
1087,Dolliv,-29,-44,0,18,-10,-49,5602
1088,Arboliva,-3,-28,30,65,21,-43,8208
1089,Squawkabilly,1,-1,-9,-15,-37,10,1777
1090,Nacli,-26,-42,15,-25,-53,-57,9348
1091,Naclstack,-21,-37,40,-25,-23,-47,6773
1092,Garganacl,19,3,70,-15,2,-47,7708
1093,Charcadet,-41,-47,-20,-10,-48,-47,8903
1094,Armarouge,4,-37,40,65,-8,-7,7323
1095,Ceruledge,-6,28,20,0,12,3,1373
1096,Tadbulb,-20,-66,-19,-1,-53,-37,9296
1097,Bellibolt,28,-33,31,43,-5,-37,6077
1098,Wattrel,-41,-57,-25,-5,-48,-12,8028
1099,Kilowattrel,-11,-27,0,45,-28,43,5508
1100,Maschiff,-21,-19,0,-20,-37,-31,3532
1101,Mabosstiff,-1,23,30,0,-18,3,1763
1102,Shroodle,-41,-32,-25,-20,-53,-7,6588
1103,Grafaiai,-18,-2,5,20,-16,28,1793
1104,Bramblin,-41,-32,-30,-15,-53,-22,7123
1105,Brambleghast,-26,18,10,20,-18,8,1888
1106,Toedscool,-41,-57,-25,-10,12,-12,5943
1107,Toedscruel,-1,-27,5,20,32,18,2503
1108,Klawf,-11,3,55,-25,-33,-7,4918
1109,Capsakid,-31,-35,-20,2,-48,-32,5918
1110,Scovillain,-16,11,5,48,-23,-7,3284
1111,Rellor,-40,-47,0,-29,-30,-52,8254
1112,Rabsca,-6,-47,25,55,12,-37,7408
1113,Flittle,-51,-62,-30,-5,-58,-7,10783
1114,Espathra,14,-37,0,41,-28,23,4559
1115,Tinkatink,-31,-52,-15,-25,-24,-24,5667
1116,Tinkatuff,-16,-42,-5,-15,-6,-4,2322
1117,Tinkaton,4,-22,17,10,17,12,1322
1118,Wiglett,-71,-42,-35,-25,-63,13,12793
1119,Wugtrio,-46,3,-10,-10,-18,38,4093
1120,Bombirdier,-11,6,25,0,-3,0,791
1121,Finizen,-11,-52,-20,-15,-48,-7,5803
1122,Palafin,19,-27,12,-7,-26,18,2283
1123,Palafin,19,63,37,46,-1,18,8140
1124,Varoom,-36,-27,3,-30,-43,-35,6008
1125,Revavroom,-1,22,30,-6,-21,8,1926
1126,Cyclizar,-11,-2,5,25,-23,39,2825
1127,Orthworm,-11,-12,85,0,-33,-17,8868
1128,Glimmet,-33,-62,-18,45,-28,-22,8550
1129,Glimmora,2,-42,30,70,-7,4,7633
1130,Greavard,-31,-36,0,-30,-33,-48,6550
1131,Houndstone,-9,4,40,-10,9,-14,2074
1132,Flamigo,1,18,14,15,-24,8,1386
1133,Cetoddle,27,-29,-15,-30,-48,-39,6520
1134,Cetitan,89,16,5,-15,-33,-9,9597
1135,Veluza,9,5,13,18,-23,-12,1272
1136,Dondozo,69,3,55,5,-23,-47,10558
1137,Tatsugiri,-13,-47,0,60,7,0,6027
1138,Annihilape,29,18,20,-10,2,8,1733
1139,Clodsire,49,-22,0,-15,12,-62,7098
1140,Farigiraf,39,-7,10,50,-18,-22,4978
1141,Dudunsparce,44,3,20,25,-13,-27,3868
1142,Kingambit,19,38,60,0,-3,-32,6438
1143,Great Tusk,34,34,71,-7,-35,5,8652
1144,Scream Tail,34,-32,39,5,27,29,5296
1145,Brute Bonnet,30,30,39,19,11,-27,4532
1146,Flutter Mane,-26,-42,-5,75,47,53,13108
1147,Slither Wing,4,38,19,25,17,-1,2736
1148,Sandy Shocks,4,-16,37,61,-3,19,5732
1149,Iron Treads,9,15,60,12,-18,24,4950
1150,Iron Bundle,-25,-17,54,64,-28,54,11626
1151,Iron Hands,73,43,48,-10,-20,-32,11006
1152,Iron Jugulis,13,-17,26,62,-8,26,5718
1153,Iron Moth,-1,-27,0,80,22,28,8398
1154,Iron Thorns,19,37,50,10,-4,-10,4446
1155,Frigibax,-16,-22,-15,-25,-43,-27,4168
1156,Arctibax,9,-2,6,-15,-23,-20,1275
1157,Baxcalibur,34,48,32,15,-2,5,4738
1158,Gimmighoul (Chest Form),-36,-67,10,15,-18,-72,11618
1159,Gimmighoul (Roaming Form),-36,-67,-35,15,-43,-2,9088
1160,Gholdengo,6,-37,35,73,3,2,7972
1161,Wo-Chien,4,-12,40,35,47,-12,5338
1162,Chien-Pao,-1,23,20,30,-23,53,5168
1163,Ting-Lu,74,13,65,-5,-8,-37,11328
1164,Chi-Yu,-26,-17,20,75,32,18,8338
1165,Roaring Moon,24,42,11,-5,13,37,4024
1166,Iron Valiant,-7,33,30,60,-28,34,7578
1167,Koraidon,19,38,55,25,12,53,8408
1168,Miraidon,19,-12,40,75,27,53,11268
