Ann Hall vs. Pokemon SSE,pokemon,D_HP,D_ATK,D_DEF,D_SPA,D_SPD,D_SPE,SSE
0,Bulbasaur,-49,-59,-59,-38,-21,-45,13273
1,Ivysaur,-34,-46,-45,-23,-6,-30,6762
2,Venusaur,-14,-26,-25,-3,14,-10,1802
3,Venusaur (Mega Venusaur),-14,-8,15,19,34,-10,2102
4,Charmander,-55,-56,-65,-43,-36,-25,14156
5,Charmeleon,-36,-44,-50,-23,-21,-10,6802
6,Charizard,-16,-24,-30,6,-1,10,1869
7,Charizard (Mega Charizard X),-16,22,3,27,-1,10,1579
8,Charizard (Mega Charizard Y),-16,-4,-30,56,29,10,5249
9,Squirtle,-50,-60,-43,-53,-22,-47,13451
10,Wartortle,-35,-45,-28,-38,-6,-32,6538
11,Blastoise,-15,-25,-8,-18,19,-12,1743
12,Blastoise (Mega Blastoise),-15,-5,12,32,29,-12,2403
13,Caterpie,-49,-78,-73,-83,-66,-45,27084
14,Metapod,-44,-88,-53,-78,-61,-60,25894
15,Butterfree,-34,-63,-58,-13,-6,-20,9094
16,Weedle,-54,-73,-78,-83,-66,-40,27174
17,Kakuna,-49,-83,-58,-78,-61,-55,25484
18,Beedrill,-29,-18,-68,-58,-6,-15,9414
19,Beedrill (Mega Beedrill),-29,42,-68,-88,-6,55,18034
20,Pidgey,-54,-63,-68,-68,-51,-34,19890
21,Pidgeotto,-31,-48,-53,-53,-36,-19,10540
22,Pidgeot,-11,-28,-33,-33,-16,11,3460
23,Pidgeot (Mega Pidgeot),-11,-28,-28,32,-6,31,3710
24,Rattata,-64,-52,-73,-78,-51,-18,21138
25,Rattata (Alolan Rattata),-64,-52,-73,-78,-51,-18,21138
26,Raticate,-39,-27,-48,-53,-16,7,7668
27,Raticate (Alolan Raticate),-19,-37,-38,-63,-6,-13,7348
28,Spearow,-54,-48,-78,-72,-55,-20,19913
29,Fearow,-29,-18,-43,-42,-25,10,5503
30,Ekans,-59,-48,-64,-63,-32,-35,16099
31,Arbok,-34,-13,-39,-38,-7,-10,4439
32,Pikachu,-59,-53,-68,-53,-36,0,15019
33,Pikachu (Partner Pikachu),-49,-28,-58,-28,-26,30,8909
34,Raichu,-34,-18,-53,-13,-6,20,4894
35,Raichu (Alolan Raichu),-34,-23,-58,-8,-1,20,5514
36,Sandshrew,-44,-33,-23,-83,-56,-50,16079
37,Sandshrew (Alolan Sandshrew),-44,-33,-18,-93,-51,-50,17099
38,Sandslash,-19,-8,2,-58,-31,-25,5379
39,Sandslash (Alolan Sandslash),-19,-8,12,-78,-21,-25,7719
40,Nidoran♀,-39,-61,-56,-63,-46,-49,16864
41,Nidorina,-24,-46,-41,-48,-31,-34,8794
42,Nidoqueen,-4,-16,-21,-28,-1,-14,1694
43,Nidoran♂,-48,-51,-68,-63,-46,-40,17214
44,Nidorino,-33,-36,-51,-48,-31,-25,8876
45,Nidoking,-13,-6,-31,-18,-11,-5,1636
46,Clefairy,-24,-63,-60,-43,-21,-55,13460
47,Clefable,1,-38,-35,-8,4,-30,3650
48,Vulpix,-56,-67,-68,-53,-21,-25,16124
49,Vulpix (Alolan Vulpix),-56,-67,-68,-53,-21,-25,16124
50,Ninetales,-21,-32,-33,-22,14,10,3334
51,Ninetales (Alolan Ninetales),-21,-41,-33,-22,14,19,4252
52,Jigglypuff,21,-63,-88,-58,-61,-70,24139
53,Wigglytuff,46,-38,-63,-18,-36,-45,11174
54,Zubat,-54,-63,-73,-73,-46,-35,20884
55,Golbat,-19,-28,-38,-38,-11,0,4154
56,Oddish,-49,-58,-53,-28,-21,-60,13399
57,Gloom,-34,-43,-38,-18,-11,-50,7394
58,Vileplume,-19,-28,-23,7,4,-40,3339
59,Paras,-59,-38,-53,-58,-31,-65,16284
60,Parasect,-34,-13,-28,-43,-6,-60,7594
61,Venonat,-34,-53,-58,-63,-31,-45,14284
62,Venomoth,-24,-43,-48,-13,-11,0,5019
63,Diglett,-84,-53,-83,-68,-41,5,23084
64,Diglett (Alolan Diglett),-84,-53,-78,-68,-41,0,22254
65,Dugtrio,-59,-8,-58,-53,-16,30,10874
66,Dugtrio (Alolan Dugtrio),-59,-8,-48,-53,-16,20,9314
67,Meowth,-54,-63,-73,-63,-46,0,18299
68,Meowth (Alolan Meowth),-54,-73,-73,-53,-46,0,18499
69,Meowth (Galarian Meowth),-44,-43,-53,-63,-46,-50,15179
70,Persian,-29,-38,-48,-38,-21,25,7099
71,Persian (Alolan Persian),-29,-48,-48,-28,-21,25,7299
72,Psyduck,-44,-56,-60,-38,-36,-35,12637
73,Golduck,-14,-26,-30,-8,-6,-5,1897
74,Mankey,-54,-28,-73,-68,-41,-20,15734
75,Primeape,-29,-3,-48,-43,-16,5,5284
76,Growlithe,-39,-38,-63,-33,-36,-30,10219
77,Growlithe (Hisuian Growlithe),-34,-33,-63,-38,-36,-35,10179
78,Arcanine,-4,2,-28,-3,-6,5,874
79,Arcanine (Hisuian Arcanine),1,7,-28,-8,-6,0,934
80,Poliwag,-54,-58,-68,-63,-46,0,16989
81,Poliwhirl,-29,-43,-43,-53,-36,0,8644
82,Poliwrath,-4,-13,-13,-33,4,-20,1859
83,Abra,-69,-88,-93,2,-31,0,22119
84,Kadabra,-54,-73,-78,17,-16,15,15099
85,Alakazam,-39,-58,-63,32,9,30,10859
86,Alakazam (Mega Alakazam),-39,-58,-43,72,19,60,15879
87,Machop,-24,-28,-58,-68,-51,-55,14974
88,Machoke,-14,-8,-38,-53,-26,-45,7214
89,Machamp,-4,22,-28,-38,-1,-35,3954
90,Bellsprout,-44,-33,-73,-33,-56,-50,15079
91,Weepinbell,-29,-18,-58,-18,-41,-35,7759
92,Victreebel,-14,-3,-43,-3,-16,-20,2719
93,Tentacool,-54,-68,-73,-53,14,-20,16274
94,Tentacruel,-14,-38,-43,-23,34,10,5274
95,Geodude,-54,-28,-8,-73,-56,-70,17129
96,Geodude (Alolan Geodude),-54,-28,-8,-73,-56,-70,17129
97,Graveler,-39,-13,7,-58,-41,-55,9809
98,Graveler (Alolan Graveler),-39,-13,7,-58,-41,-55,9809
99,Golem,-14,12,22,-48,-21,-45,5594
100,Golem (Alolan Golem),-14,12,22,-48,-21,-45,5594
101,Ponyta,-44,-23,-53,-38,-21,0,7159
102,Ponyta (Galarian Ponyta),-44,-23,-53,-38,-21,0,7159
103,Rapidash,-29,-8,-38,-23,-6,15,3139
104,Rapidash (Galarian Rapidash),-29,-8,-38,-23,-6,15,3139
105,Slowpoke,-4,-43,-43,-63,-46,-75,15424
106,Slowpoke (Galarian Slowpoke),-4,-43,-43,-63,-46,-75,15424
107,Slowbro,1,-33,2,-3,-6,-60,4739
108,Slowbro (Mega Slowbro),1,-33,72,27,-6,-60,10639
109,Slowbro (Galarian Slowbro),1,-8,-13,-3,-16,-60,4099
110,Magnemite,-69,-73,-38,-8,-31,-45,14584
111,Magneton,-44,-48,-13,17,-16,-20,5354
112,Farfetch'd,-42,-18,-53,-45,-24,-30,8398
113,Farfetch'd (Galarian Farfetch'd),-42,-13,-53,-45,-24,-35,8568
114,Doduo,-59,-23,-63,-68,-51,-15,15429
115,Dodrio,-34,2,-38,-43,-26,20,5529
116,Seel,-29,-63,-53,-58,-16,-45,13264
117,Dewgong,-4,-38,-28,-33,9,-20,3814
118,Grimer,-14,-28,-58,-63,-36,-65,13834
119,Grimer (Alolan Grimer),-14,-28,-58,-63,-36,-65,13834
120,Muk,11,-3,-33,-38,14,-40,4459
121,Muk (Alolan Muk),11,-3,-33,-38,14,-40,4459
122,Shellder,-64,-43,-8,-58,-61,-50,15594
123,Cloyster,-44,-13,72,-18,-41,-20,9694
124,Gastly,-64,-73,-78,-3,-51,-10,18219
125,Haunter,-49,-58,-63,12,-31,5,10864
126,Gengar,-34,-43,-48,27,-11,20,6559
127,Gengar (Mega Gengar),-34,-43,-28,67,9,40,9959
128,Onix,-59,-63,52,-73,-41,-20,17564
129,Drowzee,-34,-60,-63,-60,4,-48,14645
130,Hypno,-9,-35,-38,-30,29,-23,5020
131,Krabby,-64,-3,-18,-78,-61,-40,15834
132,Kingler,-39,22,7,-53,-36,-15,6384
133,Voltorb,-54,-78,-58,-48,-31,10,15729
134,Voltorb (Hisuian Voltorb),-54,-78,-58,-48,-31,10,15729
135,Electrode,-34,-58,-38,-23,-6,60,10129
136,Electrode (Hisuian Electrode),-34,-58,-38,-23,-6,60,10129
137,Exeggcute,-34,-68,-28,-43,-41,-50,12594
138,Exeggutor,1,-13,-23,22,-11,-35,2529
139,Exeggutor (Alolan Exeggutor),1,-3,-23,22,-11,-45,3169
140,Cubone,-44,-58,-13,-63,-36,-55,13759
141,Marowak,-34,-28,2,-53,-6,-45,6814
142,Marowak (Alolan Marowak),-34,-28,2,-53,-6,-45,6814
143,Hitmonlee,-44,12,-55,-68,24,-3,10314
144,Hitmonchan,-44,-3,-29,-68,24,-14,8182
145,Lickitung,-4,-53,-33,-43,-11,-60,9484
146,Koffing,-54,-43,-13,-43,-41,-55,11489
147,Weezing,-29,-18,12,-18,-16,-30,2789
148,Weezing (Galarian Weezing),-29,-18,12,-18,-16,-30,2789
149,Rhyhorn,-14,-23,-13,-73,-56,-65,13584
150,Rhydon,11,22,12,-58,-41,-50,8294
151,Chansey,156,-103,-103,-68,19,-40,52139
152,Tangela,-29,-53,7,-3,-46,-30,6724
153,Kangaskhan,11,-13,-28,-63,-6,0,5079
154,Kangaskhan (Mega Kangaskhan),11,17,-8,-43,14,10,2619
155,Horsea,-64,-68,-38,-33,-61,-30,15874
156,Seadra,-39,-43,-13,-8,-41,-5,5309
157,Goldeen,-49,-41,-48,-68,-36,-27,13035
158,Seaking,-14,-16,-43,-38,-6,-22,4265
159,Staryu,-64,-63,-53,-33,-31,-5,12949
160,Starmie,-34,-33,-23,-3,-1,25,3409
161,Mr. Mime,-54,-63,-43,-3,34,0,9899
162,Mr. Mime (Galarian Mr. Mime),-44,-43,-43,-13,4,10,5919
163,Scyther,-24,2,-28,-48,-6,15,3929
164,Jynx,-29,-58,-73,12,9,5,9784
165,Electabuzz,-29,-25,-51,-8,-1,15,4357
166,Magmar,-29,-13,-51,-3,-1,3,3630
167,Pinsir,-29,17,-8,-48,-16,-5,3779
168,Pinsir (Mega Pinsir),-29,47,12,-38,4,15,4879
169,Tauros,-19,-8,-13,-63,-16,20,5219
170,Tauros (Paldean Tauros (Combat Breed)),-19,2,-3,-73,-16,10,6059
171,Tauros (Paldean Tauros (Blaze Breed)),-19,2,-3,-73,-16,10,6059
172,Tauros (Paldean Tauros (Aqua Breed)),-19,2,-3,-73,-16,10,6059
173,Magikarp,-74,-98,-53,-88,-66,-10,30089
174,Gyarados,1,17,-29,-43,14,-9,3257
175,Gyarados (Mega Gyarados),1,47,1,-33,44,-9,5317
176,Lapras,36,-23,-28,-18,9,-30,3914
177,Ditto,-46,-60,-60,-55,-38,-42,15549
178,Eevee,-39,-53,-58,-58,-21,-35,12724
179,Eevee (Partner Eevee),-29,-33,-38,-38,-1,-15,5044
180,Vaporeon,36,-43,-48,7,9,-25,6204
181,Jolteon,-29,-43,-48,7,9,40,6724
182,Flareon,-29,22,-48,-8,24,-25,4894
183,Porygon,-29,-48,-38,-18,-11,-50,7534
184,Omanyte,-59,-68,-8,-13,-31,-55,12324
185,Omastar,-24,-48,17,12,-16,-35,4794
186,Kabuto,-64,-28,-18,-48,-41,-35,10414
187,Kabutops,-34,7,-3,-38,-16,-10,3014
188,Aerodactyl,-14,-3,-43,-43,-11,40,5624
189,Aerodactyl (Mega Aerodactyl),-14,27,-23,-33,9,60,6224
190,Snorlax,66,2,-43,-38,24,-60,11829
191,Articuno,-4,-23,-8,-8,39,-5,2219
192,Articuno (Galarian Articuno),-4,-23,-23,22,14,5,1779
193,Zapdos,-4,-18,-23,22,4,10,1469
194,Zapdos (Galarian Zapdos),-4,17,-18,-18,4,10,1069
195,Moltres,-4,-8,-18,22,-1,0,889
196,Moltres (Galarian Moltres),-4,-23,-18,-3,39,0,2399
197,Dratini,-53,-44,-63,-53,-36,-40,14419
198,Dragonair,-33,-24,-43,-33,-16,-20,5259
199,Dragonite,-3,26,-13,-3,14,-10,1159
200,Mewtwo,12,2,-18,51,4,40,4689
201,Mewtwo (Mega Mewtwo X),12,82,-8,51,14,40,11329
202,Mewtwo (Mega Mewtwo Y),12,42,-38,91,34,50,15289
203,Mew,6,-8,-8,-3,14,10,469
204,Chikorita,-49,-59,-43,-54,-21,-45,13113
205,Bayleef,-34,-46,-28,-40,-6,-30,6592
206,Meganium,-14,-26,-8,-20,14,-10,1632
207,Cyndaquil,-55,-56,-65,-43,-36,-25,14156
208,Quilava,-36,-44,-50,-23,-21,-10,6802
209,Typhlosion,-16,-24,-30,6,-1,10,1869
210,Typhlosion (Hisuian Typhlosion),-21,-24,-30,16,-1,5,2199
211,Totodile,-44,-43,-44,-59,-38,-47,12855
212,Croconaw,-29,-28,-28,-44,-23,-32,5898
213,Feraligatr,-9,-3,-8,-24,-3,-12,883
214,Sentret,-59,-62,-74,-68,-41,-70,24006
215,Furret,-9,-32,-44,-58,-31,0,7366
216,Hoothoot,-34,-78,-78,-67,-30,-40,20313
217,Noctowl,6,-58,-58,-17,10,-20,7553
218,Ledyba,-54,-88,-78,-63,-6,-35,21974
219,Ledian,-39,-73,-58,-48,24,-5,13119
220,Spinarak,-54,-48,-68,-63,-46,-60,19529
221,Ariados,-24,-18,-38,-43,-16,-50,6949
222,Crobat,-9,-18,-28,-33,-6,40,3914
223,Chinchou,-19,-70,-70,-47,-30,-23,13799
224,Lanturn,31,-50,-50,-27,-10,-23,7319
225,Pichu,-74,-68,-93,-68,-51,-30,26874
226,Cleffa,-44,-83,-80,-58,-31,-75,25175
227,Igglybuff,-4,-78,-93,-63,-66,-75,28699
228,Togepi,-59,-88,-43,-63,-21,-70,22384
229,Togetic,-39,-68,-23,-23,19,-50,10064
230,Natu,-54,-58,-63,-33,-41,-20,13419
231,Xatu,-29,-33,-38,-8,-16,5,3719
232,Mareep,-39,-68,-68,-38,-41,-55,16919
233,Flaaffy,-24,-53,-53,-23,-26,-45,9424
234,Ampharos,-4,-33,-23,12,4,-35,3019
235,Ampharos (Mega Ampharos),-4,-13,-3,62,24,-45,6639
236,Bellossom,-19,-28,-13,-13,14,-40,3279
237,Marill,-24,-88,-58,-83,-36,-50,22369
238,Azumarill,6,-58,-28,-43,-6,-40,7669
239,Sudowoodo,-24,-8,7,-73,-21,-60,10059
240,Politoed,-4,-33,-33,-13,14,-20,2959
241,Hoppip,-59,-73,-68,-68,-31,-40,20619
242,Skiploom,-39,-63,-58,-58,-21,-10,12759
243,Jumpluff,-19,-53,-38,-48,9,20,7399
244,Aipom,-39,-38,-53,-63,-31,-5,10729
245,Sunkern,-64,-78,-78,-73,-56,-60,28329
246,Sunflora,-19,-33,-53,2,-1,-60,7864
247,Yanma,-29,-43,-63,-28,-41,5,9149
248,Wooper,-39,-63,-63,-78,-61,-75,24889
249,Wooper (Paldean Wooper),-39,-63,-63,-78,-61,-75,24889
250,Quagsire,1,-23,-23,-38,-21,-55,5969
251,Espeon,-29,-43,-48,27,9,20,6204
252,Umbreon,1,-43,2,-43,44,-25,6264
253,Murkrow,-34,-23,-66,-18,-44,1,8302
254,Slowking,1,-33,-28,-3,24,-60,6059
255,Slowking (Galarian Slowking),1,-43,-28,7,24,-60,6859
256,Misdreavus,-34,-48,-48,-18,-1,-5,6114
257,Unown,-46,-36,-60,-31,-38,-42,11181
258,Wobbuffet,96,-75,-50,-70,-28,-57,26274
259,Girafarig,-24,-28,-43,-13,-21,-5,3844
260,Pineco,-44,-43,-18,-68,-51,-75,16959
261,Forretress,-19,-18,32,-43,-26,-50,6734
262,Dunsparce,6,-38,-38,-38,-21,-45,6834
263,Gligar,-29,-33,-3,-68,-21,-5,7029
264,Steelix,-19,-23,92,-48,-21,-60,15699
265,Steelix (Mega Steelix),-19,17,122,-48,9,-60,21519
266,Snubbull,-34,-28,-58,-63,-46,-60,14989
267,Granbull,-4,12,-33,-43,-26,-45,5799
268,Qwilfish,-29,-13,-23,-48,-31,-5,4829
269,Qwilfish (Hisuian Qwilfish),-29,-13,-23,-48,-31,-5,4829
270,Scizor,-24,22,-8,-48,-6,-25,4089
271,Scizor (Mega Scizor),-24,42,32,-38,14,-15,5229
272,Shuckle,-74,-98,122,-93,144,-85,66574
273,Heracross,-14,17,-33,-63,9,-5,5649
274,Heracross (Mega Heracross),-14,77,7,-63,19,-15,10729
275,Sneasel,-39,-13,-53,-68,-11,25,9869
276,Sneasel (Hisuian Sneasel),-39,-13,-53,-68,-11,25,9869
277,Teddiursa,-34,-28,-58,-53,-36,-50,11909
278,Ursaring,-4,22,-33,-28,-11,-35,3719
279,Slugma,-54,-68,-68,-33,-46,-70,20269
280,Magcargo,-34,-58,12,-13,-6,-60,8469
281,Swinub,-44,-58,-68,-73,-56,-40,19989
282,Piloswine,6,-8,-28,-43,-26,-40,5009
283,Corsola,-29,-53,-13,-38,9,-55,8369
284,Corsola (Galarian Corsola),-34,-53,-8,-38,14,-60,9269
285,Remoraid,-59,-43,-73,-38,-51,-25,15329
286,Octillery,-19,-3,-33,2,-11,-45,3609
287,Delibird,-49,-53,-63,-38,-41,-15,12529
288,Mantine,-9,-68,-38,-23,54,-20,9994
289,Skarmory,-29,-28,32,-63,-16,-20,7274
290,Houndour,-49,-48,-78,-23,-36,-25,13239
291,Houndoom,-19,-18,-58,7,-6,5,4159
292,Houndoom (Mega Houndoom),-19,-18,-18,37,4,25,3019
293,Kingdra,-19,-13,-13,-8,9,-5,869
294,Phanpy,-4,-48,-48,-63,-46,-50,13209
295,Donphan,-4,12,12,-43,-26,-40,4429
296,Porygon2,-9,-28,-18,2,9,-30,2174
297,Stantler,-21,-13,-46,-18,-21,-5,3516
298,Smeargle,-39,-88,-73,-83,-41,-15,23389
299,Tyrogue,-59,-73,-73,-68,-51,-55,24389
300,Hitmontop,-44,-13,-13,-68,24,-20,7874
301,Smoochum,-49,-78,-93,-18,-21,-25,18524
302,Elekid,-49,-45,-71,-38,-31,5,11897
303,Magby,-49,-33,-71,-33,-31,-7,10630
304,Miltank,1,-28,-3,-63,-16,10,5119
305,Blissey,161,-98,-98,-28,49,-35,49539
306,Raikou,-4,-23,-33,12,14,25,2599
307,Entei,21,7,-23,-13,-11,10,1409
308,Suicune,6,-33,7,-13,29,-5,2209
309,Larvitar,-44,-44,-58,-58,-36,-49,14297
310,Pupitar,-24,-24,-38,-38,-16,-39,5817
311,Tyranitar,6,26,2,-8,14,-29,1817
312,Tyranitar (Mega Tyranitar),6,56,42,-8,34,-19,6517
313,Lugia,12,-18,22,-13,68,20,6145
314,Ho-Oh,12,22,-18,7,68,0,5625
315,Celebi,6,-8,-8,-3,14,10,469
316,Treecko,-54,-63,-73,-38,-31,-20,15019
317,Grovyle,-44,-43,-63,-18,-21,5,8544
318,Sceptile,-24,-23,-43,2,-1,30,3859
319,Sceptile (Mega Sceptile),-24,2,-33,42,-1,55,6459
320,Torchic,-49,-48,-68,-33,-36,-45,13739
321,Combusken,-34,-23,-48,-18,-26,-35,6214
322,Blaziken,-14,12,-38,7,-16,-10,2189
323,Blaziken (Mega Blaziken),-14,52,-28,27,-6,10,4549
324,Mudkip,-44,-38,-58,-53,-36,-50,13349
325,Marshtomp,-24,-23,-38,-43,-16,-40,6254
326,Swampert,6,2,-18,-18,4,-30,1604
327,Swampert (Mega Swampert),6,42,2,-8,24,-20,2844
328,Poochyena,-59,-53,-73,-73,-56,-55,23109
329,Mightyena,-24,-18,-38,-43,-26,-20,5269
330,Zigzagoon,-56,-78,-67,-73,-45,-30,21963
331,Zigzagoon (Galarian Zigzagoon),-56,-78,-67,-73,-45,-30,21963
332,Linoone,-16,-38,-47,-53,-25,10,7443
333,Linoone (Galarian Linoone),-16,-38,-47,-53,-25,10,7443
334,Wurmple,-49,-63,-73,-83,-56,-70,26624
335,Silcoon,-44,-73,-53,-78,-61,-75,25504
336,Beautifly,-34,-38,-58,-3,-36,-25,7894
337,Cascoon,-44,-73,-53,-78,-61,-75,25504
338,Dustox,-34,-58,-38,-53,4,-25,9414
339,Lotad,-54,-78,-78,-63,-36,-60,23949
340,Lombre,-34,-58,-58,-43,-16,-40,11589
341,Ludicolo,-14,-38,-38,-13,14,-20,3849
342,Seedot,-54,-68,-58,-73,-56,-60,22969
343,Nuzleaf,-24,-38,-68,-43,-46,-30,11509
344,Shiftry,-4,-8,-48,-13,-26,-10,3329
345,Taillow,-54,-53,-78,-73,-56,-5,20299
346,Swellow,-34,-23,-48,-28,-36,35,7294
347,Wingull,-54,-78,-78,-48,-56,-5,20549
348,Pelipper,-34,-58,-8,-8,-16,-25,5529
349,Ralts,-66,-83,-83,-58,-51,-50,26599
350,Kirlia,-56,-73,-73,-38,-31,-40,17799
351,Gardevoir,-26,-43,-43,22,29,-10,5799
352,Gardevoir (Mega Gardevoir),-26,-23,-43,62,49,10,9399
353,Surskit,-54,-78,-76,-53,-34,-25,19366
354,Masquerain,-24,-48,-46,-3,-4,-10,5121
355,Shroomish,-34,-68,-48,-63,-26,-55,15754
356,Breloom,-34,22,-28,-43,-26,-20,5349
357,Slakoth,-34,-48,-48,-68,-51,-60,16589
358,Vigoroth,-14,-28,-28,-48,-31,0,5029
359,Slaking,56,52,-8,-8,-21,10,6509
360,Nincada,-63,-63,-18,-73,-56,-50,19227
361,Ninjask,-33,-18,-63,-53,-36,70,14387
362,Shedinja,-93,-18,-63,-73,-56,-50,23907
363,Whismur,-30,-57,-85,-52,-63,-62,21891
364,Loudred,-10,-37,-65,-32,-43,-42,10331
365,Exploud,10,-17,-45,-12,-13,-22,3211
366,Makuhita,-22,-48,-78,-83,-56,-65,23122
367,Hariyama,50,12,-48,-63,-26,-40,11193
368,Azurill,-44,-88,-68,-83,-46,-70,28209
369,Nosepass,-64,-63,27,-58,4,-60,15774
370,Skitty,-44,-63,-63,-68,-51,-40,18699
371,Delcatty,-24,-43,-43,-48,-31,0,7539
372,Sableye,-44,-33,-33,-38,-21,-40,7599
373,Sableye (Mega Sableye),-44,-23,17,-18,29,-70,8819
374,Mawile,-44,-23,-23,-48,-31,-40,7859
375,Mawile (Mega Mawile),-44,-3,17,-48,9,-40,6219
376,Aron,-44,-38,-8,-63,-46,-60,13129
377,Lairon,-34,-18,32,-53,-36,-50,9109
378,Aggron,-24,2,72,-43,-26,-40,9889
379,Aggron (Mega Aggron),-24,32,122,-43,-6,-40,19969
380,Meditite,-64,-68,-53,-63,-31,-30,17359
381,Medicham,-34,-48,-33,-43,-11,-10,6619
382,Medicham (Mega Medicham),-34,-8,-23,-23,-1,10,2379
383,Electrike,-54,-63,-68,-38,-46,-25,15694
384,Manectric,-24,-33,-48,2,-26,15,4874
385,Manectric (Mega Manectric),-24,-33,-28,32,-6,45,5534
386,Plusle,-34,-58,-68,-18,-11,5,9614
387,Minun,-34,-68,-58,-28,-1,5,9954
388,Volbeat,-29,-35,-33,-56,-1,-5,6317
389,Illumise,-29,-61,-33,-30,-1,-5,6577
390,Roselia,-44,-48,-63,-3,-6,-25,8879
391,Gulpin,-24,-65,-55,-60,-33,-50,15015
392,Swalot,6,-35,-25,-30,-3,-35,4020
393,Carvanha,-49,-18,-88,-38,-66,-25,16894
394,Sharpedo,-24,12,-68,-8,-46,5,7549
395,Sharpedo (Mega Sharpedo),-24,32,-38,7,-21,15,3759
396,Wailmer,36,-38,-73,-33,-51,-30,12659
397,Wailord,76,-18,-63,-13,-41,-30,12819
398,Numel,-34,-48,-68,-38,-41,-55,14234
399,Camerupt,-24,-8,-38,2,-11,-50,4709
400,Camerupt (Mega Camerupt),-24,12,-8,42,19,-70,7809
401,Torkoal,-24,-23,32,-18,-16,-70,7609
402,Spoink,-34,-83,-73,-33,-6,-30,15399
403,Grumpig,-14,-63,-43,-13,24,-10,6859
404,Spinda,-34,-48,-48,-43,-26,-30,9189
405,Trapinch,-49,-8,-63,-58,-41,-80,17879
406,Vibrava,-44,-38,-58,-53,-36,-20,11249
407,Flygon,-14,-8,-28,-23,-6,10,1709
408,Cacnea,-44,-23,-68,-18,-46,-55,12554
409,Cacturne,-24,7,-48,12,-26,-35,4974
410,Swablu,-49,-68,-48,-63,-11,-40,15019
411,Altaria,-19,-38,-18,-33,19,-10,3679
412,Altaria (Mega Altaria),-19,2,2,7,19,-10,879
413,Zangoose,-21,7,-48,-43,-26,0,5319
414,Seviper,-21,-8,-48,-3,-26,-25,4119
415,Lunatone,-4,-53,-43,-8,-1,-20,5139
416,Solrock,-4,-13,-23,-48,-21,-20,3859
417,Barboach,-44,-60,-65,-57,-45,-30,15935
418,Whiscash,16,-30,-35,-27,-15,-30,4235
419,Corphish,-51,-28,-43,-53,-51,-55,13669
420,Crawdaunt,-31,12,-23,-13,-31,-35,3989
421,Baltoy,-54,-68,-53,-63,-16,-35,15799
422,Claydol,-34,-38,-3,-33,34,-15,5079
423,Lileep,-28,-67,-31,-42,1,-67,12488
424,Cradily,-8,-27,-11,-22,21,-47,4048
425,Anorith,-49,-13,-58,-63,-36,-15,11424
426,Armaldo,-19,17,-8,-33,-6,-45,3864
427,Feebas,-74,-93,-88,-93,-31,-10,31579
428,Milotic,1,-48,-29,-3,39,-9,4757
429,Castform,-24,-38,-38,-33,-16,-20,5209
430,Kecleon,-34,-18,-38,-43,34,-50,8429
431,Shuppet,-50,-33,-73,-40,-53,-45,15352
432,Banette,-30,7,-43,-20,-23,-25,4352
433,Banette (Mega Banette),-30,57,-33,-10,-3,-15,5572
434,Duskull,-74,-68,-18,-73,4,-65,19994
435,Dusclops,-54,-38,22,-43,44,-65,12854
436,Tropius,5,-40,-25,-31,1,-39,4733
437,Chimecho,-19,-58,-28,-8,4,-25,5214
438,Absol,-29,22,-48,-28,-26,-15,5314
439,Absol (Mega Absol),-29,42,-48,12,-26,25,6354
440,Wynaut,1,-85,-60,-80,-38,-67,23159
441,Snorunt,-44,-58,-58,-53,-36,-40,14369
442,Glalie,-14,-28,-28,-23,-6,-10,2429
443,Glalie (Mega Glalie),-14,12,-28,17,-6,10,1549
444,Spheal,-24,-68,-58,-48,-36,-65,16389
445,Sealeo,-4,-48,-38,-28,-16,-45,6829
446,Walrein,16,-28,-18,-8,4,-25,2069
447,Clamperl,-59,-44,-23,-29,-31,-58,11112
448,Huntail,-39,-4,-3,-9,-11,-38,3192
449,Gorebyss,-39,-24,-3,11,-11,-38,3792
450,Relicanth,6,-18,22,-58,-21,-35,5874
451,Luvdisc,-51,-78,-53,-63,-21,7,15953
452,Bagon,-49,-33,-48,-63,-56,-40,14499
453,Shelgon,-29,-13,-8,-43,-36,-40,5819
454,Salamence,1,27,-28,7,-6,10,1699
455,Salamence (Mega Salamence),1,37,22,17,4,30,3059
456,Beldum,-54,-53,-28,-68,-26,-60,15409
457,Metang,-34,-33,-8,-48,-6,-40,6249
458,Metagross,-14,27,22,-8,4,-20,1889
459,Metagross (Mega Metagross),-14,37,42,2,24,20,4309
460,Regirock,-14,-8,92,-53,14,-40,13329
461,Regice,-14,-58,-8,-3,114,-40,18229
462,Registeel,-14,-33,42,-28,64,-40,9529
463,Latias,-14,-28,-18,7,44,20,3689
464,Latias (Mega Latias),-14,-8,12,37,64,20,6269
465,Latios,-14,-18,-28,27,24,20,3009
466,Latios (Mega Latios),-14,22,-8,57,34,20,5549
467,Kyogre,6,-8,-18,47,54,0,5549
468,Kyogre (Primal Kyogre),6,42,-18,77,74,0,13529
469,Groudon,6,42,32,-3,4,0,2849
470,Groudon (Primal Groudon),6,72,52,47,4,0,10149
471,Rayquaza,11,42,-18,47,4,5,4459
472,Rayquaza (Mega Rayquaza),11,72,-8,77,14,25,12119
473,Jirachi,6,-8,-8,-3,14,10,469
474,Deoxys (Normal Forme),-44,42,-58,47,-36,60,14169
475,Deoxys (Attack Forme),-44,72,-88,77,-66,60,28749
476,Deoxys (Defense Forme),-44,-38,52,-33,74,0,12649
477,Deoxys (Speed Forme),-44,-13,-18,-8,4,90,10609
478,Turtwig,-39,-40,-44,-58,-31,-59,12863
479,Grotle,-19,-19,-23,-48,-21,-54,6912
480,Torterra,1,1,-3,-28,-1,-34,1952
481,Chimchar,-50,-50,-64,-45,-42,-29,13726
482,Monferno,-30,-30,-56,-25,-34,-9,6798
483,Infernape,-18,-4,-37,1,-15,18,2259
484,Piplup,-41,-57,-55,-42,-30,-50,13119
485,Prinplup,-30,-42,-40,-22,-10,-40,6448
486,Empoleon,-10,-22,-20,8,15,-30,2173
487,Starly,-54,-53,-78,-73,-56,-30,21174
488,Staravia,-39,-33,-58,-63,-46,-10,12159
489,Staraptor,-9,12,-38,-53,-26,10,5254
490,Bidoof,-35,-63,-68,-68,-46,-59,20039
491,Bibarel,-15,-23,-48,-48,-26,-19,6399
492,Kricketot,-57,-83,-67,-78,-45,-65,26961
493,Kricketune,-17,-23,-57,-48,-35,-25,8221
494,Shinx,-49,-43,-74,-63,-52,-45,18424
495,Luxio,-34,-23,-59,-43,-37,-30,9284
496,Luxray,-14,12,-29,-8,-7,-20,1694
497,Budew,-54,-78,-73,-53,-16,-35,18619
498,Roserade,-34,-38,-43,22,19,0,5294
499,Cranidos,-27,17,-68,-73,-56,-32,15131
500,Rampardos,3,57,-48,-38,-36,-32,9326
501,Shieldon,-64,-66,10,-61,2,-60,15877
502,Bastiodon,-34,-56,60,-56,52,-60,17332
503,Burmy,-54,-79,-63,-74,-41,-54,23199
504,Wormadam (Plant Cloak),-34,-49,-23,-24,19,-54,7939
505,Wormadam (Sandy Cloak),-34,-29,-3,-44,-1,-54,6859
506,Wormadam (Trash Cloak),-34,-39,-13,-34,9,-54,6999
507,Mothim,-24,-14,-58,-9,-36,-24,6089
508,Combee,-64,-78,-66,-73,-44,-20,22201
509,Vespiquen,-24,-28,-6,-23,16,-50,4681
510,Pachirisu,-34,-63,-38,-58,4,5,9974
511,Buizel,-39,-43,-73,-43,-56,-5,13709
512,Floatzel,-9,-3,-53,-18,-36,25,5144
513,Cherubi,-49,-73,-63,-41,-33,-55,17494
514,Cherrim,-24,-48,-38,-16,-8,-5,4669
515,Shellos,-18,-60,-60,-46,-24,-56,13352
516,Gastrodon,17,-25,-40,-11,-4,-51,5252
517,Ambipom,-19,-8,-42,-43,-20,25,5063
518,Drifloon,-4,-58,-74,-43,-42,-20,12869
519,Drifblim,56,-28,-64,-13,-32,-10,9309
520,Buneary,-39,-42,-64,-59,-30,-5,11787
521,Lopunny,-29,-32,-24,-49,10,15,5167
522,Lopunny (Mega Lopunny),-29,28,-14,-49,10,45,6347
523,Mismagius,-34,-48,-48,2,19,15,6354
524,Honchkrow,6,17,-56,2,-34,-19,4982
525,Glameow,-45,-53,-66,-61,-49,-5,15337
526,Purugly,-23,-26,-44,-39,-27,22,5875
527,Chingling,-49,-78,-58,-38,-36,-45,16614
528,Stunky,-31,-45,-61,-62,-45,-16,12832
529,Skuntank,9,-15,-41,-32,-25,-6,3672
530,Bronzor,-37,-84,-22,-79,0,-67,19639
531,Bronzong,-27,-19,8,-24,30,-57,5879
532,Bonsly,-44,-28,-13,-93,-41,-80,19619
533,Mime Jr.,-74,-83,-63,-33,4,-30,18339
534,Happiny,6,-103,-103,-88,-21,-60,33039
535,Chatot,-18,-43,-63,-11,-44,1,8200
536,Spiritomb,-44,-16,0,-11,22,-55,5822
537,Gible,-36,-38,-63,-63,-41,-48,14663
538,Gabite,-26,-18,-43,-53,-31,-8,6683
539,Garchomp,14,22,-13,-23,-1,12,1523
540,Garchomp (Mega Garchomp),14,62,7,17,9,2,4463
541,Munchlax,41,-23,-68,-63,-1,-85,18029
542,Riolu,-54,-38,-68,-68,-46,-30,16624
543,Lucario,-24,2,-38,12,-16,0,2424
544,Lucario (Mega Lucario),-24,37,-20,37,-16,22,4454
545,Hippopotas,-26,-36,-30,-65,-44,-58,12397
546,Hippowdon,14,4,10,-35,-14,-43,3582
547,Skorupi,-54,-58,-18,-73,-31,-25,13519
548,Drapion,-24,-18,2,-43,-11,5,2899
549,Croagunk,-46,-47,-68,-42,-46,-40,14429
550,Toxicroak,-11,-2,-43,-17,-21,-5,2729
551,Carnivine,-20,-8,-36,-13,-14,-44,4061
552,Finneon,-45,-59,-52,-54,-25,-24,12327
553,Lumineon,-25,-39,-32,-34,0,1,4327
554,Mantyke,-49,-88,-58,-43,34,-40,18114
555,Snover,-34,-46,-58,-41,-26,-50,11493
556,Abomasnow,-4,-16,-33,-11,-1,-30,2383
557,Abomasnow (Mega Abomasnow),-4,24,-3,29,19,-60,5403
558,Weavile,-24,12,-43,-58,-1,35,7159
559,Magnezone,-24,-38,7,27,4,-30,3714
560,Lickilicky,16,-23,-13,-23,9,-40,3164
561,Rhyperior,21,32,22,-48,-31,-50,7714
562,Tangrowth,6,-8,17,7,-36,-40,3334
563,Electivire,-19,15,-41,-8,-1,5,2357
564,Magmortar,-19,-13,-41,22,9,-7,2825
565,Togekiss,-9,-58,-13,17,29,-10,4844
566,Yanmega,-8,-32,-22,13,-30,5,2666
567,Leafeon,-29,2,22,-43,-21,5,3644
568,Glaceon,-29,-48,2,27,9,-25,4584
569,Gliscor,-19,-13,17,-58,-11,5,4329
570,Mamoswine,16,22,-28,-33,-26,-10,3389
571,Porygon-Z,-9,-28,-38,32,-11,0,3454
572,Gallade,-26,17,-43,-38,29,-10,5199
573,Gallade (Mega Gallade),-26,57,-13,-38,29,20,6779
574,Probopass,-34,-53,37,-28,64,-50,12714
575,Dusknoir,-49,-8,27,-38,49,-45,9064
576,Froslass,-24,-28,-38,-23,-16,20,3989
577,Rotom,-44,-58,-31,-8,-9,1,6407
578,Rotom (Heat Rotom),-44,-43,-1,2,21,-4,4247
579,Rotom (Wash Rotom),-44,-43,-1,2,21,-4,4247
580,Rotom (Frost Rotom),-44,-43,-1,2,21,-4,4247
581,Rotom (Fan Rotom),-44,-43,-1,2,21,-4,4247
582,Rotom (Mow Rotom),-44,-43,-1,2,21,-4,4247
583,Uxie,-19,-33,22,-28,44,5,4679
584,Mesprit,-14,-3,-3,2,19,-10,679
585,Azelf,-19,17,-38,22,-16,25,3459
586,Dialga,6,12,12,47,14,0,2729
587,Dialga (Origin Forme),6,-8,12,47,34,0,3609
588,Palkia,-4,12,-8,47,34,10,3689
589,Palkia (Origin Forme),-4,-8,-8,47,34,30,4409
590,Heatran,-3,-18,-2,27,20,-13,1635
591,Regigigas,16,52,2,-23,24,10,4169
592,Giratina (Altered Forme),56,-8,12,-3,34,0,4509
593,Giratina (Origin Forme),56,12,-8,17,14,0,3829
594,Cresselia,26,-38,12,-28,44,-5,5009
595,Phione,-14,-28,-28,-23,-6,-10,2429
596,Manaphy,6,-8,-8,-3,14,10,469
597,Darkrai,-24,-18,-18,32,4,35,3489
598,Shaymin (Land Forme),6,-8,-8,-3,14,10,469
599,Shaymin (Sky Forme),6,-5,-33,17,-11,37,2929
600,Arceus,26,12,12,17,34,30,3309
601,Victini,6,-8,-8,-3,14,10,469
602,Snivy,-49,-63,-53,-58,-31,-27,14233
603,Servine,-34,-48,-33,-43,-11,-7,6568
604,Serperior,-19,-33,-13,-28,9,23,3013
605,Tepig,-29,-45,-63,-58,-41,-45,13905
606,Pignite,-4,-15,-53,-33,-31,-35,6325
607,Emboar,16,15,-43,-3,-21,-25,3405
608,Oshawott,-39,-53,-63,-40,-41,-45,13605
609,Dewott,-19,-33,-48,-20,-26,-30,5730
610,Samurott,1,-8,-23,5,-16,-20,1275
611,Samurott (Hisuian Samurott),-4,0,-28,-3,-21,-5,1275
612,Patrat,-49,-53,-69,-68,-47,-48,19108
613,Watchog,-34,-23,-39,-43,-17,-13,5513
614,Lillipup,-49,-48,-63,-78,-41,-35,17664
615,Herdier,-29,-28,-43,-68,-21,-30,9439
616,Stoutland,-9,2,-18,-58,4,-10,3889
617,Purrloin,-53,-58,-71,-53,-49,-24,17000
618,Liepard,-30,-20,-58,-15,-36,16,6441
619,Pansage,-44,-55,-60,-50,-38,-26,13181
620,Simisage,-19,-10,-45,-5,-23,11,3161
621,Pansear,-44,-55,-60,-50,-38,-26,13181
622,Simisear,-19,-10,-45,-5,-23,11,3161
623,Panpour,-44,-55,-60,-50,-38,-26,13181
624,Simipour,-19,-10,-45,-5,-23,11,3161
625,Munna,-18,-83,-63,-36,-31,-66,17795
626,Musharna,22,-53,-23,4,9,-61,7640
627,Pidove,-44,-53,-58,-67,-56,-47,17943
628,Tranquill,-32,-31,-46,-53,-44,-25,9471
629,Unfezant,-14,7,-28,-38,-31,3,3443
630,Blitzle,-49,-48,-76,-53,-54,-14,16402
631,Zebstrika,-19,-8,-45,-23,-23,26,4184
632,Roggenrola,-39,-33,-23,-78,-61,-75,18569
633,Boldore,-24,-3,-3,-53,-46,-70,10419
634,Gigalith,-9,27,22,-43,-6,-65,7404
635,Woobat,-29,-63,-65,-48,-43,-18,13512
636,Swoobat,-27,-51,-53,-26,-31,24,8352
637,Drilbur,-34,-23,-68,-73,-41,-22,13803
638,Excadrill,16,27,-48,-53,-21,-2,6543
639,Audino,9,-48,-22,-43,0,-40,6318
640,Audino (Mega Audino),9,-48,18,-23,40,-40,6438
641,Timburr,-19,-28,-53,-78,-51,-55,15664
642,Gurdurr,-9,-3,-23,-63,-36,-50,8384
643,Conkeldurr,11,32,-13,-48,-21,-45,6084
644,Tympole,-44,-58,-68,-53,-46,-26,15525
645,Palpitoad,-19,-43,-53,-38,-31,-21,7865
646,Seismitoad,11,-13,-33,-18,-11,-16,2080
647,Throh,26,-8,-23,-73,-1,-45,8624
648,Sawk,-19,17,-33,-73,-11,-5,7214
649,Sewaddle,-49,-55,-38,-63,-26,-48,13819
650,Swadloon,-39,-45,-18,-53,-6,-48,9019
651,Leavanny,-19,-5,-28,-33,-6,2,2299
652,Venipede,-64,-63,-49,-73,-47,-33,19093
653,Whirlipede,-54,-53,-9,-63,-7,-43,11673
654,Scolipede,-34,-8,-19,-48,-17,22,4658
655,Cottonee,-54,-81,-48,-66,-36,-24,18009
656,Whimsicott,-34,-41,-23,-26,-11,26,4839
657,Petilil,-49,-73,-58,-33,-36,-60,17079
658,Lilligant,-24,-48,-33,7,-11,0,4139
659,Lilligant (Hisuian Lilligant),-24,-3,-33,-53,-11,15,4829
660,Basculin,-24,-16,-43,-23,-31,8,4235
661,Sandile,-44,-36,-73,-68,-51,-25,16411
662,Krokorok,-34,-26,-63,-58,-41,-16,11102
663,Krookodile,1,9,-28,-38,-16,2,2570
664,Darumaka,-24,-18,-63,-88,-41,-40,15894
665,Darumaka (Galarian Darumaka),-24,-18,-63,-88,-41,-40,15894
666,Darmanitan (Standard Mode),11,32,-53,-73,-31,5,10269
667,Darmanitan (Zen Mode),11,-78,-3,37,19,-35,9169
668,Darmanitan (Galarian Standard Mode),11,32,-53,-73,-31,5,10269
669,Darmanitan (Galarian Zen Mode),11,52,-53,-73,-31,45,13949
670,Maractus,-19,-22,-41,3,-19,-30,3796
671,Dwebble,-44,-43,-23,-68,-51,-35,12764
672,Crustle,-24,-3,17,-38,-11,-45,4464
673,Scraggy,-44,-33,-38,-68,-16,-42,11113
674,Scrafty,-29,-18,7,-58,29,-32,6443
675,Sigilyph,-22,-50,-28,0,-6,7,3853
676,Yamask,-56,-78,-23,-48,-21,-60,16094
677,Yamask (Galarian Yamask),-56,-53,-23,-73,-21,-60,15844
678,Cofagrigus,-36,-58,37,-8,19,-60,10054
679,Tirtouga,-40,-30,-5,-50,-41,-68,11330
680,Carracosta,-20,0,25,-20,-21,-58,5230
681,Archen,-39,4,-63,-29,-41,-20,8428
682,Archeops,-19,32,-43,9,-21,20,4156
683,Trubbish,-44,-58,-46,-63,-24,-25,12586
684,Garbodor,-14,-13,-26,-43,-4,-15,3131
685,Zorua,-54,-43,-68,-23,-46,-25,12659
686,Zorua (Hisuian Zorua),-59,-48,-68,-18,-46,-20,13249
687,Zoroark,-34,-3,-48,17,-26,15,4659
688,Zoroark (Hisuian Zoroark),-39,-8,-48,22,-26,20,5449
689,Minccino,-39,-58,-68,-63,-46,-15,15819
690,Cinccino,-19,-13,-48,-38,-26,25,5579
691,Gothita,-49,-78,-58,-48,-21,-45,16619
692,Gothorita,-34,-63,-38,-28,-1,-35,8579
693,Gothitelle,-24,-53,-13,-8,24,-25,4819
694,Solosis,-49,-78,-68,2,-36,-70,19309
695,Duosion,-29,-68,-58,22,-26,-60,13589
696,Reuniclus,16,-43,-33,22,-1,-60,7279
697,Ducklett,-32,-64,-58,-59,-36,-35,14486
698,Swanna,-19,-21,-45,-16,-23,8,3676
699,Vanillite,-58,-58,-58,-38,-26,-46,14328
700,Vanillish,-43,-43,-43,-23,-11,-31,7158
701,Vanilluxe,-23,-13,-23,7,9,-11,1478
702,Deerling,-34,-48,-58,-63,-36,-15,12314
703,Sawsbuck,-14,-8,-38,-43,-16,5,3834
704,Emolga,-39,-33,-48,-28,-26,13,6543
705,Karrablast,-44,-33,-63,-63,-41,-30,13544
706,Escavalier,-24,27,-3,-43,19,-70,8424
707,Foongus,-25,-53,-63,-48,-31,-75,16293
708,Amoonguss,20,-23,-38,-18,-6,-60,6333
709,Frillish,-39,-68,-58,-38,-1,-50,13454
710,Jellicent,6,-48,-38,-18,19,-30,5369
711,Alomomola,71,-33,-28,-63,-41,-25,13189
712,Joltik,-44,-61,-58,-46,-36,-25,13058
713,Galvantula,-24,-31,-48,-6,-26,18,4877
714,Ferroseed,-50,-58,-17,-79,0,-80,18794
715,Ferrothorn,-20,-14,23,-49,30,-70,9326
716,Klink,-54,-53,-38,-58,-26,-60,14809
717,Klang,-34,-28,-13,-33,-1,-40,4799
718,Klinklang,-34,-8,7,-33,-1,0,2359
719,Tynamo,-59,-53,-68,-58,-46,-30,17294
720,Eelektrik,-29,-23,-38,-28,-16,-50,6354
721,Eelektross,-9,7,-28,2,-6,-40,2554
722,Elgyem,-39,-53,-53,-18,-31,-60,12024
723,Beheeyem,-19,-33,-33,22,9,-50,5604
724,Litwick,-44,-78,-53,-38,-31,-70,18134
725,Lampent,-34,-68,-48,-8,-26,-35,10049
726,Chandelure,-34,-53,-18,42,4,-10,6169
727,Axew,-48,-21,-48,-73,-46,-33,13583
728,Fraxure,-28,9,-38,-63,-36,-23,8103
729,Haxorus,-18,39,-18,-43,-16,7,4323
730,Cubchoo,-39,-38,-68,-43,-46,-50,14054
731,Beartic,1,22,-28,-33,-6,-40,3994
732,Cryogonal,-14,-58,-58,-8,49,15,9614
733,Shelmet,-44,-68,-23,-63,-21,-65,15724
734,Accelgor,-14,-38,-68,-3,-26,55,9974
735,Stunfisk,15,-42,-24,-22,13,-58,6582
736,Stunfisk (Galarian Stunfisk),15,-27,-9,-37,-2,-58,5772
737,Mienfoo,-49,-23,-58,-48,-36,-25,10519
738,Mienshao,-29,17,-48,-8,-26,15,4399
739,Druddigon,-17,12,-18,-43,4,-42,4386
740,Golett,-35,-34,-58,-68,-36,-55,14690
741,Golurk,-5,16,-28,-48,-6,-35,4630
742,Pawniard,-49,-23,-38,-63,-46,-30,11359
743,Bisharp,-29,17,-8,-43,-16,-20,3699
744,Bouffalant,1,2,-13,-63,9,-35,5449
745,Rufflet,-24,-25,-58,-66,-36,-30,11117
746,Braviary,6,15,-33,-46,-11,-10,3687
747,Braviary (Hisuian Braviary),16,-25,-38,9,-16,-25,3287
748,Vullaby,-24,-53,-33,-58,-21,-30,9179
749,Mandibuzz,16,-43,-3,-48,9,-10,4599
750,Heatmor,-9,-11,-42,2,-20,-25,2995
751,Durant,-36,1,4,-55,-38,19,6143
752,Deino,-42,-43,-58,-58,-36,-52,14341
753,Zweilous,-22,-23,-38,-38,-16,-32,5181
754,Hydreigon,-2,-3,-18,22,4,8,901
755,Larvesta,-39,-23,-53,-53,-31,-30,9529
756,Volcarona,-9,-48,-43,32,19,10,5719
757,Cobalion,-3,-18,21,-13,-14,18,1463
758,Terrakion,-3,21,-18,-31,4,18,2075
759,Virizion,-3,-18,-36,-13,43,18,3971
760,Tornadus (Incarnate Forme),-15,7,-38,22,-6,21,2679
761,Tornadus (Therian Forme),-15,-8,-28,7,4,31,2099
762,Thundurus (Incarnate Forme),-15,7,-38,22,-6,21,2679
763,Thundurus (Therian Forme),-15,-3,-38,42,-6,11,3599
764,Reshiram,6,12,-8,47,34,0,3609
765,Zekrom,6,42,12,17,14,0,2429
766,Landorus (Incarnate Forme),-5,17,-18,12,-6,11,939
767,Landorus (Therian Forme),-5,37,-18,2,-6,1,1759
768,Kyurem,31,22,-18,27,4,5,2539
769,Kyurem (Black Kyurem),31,62,-8,17,4,5,5199
770,Kyurem (White Kyurem),31,12,-18,67,14,5,6139
771,Keldeo,-3,-36,-18,26,4,18,2645
772,Meloetta (Aria Forme),6,-31,-31,25,42,0,4347
773,Meloetta (Pirouette Forme),6,20,-18,-26,-9,38,2961
774,Genesect,-23,12,-13,17,9,9,1293
775,Chespin,-38,-47,-43,-55,-41,-52,12912
776,Quilladin,-33,-30,-13,-47,-28,-33,6240
777,Chesnaught,-6,-1,14,-29,-11,-26,1871
778,Fennekin,-54,-63,-68,-41,-26,-30,14766
779,Braixen,-35,-49,-50,-13,-16,-17,6840
780,Delphox,-19,-39,-36,11,14,14,3691
781,Froakie,-53,-52,-68,-41,-42,-19,13943
782,Frogadier,-40,-45,-56,-20,-30,7,8110
783,Greninja,-22,-13,-41,0,-15,32,3583
784,Greninja (Ash-Greninja),-22,37,-41,50,-15,42,8023
785,Bunnelby,-56,-72,-70,-71,-50,-33,21850
786,Diggersby,-9,-52,-31,-53,-9,-12,6780
787,Fletchling,-49,-58,-65,-63,-48,-28,17047
788,Fletchinder,-32,-35,-53,-47,-34,-6,8459
789,Talonflame,-16,-27,-37,-29,-17,36,4780
790,Scatterbug,-56,-73,-68,-76,-61,-55,25611
791,Spewpa,-49,-86,-48,-76,-56,-61,24734
792,Vivillon,-14,-56,-58,-13,-36,-1,8162
793,Litleo,-32,-58,-50,-30,-32,-18,9136
794,Pyroar,-8,-40,-36,6,-20,16,3652
795,Flabébé,-50,-70,-69,-42,-7,-48,16278
796,Floette,-40,-63,-61,-28,12,-38,11662
797,Florges,-16,-43,-40,9,68,-15,8635
798,Skiddo,-28,-43,-60,-41,-29,-38,10199
799,Gogoat,29,-8,-46,-6,-5,-22,3566
800,Pancham,-27,-26,-46,-57,-38,-47,10423
801,Pangoro,1,16,-30,-34,-15,-32,3562
802,Furfrou,-19,-28,-48,-38,4,12,5053
803,Espurr,-32,-60,-54,-40,-26,-22,10300
804,Meowstic,-20,-60,-32,-20,-5,14,5645
805,Honedge,-49,-28,-8,-68,-49,-62,14118
806,Doublade,-35,2,42,-58,-37,-55,10751
807,Aegislash (Shield Forme),-34,-58,32,-53,54,-30,12169
808,Aegislash (Blade Forme),-34,32,-58,37,-36,-30,9109
809,Spritzee,-16,-56,-48,-40,-21,-67,12226
810,Aromatisse,7,-36,-36,-4,3,-61,6387
811,Swirlix,-32,-60,-42,-44,-29,-41,10846
812,Slurpuff,-12,-28,-22,-18,-11,-18,2181
813,Inkay,-41,-54,-55,-66,-40,-45,15603
814,Malamar,-8,-16,-20,-35,-11,-17,2355
815,Binacle,-52,-56,-41,-64,-30,-40,14117
816,Barbaracle,-22,-3,7,-49,0,-22,3427
817,Skrelp,-44,-48,-48,-43,-26,-60,12669
818,Dragalge,-29,-33,-18,-6,37,-46,5775
819,Clauncher,-44,-55,-46,-45,-23,-46,11747
820,Clawitzer,-23,-35,-20,17,3,-31,3413
821,Helioptile,-50,-70,-75,-42,-43,-20,17038
822,Heliolisk,-32,-53,-56,6,8,19,7430
823,Tyrunt,-36,-19,-31,-58,-41,-42,9427
824,Tyrantrum,-12,13,11,-34,-27,-19,2680
825,Amaura,-17,-49,-58,-36,-23,-44,9815
826,Aurorus,29,-31,-36,-4,6,-32,4174
827,Sylveon,1,-43,-43,7,44,-30,6584
828,Hawlucha,-16,-16,-33,-29,-23,28,3755
829,Dedenne,-27,-50,-51,-22,-19,11,6796
830,Carbink,-44,-58,42,-53,64,-40,15569
831,Goomy,-49,-58,-73,-48,-11,-50,16019
832,Sliggoo,-26,-33,-55,-20,27,-30,6819
833,Sliggoo (Hisuian Sliggoo),-36,-33,-25,-20,27,-50,6639
834,Goodra,-4,-8,-38,7,64,-10,5769
835,Goodra (Hisuian Goodra),-14,-8,-8,7,64,-30,5369
836,Klefki,-37,-28,-17,-23,1,-15,3197
837,Phantump,-51,-38,-60,-53,-26,-52,13834
838,Trevenant,-9,2,-32,-38,-4,-34,3725
839,Pumpkaboo (Small Size),-50,-42,-38,-59,-31,-34,11306
840,Pumpkaboo (Average Size),-45,-42,-38,-59,-31,-39,11196
841,Pumpkaboo (Large Size),-40,-42,-38,-59,-31,-44,11186
842,Pumpkaboo (Super Size),-35,-42,-38,-59,-31,-49,11276
843,Gourgeist (Small Size),-39,-23,14,-45,-11,9,4473
844,Gourgeist (Average Size),-29,-18,14,-45,-11,-6,3543
845,Gourgeist (Large Size),-19,-13,14,-45,-11,-21,3313
846,Gourgeist (Super Size),-9,-8,14,-45,-11,-36,3783
847,Bergmite,-39,-39,-23,-71,-51,-62,15057
848,Avalugg,1,9,76,-59,-40,-62,14783
849,Avalugg (Hisuian Avalugg),1,19,76,-69,-50,-52,16103
850,Noibat,-54,-78,-73,-58,-46,-35,21034
851,Noivern,-9,-38,-28,-6,-6,33,3470
852,Xerneas,32,23,-13,28,12,9,2731
853,Yveltal,32,23,-13,28,12,9,2731
854,Zygarde (50% Forme),14,-8,13,-22,9,5,1019
855,Zygarde (10% Forme),-40,-8,-37,-42,-1,25,5423
856,Zygarde (Complete Forme),122,-8,13,-12,9,-5,15367
857,Diancie,-44,-8,42,-3,64,-40,9469
858,Diancie (Mega Diancie),-44,52,2,57,24,20,8869
859,Hoopa (Hoopa Confined),-14,2,-48,47,44,-20,7049
860,Hoopa (Hoopa Unbound),-14,52,-48,67,44,-10,11729
861,Volcanion,-14,2,12,27,4,-20,1489
862,Rowlet,-26,-53,-53,-53,-36,-48,12703
863,Dartrix,-16,-33,-33,-33,-16,-38,5223
864,Decidueye,-16,-1,-33,-3,14,-20,1951
865,Decidueye (Hisuian Decidueye),-6,4,-28,-8,9,-30,1881
866,Litten,-49,-43,-68,-43,-46,-20,13239
867,Torracat,-29,-23,-58,-23,-36,0,6559
868,Incineroar,1,7,-18,-23,4,-30,1819
869,Popplio,-44,-54,-54,-37,-30,-50,12537
870,Brionne,-34,-39,-39,-12,-5,-40,5967
871,Primarina,-14,-34,-34,23,30,-30,4837
872,Pikipek,-59,-33,-78,-73,-56,-25,19744
873,Trumbeak,-39,-23,-58,-63,-36,-15,10904
874,Toucannon,-14,12,-33,-28,-11,-30,3234
875,Yungoos,-46,-38,-78,-73,-56,-45,20134
876,Gumshoos,-6,2,-48,-48,-26,-45,7349
877,Grubbin,-47,-46,-63,-48,-41,-44,14215
878,Charjabug,-37,-26,-13,-48,-11,-54,7555
879,Vikavolt,-17,-38,-18,42,-11,-47,6151
880,Crabrawler,-47,-26,-51,-61,-39,-27,11457
881,Crabominable,3,24,-31,-41,-19,-47,5797
882,Oricorio,-19,-38,-38,-5,-16,3,3539
883,Cutiefly,-54,-63,-68,-48,-46,-6,15965
884,Ribombee,-34,-53,-48,-8,-16,34,7745
885,Rockruff,-49,-43,-68,-73,-46,-30,17219
886,Lycanroc (Midday Form),-19,7,-43,-48,-21,22,5488
887,Lycanroc (Midnight Form),-9,7,-33,-48,-11,-8,3708
888,Lycanroc (Dusk Form),-19,9,-43,-48,-21,20,5436
889,Wishiwashi (Solo Form),-49,-88,-88,-78,-61,-50,30194
890,Wishiwashi (School Form),-49,32,22,37,49,-60,11279
891,Mareanie,-44,-55,-46,-60,-34,-45,13858
892,Toxapex,-44,-45,44,-50,56,-55,14558
893,Mudbray,-24,-8,-38,-58,-31,-45,8434
894,Mudsdale,6,17,-8,-48,-1,-55,5719
895,Dewpider,-56,-68,-56,-63,-14,-63,19030
896,Araquanid,-26,-38,-16,-53,46,-48,9605
897,Fomantis,-54,-53,-73,-53,-51,-55,19489
898,Lurantis,-24,-3,-18,-23,4,-45,3479
899,Morelull,-54,-73,-53,-38,-11,-75,18244
900,Shiinotic,-34,-63,-28,-13,14,-60,9874
901,Salandit,-46,-64,-68,-32,-46,-13,14145
902,Salazzle,-26,-44,-48,8,-26,27,6385
903,Stufful,-24,-33,-58,-58,-36,-40,11289
904,Bewear,26,17,-28,-48,-26,-30,5629
905,Bounsweet,-52,-78,-70,-73,-48,-58,24685
906,Steenee,-42,-68,-60,-63,-38,-28,16185
907,Tsareena,-22,12,-10,-53,12,-18,4005
908,Comfey,-43,-56,-18,-21,24,10,6426
909,Oranguru,-4,-48,-28,-13,24,-30,4749
910,Passimian,6,12,-18,-63,-26,-10,5249
911,Wimpod,-69,-73,-68,-83,-56,-10,24839
912,Golisopod,-19,17,32,-43,4,-50,6039
913,Sandygast,-39,-53,-28,-33,-41,-75,13509
914,Palossand,-9,-33,2,-3,-11,-55,4329
915,Pyukumuku,-39,-48,22,-73,44,-85,18799
916,Type: Null,1,-13,-13,-8,9,-31,1445
917,Silvally,1,-13,-13,-8,9,5,509
918,Minior (Meteor Form),-34,-48,-8,-43,14,-30,6469
919,Minior (Core),-34,-8,-48,-3,-26,30,5109
920,Komala,-29,7,-43,-28,9,-25,4229
921,Turtonator,-34,-30,27,-12,-1,-54,5846
922,Togedemaru,-29,-10,-45,-63,-13,6,7140
923,Mimikyu,-39,-18,-28,-53,19,6,5835
924,Bruxish,-26,-3,-38,-33,-16,2,3478
925,Drampa,-16,-48,-23,32,5,-54,7054
926,Dhelmise,-24,23,-8,-17,4,-50,3974
927,Jangmo-o,-49,-53,-43,-58,-41,-45,14129
928,Hakamo-o,-39,-33,-18,-38,-16,-25,5259
929,Kommo-o,-19,2,17,-3,19,-5,1049
930,Tapu Koko,-24,7,-23,-8,-11,40,2939
931,Tapu Lele,-24,-23,-33,27,29,5,3789
932,Tapu Bulu,-24,22,7,-18,9,-15,1739
933,Tapu Fini,-24,-33,7,-8,44,-5,3739
934,Cosmog,-51,-79,-77,-74,-55,-53,26081
935,Cosmoem,-51,-79,23,-74,45,-53,19681
936,Solgaleo,43,29,-1,10,3,7,2849
937,Lunala,43,5,-19,34,21,7,3881
938,Nihilego,15,-55,-61,24,45,13,9741
939,Buzzwole,13,31,31,-50,-33,-11,5801
940,Pheromosa,-23,29,-71,34,-49,61,13689
941,Xurkitree,-11,-19,-37,70,-15,-7,7025
942,Celesteela,3,-7,-5,4,15,-29,1165
943,Kartana,-35,73,23,-44,-55,19,12405
944,Guzzlord,129,-7,-55,-6,-33,-47,23049
945,Necrozma,3,-1,-7,24,3,-11,765
946,Necrozma (Dusk Mane Necrozma),3,49,19,10,23,-13,3569
947,Necrozma (Dawn Wings Necrozma),3,5,1,54,41,-13,4801
948,Necrozma (Ultra Necrozma),3,59,-11,64,11,39,9349
949,Magearna,-14,-13,7,27,29,-25,2609
950,Marshadow,-4,17,-28,-13,4,35,2499
951,Poipole,-27,-35,-41,-30,-19,-17,5185
952,Naganadel,-21,-35,-35,24,-13,31,4597
953,Stakataka,-33,23,103,-50,15,-77,20881
954,Blacephalon,-41,19,-55,48,-7,17,7709
955,Zeraora,-6,4,-33,-1,-6,53,3987
956,Meltan,-48,-43,-43,-48,-51,-56,14043
957,Melmetal,41,35,35,-23,-21,-56,8237
958,Grookey,-44,-43,-58,-63,-46,-25,13859
959,Thwackey,-24,-23,-38,-48,-26,-10,5629
960,Rillaboom,6,17,-18,-43,-16,-5,2779
961,Scorbunny,-44,-37,-68,-63,-46,-21,14455
962,Raboot,-29,-22,-48,-48,-26,4,6625
963,Cinderace,-14,8,-33,-38,-11,29,3755
964,Sobble,-44,-68,-68,-33,-46,-20,14789
965,Drizzile,-29,-48,-53,-8,-31,0,6979
966,Inteleon,-24,-23,-43,22,-21,30,4779
967,Skwovet,-24,-53,-53,-68,-51,-65,17644
968,Greedent,26,-13,-13,-48,-11,-70,8339
969,Rookidee,-56,-61,-73,-70,-51,-33,20776
970,Corvisquire,-26,-41,-53,-60,-31,-13,9896
971,Corviknight,4,-21,-3,-50,-1,-23,3496
972,Blipbug,-69,-88,-88,-78,-41,-45,30039
973,Dottler,-44,-73,-28,-53,4,-60,14474
974,Orbeetle,-34,-63,2,-23,34,0,6814
975,Nickit,-54,-80,-80,-56,-34,-40,21608
976,Thievul,-24,-50,-50,-16,6,0,5868
977,Gossifleur,-54,-68,-48,-63,-26,-80,20889
978,Eldegoss,-34,-58,-18,-23,34,-30,7429
979,Wooloo,-52,-68,-53,-63,-41,-42,17551
980,Dubwool,-22,-28,-8,-43,4,-2,3201
981,Chewtle,-44,-44,-58,-65,-48,-46,15881
982,Drednaw,-4,7,-18,-55,-18,-16,3994
983,Yamper,-35,-63,-58,-63,-36,-64,17919
984,Boltund,-25,-18,-48,-13,-26,31,5059
985,Rolycoly,-64,-68,-58,-63,-36,-60,20949
986,Carkol,-14,-48,-18,-43,-16,-40,6529
987,Coalossal,16,-28,12,-23,4,-60,5329
988,Applin,-54,-68,-28,-63,-46,-70,19309
989,Flapple,-24,2,-28,-8,-26,-20,2504
990,Appletun,16,-23,-28,-3,-6,-60,5214
991,Silicobra,-42,-51,-33,-68,-36,-44,13310
992,Sandaconda,-22,-1,17,-38,-16,-19,2835
993,Cramorant,-24,-23,-53,-18,9,-5,4344
994,Arrokuda,-53,-45,-68,-63,-56,-24,17139
995,Barraskewda,-33,15,-48,-43,-36,46,8879
996,Toxel,-54,-70,-73,-49,-51,-50,20647
997,Toxtricity,-19,-10,-38,11,-16,-15,2507
998,Sizzlipede,-44,-43,-63,-53,-36,-45,13884
999,Centiskorch,6,7,-43,-13,4,-25,2744
1000,Clobbopus,-44,-40,-48,-53,-36,-58,13309
1001,Grapploct,-14,10,-18,-33,-6,-48,4049
1002,Sinistea,-54,-63,-63,-29,-32,-40,14319
1003,Polteageist,-34,-43,-43,31,28,-20,6999
1004,Hatenna,-52,-78,-63,-47,-33,-51,18656
1005,Hattrem,-37,-68,-43,-17,-13,-41,9981
1006,Hatterene,-37,-18,-13,33,17,-61,6961
1007,Impidimp,-49,-63,-78,-48,-46,-40,18474
1008,Morgrem,-29,-48,-63,-28,-31,-20,9259
1009,Grimmsnarl,1,12,-43,-8,-11,-30,3079
1010,Obstagoon,-1,-18,-7,-43,-5,5,2273
1011,Perrserker,-24,2,-8,-53,-26,-40,5729
1012,Cursola,-34,-13,-58,42,44,-60,11989
1013,Sirfetch'd,-32,27,-13,-35,-4,-25,3788
1014,Mr. Rime,-14,-23,-33,7,14,-20,2459
1015,Runerigus,-36,-13,37,-53,19,-60,9604
1016,Milcery,-49,-68,-68,-53,-25,-56,18219
1017,Alcremie,-29,-48,-33,7,35,-26,6184
1018,Falinks,-29,-8,-8,-33,-26,-15,2959
1019,Pincurchin,-46,-7,-13,-12,-1,-75,8104
1020,Snom,-64,-83,-73,-58,-56,-70,27714
1021,Frosmoth,-24,-43,-48,22,4,-25,5854
1022,Stonjourner,6,17,27,-83,-66,-20,12699
1023,Eiscue (Ice Face),-19,-28,2,-38,4,-40,4209
1024,Eiscue (Noice Face),-19,-28,-38,-38,-36,40,6929
1025,Indeedee (Male),-34,-43,-53,2,9,5,5924
1026,Indeedee (Female),-24,-53,-43,-8,19,-5,5684
1027,Morpeko,-36,-13,-50,-33,-28,7,5887
1028,Cufant,-22,-28,-59,-63,-37,-50,12587
1029,Copperajah,28,22,-39,-23,-17,-60,7207
1030,Dracozolt,-4,-8,-18,-23,-16,-15,1414
1031,Arctozolt,-4,-8,-18,-13,-6,-35,1834
1032,Dracovish,-4,-18,-8,-33,-6,-15,1754
1033,Arctovish,-4,-18,-8,-23,4,-35,2174
1034,Duraludon,-24,-13,7,17,-36,-5,2404
1035,Dreepy,-66,-48,-78,-63,-56,-8,19913
1036,Drakloak,-26,-28,-58,-43,-36,12,8113
1037,Dragapult,-6,12,-33,-3,-11,52,4103
1038,Zacian (Hero of Many Battles),-2,12,7,-23,29,48,3871
1039,Zacian (Crowned Sword),-2,42,7,-23,29,58,6551
1040,Zamazenta (Hero of Many Battles),-2,12,7,-23,29,48,3871
1041,Zamazenta (Crowned Shield),-2,12,32,-23,54,38,6061
1042,Eternatus,46,-23,-13,42,9,40,6259
1043,Eternatus (Eternamax Eternatus),161,7,142,22,164,40,75114
1044,Kubfu,-34,-18,-48,-50,-36,-18,7904
1045,Urshifu,6,22,-8,-40,-26,7,2909
1046,Zarude,11,12,-3,-33,9,15,1669
1047,Regieleki,-14,-8,-58,-3,-36,110,17029
1048,Regidrago,106,-8,-58,-3,-36,-10,16069
1049,Glastrier,6,37,22,-38,24,-60,7509
1050,Spectrier,6,-43,-48,42,-6,40,7589
1051,Calyrex,6,-28,-28,-23,-6,-10,2269
1052,Calyrex (Ice Rider Calyrex),6,57,42,-18,44,-40,8909
1053,Calyrex (Shadow Rider Calyrex),6,-23,-28,62,14,60,8989
1054,Wyrdeer,9,-3,-36,2,-11,-25,2136
1055,Kleavor,-24,27,-13,-58,-16,-5,5119
1056,Ursaluna,36,32,-3,-58,-6,-40,7329
1057,Basculegion (Male),26,4,-43,-23,-11,-12,3335
1058,Basculegion (Female),26,-16,-43,-3,-11,-12,3055
1059,Sneasler,-14,22,-48,-63,-6,30,7889
1060,Overqwil,-9,7,-13,-38,-21,-5,2209
1061,Enamorus (Incarnate Forme),-20,7,-38,32,-6,16,3209
1062,Enamorus (Therian Forme),-20,7,2,32,14,-44,3609
1063,Sprigatito,-54,-47,-54,-58,-41,-25,13711
1064,Floragato,-33,-28,-45,-43,-23,-7,6325
1065,Meowscarada,-18,2,-38,-22,-16,33,3601
1066,Fuecoco,-27,-63,-49,-40,-46,-54,13731
1067,Crocalor,-13,-53,-30,-13,-28,-41,6512
1068,Skeledirge,10,-33,-8,7,-11,-24,1999
1069,Quaxly,-39,-43,-63,-53,-41,-40,13429
1070,Quaxwell,-24,-23,-43,-38,-26,-25,5699
1071,Quaquaval,-9,12,-28,-18,-11,-5,1479
1072,Lechonk,-40,-63,-68,-68,-41,-55,19523
1073,Oinkologne (Male),16,-8,-33,-44,-6,-25,4006
1074,Oinkologne (Female),21,-18,-38,-44,4,-25,4786
1075,Tarountula,-59,-67,-63,-74,-46,-70,24431
1076,Spidops,-34,-29,-16,-51,0,-55,7879
1077,Nymble,-61,-62,-68,-82,-61,-45,24659
1078,Lokix,-23,-6,-30,-51,-31,2,5031
1079,Pawmi,-49,-58,-88,-63,-61,-30,22099
1080,Pawmo,-34,-33,-68,-53,-46,-5,11819
1081,Pawmot,-24,7,-38,-33,-26,15,4059
1082,Tandemaus,-44,-58,-63,-63,-41,-15,15144
1083,Maushold,-20,-33,-38,-38,-11,21,4939
1084,Fidough,-57,-53,-38,-73,-31,-25,14417
1085,Dachsbun,-37,-28,7,-53,-6,5,5072
1086,Smoliv,-53,-73,-63,-45,-35,-60,18957
1087,Dolliv,-42,-55,-48,-25,-8,-57,11031
1088,Arboliva,-16,-39,-18,22,23,-51,5715
1089,Squawkabilly,-12,-12,-57,-58,-35,2,8130
1090,Nacli,-39,-53,-33,-68,-51,-65,16869
1091,Naclstack,-34,-48,-8,-68,-21,-55,11614
1092,Garganacl,6,-8,22,-58,4,-55,6989
1093,Charcadet,-54,-58,-68,-53,-46,-55,18854
1094,Armarouge,-9,-48,-8,22,-6,-15,3194
1095,Ceruledge,-19,17,-28,-43,14,-5,3504
1096,Tadbulb,-33,-77,-67,-44,-51,-45,18069
1097,Bellibolt,15,-44,-17,0,-3,-45,4484
1098,Wattrel,-54,-68,-73,-48,-46,-20,17689
1099,Kilowattrel,-24,-38,-48,2,-26,35,6229
1100,Maschiff,-34,-30,-48,-63,-35,-39,11075
1101,Mabosstiff,-14,12,-18,-43,-16,-5,2794
1102,Shroodle,-54,-43,-73,-63,-51,-15,16889
1103,Grafaiai,-31,-13,-43,-23,-14,20,4104
1104,Bramblin,-54,-43,-78,-58,-51,-30,17714
1105,Brambleghast,-39,7,-38,-23,-16,0,3799
1106,Toedscool,-54,-68,-73,-53,14,-20,16274
1107,Toedscruel,-14,-38,-43,-23,34,10,5274
1108,Klawf,-24,-8,7,-68,-31,-15,6499
1109,Capsakid,-44,-46,-68,-41,-46,-40,14073
1110,Scovillain,-29,0,-43,5,-21,-15,3381
1111,Rellor,-53,-58,-48,-72,-28,-60,18045
1112,Rabsca,-19,-58,-23,12,14,-45,6619
1113,Flittle,-64,-73,-78,-48,-56,-15,21174
1114,Espathra,1,-48,-48,-2,-26,15,5514
1115,Tinkatink,-44,-63,-63,-68,-22,-32,16006
1116,Tinkatuff,-29,-53,-53,-58,-4,-12,9983
1117,Tinkaton,-9,-33,-31,-33,19,4,3597
1118,Wiglett,-84,-53,-83,-68,-61,5,25124
1119,Wugtrio,-59,-8,-58,-53,-16,30,10874
1120,Bombirdier,-24,-5,-23,-43,-1,-8,3044
1121,Finizen,-24,-63,-68,-58,-46,-15,14874
1122,Palafin,6,-38,-36,-50,-24,10,5952
1123,Palafin,6,52,-11,3,1,10,2971
1124,Varoom,-49,-38,-45,-73,-41,-43,14729
1125,Revavroom,-14,11,-18,-49,-19,0,3403
1126,Cyclizar,-24,-13,-43,-18,-21,31,4320
1127,Orthworm,-24,-23,37,-43,-31,-25,5909
1128,Glimmet,-46,-73,-66,2,-26,-30,13381
1129,Glimmora,-11,-53,-18,27,-5,-4,4024
1130,Greavard,-44,-47,-48,-73,-31,-56,15875
1131,Houndstone,-22,-7,-8,-53,11,-22,4011
1132,Flamigo,-12,7,-34,-28,-22,0,2617
1133,Cetoddle,14,-40,-63,-73,-46,-47,15419
1134,Cetitan,76,5,-43,-58,-31,-17,12264
1135,Veluza,-4,-6,-35,-25,-21,-20,2743
1136,Dondozo,56,-8,7,-38,-21,-55,8159
1137,Tatsugiri,-26,-58,-48,17,9,-8,6778
1138,Annihilape,16,7,-28,-53,4,0,3914
1139,Clodsire,36,-33,-48,-58,14,-70,13149
1140,Farigiraf,26,-18,-38,7,-16,-30,3649
1141,Dudunsparce,31,-8,-28,-18,-11,-35,3479
1142,Kingambit,6,27,12,-43,-1,-40,4359
1143,Great Tusk,21,23,23,-50,-33,-3,5097
1144,Scream Tail,21,-43,-9,-38,29,21,5097
1145,Brute Bonnet,17,19,-9,-24,13,-35,2701
1146,Flutter Mane,-39,-53,-53,32,49,45,12589
1147,Slither Wing,-9,27,-29,-18,19,-9,2417
1148,Sandy Shocks,-9,-27,-11,18,-1,11,1377
1149,Iron Treads,-4,4,12,-31,-16,16,1649
1150,Iron Bundle,-38,-28,6,21,-26,46,5497
1151,Iron Hands,60,32,0,-53,-18,-40,9357
1152,Iron Jugulis,0,-28,-22,19,-6,18,1989
1153,Iron Moth,-14,-38,-48,37,24,20,6289
1154,Iron Thorns,6,26,2,-33,-2,-18,2133
1155,Frigibax,-29,-33,-63,-68,-41,-35,13429
1156,Arctibax,-4,-13,-42,-58,-21,-28,6538
1157,Baxcalibur,21,37,-16,-28,0,-3,2859
1158,Gimmighoul (Chest Form),-49,-78,-38,-28,-16,-80,17369
1159,Gimmighoul (Roaming Form),-49,-78,-83,-28,-41,-10,17939
1160,Gholdengo,-7,-48,-13,30,5,-6,3483
1161,Wo-Chien,-9,-23,-8,-8,49,-20,3539
1162,Chien-Pao,-14,12,-28,-13,-21,45,3759
1163,Ting-Lu,61,2,17,-48,-6,-45,8379
1164,Chi-Yu,-39,-28,-28,32,34,10,5369
1165,Roaring Moon,11,31,-37,-48,15,29,5821
1166,Iron Valiant,-20,22,-18,17,-26,26,2849
1167,Koraidon,6,27,7,-18,14,45,3359
1168,Miraidon,6,-23,-8,32,29,45,4519
