Eric LastName vs. Pokemon SSE,pokemon,D_HP,D_ATK,D_DEF,D_SPA,D_SPD,D_SPE,SSE
0,Bulbasaur,-17,-64,-66,-6,-41,-61,14179
1,Ivysaur,-2,-51,-52,9,-26,-46,8182
2,Venusaur,18,-31,-32,29,-6,-26,3862
3,Venusaur (Mega Venusaur),18,-13,8,51,14,-26,4030
4,Charmander,-23,-61,-72,-11,-56,-41,14372
5,Charmeleon,-4,-49,-57,9,-41,-26,8104
6,Charizard,16,-29,-37,38,-21,-6,4387
7,Charizard (Mega Charizard X),16,17,-4,59,-21,-6,4519
8,Charizard (Mega Charizard Y),16,-9,-37,88,9,-6,9567
9,Squirtle,-18,-65,-50,-21,-42,-63,13223
10,Wartortle,-3,-50,-35,-6,-26,-48,6750
11,Blastoise,17,-30,-15,14,-1,-28,2395
12,Blastoise (Mega Blastoise),17,-10,5,64,9,-28,5375
13,Caterpie,-17,-83,-80,-51,-86,-61,27296
14,Metapod,-12,-93,-60,-46,-81,-76,26846
15,Butterfree,-2,-68,-65,19,-26,-36,11186
16,Weedle,-22,-78,-85,-51,-86,-56,26926
17,Kakuna,-17,-88,-65,-46,-81,-71,25976
18,Beedrill,3,-23,-75,-26,-26,-31,8476
19,Beedrill (Mega Beedrill),3,37,-75,-56,-26,39,12336
20,Pidgey,-22,-68,-75,-36,-71,-50,19570
21,Pidgeotto,1,-53,-60,-21,-56,-35,11212
22,Pidgeot,21,-33,-40,-1,-36,-5,4452
23,Pidgeot (Mega Pidgeot),21,-33,-35,64,-26,15,7752
24,Rattata,-32,-57,-80,-46,-71,-34,18986
25,Rattata (Alolan Rattata),-32,-57,-80,-46,-71,-34,18986
26,Raticate,-7,-32,-55,-21,-36,-9,5916
27,Raticate (Alolan Raticate),13,-42,-45,-31,-26,-29,6436
28,Spearow,-22,-53,-85,-40,-75,-36,19039
29,Fearow,3,-23,-50,-10,-45,-6,5199
30,Ekans,-27,-53,-71,-31,-52,-51,14845
31,Arbok,-2,-18,-46,-6,-27,-26,3885
32,Pikachu,-27,-58,-75,-21,-56,-16,13551
33,Pikachu (Partner Pikachu),-17,-33,-65,4,-46,14,7931
34,Raichu,-2,-23,-60,19,-26,4,5186
35,Raichu (Alolan Raichu),-2,-28,-65,24,-21,4,6046
36,Sandshrew,-12,-38,-30,-51,-76,-66,15221
37,Sandshrew (Alolan Sandshrew),-12,-38,-25,-61,-71,-66,15331
38,Sandslash,13,-13,-5,-26,-51,-41,5321
39,Sandslash (Alolan Sandslash),13,-13,5,-46,-41,-41,5841
40,Nidoran♀,-7,-66,-63,-31,-66,-65,17916
41,Nidorina,8,-51,-48,-16,-51,-50,10326
42,Nidoqueen,28,-21,-28,4,-21,-30,3366
43,Nidoran♂,-16,-56,-75,-31,-66,-56,17470
44,Nidorino,-1,-41,-58,-16,-51,-41,9584
45,Nidoking,19,-11,-38,14,-31,-21,3524
46,Clefairy,8,-68,-67,-11,-41,-71,16020
47,Clefable,33,-43,-42,24,-16,-46,7650
48,Vulpix,-24,-72,-75,-21,-41,-41,15188
49,Vulpix (Alolan Vulpix),-24,-72,-75,-21,-41,-41,15188
50,Ninetales,11,-37,-40,10,-6,-6,3262
51,Ninetales (Alolan Ninetales),11,-46,-40,10,-6,3,3982
52,Jigglypuff,53,-68,-95,-26,-81,-86,31091
53,Wigglytuff,78,-43,-70,14,-56,-61,19886
54,Zubat,-22,-68,-80,-41,-66,-51,20146
55,Golbat,13,-33,-45,-6,-31,-16,4536
56,Oddish,-17,-63,-60,4,-41,-76,15331
57,Gloom,-2,-48,-45,14,-31,-66,9846
58,Vileplume,13,-33,-30,39,-16,-56,7071
59,Paras,-27,-43,-60,-26,-51,-81,16016
60,Parasect,-2,-18,-35,-11,-26,-76,8126
61,Venonat,-2,-58,-65,-31,-51,-61,14876
62,Venomoth,8,-48,-55,19,-31,-16,6971
63,Diglett,-52,-58,-90,-36,-61,-11,19306
64,Diglett (Alolan Diglett),-52,-58,-85,-36,-61,-16,18566
65,Dugtrio,-27,-13,-65,-21,-36,14,7056
66,Dugtrio (Alolan Dugtrio),-27,-13,-55,-21,-36,4,5676
67,Meowth,-22,-68,-80,-31,-66,-16,17081
68,Meowth (Alolan Meowth),-22,-78,-80,-21,-66,-16,18021
69,Meowth (Galarian Meowth),-12,-48,-60,-31,-66,-66,15721
70,Persian,3,-43,-55,-6,-41,9,6681
71,Persian (Alolan Persian),3,-53,-55,4,-41,9,7621
72,Psyduck,-12,-61,-67,-6,-56,-51,14127
73,Golduck,18,-31,-37,24,-26,-21,4347
74,Mankey,-22,-33,-80,-36,-61,-36,14286
75,Primeape,3,-8,-55,-11,-36,-11,4636
76,Growlithe,-7,-43,-70,-1,-56,-46,12051
77,Growlithe (Hisuian Growlithe),-2,-38,-70,-6,-56,-51,12121
78,Arcanine,28,-3,-35,29,-26,-11,3656
79,Arcanine (Hisuian Arcanine),33,2,-35,24,-26,-16,3826
80,Poliwag,-22,-63,-75,-31,-66,-16,15651
81,Poliwhirl,3,-48,-50,-21,-56,-16,8646
82,Poliwrath,28,-18,-20,-1,-16,-36,3061
83,Abra,-37,-93,-100,34,-51,-16,24031
84,Kadabra,-22,-78,-85,49,-36,-1,17491
85,Alakazam,-7,-63,-70,64,-11,14,13331
86,Alakazam (Mega Alakazam),-7,-63,-50,104,-1,44,19271
87,Machop,8,-33,-65,-36,-71,-71,16756
88,Machoke,18,-13,-45,-21,-46,-61,8796
89,Machamp,28,17,-35,-6,-21,-51,5376
90,Bellsprout,-12,-38,-80,-1,-76,-66,18121
91,Weepinbell,3,-23,-65,14,-61,-51,11281
92,Victreebel,18,-8,-50,29,-36,-36,6321
93,Tentacool,-22,-73,-80,-21,-6,-36,13986
94,Tentacruel,18,-43,-50,9,14,-6,4986
95,Geodude,-22,-33,-15,-41,-76,-86,16651
96,Geodude (Alolan Geodude),-22,-33,-15,-41,-76,-86,16651
97,Graveler,-7,-18,0,-26,-61,-71,9811
98,Graveler (Alolan Graveler),-7,-18,0,-26,-61,-71,9811
99,Golem,18,7,15,-16,-41,-61,6256
100,Golem (Alolan Golem),18,7,15,-16,-41,-61,6256
101,Ponyta,-12,-28,-60,-6,-41,-16,6501
102,Ponyta (Galarian Ponyta),-12,-28,-60,-6,-41,-16,6501
103,Rapidash,3,-13,-45,9,-26,-1,2961
104,Rapidash (Galarian Rapidash),3,-13,-45,9,-26,-1,2961
105,Slowpoke,28,-48,-50,-31,-66,-91,19186
106,Slowpoke (Galarian Slowpoke),28,-48,-50,-31,-66,-91,19186
107,Slowbro,33,-38,-5,29,-26,-76,9851
108,Slowbro (Mega Slowbro),33,-38,65,59,-26,-76,16691
109,Slowbro (Galarian Slowbro),33,-13,-20,29,-36,-76,9571
110,Magnemite,-37,-78,-45,24,-51,-61,16376
111,Magneton,-12,-53,-20,49,-36,-36,8346
112,Farfetch'd,-10,-23,-60,-13,-44,-46,8450
113,Farfetch'd (Galarian Farfetch'd),-10,-18,-60,-13,-44,-51,8730
114,Doduo,-27,-28,-70,-36,-71,-31,13711
115,Dodrio,-2,-3,-45,-11,-46,4,4291
116,Seel,3,-68,-60,-26,-36,-61,13926
117,Dewgong,28,-43,-35,-1,-11,-36,5276
118,Grimer,18,-33,-65,-31,-56,-81,16296
119,Grimer (Alolan Grimer),18,-33,-65,-31,-56,-81,16296
120,Muk,43,-8,-40,-6,-6,-56,6721
121,Muk (Alolan Muk),43,-8,-40,-6,-6,-56,6721
122,Shellder,-32,-48,-15,-26,-81,-66,15146
123,Cloyster,-12,-18,65,14,-61,-36,9906
124,Gastly,-32,-78,-85,29,-71,-26,20891
125,Haunter,-17,-63,-70,44,-51,-11,13816
126,Gengar,-2,-48,-55,59,-31,4,9791
127,Gengar (Mega Gengar),-2,-48,-35,99,-11,24,14031
128,Onix,-27,-68,45,-41,-61,-36,14076
129,Drowzee,-2,-65,-70,-28,-16,-64,14265
130,Hypno,23,-40,-45,2,9,-39,5760
131,Krabby,-32,-8,-25,-46,-81,-56,13526
132,Kingler,-7,17,0,-21,-56,-31,4876
133,Voltorb,-22,-83,-65,-16,-51,-6,14491
134,Voltorb (Hisuian Voltorb),-22,-83,-65,-16,-51,-6,14491
135,Electrode,-2,-63,-45,9,-26,44,8691
136,Electrode (Hisuian Electrode),-2,-63,-45,9,-26,44,8691
137,Exeggcute,-2,-73,-35,-11,-61,-66,14756
138,Exeggutor,33,-18,-30,54,-31,-51,8791
139,Exeggutor (Alolan Exeggutor),33,-8,-30,54,-31,-61,9651
140,Cubone,-12,-63,-20,-31,-56,-71,13651
141,Marowak,-2,-33,-5,-21,-26,-61,5956
142,Marowak (Alolan Marowak),-2,-33,-5,-21,-26,-61,5956
143,Hitmonlee,-12,7,-62,-36,4,-19,5710
144,Hitmonchan,-12,-8,-36,-36,4,-30,3716
145,Lickitung,28,-58,-40,-11,-31,-76,12606
146,Koffing,-22,-48,-20,-11,-61,-71,12071
147,Weezing,3,-23,5,14,-36,-46,4171
148,Weezing (Galarian Weezing),3,-23,5,14,-36,-46,4171
149,Rhyhorn,18,-28,-20,-41,-76,-81,15526
150,Rhydon,43,17,5,-26,-61,-66,10916
151,Chansey,188,-108,-110,-36,-1,-56,63541
152,Tangela,3,-58,0,29,-66,-46,10686
153,Kangaskhan,43,-18,-35,-31,-26,-16,5291
154,Kangaskhan (Mega Kangaskhan),43,12,-15,-11,-6,-6,2411
155,Horsea,-32,-73,-45,-1,-81,-46,17056
156,Seadra,-7,-48,-20,24,-61,-21,7491
157,Goldeen,-17,-46,-55,-36,-56,-43,11711
158,Seaking,18,-21,-50,-6,-26,-38,5421
159,Staryu,-32,-68,-60,-1,-51,-21,12291
160,Starmie,-2,-38,-30,29,-21,9,3711
161,Mr. Mime,-22,-68,-50,29,14,-16,8901
162,Mr. Mime (Galarian Mr. Mime),-12,-48,-50,19,-16,-6,5601
163,Scyther,8,-3,-35,-16,-26,-1,2231
164,Jynx,3,-63,-80,44,-11,-11,12556
165,Electabuzz,3,-30,-58,24,-21,-1,5291
166,Magmar,3,-18,-58,29,-21,-13,5148
167,Pinsir,3,12,-15,-16,-36,-21,2371
168,Pinsir (Mega Pinsir),3,42,5,-6,-16,-1,2091
169,Tauros,13,-13,-20,-31,-36,4,3011
170,Tauros (Paldean Tauros (Combat Breed)),13,-3,-10,-41,-36,-6,3291
171,Tauros (Paldean Tauros (Blaze Breed)),13,-3,-10,-41,-36,-6,3291
172,Tauros (Paldean Tauros (Aqua Breed)),13,-3,-10,-41,-36,-6,3291
173,Magikarp,-42,-103,-60,-56,-86,-26,27181
174,Gyarados,33,12,-36,-11,-6,-25,3311
175,Gyarados (Mega Gyarados),33,42,-6,-1,24,-25,4091
176,Lapras,68,-28,-35,14,-11,-46,9066
177,Ditto,-14,-65,-67,-23,-58,-58,16167
178,Eevee,-7,-58,-65,-26,-41,-51,12596
179,Eevee (Partner Eevee),3,-38,-45,-6,-21,-31,4916
180,Vaporeon,68,-48,-55,39,-11,-41,13276
181,Jolteon,3,-48,-55,39,-11,24,7556
182,Flareon,3,17,-55,24,4,-41,5596
183,Porygon,3,-53,-45,14,-31,-66,10356
184,Omanyte,-27,-73,-15,19,-51,-71,14286
185,Omastar,8,-53,10,44,-36,-51,8806
186,Kabuto,-32,-33,-25,-16,-61,-51,9316
187,Kabutops,-2,2,-10,-6,-36,-26,2116
188,Aerodactyl,18,-8,-50,-11,-31,24,4546
189,Aerodactyl (Mega Aerodactyl),18,22,-30,-1,-11,44,3766
190,Snorlax,98,-3,-50,-6,4,-76,17941
191,Articuno,28,-28,-15,24,19,-21,3171
192,Articuno (Galarian Articuno),28,-28,-30,54,-6,-11,5541
193,Zapdos,28,-23,-30,54,-16,-6,5421
194,Zapdos (Galarian Zapdos),28,12,-25,14,-16,-6,2041
195,Moltres,28,-13,-25,54,-21,-16,5191
196,Moltres (Galarian Moltres),28,-28,-25,29,19,-16,3651
197,Dratini,-21,-49,-70,-21,-56,-56,14455
198,Dragonair,-1,-29,-50,-1,-36,-36,5935
199,Dragonite,29,21,-20,29,-6,-26,3235
200,Mewtwo,44,-3,-25,83,-16,24,10291
201,Mewtwo (Mega Mewtwo X),44,77,-15,83,-6,24,15591
202,Mewtwo (Mega Mewtwo Y),44,37,-45,123,14,34,21811
203,Mew,38,-13,-15,29,-6,-6,2751
204,Chikorita,-17,-64,-50,-22,-41,-61,12771
205,Bayleef,-2,-51,-35,-8,-26,-46,6686
206,Meganium,18,-31,-15,12,-6,-26,2366
207,Cyndaquil,-23,-61,-72,-11,-56,-41,14372
208,Quilava,-4,-49,-57,9,-41,-26,8104
209,Typhlosion,16,-29,-37,38,-21,-6,4387
210,Typhlosion (Hisuian Typhlosion),11,-29,-37,48,-21,-11,5197
211,Totodile,-12,-48,-51,-27,-58,-63,13111
212,Croconaw,3,-33,-35,-12,-43,-48,6620
213,Feraligatr,23,-8,-15,8,-23,-28,2195
214,Sentret,-27,-67,-81,-36,-61,-86,24192
215,Furret,23,-37,-51,-26,-51,-16,8032
216,Hoothoot,-2,-83,-85,-35,-50,-56,20979
217,Noctowl,38,-63,-65,15,-10,-36,11259
218,Ledyba,-22,-93,-85,-31,-26,-51,20596
219,Ledian,-7,-78,-65,-16,4,-21,11071
220,Spinarak,-22,-53,-75,-31,-66,-76,20011
221,Ariados,8,-23,-45,-11,-36,-66,8391
222,Crobat,23,-23,-35,-1,-26,24,3536
223,Chinchou,13,-75,-77,-15,-50,-39,15969
224,Lanturn,63,-55,-57,5,-30,-39,12689
225,Pichu,-42,-73,-100,-36,-71,-46,25546
226,Cleffa,-12,-88,-87,-26,-51,-91,27015
227,Igglybuff,28,-83,-100,-31,-86,-91,34311
228,Togepi,-27,-93,-50,-31,-41,-86,21916
229,Togetic,-7,-73,-30,9,-1,-66,10716
230,Natu,-22,-63,-70,-1,-61,-36,14371
231,Xatu,3,-38,-45,24,-36,-11,5471
232,Mareep,-7,-73,-75,-6,-61,-71,19801
233,Flaaffy,8,-58,-60,9,-46,-61,12946
234,Ampharos,28,-38,-30,44,-16,-51,7921
235,Ampharos (Mega Ampharos),28,-18,-10,94,4,-61,13781
236,Bellossom,13,-33,-20,19,-6,-56,5191
237,Marill,8,-93,-65,-51,-56,-66,23031
238,Azumarill,38,-63,-35,-11,-26,-56,10571
239,Sudowoodo,8,-13,0,-41,-41,-76,9371
240,Politoed,28,-38,-40,19,-6,-36,5521
241,Hoppip,-27,-78,-75,-36,-51,-56,19471
242,Skiploom,-7,-68,-65,-26,-41,-26,11931
243,Jumpluff,13,-58,-45,-16,-11,4,5951
244,Aipom,-7,-43,-60,-31,-51,-21,9501
245,Sunkern,-32,-83,-85,-41,-76,-76,28371
246,Sunflora,13,-38,-60,34,-21,-76,12586
247,Yanma,3,-48,-70,4,-61,-11,11071
248,Wooper,-7,-68,-70,-46,-81,-91,26531
249,Wooper (Paldean Wooper),-7,-68,-70,-46,-81,-91,26531
250,Quagsire,33,-28,-30,-6,-41,-71,9531
251,Espeon,3,-48,-55,59,-11,4,8956
252,Umbreon,33,-48,-5,-11,24,-41,5796
253,Murkrow,-2,-28,-73,14,-64,-15,10634
254,Slowking,33,-38,-35,29,4,-76,10391
255,Slowking (Galarian Slowking),33,-48,-35,39,4,-76,11931
256,Misdreavus,-2,-53,-55,14,-21,-21,6916
257,Unown,-14,-41,-67,1,-58,-58,13095
258,Wobbuffet,128,-80,-57,-38,-48,-73,35110
259,Girafarig,8,-33,-50,19,-41,-21,6136
260,Pineco,-12,-48,-25,-36,-71,-91,17691
261,Forretress,13,-23,25,-11,-46,-66,7916
262,Dunsparce,38,-43,-45,-6,-41,-61,10756
263,Gligar,3,-38,-10,-36,-41,-21,4971
264,Steelix,13,-28,85,-16,-41,-76,15891
265,Steelix (Mega Steelix),13,12,115,-16,-11,-76,19691
266,Snubbull,-2,-33,-65,-31,-66,-76,16411
267,Granbull,28,7,-40,-11,-46,-61,8391
268,Qwilfish,3,-18,-30,-16,-51,-21,4531
269,Qwilfish (Hisuian Qwilfish),3,-18,-30,-16,-51,-21,4531
270,Scizor,8,17,-15,-16,-26,-41,3191
271,Scizor (Mega Scizor),8,37,25,-6,-6,-31,3091
272,Shuckle,-42,-103,115,-61,124,-101,54896
273,Heracross,18,12,-40,-31,-11,-21,3591
274,Heracross (Mega Heracross),18,72,0,-31,-1,-31,7431
275,Sneasel,-7,-18,-60,-36,-31,9,6311
276,Sneasel (Hisuian Sneasel),-7,-18,-60,-36,-31,9,6311
277,Teddiursa,-2,-33,-65,-21,-56,-66,13251
278,Ursaring,28,17,-40,4,-31,-51,6251
279,Slugma,-22,-73,-75,-1,-66,-86,23191
280,Magcargo,-2,-63,5,19,-26,-76,10811
281,Swinub,-12,-63,-75,-41,-76,-56,20331
282,Piloswine,38,-13,-35,-11,-46,-56,8211
283,Corsola,3,-58,-20,-6,-11,-71,8971
284,Corsola (Galarian Corsola),-2,-58,-15,-6,-6,-76,9441
285,Remoraid,-27,-48,-80,-6,-71,-41,16191
286,Octillery,13,-8,-40,34,-31,-61,7671
287,Delibird,-17,-58,-70,-6,-61,-31,13271
288,Mantine,23,-73,-45,9,34,-36,10416
289,Skarmory,3,-33,25,-31,-36,-36,5276
290,Houndour,-17,-53,-85,9,-56,-41,15221
291,Houndoom,13,-23,-65,39,-26,-11,7241
292,Houndoom (Mega Houndoom),13,-23,-25,69,-16,9,6421
293,Kingdra,13,-18,-20,24,-11,-21,2031
294,Phanpy,28,-53,-55,-31,-66,-66,16291
295,Donphan,28,7,5,-11,-46,-56,6231
296,Porygon2,23,-33,-25,34,-11,-46,5636
297,Stantler,11,-18,-53,14,-41,-21,5572
298,Smeargle,-7,-93,-80,-51,-61,-31,22381
299,Tyrogue,-27,-78,-80,-36,-71,-71,24591
300,Hitmontop,-12,-18,-20,-36,4,-36,3476
301,Smoochum,-17,-83,-100,14,-41,-41,20736
302,Elekid,-17,-50,-78,-6,-51,-11,11631
303,Magby,-17,-38,-78,-1,-51,-23,10948
304,Miltank,33,-33,-10,-31,-36,-6,4571
305,Blissey,193,-103,-105,4,29,-51,62341
306,Raikou,28,-28,-40,44,-6,9,5221
307,Entei,53,2,-30,19,-31,-6,5071
308,Suicune,38,-38,0,19,9,-21,3771
309,Larvitar,-12,-49,-65,-26,-56,-65,14807
310,Pupitar,8,-29,-45,-6,-36,-55,7287
311,Tyranitar,38,21,-5,24,-6,-45,4547
312,Tyranitar (Mega Tyranitar),38,51,35,24,14,-35,7267
313,Lugia,44,-23,15,19,48,4,5371
314,Ho-Oh,44,17,-25,39,48,-16,6931
315,Celebi,38,-13,-15,29,-6,-6,2751
316,Treecko,-22,-68,-80,-6,-51,-36,15441
317,Grovyle,-12,-48,-70,14,-41,-11,9346
318,Sceptile,8,-28,-50,34,-21,14,5141
319,Sceptile (Mega Sceptile),8,-3,-40,74,-21,39,9111
320,Torchic,-17,-53,-75,-1,-56,-61,15581
321,Combusken,-2,-28,-55,14,-46,-51,8726
322,Blaziken,18,7,-45,39,-36,-26,5891
323,Blaziken (Mega Blaziken),18,47,-35,59,-26,-6,7951
324,Mudkip,-12,-43,-65,-21,-56,-66,14151
325,Marshtomp,8,-28,-45,-11,-36,-56,7426
326,Swampert,38,-3,-25,14,-16,-46,4646
327,Swampert (Mega Swampert),38,37,-5,24,4,-36,4726
328,Poochyena,-27,-58,-80,-41,-76,-71,22991
329,Mightyena,8,-23,-45,-11,-46,-36,6151
330,Zigzagoon,-24,-83,-74,-41,-65,-46,20963
331,Zigzagoon (Galarian Zigzagoon),-24,-83,-74,-41,-65,-46,20963
332,Linoone,16,-43,-54,-21,-45,-6,7523
333,Linoone (Galarian Linoone),16,-43,-54,-21,-45,-6,7523
334,Wurmple,-17,-68,-80,-51,-76,-86,27086
335,Silcoon,-12,-78,-60,-46,-81,-91,26786
336,Beautifly,-2,-43,-65,29,-56,-41,11736
337,Cascoon,-12,-78,-60,-46,-81,-91,26786
338,Dustox,-2,-63,-45,-21,-16,-41,8376
339,Lotad,-22,-83,-85,-31,-56,-76,24471
340,Lombre,-2,-63,-65,-11,-36,-56,12751
341,Ludicolo,18,-43,-45,19,-6,-36,5891
342,Seedot,-22,-73,-65,-41,-76,-76,23271
343,Nuzleaf,8,-43,-75,-11,-66,-46,14131
344,Shiftry,28,-13,-55,19,-46,-26,7131
345,Taillow,-22,-58,-85,-41,-76,-21,18971
346,Swellow,-2,-28,-55,4,-56,19,7326
347,Wingull,-22,-83,-85,-16,-76,-21,21071
348,Pelipper,-2,-63,-15,24,-36,-41,7751
349,Ralts,-34,-88,-90,-26,-71,-66,27073
350,Kirlia,-24,-78,-80,-6,-51,-56,18833
351,Gardevoir,6,-48,-50,54,9,-26,8513
352,Gardevoir (Mega Gardevoir),6,-28,-50,94,29,-6,13033
353,Surskit,-22,-83,-83,-21,-54,-41,19300
354,Masquerain,8,-53,-53,29,-24,-26,7775
355,Shroomish,-2,-73,-55,-31,-46,-71,16476
356,Breloom,-2,17,-35,-11,-46,-36,5051
357,Slakoth,-2,-53,-55,-36,-71,-76,17951
358,Vigoroth,18,-33,-35,-16,-51,-16,5751
359,Slaking,88,47,-15,24,-41,-6,12471
360,Nincada,-31,-68,-25,-41,-76,-66,18023
361,Ninjask,-1,-23,-70,-21,-56,54,11923
362,Shedinja,-61,-23,-70,-41,-76,-66,20963
363,Whismur,2,-62,-92,-20,-83,-78,25685
364,Loudred,22,-42,-72,0,-63,-58,14765
365,Exploud,42,-22,-52,20,-33,-38,7885
366,Makuhita,10,-53,-85,-51,-76,-81,25072
367,Hariyama,82,7,-55,-31,-46,-56,16011
368,Azurill,-12,-93,-75,-51,-66,-86,28771
369,Nosepass,-32,-68,20,-26,-16,-76,12756
370,Skitty,-12,-68,-70,-36,-71,-56,19141
371,Delcatty,8,-48,-50,-16,-51,-16,7981
372,Sableye,-12,-38,-40,-6,-41,-56,8041
373,Sableye (Mega Sableye),-12,-28,10,14,9,-86,8701
374,Mawile,-12,-28,-30,-16,-51,-56,7821
375,Mawile (Mega Mawile),-12,-8,10,-16,-11,-56,3821
376,Aron,-12,-43,-15,-31,-66,-76,13311
377,Lairon,-2,-23,25,-21,-56,-66,9091
378,Aggron,8,-3,65,-11,-46,-56,9671
379,Aggron (Mega Aggron),8,27,115,-11,-26,-56,17951
380,Meditite,-32,-73,-60,-31,-51,-46,15631
381,Medicham,-2,-53,-40,-11,-31,-26,6171
382,Medicham (Mega Medicham),-2,-13,-30,9,-21,-6,1631
383,Electrike,-22,-68,-75,-6,-66,-41,16806
384,Manectric,8,-38,-55,34,-46,-1,7806
385,Manectric (Mega Manectric),8,-38,-35,64,-26,29,8346
386,Plusle,-2,-63,-75,14,-31,-11,10876
387,Minun,-2,-73,-65,4,-21,-11,10136
388,Volbeat,3,-40,-40,-24,-21,-21,4667
389,Illumise,3,-66,-40,2,-21,-21,6851
390,Roselia,-12,-53,-70,29,-26,-41,11051
391,Gulpin,8,-70,-62,-28,-53,-66,16757
392,Swalot,38,-40,-32,2,-23,-51,7202
393,Carvanha,-17,-23,-95,-6,-86,-41,18956
394,Sharpedo,8,7,-75,24,-66,-11,10791
395,Sharpedo (Mega Sharpedo),8,27,-45,39,-41,-1,6021
396,Wailmer,68,-43,-80,-1,-71,-46,20031
397,Wailord,108,-23,-70,19,-61,-46,23291
398,Numel,-2,-53,-75,-6,-61,-71,17236
399,Camerupt,8,-13,-45,34,-31,-66,8731
400,Camerupt (Mega Camerupt),8,7,-15,74,-1,-86,13211
401,Torkoal,8,-28,25,14,-36,-86,10361
402,Spoink,-2,-88,-80,-1,-26,-46,16941
403,Grumpig,18,-68,-50,19,4,-26,8501
404,Spinda,-2,-53,-55,-11,-46,-46,10191
405,Trapinch,-17,-13,-70,-26,-61,-96,18971
406,Vibrava,-12,-43,-65,-21,-56,-36,11091
407,Flygon,18,-13,-35,9,-26,-6,2511
408,Cacnea,-12,-28,-75,14,-66,-71,16146
409,Cacturne,8,2,-55,44,-46,-51,9746
410,Swablu,-17,-73,-55,-31,-31,-56,13701
411,Altaria,13,-43,-25,-1,-1,-26,3321
412,Altaria (Mega Altaria),13,-3,-5,39,-1,-26,2401
413,Zangoose,11,2,-55,-11,-46,-16,5643
414,Seviper,11,-13,-55,29,-46,-41,7953
415,Lunatone,28,-58,-50,24,-21,-36,8961
416,Solrock,28,-18,-30,-16,-41,-36,5241
417,Barboach,-12,-65,-72,-25,-65,-46,16519
418,Whiscash,48,-35,-42,5,-35,-46,8659
419,Corphish,-19,-33,-50,-21,-71,-71,14473
420,Crawdaunt,1,7,-30,19,-51,-51,6513
421,Baltoy,-22,-73,-60,-31,-36,-51,14271
422,Claydol,-2,-43,-10,-1,14,-31,3111
423,Lileep,4,-72,-38,-10,-19,-83,13994
424,Cradily,24,-32,-18,10,1,-63,5994
425,Anorith,-17,-18,-65,-31,-56,-31,9896
426,Armaldo,13,12,-15,-1,-26,-61,4936
427,Feebas,-42,-98,-95,-61,-51,-26,27391
428,Milotic,33,-53,-36,29,19,-25,7021
429,Castform,8,-43,-45,-1,-36,-36,6531
430,Kecleon,-2,-23,-45,-11,14,-66,7231
431,Shuppet,-18,-38,-80,-8,-73,-61,17282
432,Banette,2,2,-50,12,-43,-41,6182
433,Banette (Mega Banette),2,52,-40,22,-23,-31,6282
434,Duskull,-42,-73,-25,-41,-16,-81,16216
435,Dusclops,-22,-43,15,-11,24,-81,9816
436,Tropius,37,-45,-32,1,-19,-55,7805
437,Chimecho,13,-63,-35,24,-16,-41,7876
438,Absol,3,17,-55,4,-46,-31,6416
439,Absol (Mega Absol),3,37,-55,44,-46,9,8536
440,Wynaut,33,-90,-67,-48,-58,-83,26235
441,Snorunt,-12,-63,-65,-21,-56,-56,15051
442,Glalie,18,-33,-35,9,-26,-26,4071
443,Glalie (Mega Glalie),18,7,-35,49,-26,-6,4711
444,Spheal,8,-73,-65,-16,-56,-81,19571
445,Sealeo,28,-53,-45,4,-36,-61,10651
446,Walrein,48,-33,-25,24,-16,-41,6531
447,Clamperl,-27,-49,-30,3,-51,-74,12116
448,Huntail,-7,-9,-10,23,-31,-54,4636
449,Gorebyss,-7,-29,-10,43,-31,-54,6716
450,Relicanth,38,-23,15,-26,-41,-51,7156
451,Luvdisc,-19,-83,-60,-31,-41,-9,13573
452,Bagon,-17,-38,-55,-31,-76,-56,14631
453,Shelgon,3,-18,-15,-11,-56,-56,6951
454,Salamence,33,22,-35,39,-26,-6,5031
455,Salamence (Mega Salamence),33,32,15,49,-16,14,5191
456,Beldum,-22,-58,-35,-36,-46,-76,14261
457,Metang,-2,-38,-15,-16,-26,-56,5741
458,Metagross,18,22,15,24,-16,-36,3161
459,Metagross (Mega Metagross),18,32,35,34,4,4,3761
460,Regirock,18,-13,85,-21,-6,-56,11331
461,Regice,18,-63,-15,29,94,-56,17331
462,Registeel,18,-38,35,4,44,-56,8081
463,Latias,18,-33,-25,39,24,4,4151
464,Latias (Mega Latias),18,-13,5,69,44,4,7231
465,Latios,18,-23,-35,59,4,4,5591
466,Latios (Mega Latios),18,17,-15,89,14,4,8971
467,Kyogre,38,-13,-25,79,34,-16,9891
468,Kyogre (Primal Kyogre),38,37,-25,109,54,-16,18491
469,Groudon,38,37,25,29,-16,-16,4791
470,Groudon (Primal Groudon),38,67,45,79,-16,-16,14711
471,Rayquaza,43,37,-25,79,-16,-11,10461
472,Rayquaza (Mega Rayquaza),43,67,-15,109,-6,9,18561
473,Jirachi,38,-13,-15,29,-6,-6,2751
474,Deoxys (Normal Forme),-12,37,-65,79,-56,44,17051
475,Deoxys (Attack Forme),-12,67,-95,109,-86,44,34871
476,Deoxys (Defense Forme),-12,-43,45,-1,54,-16,7191
477,Deoxys (Speed Forme),-12,-18,-25,24,-16,74,7401
478,Turtwig,-7,-45,-51,-26,-51,-75,13577
479,Grotle,13,-24,-30,-16,-41,-70,8482
480,Torterra,33,-4,-10,4,-21,-50,4162
481,Chimchar,-18,-55,-71,-13,-62,-45,14428
482,Monferno,2,-35,-63,7,-54,-25,8788
483,Infernape,14,-9,-44,33,-35,2,4531
484,Piplup,-9,-62,-62,-10,-50,-66,14725
485,Prinplup,2,-47,-47,10,-30,-56,8558
486,Empoleon,22,-27,-27,40,-5,-46,5683
487,Starly,-22,-58,-85,-41,-76,-46,20646
488,Staravia,-7,-38,-65,-31,-66,-26,11711
489,Staraptor,23,7,-45,-21,-46,-6,5196
490,Bidoof,-3,-68,-75,-36,-66,-75,21535
491,Bibarel,17,-28,-55,-16,-46,-35,7695
492,Kricketot,-25,-88,-74,-46,-65,-81,26747
493,Kricketune,15,-28,-64,-16,-55,-41,10067
494,Shinx,-17,-48,-81,-31,-72,-61,19020
495,Luxio,-2,-28,-66,-11,-57,-46,10630
496,Luxray,18,7,-36,24,-27,-36,4270
497,Budew,-22,-83,-80,-21,-36,-51,18111
498,Roserade,-2,-43,-50,54,-1,-16,7526
499,Cranidos,5,12,-75,-41,-76,-48,15555
500,Rampardos,35,52,-55,-6,-56,-48,12430
501,Shieldon,-32,-71,3,-29,-18,-76,13015
502,Bastiodon,-2,-61,53,-24,32,-76,13910
503,Burmy,-22,-84,-70,-42,-61,-70,22825
504,Wormadam (Plant Cloak),-2,-54,-30,8,-1,-70,8785
505,Wormadam (Sandy Cloak),-2,-34,-10,-12,-21,-70,6745
506,Wormadam (Trash Cloak),-2,-44,-20,-2,-11,-70,7365
507,Mothim,8,-19,-65,23,-56,-40,9915
508,Combee,-32,-83,-73,-41,-64,-36,20315
509,Vespiquen,8,-33,-13,9,-4,-66,5775
510,Pachirisu,-2,-68,-45,-26,-16,-11,7706
511,Buizel,-7,-48,-80,-11,-76,-21,15091
512,Floatzel,23,-8,-60,14,-56,9,7606
513,Cherubi,-17,-78,-70,-9,-53,-71,19204
514,Cherrim,8,-53,-45,16,-28,-21,6379
515,Shellos,14,-65,-67,-14,-44,-72,16226
516,Gastrodon,49,-30,-47,21,-24,-67,11016
517,Ambipom,13,-13,-49,-11,-40,9,4541
518,Drifloon,28,-63,-81,-11,-62,-36,16575
519,Drifblim,88,-33,-71,19,-52,-26,17615
520,Buneary,-7,-47,-71,-27,-50,-21,10969
521,Lopunny,3,-37,-31,-17,-10,-1,2729
522,Lopunny (Mega Lopunny),3,23,-21,-17,-10,29,2209
523,Mismagius,-2,-53,-55,34,-1,-1,6996
524,Honchkrow,38,12,-63,34,-54,-35,10854
525,Glameow,-13,-58,-73,-29,-69,-21,14905
526,Purugly,9,-31,-51,-7,-47,6,5937
527,Chingling,-17,-83,-65,-6,-56,-61,18296
528,Stunky,1,-50,-68,-30,-65,-32,13274
529,Skuntank,41,-20,-48,0,-45,-22,6894
530,Bronzor,-5,-89,-29,-47,-20,-83,18285
531,Bronzong,5,-24,1,8,10,-73,6095
532,Bonsly,-12,-33,-20,-61,-61,-96,18291
533,Mime Jr.,-42,-88,-70,-1,-16,-46,16781
534,Happiny,38,-108,-110,-56,-41,-76,35801
535,Chatot,14,-48,-70,21,-64,-15,12162
536,Spiritomb,-12,-21,-7,21,2,-71,6120
537,Gible,-4,-43,-70,-31,-61,-64,15543
538,Gabite,6,-23,-50,-21,-51,-24,6683
539,Garchomp,46,17,-20,9,-21,-4,3343
540,Garchomp (Mega Garchomp),46,57,0,49,-11,-14,8083
541,Munchlax,73,-28,-75,-31,-21,-101,23341
542,Riolu,-22,-43,-75,-36,-66,-46,15726
543,Lucario,8,-3,-45,44,-36,-16,5586
544,Lucario (Mega Lucario),8,32,-27,69,-36,6,7910
545,Hippopotas,6,-41,-37,-33,-64,-74,13747
546,Hippowdon,46,-1,3,-3,-34,-59,6772
547,Skorupi,-22,-63,-25,-41,-51,-41,11041
548,Drapion,8,-23,-5,-11,-31,-11,1821
549,Croagunk,-14,-52,-75,-10,-66,-56,16117
550,Toxicroak,21,-7,-50,15,-41,-21,5337
551,Carnivine,12,-13,-43,19,-34,-60,7279
552,Finneon,-13,-64,-59,-22,-45,-40,11855
553,Lumineon,7,-44,-39,-2,-20,-15,4135
554,Mantyke,-17,-93,-65,-11,14,-56,16616
555,Snover,-2,-51,-65,-9,-46,-66,13383
556,Abomasnow,28,-21,-40,21,-21,-46,5823
557,Abomasnow (Mega Abomasnow),28,19,-10,61,-1,-76,10743
558,Weavile,8,7,-50,-26,-21,19,4091
559,Magnezone,8,-43,0,59,-16,-46,7766
560,Lickilicky,48,-28,-20,9,-11,-56,6826
561,Rhyperior,53,27,15,-16,-51,-66,10976
562,Tangrowth,38,-13,10,39,-56,-56,9506
563,Electivire,13,10,-48,24,-21,-11,3711
564,Magmortar,13,-18,-48,54,-11,-23,6363
565,Togekiss,23,-63,-20,49,9,-26,8056
566,Yanmega,24,-37,-29,45,-50,-11,7432
567,Leafeon,3,-3,15,-11,-41,-11,2166
568,Glaceon,3,-53,-5,59,-11,-41,8126
569,Gliscor,13,-18,10,-26,-31,-11,2351
570,Mamoswine,48,17,-35,-1,-46,-26,6611
571,Porygon-Z,23,-33,-45,64,-31,-16,8956
572,Gallade,6,12,-50,-6,9,-26,3473
573,Gallade (Mega Gallade),6,52,-20,-6,9,4,3273
574,Probopass,-2,-58,30,4,44,-66,10576
575,Dusknoir,-17,-13,20,-6,29,-61,5456
576,Froslass,8,-33,-45,9,-36,4,4571
577,Rotom,-12,-63,-38,24,-29,-15,7199
578,Rotom (Heat Rotom),-12,-48,-8,34,1,-20,4069
579,Rotom (Wash Rotom),-12,-48,-8,34,1,-20,4069
580,Rotom (Frost Rotom),-12,-48,-8,34,1,-20,4069
581,Rotom (Fan Rotom),-12,-48,-8,34,1,-20,4069
582,Rotom (Mow Rotom),-12,-48,-8,34,1,-20,4069
583,Uxie,13,-38,15,4,24,-11,2551
584,Mesprit,18,-8,-10,34,-1,-26,2321
585,Azelf,13,12,-45,54,-36,9,6631
586,Dialga,38,7,5,79,-6,-16,8051
587,Dialga (Origin Forme),38,-13,5,79,14,-16,8331
588,Palkia,28,7,-15,79,14,-6,7531
589,Palkia (Origin Forme),28,-13,-15,79,14,14,7811
590,Heatran,29,-23,-9,59,0,-29,5773
591,Regigigas,48,47,-5,9,4,-6,4671
592,Giratina (Altered Forme),88,-13,5,29,14,-16,9231
593,Giratina (Origin Forme),88,7,-15,49,-6,-16,10711
594,Cresselia,58,-43,5,4,24,-21,6271
595,Phione,18,-33,-35,9,-26,-26,4071
596,Manaphy,38,-13,-15,29,-6,-6,2751
597,Darkrai,8,-23,-25,64,-16,19,5931
598,Shaymin (Land Forme),38,-13,-15,29,-6,-6,2751
599,Shaymin (Sky Forme),38,-10,-40,49,-31,21,6947
600,Arceus,58,7,5,49,14,14,6231
601,Victini,38,-13,-15,29,-6,-6,2751
602,Snivy,-17,-68,-60,-26,-51,-43,13639
603,Servine,-2,-53,-40,-11,-31,-23,6024
604,Serperior,13,-38,-20,4,-11,7,2199
605,Tepig,3,-50,-70,-26,-61,-61,15527
606,Pignite,28,-20,-60,-1,-51,-51,9987
607,Emboar,48,10,-50,29,-41,-41,9107
608,Oshawott,-7,-58,-70,-8,-61,-61,15819
609,Dewott,13,-38,-55,12,-46,-46,9014
610,Samurott,33,-13,-30,37,-36,-36,6119
611,Samurott (Hisuian Samurott),28,-5,-35,29,-41,-21,4997
612,Patrat,-17,-58,-76,-36,-67,-64,19310
613,Watchog,-2,-28,-46,-11,-37,-29,5235
614,Lillipup,-17,-53,-70,-46,-61,-51,16436
615,Herdier,3,-33,-50,-36,-41,-46,8691
616,Stoutland,23,-3,-25,-26,-16,-26,2771
617,Purrloin,-21,-63,-78,-21,-69,-40,17296
618,Liepard,2,-25,-65,17,-56,0,8279
619,Pansage,-12,-60,-67,-18,-58,-42,13685
620,Simisage,13,-15,-52,27,-43,-5,5701
621,Pansear,-12,-60,-67,-18,-58,-42,13685
622,Simisear,13,-15,-52,27,-43,-5,5701
623,Panpour,-12,-60,-67,-18,-58,-42,13685
624,Simipour,13,-15,-52,27,-43,-5,5701
625,Munna,14,-88,-70,-4,-51,-82,22181
626,Musharna,54,-58,-30,36,-11,-77,14526
627,Pidove,-12,-58,-65,-35,-76,-63,18703
628,Tranquill,0,-36,-53,-21,-64,-41,10323
629,Unfezant,18,2,-35,-6,-51,-13,4359
630,Blitzle,-17,-53,-83,-21,-74,-30,16804
631,Zebstrika,13,-13,-52,9,-43,10,5072
632,Roggenrola,-7,-38,-30,-46,-81,-91,19351
633,Boldore,8,-8,-10,-21,-66,-86,12421
634,Gigalith,23,22,15,-11,-26,-81,8596
635,Woobat,3,-68,-72,-16,-63,-34,15198
636,Swoobat,5,-56,-60,6,-51,8,9462
637,Drilbur,-2,-28,-75,-41,-61,-38,13259
638,Excadrill,48,22,-55,-21,-41,-18,8259
639,Audino,41,-53,-29,-11,-20,-56,8988
640,Audino (Mega Audino),41,-53,11,9,20,-56,8228
641,Timburr,13,-33,-60,-46,-71,-71,17056
642,Gurdurr,23,-8,-30,-31,-56,-66,9946
643,Conkeldurr,43,27,-20,-16,-41,-61,8636
644,Tympole,-12,-63,-75,-21,-66,-42,16299
645,Palpitoad,13,-48,-60,-6,-51,-37,10079
646,Seismitoad,43,-18,-40,14,-31,-32,5954
647,Throh,58,-13,-30,-41,-21,-61,10276
648,Sawk,13,12,-40,-41,-31,-21,4996
649,Sewaddle,-17,-60,-45,-31,-46,-64,13087
650,Swadloon,-7,-50,-25,-21,-26,-64,8387
651,Leavanny,13,-10,-35,-1,-26,-14,2367
652,Venipede,-32,-68,-56,-41,-67,-49,17355
653,Whirlipede,-22,-58,-16,-31,-27,-59,9275
654,Scolipede,-2,-13,-26,-16,-37,6,2510
655,Cottonee,-22,-86,-55,-34,-56,-40,16797
656,Whimsicott,-2,-46,-30,6,-31,10,4117
657,Petilil,-17,-78,-65,-1,-56,-76,19511
658,Lilligant,8,-53,-40,39,-31,-16,7211
659,Lilligant (Hisuian Lilligant),8,-8,-40,-21,-31,-1,3131
660,Basculin,8,-21,-50,9,-51,-8,5751
661,Sandile,-12,-41,-80,-36,-71,-41,16243
662,Krokorok,-2,-31,-70,-26,-61,-32,11286
663,Krookodile,33,4,-35,-6,-36,-14,3858
664,Darumaka,8,-23,-70,-56,-61,-56,15486
665,Darumaka (Galarian Darumaka),8,-23,-70,-56,-61,-56,15486
666,Darmanitan (Standard Mode),43,27,-60,-41,-51,-11,10581
667,Darmanitan (Zen Mode),43,-83,-10,69,-1,-51,16201
668,Darmanitan (Galarian Standard Mode),43,27,-60,-41,-51,-11,10581
669,Darmanitan (Galarian Zen Mode),43,47,-60,-41,-51,29,12781
670,Maractus,13,-27,-48,35,-39,-46,8064
671,Dwebble,-12,-48,-30,-36,-71,-51,12286
672,Crustle,8,-8,10,-6,-31,-61,4946
673,Scraggy,-12,-38,-45,-36,-36,-58,9569
674,Scrafty,3,-23,0,-26,9,-48,3599
675,Sigilyph,10,-55,-35,32,-26,-9,6131
676,Yamask,-24,-83,-30,-16,-41,-76,16078
677,Yamask (Galarian Yamask),-24,-58,-30,-41,-41,-76,13978
678,Cofagrigus,-4,-63,30,24,-1,-76,11238
679,Tirtouga,-8,-35,-12,-18,-61,-84,12534
680,Carracosta,12,-5,18,12,-41,-74,7794
681,Archen,-7,-1,-70,3,-61,-36,9976
682,Archeops,13,27,-50,41,-41,4,6776
683,Trubbish,-12,-63,-53,-31,-44,-41,11500
684,Garbodor,18,-18,-33,-11,-24,-31,3395
685,Zorua,-22,-48,-75,9,-66,-41,14531
686,Zorua (Hisuian Zorua),-27,-53,-75,14,-66,-36,15011
687,Zoroark,-2,-8,-55,49,-46,-1,7611
688,Zoroark (Hisuian Zoroark),-7,-13,-55,54,-46,4,8291
689,Minccino,-7,-63,-75,-31,-66,-31,15921
690,Cinccino,13,-18,-55,-6,-46,9,5751
691,Gothita,-17,-83,-65,-16,-41,-61,17061
692,Gothorita,-2,-68,-45,4,-21,-51,9711
693,Gothitelle,8,-58,-20,24,4,-41,6101
694,Solosis,-17,-83,-75,34,-56,-86,24491
695,Duosion,3,-73,-65,54,-46,-76,20371
696,Reuniclus,48,-48,-40,54,-21,-76,15341
697,Ducklett,0,-69,-65,-27,-56,-51,15452
698,Swanna,13,-26,-52,16,-43,-8,5718
699,Vanillite,-26,-63,-65,-6,-46,-62,14866
700,Vanillish,-11,-48,-50,9,-31,-47,8176
701,Vanilluxe,9,-18,-30,39,-11,-27,3676
702,Deerling,-2,-53,-65,-31,-56,-31,12096
703,Sawsbuck,18,-13,-45,-11,-36,-11,4056
704,Emolga,-7,-38,-55,4,-46,-3,6659
705,Karrablast,-12,-38,-70,-31,-61,-46,13286
706,Escavalier,8,22,-10,-11,-1,-86,8166
707,Foongus,7,-58,-70,-16,-51,-91,19451
708,Amoonguss,52,-28,-45,14,-26,-76,12161
709,Frillish,-7,-73,-65,-6,-21,-66,14436
710,Jellicent,38,-53,-45,14,-1,-46,8591
711,Alomomola,103,-38,-35,-31,-61,-41,19641
712,Joltik,-12,-66,-65,-14,-56,-41,13738
713,Galvantula,8,-36,-55,26,-46,2,7181
714,Ferroseed,-18,-63,-24,-47,-20,-96,16694
715,Ferrothorn,12,-19,16,-17,10,-86,8546
716,Klink,-22,-58,-45,-26,-46,-76,14441
717,Klang,-2,-33,-20,-1,-21,-56,5071
718,Klinklang,-2,-13,0,-1,-21,-16,871
719,Tynamo,-27,-58,-75,-26,-66,-46,16866
720,Eelektrik,3,-28,-45,4,-36,-66,8486
721,Eelektross,23,2,-35,34,-26,-56,6726
722,Elgyem,-7,-58,-60,14,-51,-76,15586
723,Beheeyem,13,-38,-40,54,-11,-66,10606
724,Litwick,-12,-83,-60,-6,-51,-86,20666
725,Lampent,-2,-73,-55,24,-46,-51,13651
726,Chandelure,-2,-58,-25,74,-16,-26,10401
727,Axew,-16,-26,-55,-41,-66,-49,12395
728,Fraxure,4,4,-45,-31,-56,-39,7675
729,Haxorus,14,34,-25,-11,-36,-9,3475
730,Cubchoo,-7,-43,-75,-11,-66,-66,16356
731,Beartic,33,17,-35,-1,-26,-56,6416
732,Cryogonal,18,-63,-65,24,29,-1,9936
733,Shelmet,-12,-73,-30,-31,-41,-81,15576
734,Accelgor,18,-43,-75,29,-46,39,12276
735,Stunfisk,47,-47,-31,10,-7,-74,11004
736,Stunfisk (Galarian Stunfisk),47,-32,-16,-5,-22,-74,9474
737,Mienfoo,-17,-28,-65,-16,-56,-41,10371
738,Mienshao,3,12,-55,24,-46,-1,5871
739,Druddigon,15,7,-25,-11,-16,-58,4640
740,Golett,-3,-39,-65,-36,-56,-71,15228
741,Golurk,27,11,-35,-16,-26,-51,5608
742,Pawniard,-17,-28,-45,-31,-66,-46,10531
743,Bisharp,3,12,-15,-11,-36,-36,3091
744,Bouffalant,33,-3,-20,-31,-11,-51,5181
745,Rufflet,8,-30,-65,-34,-56,-46,11597
746,Braviary,38,10,-40,-14,-31,-26,4977
747,Braviary (Hisuian Braviary),48,-30,-45,41,-36,-41,9887
748,Vullaby,8,-58,-40,-26,-41,-46,9501
749,Mandibuzz,48,-48,-10,-16,-11,-26,5761
750,Heatmor,23,-16,-49,34,-40,-41,7623
751,Durant,-4,-4,-3,-23,-58,3,3943
752,Deino,-10,-48,-65,-26,-56,-68,15065
753,Zweilous,10,-28,-45,-6,-36,-48,6545
754,Hydreigon,30,-8,-25,54,-16,-8,4825
755,Larvesta,-7,-28,-60,-21,-51,-46,9591
756,Volcarona,23,-53,-50,64,-1,-6,9971
757,Cobalion,29,-23,14,19,-34,2,3087
758,Terrakion,29,16,-25,1,-16,2,1983
759,Virizion,29,-23,-43,19,23,2,4113
760,Tornadus (Incarnate Forme),17,2,-45,54,-26,5,5935
761,Tornadus (Therian Forme),17,-13,-35,39,-16,15,3685
762,Thundurus (Incarnate Forme),17,2,-45,54,-26,5,5935
763,Thundurus (Therian Forme),17,-8,-45,74,-26,-5,8555
764,Reshiram,38,7,-15,79,14,-16,8411
765,Zekrom,38,37,5,49,-6,-16,5531
766,Landorus (Incarnate Forme),27,12,-25,44,-26,-5,4135
767,Landorus (Therian Forme),27,32,-25,34,-26,-15,4435
768,Kyurem,63,17,-25,59,-16,-11,8741
769,Kyurem (Black Kyurem),63,57,-15,49,-16,-11,10221
770,Kyurem (White Kyurem),63,7,-25,99,-6,-11,14601
771,Keldeo,29,-41,-25,58,-16,2,6771
772,Meloetta (Aria Forme),38,-36,-38,57,22,-16,8173
773,Meloetta (Pirouette Forme),38,15,-25,6,-29,22,3655
774,Genesect,9,7,-20,49,-11,-7,3101
775,Chespin,-6,-52,-50,-23,-61,-68,14114
776,Quilladin,-1,-35,-20,-15,-48,-49,6556
777,Chesnaught,26,-6,7,3,-31,-42,3495
778,Fennekin,-22,-68,-75,-9,-46,-46,15046
779,Braixen,-3,-54,-57,19,-36,-33,8920
780,Delphox,13,-44,-43,43,-6,-2,5843
781,Froakie,-21,-57,-75,-9,-62,-35,14465
782,Frogadier,-8,-50,-63,12,-50,-9,9258
783,Greninja,10,-18,-48,32,-35,16,5233
784,Greninja (Ash-Greninja),10,32,-48,82,-35,26,12053
785,Bunnelby,-24,-77,-77,-39,-70,-49,21256
786,Diggersby,23,-57,-38,-21,-29,-28,7288
787,Fletchling,-17,-63,-72,-31,-68,-44,16963
788,Fletchinder,0,-40,-60,-15,-54,-22,8825
789,Talonflame,16,-32,-44,3,-37,20,4994
790,Scatterbug,-24,-78,-75,-44,-81,-71,25823
791,Spewpa,-17,-91,-55,-44,-76,-77,25236
792,Vivillon,18,-61,-65,19,-56,-17,12056
793,Litleo,0,-63,-57,2,-52,-34,11082
794,Pyroar,24,-45,-43,38,-40,0,7494
795,Flabébé,-18,-75,-76,-10,-27,-64,16650
796,Floette,-8,-68,-68,4,-8,-54,12308
797,Florges,16,-48,-47,41,48,-31,9715
798,Skiddo,4,-48,-67,-9,-49,-54,12207
799,Gogoat,61,-13,-53,26,-25,-38,9444
800,Pancham,5,-31,-53,-25,-58,-63,11753
801,Pangoro,33,11,-37,-2,-35,-48,6112
802,Furfrou,13,-33,-55,-6,-16,-4,4591
803,Espurr,0,-65,-61,-8,-46,-38,11570
804,Meowstic,12,-65,-39,12,-25,-2,6663
805,Honedge,-17,-33,-15,-36,-69,-78,13744
806,Doublade,-3,-3,35,-26,-57,-71,10209
807,Aegislash (Shield Forme),-2,-63,25,-21,34,-46,8311
808,Aegislash (Blade Forme),-2,27,-65,69,-56,-46,14971
809,Spritzee,16,-61,-55,-8,-41,-83,15636
810,Aromatisse,39,-41,-43,28,-17,-77,12053
811,Swirlix,0,-65,-49,-12,-49,-57,12420
812,Slurpuff,20,-33,-29,14,-31,-34,4643
813,Inkay,-9,-59,-62,-34,-60,-61,15883
814,Malamar,24,-21,-27,-3,-31,-33,3805
815,Binacle,-20,-61,-48,-32,-50,-56,13085
816,Barbaracle,10,-8,0,-17,-20,-38,2297
817,Skrelp,-12,-53,-55,-11,-46,-76,13991
818,Dragalge,3,-38,-25,26,17,-62,6887
819,Clauncher,-12,-60,-53,-13,-43,-62,12415
820,Clawitzer,9,-40,-27,49,-17,-47,7309
821,Helioptile,-18,-75,-82,-10,-63,-36,18038
822,Heliolisk,0,-58,-63,38,-12,3,8930
823,Tyrunt,-4,-24,-38,-26,-61,-58,9797
824,Tyrantrum,20,8,4,-2,-47,-35,3918
825,Amaura,15,-54,-65,-4,-43,-60,12831
826,Aurorus,61,-36,-43,28,-14,-48,10150
827,Sylveon,33,-48,-50,39,24,-46,10106
828,Hawlucha,16,-21,-40,3,-43,12,4299
829,Dedenne,5,-55,-58,10,-39,-5,8060
830,Carbink,-12,-63,35,-21,44,-56,10851
831,Goomy,-17,-63,-80,-16,-31,-66,16231
832,Sliggoo,6,-38,-62,12,7,-46,7633
833,Sliggoo (Hisuian Sliggoo),-4,-38,-32,12,7,-66,7033
834,Goodra,28,-13,-45,39,44,-26,7111
835,Goodra (Hisuian Goodra),18,-13,-15,39,44,-46,6291
836,Klefki,-5,-33,-24,9,-19,-31,3093
837,Phantump,-19,-43,-67,-21,-46,-68,13880
838,Trevenant,23,-3,-39,-6,-24,-50,5171
839,Pumpkaboo (Small Size),-18,-47,-45,-27,-51,-50,10388
840,Pumpkaboo (Average Size),-13,-47,-45,-27,-51,-55,10758
841,Pumpkaboo (Large Size),-8,-47,-45,-27,-51,-60,11228
842,Pumpkaboo (Super Size),-3,-47,-45,-27,-51,-65,11798
843,Gourgeist (Small Size),-7,-28,7,-13,-31,-7,2061
844,Gourgeist (Average Size),3,-23,7,-13,-31,-22,2201
845,Gourgeist (Large Size),13,-18,7,-13,-31,-37,3041
846,Gourgeist (Super Size),23,-13,7,-13,-31,-52,4581
847,Bergmite,-7,-44,-30,-39,-71,-78,15531
848,Avalugg,33,4,69,-27,-60,-78,16279
849,Avalugg (Hisuian Avalugg),33,14,69,-37,-70,-68,16939
850,Noibat,-22,-83,-80,-26,-66,-51,21406
851,Noivern,23,-43,-35,26,-26,17,5244
852,Xerneas,64,18,-20,60,-8,-7,8533
853,Yveltal,64,18,-20,60,-8,-7,8533
854,Zygarde (50% Forme),46,-13,6,10,-11,-11,2663
855,Zygarde (10% Forme),-8,-13,-44,-10,-21,9,2791
856,Zygarde (Complete Forme),154,-13,6,20,-11,-21,24883
857,Diancie,-12,-13,35,29,44,-56,7451
858,Diancie (Mega Diancie),-12,47,-5,89,4,4,10331
859,Hoopa (Hoopa Confined),18,-3,-55,79,24,-36,11471
860,Hoopa (Hoopa Unbound),18,47,-55,99,24,-26,16611
861,Volcanion,18,-3,5,59,-16,-36,5391
862,Rowlet,6,-58,-60,-21,-56,-64,14673
863,Dartrix,16,-38,-40,-1,-36,-54,7513
864,Decidueye,16,-6,-40,29,-6,-36,4065
865,Decidueye (Hisuian Decidueye),26,-1,-35,24,-11,-46,4715
866,Litten,-17,-48,-75,-11,-66,-36,13991
867,Torracat,3,-28,-65,9,-56,-16,8491
868,Incineroar,33,2,-25,9,-16,-46,4171
869,Popplio,-12,-59,-61,-5,-50,-66,14227
870,Brionne,-2,-44,-46,20,-25,-56,8217
871,Primarina,18,-39,-41,55,10,-46,8767
872,Pikipek,-27,-38,-85,-41,-76,-41,18536
873,Trumbeak,-7,-28,-65,-31,-56,-31,10116
874,Toucannon,18,7,-40,4,-31,-46,5066
875,Yungoos,-14,-43,-85,-41,-76,-61,20448
876,Gumshoos,26,-3,-55,-16,-46,-61,9803
877,Grubbin,-15,-51,-70,-16,-61,-60,15303
878,Charjabug,-5,-31,-20,-16,-31,-70,7503
879,Vikavolt,15,-43,-25,74,-31,-63,13105
880,Crabrawler,-15,-31,-58,-29,-59,-43,10721
881,Crabominable,35,19,-38,-9,-39,-63,8601
882,Oricorio,13,-43,-45,27,-36,-13,6237
883,Cutiefly,-22,-68,-75,-16,-66,-22,15829
884,Ribombee,-2,-58,-55,24,-36,18,8589
885,Rockruff,-17,-48,-75,-41,-66,-46,16371
886,Lycanroc (Midday Form),13,2,-50,-16,-41,6,4646
887,Lycanroc (Midnight Form),23,2,-40,-16,-31,-24,3926
888,Lycanroc (Dusk Form),13,4,-50,-16,-41,4,4638
889,Wishiwashi (Solo Form),-17,-93,-95,-46,-81,-66,30996
890,Wishiwashi (School Form),-17,27,15,69,29,-76,12621
891,Mareanie,-12,-60,-53,-28,-54,-61,13974
892,Toxapex,-12,-50,37,-18,36,-71,10674
893,Mudbray,8,-13,-45,-26,-51,-61,9256
894,Mudsdale,38,12,-15,-16,-21,-71,7551
895,Dewpider,-24,-73,-63,-31,-34,-79,18232
896,Araquanid,6,-43,-23,-21,26,-64,7627
897,Fomantis,-22,-58,-80,-21,-71,-71,20771
898,Lurantis,8,-8,-25,9,-16,-61,4811
899,Morelull,-22,-78,-60,-6,-31,-91,19446
900,Shiinotic,-2,-68,-35,19,-6,-76,12026
901,Salandit,-14,-69,-75,0,-66,-29,15779
902,Salazzle,6,-49,-55,40,-46,11,9299
903,Stufful,8,-38,-65,-26,-56,-56,12681
904,Bewear,58,12,-35,-16,-46,-46,9221
905,Bounsweet,-20,-83,-77,-41,-68,-74,24999
906,Steenee,-10,-73,-67,-31,-58,-44,16179
907,Tsareena,10,7,-17,-21,-8,-34,2099
908,Comfey,-11,-61,-25,11,4,-6,4640
909,Oranguru,28,-53,-35,19,4,-46,7311
910,Passimian,38,7,-25,-31,-46,-26,5871
911,Wimpod,-37,-78,-75,-51,-76,-26,22131
912,Golisopod,13,12,25,-11,-16,-66,5671
913,Sandygast,-7,-58,-35,-1,-61,-91,16641
914,Palossand,23,-38,-5,29,-31,-71,8841
915,Pyukumuku,-7,-53,15,-41,24,-101,15541
916,Type: Null,33,-18,-20,24,-11,-47,4719
917,Silvally,33,-18,-20,24,-11,-11,2631
918,Minior (Meteor Form),-2,-53,-15,-11,-6,-46,5311
919,Minior (Core),-2,-13,-55,29,-46,14,6351
920,Komala,3,2,-50,4,-11,-41,4331
921,Turtonator,-2,-35,20,20,-21,-70,7370
922,Togedemaru,3,-15,-52,-31,-33,-10,5088
923,Mimikyu,-7,-23,-35,-21,-1,-10,2345
924,Bruxish,6,-8,-45,-1,-36,-14,3618
925,Drampa,16,-53,-30,64,-15,-70,13186
926,Dhelmise,8,18,-15,15,-16,-66,5450
927,Jangmo-o,-17,-58,-50,-26,-61,-61,14271
928,Hakamo-o,-7,-38,-25,-6,-36,-41,5131
929,Kommo-o,13,-3,10,29,-1,-21,1561
930,Tapu Koko,8,2,-30,24,-31,24,3081
931,Tapu Lele,8,-28,-40,59,9,-11,6131
932,Tapu Bulu,8,17,0,14,-11,-31,1631
933,Tapu Fini,8,-38,0,24,24,-21,3101
934,Cosmog,-19,-84,-84,-42,-75,-69,26623
935,Cosmoem,-19,-84,16,-42,25,-69,14823
936,Solgaleo,75,24,-8,42,-17,-9,8399
937,Lunala,75,0,-26,66,1,-9,10739
938,Nihilego,47,-60,-68,56,25,-3,14203
939,Buzzwole,45,26,24,-18,-53,-27,7139
940,Pheromosa,9,24,-78,66,-69,45,17883
941,Xurkitree,21,-24,-44,102,-35,-23,15111
942,Celesteela,35,-12,-12,36,-5,-45,4859
943,Kartana,-3,68,16,-12,-75,3,10667
944,Guzzlord,161,-12,-62,26,-53,-63,37363
945,Necrozma,35,-6,-14,56,-17,-27,5611
946,Necrozma (Dusk Mane Necrozma),35,44,12,42,3,-29,5919
947,Necrozma (Dawn Wings Necrozma),35,0,-6,86,21,-29,9939
948,Necrozma (Ultra Necrozma),35,54,-18,96,-9,23,14291
949,Magearna,18,-18,0,59,9,-41,5891
950,Marshadow,28,12,-35,19,-16,19,3131
951,Poipole,5,-40,-48,2,-39,-33,6543
952,Naganadel,11,-40,-42,56,-33,15,7935
953,Stakataka,-1,18,96,-18,-5,-93,18539
954,Blacephalon,-9,14,-62,80,-27,1,11251
955,Zeraora,26,-1,-40,31,-26,37,5283
956,Meltan,-16,-48,-50,-16,-71,-72,15541
957,Melmetal,73,30,28,9,-41,-72,13959
958,Grookey,-12,-48,-65,-31,-66,-41,13671
959,Thwackey,8,-28,-45,-16,-46,-26,5921
960,Rillaboom,38,12,-25,-11,-36,-21,4071
961,Scorbunny,-12,-42,-75,-31,-66,-37,14219
962,Raboot,3,-27,-55,-16,-46,-12,6279
963,Cinderace,18,3,-40,-6,-31,13,3099
964,Sobble,-12,-73,-75,-1,-66,-36,16751
965,Drizzile,3,-53,-60,24,-51,-16,9851
966,Inteleon,8,-28,-50,54,-41,14,8141
967,Skwovet,8,-58,-60,-36,-71,-81,19926
968,Greedent,58,-18,-20,-16,-31,-86,12701
969,Rookidee,-24,-66,-80,-38,-71,-49,20218
970,Corvisquire,6,-46,-60,-28,-51,-29,9978
971,Corviknight,36,-26,-10,-18,-21,-39,4358
972,Blipbug,-37,-93,-95,-46,-61,-61,28601
973,Dottler,-12,-78,-35,-21,-16,-76,13926
974,Orbeetle,-2,-68,-5,9,14,-16,5186
975,Nickit,-22,-85,-87,-24,-54,-56,21906
976,Thievul,8,-55,-57,16,-14,-16,7046
977,Gossifleur,-22,-73,-55,-31,-46,-96,21131
978,Eldegoss,-2,-63,-25,9,14,-46,6991
979,Wooloo,-20,-73,-60,-31,-61,-58,17375
980,Dubwool,10,-33,-15,-11,-16,-18,2115
981,Chewtle,-12,-49,-65,-33,-68,-62,16327
982,Drednaw,28,2,-25,-23,-38,-32,4410
983,Yamper,-3,-68,-65,-31,-56,-80,19355
984,Boltund,7,-23,-55,19,-46,15,6305
985,Rolycoly,-32,-73,-65,-31,-56,-76,20451
986,Carkol,18,-53,-25,-11,-36,-56,8311
987,Coalossal,48,-33,5,9,-16,-76,9531
988,Applin,-22,-73,-35,-31,-66,-86,19751
989,Flapple,8,-3,-35,24,-46,-36,5286
990,Appletun,48,-28,-35,29,-26,-76,11606
991,Silicobra,-10,-56,-40,-36,-56,-60,12868
992,Sandaconda,10,-6,10,-6,-36,-35,2793
993,Cramorant,8,-28,-60,14,-11,-21,5206
994,Arrokuda,-21,-50,-75,-31,-76,-40,16903
995,Barraskewda,-1,10,-55,-11,-56,30,7283
996,Toxel,-22,-75,-80,-17,-71,-66,22195
997,Toxtricity,13,-15,-45,43,-36,-31,6525
998,Sizzlipede,-12,-48,-70,-21,-56,-61,14646
999,Centiskorch,38,2,-50,19,-16,-41,6246
1000,Clobbopus,-12,-45,-55,-21,-56,-74,14247
1001,Grapploct,18,5,-25,-1,-26,-64,5747
1002,Sinistea,-22,-68,-70,3,-52,-56,15857
1003,Polteageist,-2,-48,-50,63,8,-36,10137
1004,Hatenna,-20,-83,-70,-15,-53,-67,19712
1005,Hattrem,-5,-73,-50,15,-33,-57,12417
1006,Hatterene,-5,-23,-20,65,-3,-77,11117
1007,Impidimp,-17,-68,-85,-16,-66,-56,19886
1008,Morgrem,3,-53,-70,4,-51,-36,11631
1009,Grimmsnarl,33,7,-50,24,-31,-46,7291
1010,Obstagoon,31,-23,-14,-11,-25,-11,2553
1011,Perrserker,8,-3,-15,-21,-46,-56,5991
1012,Cursola,-2,-18,-65,74,24,-76,16381
1013,Sirfetch'd,0,22,-20,-3,-24,-41,3150
1014,Mr. Rime,18,-28,-40,39,-6,-36,5561
1015,Runerigus,-4,-18,30,-21,-1,-76,7458
1016,Milcery,-17,-73,-75,-21,-45,-72,18893
1017,Alcremie,3,-53,-40,39,15,-42,7928
1018,Falinks,3,-13,-15,-1,-46,-31,3481
1019,Pincurchin,-14,-12,-20,20,-21,-91,9862
1020,Snom,-32,-88,-80,-26,-76,-86,29016
1021,Frosmoth,8,-48,-55,54,-16,-41,10246
1022,Stonjourner,38,12,20,-51,-86,-36,13281
1023,Eiscue (Ice Face),13,-33,-5,-6,-16,-56,4711
1024,Eiscue (Noice Face),13,-33,-45,-6,-56,24,7031
1025,Indeedee (Male),-2,-48,-60,34,-11,-11,7306
1026,Indeedee (Female),8,-58,-50,24,-1,-21,6946
1027,Morpeko,-4,-18,-57,-1,-48,-9,5975
1028,Cufant,10,-33,-66,-31,-57,-66,14111
1029,Copperajah,60,17,-46,9,-37,-76,13231
1030,Dracozolt,28,-13,-25,9,-36,-31,3916
1031,Arctozolt,28,-13,-25,19,-26,-51,5216
1032,Dracovish,28,-23,-15,-1,-26,-31,3176
1033,Arctovish,28,-23,-15,9,-16,-51,4476
1034,Duraludon,8,-18,0,49,-56,-21,6366
1035,Dreepy,-34,-53,-85,-31,-76,-24,18503
1036,Drakloak,6,-33,-65,-11,-56,-4,8623
1037,Dragapult,26,7,-40,29,-31,36,5423
1038,Zacian (Hero of Many Battles),30,7,0,9,9,32,2135
1039,Zacian (Crowned Sword),30,37,0,9,9,42,4195
1040,Zamazenta (Hero of Many Battles),30,7,0,9,9,32,2135
1041,Zamazenta (Crowned Shield),30,7,25,9,34,22,3295
1042,Eternatus,78,-28,-20,74,-11,24,13441
1043,Eternatus (Eternamax Eternatus),193,2,135,54,144,24,79706
1044,Kubfu,-2,-23,-55,-18,-56,-34,8174
1045,Urshifu,38,17,-15,-8,-46,-9,4219
1046,Zarude,43,7,-10,-1,-11,-1,2121
1047,Regieleki,18,-13,-65,29,-56,94,17531
1048,Regidrago,138,-13,-65,29,-56,-26,28091
1049,Glastrier,38,32,15,-6,4,-76,8521
1050,Spectrier,38,-48,-55,74,-26,24,13501
1051,Calyrex,38,-33,-35,9,-26,-26,5191
1052,Calyrex (Ice Rider Calyrex),38,52,35,14,24,-56,9281
1053,Calyrex (Shadow Rider Calyrex),38,-28,-35,94,-6,44,14261
1054,Wyrdeer,41,-8,-43,34,-31,-41,7392
1055,Kleavor,8,22,-20,-26,-36,-21,3361
1056,Ursaluna,68,27,-10,-26,-26,-56,9941
1057,Basculegion (Male),58,-1,-50,9,-31,-28,7691
1058,Basculegion (Female),58,-21,-50,29,-31,-28,8891
1059,Sneasler,18,17,-55,-31,-26,14,5471
1060,Overqwil,23,2,-20,-6,-41,-21,3091
1061,Enamorus (Incarnate Forme),12,2,-45,64,-26,0,6945
1062,Enamorus (Therian Forme),12,2,-5,64,-6,-60,7905
1063,Sprigatito,-22,-52,-61,-26,-61,-41,12987
1064,Floragato,-1,-33,-52,-11,-43,-23,6293
1065,Meowscarada,14,-3,-45,10,-36,17,3915
1066,Fuecoco,5,-68,-56,-8,-66,-70,17105
1067,Crocalor,19,-58,-37,19,-48,-57,11008
1068,Skeledirge,42,-38,-15,39,-31,-40,7515
1069,Quaxly,-7,-48,-70,-21,-61,-56,14551
1070,Quaxwell,8,-28,-50,-6,-46,-41,7181
1071,Quaquaval,23,7,-35,14,-31,-21,3401
1072,Lechonk,-8,-68,-75,-36,-61,-71,20371
1073,Oinkologne (Male),48,-13,-40,-12,-26,-41,6574
1074,Oinkologne (Female),53,-23,-45,-12,-16,-41,7444
1075,Tarountula,-27,-72,-70,-42,-66,-86,24329
1076,Spidops,-2,-34,-23,-19,-20,-71,7491
1077,Nymble,-29,-67,-75,-50,-81,-61,23737
1078,Lokix,9,-11,-37,-19,-51,-14,4729
1079,Pawmi,-17,-63,-95,-31,-81,-46,22921
1080,Pawmo,-2,-38,-75,-21,-66,-21,12311
1081,Pawmot,8,2,-45,-1,-46,-1,4211
1082,Tandemaus,-12,-63,-70,-31,-61,-31,14656
1083,Maushold,12,-38,-45,-6,-31,5,4635
1084,Fidough,-25,-58,-45,-41,-51,-41,11977
1085,Dachsbun,-5,-33,0,-21,-26,-11,2352
1086,Smoliv,-21,-78,-70,-13,-55,-76,20395
1087,Dolliv,-10,-60,-55,7,-28,-73,12887
1088,Arboliva,16,-44,-25,54,3,-67,10231
1089,Squawkabilly,20,-17,-64,-26,-55,-14,8682
1090,Nacli,-7,-58,-40,-36,-71,-81,17911
1091,Naclstack,-2,-53,-15,-36,-41,-71,11056
1092,Garganacl,38,-13,15,-26,-16,-71,7811
1093,Charcadet,-22,-63,-75,-21,-66,-71,19916
1094,Armarouge,23,-53,-15,54,-26,-31,8116
1095,Ceruledge,13,12,-35,-11,-6,-21,2136
1096,Tadbulb,-1,-82,-74,-12,-71,-61,21107
1097,Bellibolt,47,-49,-24,32,-23,-61,10460
1098,Wattrel,-22,-73,-80,-16,-66,-36,18121
1099,Kilowattrel,8,-43,-55,34,-46,19,8571
1100,Maschiff,-2,-35,-55,-31,-55,-55,11265
1101,Mabosstiff,18,7,-25,-11,-36,-21,2856
1102,Shroodle,-22,-48,-80,-31,-71,-31,16151
1103,Grafaiai,1,-18,-50,9,-34,4,4078
1104,Bramblin,-22,-48,-85,-26,-71,-46,17846
1105,Brambleghast,-7,2,-45,9,-36,-16,3711
1106,Toedscool,-22,-73,-80,-21,-6,-36,13986
1107,Toedscruel,18,-43,-50,9,14,-6,4986
1108,Klawf,8,-13,0,-36,-51,-31,5091
1109,Capsakid,-12,-51,-75,-9,-66,-56,15943
1110,Scovillain,3,-5,-50,37,-41,-31,6545
1111,Rellor,-21,-63,-55,-40,-48,-76,17115
1112,Rabsca,13,-63,-30,44,-6,-61,10731
1113,Flittle,-32,-78,-85,-16,-76,-31,21326
1114,Espathra,33,-53,-55,30,-46,-1,9940
1115,Tinkatink,-12,-68,-70,-36,-42,-48,15032
1116,Tinkatuff,3,-58,-60,-26,-24,-28,9009
1117,Tinkaton,23,-38,-38,-1,-1,-12,3563
1118,Wiglett,-52,-58,-90,-36,-81,-11,22146
1119,Wugtrio,-27,-13,-65,-21,-36,14,7056
1120,Bombirdier,8,-10,-30,-11,-21,-24,2202
1121,Finizen,8,-68,-75,-26,-66,-31,16306
1122,Palafin,38,-43,-43,-18,-44,-6,7438
1123,Palafin,38,47,-18,35,-19,-6,5599
1124,Varoom,-17,-43,-52,-41,-61,-59,13725
1125,Revavroom,18,6,-25,-17,-39,-16,3051
1126,Cyclizar,8,-18,-50,14,-41,15,4990
1127,Orthworm,8,-28,30,-11,-51,-41,6151
1128,Glimmet,-14,-78,-73,34,-46,-46,16997
1129,Glimmora,21,-58,-25,59,-25,-20,8936
1130,Greavard,-12,-52,-55,-41,-51,-72,15339
1131,Houndstone,10,-12,-15,-21,-9,-38,2435
1132,Flamigo,20,2,-41,4,-42,-16,4121
1133,Cetoddle,46,-45,-70,-41,-66,-63,19047
1134,Cetitan,108,0,-50,-26,-51,-33,18530
1135,Veluza,28,-11,-42,7,-41,-36,5695
1136,Dondozo,88,-13,0,-6,-41,-71,14671
1137,Tatsugiri,6,-63,-55,49,-11,-24,10128
1138,Annihilape,48,2,-35,-21,-16,-16,4486
1139,Clodsire,68,-38,-55,-26,-6,-86,17201
1140,Farigiraf,58,-23,-45,39,-36,-46,10851
1141,Dudunsparce,63,-13,-35,14,-31,-51,9121
1142,Kingambit,38,22,5,-11,-21,-56,5651
1143,Great Tusk,53,18,16,-18,-53,-19,6883
1144,Scream Tail,53,-48,-16,-6,9,5,5511
1145,Brute Bonnet,49,14,-16,8,-7,-51,5567
1146,Flutter Mane,-7,-58,-60,64,29,29,12791
1147,Slither Wing,23,22,-36,14,-1,-25,3131
1148,Sandy Shocks,23,-32,-18,50,-21,-5,4843
1149,Iron Treads,28,-1,5,1,-36,0,2107
1150,Iron Bundle,-6,-33,-1,53,-46,30,6951
1151,Iron Hands,92,27,-7,-21,-38,-56,14263
1152,Iron Jugulis,32,-33,-29,51,-26,2,6235
1153,Iron Moth,18,-43,-55,69,4,4,9991
1154,Iron Thorns,38,21,-5,-1,-22,-34,3551
1155,Frigibax,3,-38,-70,-36,-61,-51,13971
1156,Arctibax,28,-18,-49,-26,-41,-44,7802
1157,Baxcalibur,53,32,-23,4,-20,-19,5139
1158,Gimmighoul (Chest Form),-17,-83,-45,4,-36,-96,19731
1159,Gimmighoul (Roaming Form),-17,-83,-90,4,-61,-26,19691
1160,Gholdengo,25,-53,-20,62,-15,-22,8387
1161,Wo-Chien,23,-28,-15,24,29,-36,4251
1162,Chien-Pao,18,7,-35,19,-41,29,4481
1163,Ting-Lu,93,-3,10,-16,-26,-61,13411
1164,Chi-Yu,-7,-33,-35,64,14,-6,6691
1165,Roaring Moon,43,26,-44,-16,-5,13,4911
1166,Iron Valiant,12,17,-25,49,-46,10,5675
1167,Koraidon,38,22,0,14,-6,29,3001
1168,Miraidon,38,-28,-15,64,9,29,7471
