Leah Baetcke vs. Pokemon SSE,pokemon,D_HP,D_ATK,D_DEF,D_SPA,D_SPD,D_SPE,SSE
0,Bulbasaur,-45,-55,-21,-55,-38,-60,13560
1,Ivysaur,-30,-42,-7,-40,-23,-45,6867
2,Venusaur,-10,-22,13,-20,-3,-25,1787
3,Venusaur (Mega Venusaur),-10,-4,53,2,17,-25,3843
4,Charmander,-51,-52,-27,-60,-53,-40,14043
5,Charmeleon,-32,-40,-12,-40,-38,-25,6437
6,Charizard,-12,-20,8,-11,-18,-5,1078
7,Charizard (Mega Charizard X),-12,26,41,10,-18,-5,2950
8,Charizard (Mega Charizard Y),-12,0,8,39,12,-5,1898
9,Squirtle,-46,-56,-5,-70,-39,-62,15542
10,Wartortle,-31,-41,10,-55,-23,-47,8505
11,Blastoise,-11,-21,30,-35,2,-27,3420
12,Blastoise (Mega Blastoise),-11,-1,50,15,12,-27,3720
13,Caterpie,-45,-74,-35,-100,-83,-60,29215
14,Metapod,-40,-84,-15,-95,-78,-75,29615
15,Butterfree,-30,-59,-20,-30,-23,-35,7435
16,Weedle,-50,-69,-40,-100,-83,-55,28775
17,Kakuna,-45,-79,-20,-95,-78,-70,28675
18,Beedrill,-25,-14,-30,-75,-23,-30,8775
19,Beedrill (Mega Beedrill),-25,46,-30,-105,-23,40,16795
20,Pidgey,-50,-59,-30,-85,-68,-49,21131
21,Pidgeotto,-27,-44,-15,-70,-53,-34,11755
22,Pidgeot,-7,-24,5,-50,-33,-4,4255
23,Pidgeot (Mega Pidgeot),-7,-24,10,15,-23,16,1735
24,Rattata,-60,-48,-35,-95,-68,-33,21867
25,Rattata (Alolan Rattata),-60,-48,-35,-95,-68,-33,21867
26,Raticate,-35,-23,-10,-70,-33,-8,7907
27,Raticate (Alolan Raticate),-15,-33,0,-80,-23,-28,9027
28,Spearow,-50,-44,-40,-89,-72,-35,20366
29,Fearow,-25,-14,-5,-59,-42,-5,6116
30,Ekans,-55,-44,-26,-80,-49,-50,16938
31,Arbok,-30,-9,-1,-55,-24,-25,5208
32,Pikachu,-55,-49,-30,-70,-53,-15,14260
33,Pikachu (Partner Pikachu),-45,-24,-20,-45,-43,15,7100
34,Raichu,-30,-14,-15,-30,-23,5,2775
35,Raichu (Alolan Raichu),-30,-19,-20,-25,-18,5,2635
36,Sandshrew,-40,-29,15,-100,-73,-65,22220
37,Sandshrew (Alolan Sandshrew),-40,-29,20,-110,-68,-65,23790
38,Sandslash,-15,-4,40,-75,-48,-40,11370
39,Sandslash (Alolan Sandslash),-15,-4,50,-95,-38,-40,14810
40,Nidoran♀,-35,-57,-18,-80,-63,-64,19263
41,Nidorina,-20,-42,-3,-65,-48,-49,11103
42,Nidoqueen,0,-12,17,-45,-18,-29,3623
43,Nidoran♂,-44,-47,-30,-80,-63,-55,18439
44,Nidorino,-29,-32,-13,-65,-48,-40,10163
45,Nidoking,-9,-2,7,-35,-28,-20,2543
46,Clefairy,-20,-59,-22,-60,-38,-70,14309
47,Clefable,5,-34,3,-25,-13,-45,4009
48,Vulpix,-52,-63,-30,-70,-38,-40,15517
49,Vulpix (Alolan Vulpix),-52,-63,-30,-70,-38,-40,15517
50,Ninetales,-17,-28,5,-39,-3,-5,2653
51,Ninetales (Alolan Ninetales),-17,-37,5,-39,-3,4,3229
52,Jigglypuff,25,-59,-50,-75,-78,-85,25540
53,Wigglytuff,50,-34,-25,-35,-53,-60,11915
54,Zubat,-50,-59,-35,-90,-63,-50,21775
55,Golbat,-15,-24,0,-55,-28,-15,4835
56,Oddish,-45,-54,-15,-45,-38,-75,14260
57,Gloom,-30,-39,0,-35,-28,-65,8655
58,Vileplume,-15,-24,15,-10,-13,-55,4320
59,Paras,-55,-34,-15,-75,-48,-80,18735
60,Parasect,-30,-9,10,-60,-23,-75,10835
61,Venonat,-30,-49,-20,-80,-48,-60,16005
62,Venomoth,-20,-39,-10,-30,-28,-15,3930
63,Diglett,-80,-49,-45,-85,-58,-10,21515
64,Diglett (Alolan Diglett),-80,-49,-40,-85,-58,-15,21215
65,Dugtrio,-55,-4,-20,-70,-33,15,9655
66,Dugtrio (Alolan Dugtrio),-55,-4,-10,-70,-33,5,9155
67,Meowth,-50,-59,-35,-80,-63,-15,17800
68,Meowth (Alolan Meowth),-50,-69,-35,-70,-63,-15,17580
69,Meowth (Galarian Meowth),-40,-39,-15,-80,-63,-65,17940
70,Persian,-25,-34,-10,-55,-38,10,6450
71,Persian (Alolan Persian),-25,-44,-10,-45,-38,10,6230
72,Psyduck,-40,-52,-22,-55,-53,-50,13122
73,Golduck,-10,-22,8,-25,-23,-20,2202
74,Mankey,-50,-24,-35,-85,-58,-35,16115
75,Primeape,-25,1,-10,-60,-33,-10,5515
76,Growlithe,-35,-34,-25,-50,-53,-45,10340
77,Growlithe (Hisuian Growlithe),-30,-29,-25,-55,-53,-50,10700
78,Arcanine,0,6,10,-20,-23,-10,1165
79,Arcanine (Hisuian Arcanine),5,11,10,-25,-23,-15,1625
80,Poliwag,-50,-54,-30,-80,-63,-15,16910
81,Poliwhirl,-25,-39,-5,-70,-53,-15,10105
82,Poliwrath,0,-9,25,-50,-13,-35,4600
83,Abra,-65,-84,-55,-15,-48,-15,17060
84,Kadabra,-50,-69,-40,0,-33,0,9950
85,Alakazam,-35,-54,-25,15,-8,15,5280
86,Alakazam (Mega Alakazam),-35,-54,-5,55,2,45,9220
87,Machop,-20,-24,-20,-85,-68,-70,18125
88,Machoke,-10,-4,0,-70,-43,-60,10465
89,Machamp,0,26,10,-55,-18,-50,6625
90,Bellsprout,-40,-29,-35,-50,-73,-65,15720
91,Weepinbell,-25,-14,-20,-35,-58,-50,8310
92,Victreebel,-10,1,-5,-20,-33,-35,2840
93,Tentacool,-50,-64,-35,-70,-3,-35,13955
94,Tentacruel,-10,-34,-5,-40,17,-5,3195
95,Geodude,-50,-24,30,-90,-73,-85,24630
96,Geodude (Alolan Geodude),-50,-24,30,-90,-73,-85,24630
97,Graveler,-35,-9,45,-75,-58,-70,17220
98,Graveler (Alolan Graveler),-35,-9,45,-75,-58,-70,17220
99,Golem,-10,16,60,-65,-38,-60,13225
100,Golem (Alolan Golem),-10,16,60,-65,-38,-60,13225
101,Ponyta,-40,-19,-15,-55,-38,-15,6880
102,Ponyta (Galarian Ponyta),-40,-19,-15,-55,-38,-15,6880
103,Rapidash,-25,-4,0,-40,-23,0,2770
104,Rapidash (Galarian Rapidash),-25,-4,0,-40,-23,0,2770
105,Slowpoke,0,-39,-5,-80,-63,-90,20015
106,Slowpoke (Galarian Slowpoke),0,-39,-5,-80,-63,-90,20015
107,Slowbro,5,-29,40,-20,-23,-75,9020
108,Slowbro (Mega Slowbro),5,-29,110,10,-23,-75,19220
109,Slowbro (Galarian Slowbro),5,-4,25,-20,-33,-75,7780
110,Magnemite,-65,-69,0,-25,-48,-60,15515
111,Magneton,-40,-44,25,0,-33,-35,6475
112,Farfetch'd,-38,-14,-15,-62,-41,-45,9415
113,Farfetch'd (Galarian Farfetch'd),-38,-9,-15,-62,-41,-50,9775
114,Doduo,-55,-19,-25,-85,-68,-30,16760
115,Dodrio,-30,6,0,-60,-43,5,6410
116,Seel,-25,-59,-15,-75,-33,-60,14645
117,Dewgong,0,-34,10,-50,-8,-35,5045
118,Grimer,-10,-24,-20,-80,-53,-80,16685
119,Grimer (Alolan Grimer),-10,-24,-20,-80,-53,-80,16685
120,Muk,15,1,5,-55,-3,-55,6310
121,Muk (Alolan Muk),15,1,5,-55,-3,-55,6310
122,Shellder,-60,-39,30,-75,-78,-65,21955
123,Cloyster,-40,-9,110,-35,-58,-35,19595
124,Gastly,-60,-69,-40,-20,-68,-25,15610
125,Haunter,-45,-54,-25,-5,-48,-10,7995
126,Gengar,-30,-39,-10,10,-28,5,3430
127,Gengar (Mega Gengar),-30,-39,10,50,-8,25,5710
128,Onix,-55,-59,90,-90,-58,-35,27295
129,Drowzee,-30,-56,-25,-77,-13,-63,14728
130,Hypno,-5,-31,0,-47,12,-38,4783
131,Krabby,-60,1,20,-95,-78,-55,22135
132,Kingler,-35,26,45,-70,-53,-30,12535
133,Voltorb,-50,-74,-20,-65,-48,-5,14930
134,Voltorb (Hisuian Voltorb),-50,-74,-20,-65,-48,-5,14930
135,Electrode,-30,-54,0,-40,-23,45,7970
136,Electrode (Hisuian Electrode),-30,-54,0,-40,-23,45,7970
137,Exeggcute,-30,-64,10,-60,-58,-65,16285
138,Exeggutor,5,-9,15,5,-28,-50,3640
139,Exeggutor (Alolan Exeggutor),5,1,15,5,-28,-60,4660
140,Cubone,-40,-54,25,-80,-53,-70,19250
141,Marowak,-30,-24,40,-70,-23,-60,12105
142,Marowak (Alolan Marowak),-30,-24,40,-70,-23,-60,12105
143,Hitmonlee,-40,16,-17,-85,7,-18,9743
144,Hitmonchan,-40,1,9,-85,7,-29,9797
145,Lickitung,0,-49,5,-60,-28,-75,12435
146,Koffing,-50,-39,25,-60,-58,-70,16510
147,Weezing,-25,-14,50,-35,-33,-45,7660
148,Weezing (Galarian Weezing),-25,-14,50,-35,-33,-45,7660
149,Rhyhorn,-10,-19,25,-90,-73,-80,20915
150,Rhydon,15,26,50,-75,-58,-65,16615
151,Chansey,160,-99,-65,-85,2,-55,49880
152,Tangela,-25,-49,45,-20,-63,-45,11445
153,Kangaskhan,15,-9,10,-80,-23,-15,7560
154,Kangaskhan (Mega Kangaskhan),15,21,30,-60,-3,-5,5200
155,Horsea,-60,-64,0,-50,-78,-45,18305
156,Seadra,-35,-39,25,-25,-58,-20,7760
157,Goldeen,-45,-37,-10,-85,-53,-42,15292
158,Seaking,-10,-12,-5,-55,-23,-37,5192
159,Staryu,-60,-59,-15,-50,-48,-20,12510
160,Starmie,-30,-29,15,-20,-18,10,2790
161,Mr. Mime,-50,-59,-5,-20,17,-15,6920
162,Mr. Mime (Galarian Mr. Mime),-40,-39,-5,-30,-13,-5,4240
163,Scyther,-20,6,10,-65,-23,0,5290
164,Jynx,-25,-54,-35,-5,-8,-10,4955
165,Electabuzz,-25,-21,-13,-25,-18,0,2184
166,Magmar,-25,-9,-13,-20,-18,-12,1743
167,Pinsir,-25,21,30,-65,-33,-20,7680
168,Pinsir (Mega Pinsir),-25,51,50,-55,-13,0,8920
169,Tauros,-15,-4,25,-80,-33,5,8380
170,Tauros (Paldean Tauros (Combat Breed)),-15,6,35,-90,-33,-5,10700
171,Tauros (Paldean Tauros (Blaze Breed)),-15,6,35,-90,-33,-5,10700
172,Tauros (Paldean Tauros (Aqua Breed)),-15,6,35,-90,-33,-5,10700
173,Magikarp,-70,-94,-15,-105,-83,-25,32500
174,Gyarados,5,21,9,-60,-3,-24,4732
175,Gyarados (Mega Gyarados),5,51,39,-50,27,-24,7952
176,Lapras,40,-19,10,-35,-8,-45,5375
177,Ditto,-42,-56,-22,-72,-55,-57,16842
178,Eevee,-35,-49,-20,-75,-38,-50,13595
179,Eevee (Partner Eevee),-25,-29,0,-55,-18,-30,5715
180,Vaporeon,40,-39,-10,-10,-8,-40,4985
181,Jolteon,-25,-39,-10,-10,-8,25,3035
182,Flareon,-25,26,-10,-25,7,-40,3675
183,Porygon,-25,-44,0,-35,-28,-65,8795
184,Omanyte,-55,-64,30,-30,-48,-70,16125
185,Omastar,-20,-44,55,-5,-33,-50,8975
186,Kabuto,-60,-24,20,-65,-58,-50,14665
187,Kabutops,-30,11,35,-55,-33,-25,6985
188,Aerodactyl,-10,1,-5,-60,-28,25,5135
189,Aerodactyl (Mega Aerodactyl),-10,31,15,-50,-8,45,5875
190,Snorlax,70,6,-5,-55,7,-75,13660
191,Articuno,0,-19,30,-25,22,-20,2770
192,Articuno (Galarian Articuno),0,-19,15,5,-3,-10,720
193,Zapdos,0,-14,15,5,-13,-5,640
194,Zapdos (Galarian Zapdos),0,21,20,-35,-13,-5,2260
195,Moltres,0,-4,20,5,-18,-15,990
196,Moltres (Galarian Moltres),0,-19,20,-20,22,-15,1870
197,Dratini,-49,-40,-25,-70,-53,-55,15360
198,Dragonair,-29,-20,-5,-50,-33,-35,6080
199,Dragonite,1,30,25,-20,-3,-25,2560
200,Mewtwo,16,6,20,34,-13,25,2642
201,Mewtwo (Mega Mewtwo X),16,86,30,34,-3,25,10342
202,Mewtwo (Mega Mewtwo Y),16,46,0,74,17,35,9362
203,Mew,10,-4,30,-20,-3,-5,1450
204,Chikorita,-45,-55,-5,-71,-38,-60,15160
205,Bayleef,-30,-42,10,-57,-23,-45,8567
206,Meganium,-10,-22,30,-37,-3,-25,3487
207,Cyndaquil,-51,-52,-27,-60,-53,-40,14043
208,Quilava,-32,-40,-12,-40,-38,-25,6437
209,Typhlosion,-12,-20,8,-11,-18,-5,1078
210,Typhlosion (Hisuian Typhlosion),-17,-20,8,-1,-18,-10,1178
211,Totodile,-40,-39,-6,-76,-55,-62,15802
212,Croconaw,-25,-24,10,-61,-40,-47,8831
213,Feraligatr,-5,1,30,-41,-20,-27,3736
214,Sentret,-55,-58,-36,-85,-58,-85,25499
215,Furret,-5,-28,-6,-75,-48,-15,8999
216,Hoothoot,-30,-74,-40,-84,-47,-55,20266
217,Noctowl,10,-54,-20,-34,-7,-35,5846
218,Ledyba,-50,-84,-40,-80,-23,-50,20585
219,Ledian,-35,-69,-20,-65,7,-20,11060
220,Spinarak,-50,-44,-30,-80,-63,-75,21330
221,Ariados,-20,-14,0,-60,-33,-65,9510
222,Crobat,-5,-14,10,-50,-23,25,3975
223,Chinchou,-15,-66,-32,-64,-47,-38,13354
224,Lanturn,35,-46,-12,-44,-27,-38,7594
225,Pichu,-70,-64,-55,-85,-68,-45,25895
226,Cleffa,-40,-79,-42,-75,-48,-90,25634
227,Igglybuff,0,-74,-55,-80,-83,-90,29890
228,Togepi,-55,-84,-5,-80,-38,-85,25175
229,Togetic,-35,-64,15,-40,2,-65,11375
230,Natu,-50,-54,-25,-50,-58,-35,13130
231,Xatu,-25,-29,0,-25,-33,-10,3280
232,Mareep,-35,-64,-30,-55,-58,-70,17510
233,Flaaffy,-20,-49,-15,-40,-43,-60,10075
234,Ampharos,0,-29,15,-5,-13,-50,3760
235,Ampharos (Mega Ampharos),0,-9,35,45,7,-60,6980
236,Bellossom,-15,-24,25,-30,-3,-55,5360
237,Marill,-20,-84,-20,-100,-53,-65,24890
238,Azumarill,10,-54,10,-60,-23,-55,10270
239,Sudowoodo,-20,-4,45,-90,-38,-75,17610
240,Politoed,0,-29,5,-30,-3,-35,3000
241,Hoppip,-55,-69,-30,-85,-48,-55,21240
242,Skiploom,-35,-59,-20,-75,-38,-25,12800
243,Jumpluff,-15,-49,0,-65,-8,5,6940
244,Aipom,-35,-34,-15,-80,-48,-20,11710
245,Sunkern,-60,-74,-40,-90,-73,-75,29730
246,Sunflora,-15,-29,-15,-15,-18,-75,7465
247,Yanma,-25,-39,-25,-45,-58,-10,8260
248,Wooper,-35,-59,-25,-95,-78,-90,28540
249,Wooper (Paldean Wooper),-35,-59,-25,-95,-78,-90,28540
250,Quagsire,5,-19,15,-55,-38,-70,9980
251,Espeon,-25,-39,-10,10,-8,5,2435
252,Umbreon,5,-39,40,-60,27,-40,9075
253,Murkrow,-30,-19,-28,-35,-61,-14,7187
254,Slowking,5,-29,10,-20,7,-75,7040
255,Slowking (Galarian Slowking),5,-39,10,-10,7,-75,7420
256,Misdreavus,-30,-44,-10,-35,-18,-20,4885
257,Unown,-42,-32,-22,-48,-55,-57,11850
258,Wobbuffet,100,-71,-12,-87,-45,-72,29963
259,Girafarig,-20,-24,-5,-30,-38,-20,3745
260,Pineco,-40,-39,20,-85,-68,-90,23470
261,Forretress,-15,-14,70,-60,-43,-65,14995
262,Dunsparce,10,-34,0,-55,-38,-60,9325
263,Gligar,-25,-29,35,-85,-38,-20,11760
264,Steelix,-15,-19,130,-65,-38,-75,28780
265,Steelix (Mega Steelix),-15,21,160,-65,-8,-75,36180
266,Snubbull,-30,-24,-20,-80,-63,-75,17870
267,Granbull,0,16,5,-60,-43,-60,9330
268,Qwilfish,-25,-9,15,-65,-48,-20,7860
269,Qwilfish (Hisuian Qwilfish),-25,-9,15,-65,-48,-20,7860
270,Scizor,-20,26,30,-65,-23,-40,8330
271,Scizor (Mega Scizor),-20,46,70,-55,-3,-30,11350
272,Shuckle,-70,-94,160,-110,127,-100,77565
273,Heracross,-10,21,5,-80,-8,-20,7430
274,Heracross (Mega Heracross),-10,81,45,-80,2,-30,15990
275,Sneasel,-35,-9,-15,-85,-28,10,9640
276,Sneasel (Hisuian Sneasel),-35,-9,-15,-85,-28,10,9640
277,Teddiursa,-30,-24,-20,-70,-53,-65,13810
278,Ursaring,0,26,5,-45,-28,-50,6010
279,Slugma,-50,-64,-30,-50,-63,-85,21190
280,Magcargo,-30,-54,50,-30,-23,-75,13370
281,Swinub,-40,-54,-30,-90,-73,-55,21870
282,Piloswine,10,-4,10,-60,-43,-55,8690
283,Corsola,-25,-49,25,-55,-8,-70,11640
284,Corsola (Galarian Corsola),-30,-49,30,-55,-3,-75,12860
285,Remoraid,-55,-39,-35,-55,-68,-40,15020
286,Octillery,-15,1,5,-15,-28,-60,4860
287,Delibird,-45,-49,-25,-55,-58,-30,12340
288,Mantine,-5,-64,0,-40,37,-35,8315
289,Skarmory,-25,-24,70,-80,-33,-35,14815
290,Houndour,-45,-44,-40,-40,-53,-40,11570
291,Houndoom,-15,-14,-20,-10,-23,-10,1550
292,Houndoom (Mega Houndoom),-15,-14,20,20,-13,10,1490
293,Kingdra,-15,-9,25,-25,-8,-20,2020
294,Phanpy,0,-44,-10,-80,-63,-65,16630
295,Donphan,0,16,50,-60,-43,-55,11230
296,Porygon2,-5,-24,20,-15,-8,-45,3315
297,Stantler,-17,-9,-8,-35,-38,-20,3503
298,Smeargle,-35,-84,-35,-100,-58,-30,23770
299,Tyrogue,-55,-69,-35,-85,-68,-70,25760
300,Hitmontop,-40,-9,25,-85,7,-35,10805
301,Smoochum,-45,-74,-55,-35,-38,-40,14795
302,Elekid,-45,-41,-33,-55,-48,-10,10224
303,Magby,-45,-29,-33,-50,-48,-22,9243
304,Miltank,5,-24,35,-80,-33,-5,9340
305,Blissey,165,-94,-60,-45,32,-50,45210
306,Raikou,0,-19,5,-5,-3,10,520
307,Entei,25,11,15,-30,-28,-5,2680
308,Suicune,10,-29,45,-30,12,-20,4410
309,Larvitar,-40,-40,-20,-75,-53,-64,16130
310,Pupitar,-20,-20,0,-55,-33,-54,7830
311,Tyranitar,10,30,40,-25,-3,-44,5170
312,Tyranitar (Mega Tyranitar),10,60,80,-25,17,-34,12170
313,Lugia,16,-14,60,-30,51,5,7578
314,Ho-Oh,16,26,20,-10,51,-15,4258
315,Celebi,10,-4,30,-20,-3,-5,1450
316,Treecko,-50,-59,-35,-55,-48,-35,13760
317,Grovyle,-40,-39,-25,-35,-38,-10,6515
318,Sceptile,-20,-19,-5,-15,-18,15,1560
319,Sceptile (Mega Sceptile),-20,6,5,25,-18,40,3010
320,Torchic,-45,-44,-30,-50,-53,-60,13770
321,Combusken,-30,-19,-10,-35,-43,-50,6935
322,Blaziken,-10,16,0,-10,-33,-25,2170
323,Blaziken (Mega Blaziken),-10,56,10,10,-23,-5,3990
324,Mudkip,-40,-34,-20,-70,-53,-65,15090
325,Marshtomp,-20,-19,0,-60,-33,-55,8475
326,Swampert,10,6,20,-35,-13,-45,3955
327,Swampert (Mega Swampert),10,46,40,-25,7,-35,5715
328,Poochyena,-55,-49,-35,-90,-73,-70,24980
329,Mightyena,-20,-14,0,-60,-43,-35,7270
330,Zigzagoon,-52,-74,-29,-90,-62,-45,22990
331,Zigzagoon (Galarian Zigzagoon),-52,-74,-29,-90,-62,-45,22990
332,Linoone,-12,-34,-9,-70,-42,-5,8070
333,Linoone (Galarian Linoone),-12,-34,-9,-70,-42,-5,8070
334,Wurmple,-45,-59,-35,-100,-73,-85,29285
335,Silcoon,-40,-69,-15,-95,-78,-90,29795
336,Beautifly,-30,-34,-20,-20,-53,-40,7265
337,Cascoon,-40,-69,-15,-95,-78,-90,29795
338,Dustox,-30,-54,0,-70,-13,-40,10485
339,Lotad,-50,-74,-40,-80,-53,-75,24410
340,Lombre,-30,-54,-20,-60,-33,-55,11930
341,Ludicolo,-10,-34,0,-30,-3,-35,3390
342,Seedot,-50,-64,-20,-90,-73,-75,26050
343,Nuzleaf,-20,-34,-30,-60,-63,-45,12050
344,Shiftry,0,-4,-10,-30,-43,-25,3490
345,Taillow,-50,-49,-40,-90,-73,-20,20330
346,Swellow,-30,-19,-10,-45,-53,20,6595
347,Wingull,-50,-74,-40,-65,-73,-20,19530
348,Pelipper,-30,-54,30,-25,-33,-40,8030
349,Ralts,-62,-79,-45,-75,-68,-65,26584
350,Kirlia,-52,-69,-35,-55,-48,-55,17044
351,Gardevoir,-22,-39,-5,5,12,-25,2824
352,Gardevoir (Mega Gardevoir),-22,-19,-5,45,32,-5,3944
353,Surskit,-50,-74,-38,-70,-51,-40,18521
354,Masquerain,-20,-44,-8,-20,-21,-25,3866
355,Shroomish,-30,-64,-10,-80,-43,-70,18245
356,Breloom,-30,26,10,-60,-43,-35,8350
357,Slakoth,-30,-44,-10,-85,-68,-75,20410
358,Vigoroth,-10,-24,10,-65,-48,-15,7530
359,Slaking,60,56,30,-25,-38,-5,9730
360,Nincada,-59,-59,20,-90,-73,-65,25016
361,Ninjask,-29,-14,-25,-70,-53,55,12396
362,Shedinja,-89,-14,-25,-90,-73,-65,26396
363,Whismur,-26,-53,-47,-69,-80,-77,22784
364,Loudred,-6,-33,-27,-49,-60,-57,11104
365,Exploud,14,-13,-7,-29,-30,-37,3524
366,Makuhita,-18,-44,-40,-100,-73,-80,25589
367,Hariyama,54,16,-10,-80,-43,-55,14546
368,Azurill,-40,-84,-30,-100,-63,-85,30750
369,Nosepass,-60,-59,65,-75,-13,-75,22725
370,Skitty,-40,-59,-25,-85,-68,-55,20580
371,Delcatty,-20,-39,-5,-65,-48,-15,8700
372,Sableye,-40,-29,5,-55,-38,-55,9960
373,Sableye (Mega Sableye),-40,-19,55,-35,12,-85,13580
374,Mawile,-40,-19,15,-65,-48,-55,11740
375,Mawile (Mega Mawile),-40,1,55,-65,-8,-55,11940
376,Aron,-40,-34,30,-80,-63,-75,19650
377,Lairon,-30,-14,70,-70,-53,-65,17930
378,Aggron,-20,6,110,-60,-43,-55,21010
379,Aggron (Mega Aggron),-20,36,160,-60,-23,-55,34450
380,Meditite,-60,-64,-15,-80,-48,-45,18650
381,Medicham,-30,-44,5,-60,-28,-25,7870
382,Medicham (Mega Medicham),-30,-4,15,-40,-18,-5,3090
383,Electrike,-50,-59,-30,-55,-63,-40,15475
384,Manectric,-20,-29,-10,-15,-43,0,3415
385,Manectric (Mega Manectric),-20,-29,10,15,-23,30,2995
386,Plusle,-30,-54,-30,-35,-28,-10,6825
387,Minun,-30,-64,-20,-45,-18,-10,7845
388,Volbeat,-25,-31,5,-73,-18,-20,7664
389,Illumise,-25,-57,5,-47,-18,-20,6832
390,Roselia,-40,-44,-25,-20,-23,-40,6690
391,Gulpin,-20,-61,-17,-77,-50,-65,17064
392,Swalot,10,-31,13,-47,-20,-50,6339
393,Carvanha,-45,-14,-50,-55,-83,-40,16235
394,Sharpedo,-20,16,-30,-25,-63,-10,6250
395,Sharpedo (Mega Sharpedo),-20,36,0,-10,-38,0,3240
396,Wailmer,40,-34,-35,-50,-68,-45,13130
397,Wailord,80,-14,-25,-30,-58,-45,13510
398,Numel,-30,-44,-30,-55,-58,-70,15025
399,Camerupt,-20,-4,0,-15,-28,-65,5650
400,Camerupt (Mega Camerupt),-20,16,30,25,2,-85,9410
401,Torkoal,-20,-19,70,-35,-33,-85,15200
402,Spoink,-30,-79,-35,-50,-23,-45,13420
403,Grumpig,-10,-59,-5,-30,7,-25,5180
404,Spinda,-30,-44,-10,-60,-43,-45,10410
405,Trapinch,-45,-4,-25,-75,-58,-95,20680
406,Vibrava,-40,-34,-20,-70,-53,-35,12090
407,Flygon,-10,-4,10,-40,-23,-5,2370
408,Cacnea,-40,-19,-30,-35,-63,-70,12955
409,Cacturne,-20,11,-10,-5,-43,-50,4995
410,Swablu,-45,-64,-10,-80,-28,-55,16430
411,Altaria,-15,-34,20,-50,2,-25,4910
412,Altaria (Mega Altaria),-15,6,40,-10,2,-25,2590
413,Zangoose,-17,11,-10,-60,-43,-15,6184
414,Seviper,-17,-4,-10,-20,-43,-40,4254
415,Lunatone,0,-49,-5,-25,-18,-35,4600
416,Solrock,0,-9,15,-65,-38,-35,7200
417,Barboach,-40,-56,-27,-74,-62,-45,16810
418,Whiscash,20,-26,3,-44,-32,-45,6070
419,Corphish,-47,-24,-5,-70,-68,-70,17234
420,Crawdaunt,-27,16,15,-30,-48,-50,6914
421,Baltoy,-50,-64,-15,-80,-33,-50,16810
422,Claydol,-30,-34,35,-50,17,-30,6970
423,Lileep,-24,-63,7,-59,-16,-82,15055
424,Cradily,-4,-23,27,-39,4,-62,6655
425,Anorith,-45,-9,-20,-80,-53,-30,12615
426,Armaldo,-15,21,30,-50,-23,-60,8195
427,Feebas,-70,-89,-50,-110,-48,-25,30350
428,Milotic,5,-44,9,-20,22,-24,3502
429,Castform,-20,-34,0,-50,-33,-35,6370
430,Kecleon,-30,-14,0,-60,17,-65,9210
431,Shuppet,-46,-29,-35,-57,-70,-60,15931
432,Banette,-26,11,-5,-37,-40,-40,5391
433,Banette (Mega Banette),-26,61,5,-27,-20,-30,6451
434,Duskull,-70,-64,20,-90,-13,-80,24065
435,Dusclops,-50,-34,60,-60,27,-80,17985
436,Tropius,9,-36,13,-48,-16,-54,7022
437,Chimecho,-15,-54,10,-25,-13,-40,5635
438,Absol,-25,26,-10,-45,-43,-30,6175
439,Absol (Mega Absol),-25,46,-10,-5,-43,10,4815
440,Wynaut,5,-81,-22,-97,-55,-82,26228
441,Snorunt,-40,-54,-20,-70,-53,-55,15650
442,Glalie,-10,-24,10,-40,-23,-25,3530
443,Glalie (Mega Glalie),-10,16,10,0,-23,-5,1010
444,Spheal,-20,-64,-20,-65,-53,-80,18330
445,Sealeo,0,-44,0,-45,-33,-60,8650
446,Walrein,20,-24,20,-25,-13,-40,3770
447,Clamperl,-55,-40,15,-46,-48,-73,14599
448,Huntail,-35,0,35,-26,-28,-53,6719
449,Gorebyss,-35,-20,35,-6,-28,-53,6479
450,Relicanth,10,-14,60,-75,-38,-50,13465
451,Luvdisc,-47,-74,-15,-80,-38,-8,15818
452,Bagon,-45,-29,-10,-80,-73,-55,17720
453,Shelgon,-25,-9,30,-60,-53,-55,11040
454,Salamence,5,31,10,-10,-23,-5,1740
455,Salamence (Mega Salamence),5,41,60,0,-13,15,5700
456,Beldum,-50,-49,10,-85,-43,-75,19700
457,Metang,-30,-29,30,-65,-23,-55,10420
458,Metagross,-10,31,60,-25,-13,-35,6680
459,Metagross (Mega Metagross),-10,41,80,-15,7,5,8480
460,Regirock,-10,-4,130,-70,-3,-55,24950
461,Regice,-10,-54,30,-20,97,-55,16750
462,Registeel,-10,-29,80,-45,47,-55,14600
463,Latias,-10,-24,20,-10,27,5,1930
464,Latias (Mega Latias),-10,-4,50,20,47,5,5250
465,Latios,-10,-14,10,10,7,5,570
466,Latios (Mega Latios),-10,26,30,40,17,5,3590
467,Kyogre,10,-4,20,30,37,-15,3010
468,Kyogre (Primal Kyogre),10,46,20,60,57,-15,9690
469,Groudon,10,46,70,-20,-13,-15,7910
470,Groudon (Primal Groudon),10,76,90,30,-13,-15,15270
471,Rayquaza,15,46,20,30,-13,-10,3910
472,Rayquaza (Mega Rayquaza),15,76,30,60,-3,10,10610
473,Jirachi,10,-4,30,-20,-3,-5,1450
474,Deoxys (Normal Forme),-40,46,-20,30,-53,45,9850
475,Deoxys (Attack Forme),-40,76,-50,60,-83,45,22390
476,Deoxys (Defense Forme),-40,-34,90,-50,57,-15,16830
477,Deoxys (Speed Forme),-40,-9,20,-25,-13,75,8500
478,Turtwig,-35,-36,-6,-75,-48,-74,15962
479,Grotle,-15,-15,15,-65,-38,-69,11105
480,Torterra,5,5,35,-45,-18,-49,6025
481,Chimchar,-46,-46,-26,-62,-59,-44,14169
482,Monferno,-26,-26,-18,-42,-51,-24,6617
483,Infernape,-14,0,1,-16,-32,3,1486
484,Piplup,-37,-53,-17,-59,-47,-65,14382
485,Prinplup,-26,-38,-2,-39,-27,-55,7399
486,Empoleon,-6,-18,18,-9,-2,-45,2794
487,Starly,-50,-49,-40,-90,-73,-45,21955
488,Staravia,-35,-29,-20,-80,-63,-25,13460
489,Staraptor,-5,16,0,-70,-43,-5,7055
490,Bidoof,-31,-59,-30,-85,-63,-74,22012
491,Bibarel,-11,-19,-10,-65,-43,-34,7812
492,Kricketot,-53,-79,-29,-95,-62,-80,29160
493,Kricketune,-13,-19,-19,-65,-52,-40,9420
494,Shinx,-45,-39,-36,-80,-69,-60,19603
495,Luxio,-30,-19,-21,-60,-54,-45,10243
496,Luxray,-10,16,9,-25,-24,-35,2863
497,Budew,-50,-74,-35,-70,-33,-50,17690
498,Roserade,-30,-34,-5,5,2,-15,2335
499,Cranidos,-23,21,-30,-90,-73,-47,17508
500,Rampardos,7,61,-10,-55,-53,-47,11913
501,Shieldon,-60,-62,48,-78,-15,-75,21682
502,Bastiodon,-30,-52,98,-73,35,-75,25387
503,Burmy,-50,-75,-25,-91,-58,-69,25156
504,Wormadam (Plant Cloak),-30,-45,15,-41,2,-69,9596
505,Wormadam (Sandy Cloak),-30,-25,35,-61,-18,-69,11556
506,Wormadam (Trash Cloak),-30,-35,25,-51,-8,-69,10176
507,Mothim,-20,-10,-20,-26,-53,-39,5906
508,Combee,-60,-74,-28,-90,-61,-35,22906
509,Vespiquen,-20,-24,32,-40,-1,-65,7826
510,Pachirisu,-30,-59,0,-75,-13,-10,10275
511,Buizel,-35,-39,-35,-60,-73,-20,13300
512,Floatzel,-5,1,-15,-35,-53,10,4385
513,Cherubi,-45,-69,-25,-58,-50,-70,18175
514,Cherrim,-20,-44,0,-33,-25,-20,4450
515,Shellos,-14,-56,-22,-63,-41,-71,14507
516,Gastrodon,21,-21,-2,-28,-21,-66,6467
517,Ambipom,-15,-4,-4,-60,-37,10,5326
518,Drifloon,0,-54,-36,-60,-59,-35,12518
519,Drifblim,60,-24,-26,-30,-49,-25,8778
520,Buneary,-35,-38,-26,-76,-47,-20,11730
521,Lopunny,-25,-28,14,-66,-7,0,6010
522,Lopunny (Mega Lopunny),-25,32,24,-66,-7,30,7530
523,Mismagius,-30,-44,-10,-15,2,0,3165
524,Honchkrow,10,21,-18,-15,-51,-34,4847
525,Glameow,-41,-49,-28,-78,-66,-20,15706
526,Purugly,-19,-22,-6,-56,-44,7,6002
527,Chingling,-45,-74,-20,-55,-53,-60,17335
528,Stunky,-27,-41,-23,-79,-62,-31,13985
529,Skuntank,13,-11,-3,-49,-42,-21,4905
530,Bronzor,-33,-80,16,-96,-17,-82,23974
531,Bronzong,-23,-15,46,-41,13,-72,9904
532,Bonsly,-40,-24,25,-110,-58,-95,27290
533,Mime Jr.,-70,-79,-25,-50,-13,-45,16460
534,Happiny,10,-99,-65,-105,-38,-75,32220
535,Chatot,-14,-39,-25,-28,-61,-14,7043
536,Spiritomb,-40,-12,38,-28,5,-70,8897
537,Gible,-32,-34,-25,-80,-58,-63,16538
538,Gabite,-22,-14,-5,-70,-48,-23,8438
539,Garchomp,18,26,25,-40,-18,-3,3558
540,Garchomp (Mega Garchomp),18,66,45,0,-8,-13,6938
541,Munchlax,45,-19,-30,-80,-18,-100,20010
542,Riolu,-50,-34,-30,-85,-63,-45,17775
543,Lucario,-20,6,0,-5,-33,-15,1775
544,Lucario (Mega Lucario),-20,41,18,20,-33,7,3943
545,Hippopotas,-22,-32,8,-82,-61,-73,17346
546,Hippowdon,18,8,48,-52,-31,-58,9721
547,Skorupi,-50,-54,20,-90,-48,-40,17820
548,Drapion,-20,-14,40,-60,-28,-10,6680
549,Croagunk,-42,-43,-30,-59,-63,-55,14988
550,Toxicroak,-7,2,-5,-34,-38,-20,3078
551,Carnivine,-16,-4,2,-30,-31,-59,5618
552,Finneon,-41,-55,-14,-71,-42,-39,13228
553,Lumineon,-21,-35,6,-51,-17,-14,4788
554,Mantyke,-45,-84,-20,-60,17,-55,16395
555,Snover,-30,-42,-20,-58,-43,-65,12502
556,Abomasnow,0,-12,5,-28,-18,-45,3302
557,Abomasnow (Mega Abomasnow),0,28,35,12,2,-75,7782
558,Weavile,-20,16,-5,-75,-18,20,7030
559,Magnezone,-20,-34,45,10,-13,-45,5875
560,Lickilicky,20,-19,25,-40,-8,-55,6075
561,Rhyperior,25,36,60,-65,-48,-65,16275
562,Tangrowth,10,-4,55,-10,-53,-55,9075
563,Electivire,-15,19,-3,-25,-18,-10,1644
564,Magmortar,-15,-9,-3,5,-8,-22,888
565,Togekiss,-5,-54,25,0,12,-25,4335
566,Yanmega,-4,-28,16,-4,-47,-10,3381
567,Leafeon,-25,6,60,-60,-38,-10,9405
568,Glaceon,-25,-44,40,10,-8,-40,5925
569,Gliscor,-15,-9,55,-75,-28,-10,9840
570,Mamoswine,20,26,10,-50,-43,-25,6150
571,Porygon-Z,-5,-24,0,15,-28,-15,1835
572,Gallade,-22,21,-5,-55,12,-25,4744
573,Gallade (Mega Gallade),-22,61,25,-55,12,5,8024
574,Probopass,-30,-49,75,-45,47,-65,17385
575,Dusknoir,-45,-4,65,-55,32,-60,13915
576,Froslass,-20,-24,0,-40,-33,5,3690
577,Rotom,-40,-54,7,-25,-26,-14,6062
578,Rotom (Heat Rotom),-40,-39,37,-15,4,-19,5092
579,Rotom (Wash Rotom),-40,-39,37,-15,4,-19,5092
580,Rotom (Frost Rotom),-40,-39,37,-15,4,-19,5092
581,Rotom (Fan Rotom),-40,-39,37,-15,4,-19,5092
582,Rotom (Mow Rotom),-40,-39,37,-15,4,-19,5092
583,Uxie,-15,-29,60,-45,27,-10,7520
584,Mesprit,-10,1,35,-15,2,-25,2180
585,Azelf,-15,21,0,5,-33,10,1880
586,Dialga,10,16,50,30,-3,-15,3990
587,Dialga (Origin Forme),10,-4,50,30,17,-15,4030
588,Palkia,0,16,30,30,17,-5,2370
589,Palkia (Origin Forme),0,-4,30,30,17,15,2330
590,Heatran,1,-14,36,10,3,-28,2386
591,Regigigas,20,56,40,-40,7,-5,6810
592,Giratina (Altered Forme),60,-4,50,-20,17,-15,7030
593,Giratina (Origin Forme),60,16,30,0,-3,-15,4990
594,Cresselia,30,-34,50,-45,27,-20,7710
595,Phione,-10,-24,10,-40,-23,-25,3530
596,Manaphy,10,-4,30,-20,-3,-5,1450
597,Darkrai,-20,-14,20,15,-13,20,1790
598,Shaymin (Land Forme),10,-4,30,-20,-3,-5,1450
599,Shaymin (Sky Forme),10,-1,5,0,-28,22,1394
600,Arceus,30,16,50,0,17,15,4170
601,Victini,10,-4,30,-20,-3,-5,1450
602,Snivy,-45,-59,-15,-75,-48,-42,15424
603,Servine,-30,-44,5,-60,-28,-22,7729
604,Serperior,-15,-29,25,-45,-8,8,3844
605,Tepig,-25,-41,-25,-75,-58,-60,15520
606,Pignite,0,-11,-15,-50,-48,-50,7650
607,Emboar,20,19,-5,-20,-38,-40,4230
608,Oshawott,-35,-49,-25,-57,-58,-60,14464
609,Dewott,-15,-29,-10,-37,-43,-45,6409
610,Samurott,5,-4,15,-12,-33,-35,2724
611,Samurott (Hisuian Samurott),0,4,10,-20,-38,-20,2360
612,Patrat,-45,-49,-31,-85,-64,-63,20677
613,Watchog,-30,-19,-1,-60,-34,-28,6802
614,Lillipup,-45,-44,-25,-95,-58,-50,19475
615,Herdier,-25,-24,-5,-85,-38,-45,11920
616,Stoutland,-5,6,20,-75,-13,-25,6880
617,Purrloin,-49,-54,-33,-70,-66,-39,17183
618,Liepard,-26,-16,-20,-32,-53,1,5166
619,Pansage,-40,-51,-22,-67,-55,-41,13880
620,Simisage,-15,-6,-7,-22,-40,-4,2410
621,Pansear,-40,-51,-22,-67,-55,-41,13880
622,Simisear,-15,-6,-7,-22,-40,-4,2410
623,Panpour,-40,-51,-22,-67,-55,-41,13880
624,Simipour,-15,-6,-7,-22,-40,-4,2410
625,Munna,-14,-79,-25,-53,-48,-81,18736
626,Musharna,26,-49,15,-13,-8,-76,9311
627,Pidove,-40,-49,-20,-84,-73,-62,20630
628,Tranquill,-28,-27,-8,-70,-61,-40,11798
629,Unfezant,-10,11,10,-55,-48,-12,5794
630,Blitzle,-45,-44,-38,-70,-71,-29,16187
631,Zebstrika,-15,-4,-7,-40,-40,11,3611
632,Roggenrola,-35,-29,15,-95,-78,-90,25500
633,Boldore,-20,1,35,-70,-63,-85,17720
634,Gigalith,-5,31,60,-60,-23,-80,15115
635,Woobat,-25,-59,-27,-65,-60,-33,13749
636,Swoobat,-23,-47,-15,-43,-48,9,7197
637,Drilbur,-30,-19,-30,-90,-58,-37,14994
638,Excadrill,20,31,-10,-70,-38,-17,8094
639,Audino,13,-44,16,-60,-17,-55,9275
640,Audino (Mega Audino),13,-44,56,-40,23,-55,10395
641,Timburr,-15,-24,-15,-95,-68,-70,19575
642,Gurdurr,-5,1,15,-80,-53,-65,13685
643,Conkeldurr,15,36,25,-65,-38,-60,11415
644,Tympole,-40,-54,-30,-70,-63,-41,15966
645,Palpitoad,-15,-39,-15,-55,-48,-36,8596
646,Seismitoad,15,-9,5,-35,-28,-31,3301
647,Throh,30,-4,15,-90,-18,-60,13165
648,Sawk,-15,21,5,-90,-28,-20,9975
649,Sewaddle,-45,-51,0,-80,-43,-63,16844
650,Swadloon,-35,-41,20,-70,-23,-63,12704
651,Leavanny,-15,-1,10,-50,-23,-13,3524
652,Venipede,-60,-59,-11,-90,-64,-48,21702
653,Whirlipede,-50,-49,29,-80,-24,-58,16082
654,Scolipede,-30,-4,19,-65,-34,7,6707
655,Cottonee,-50,-77,-10,-83,-53,-39,19748
656,Whimsicott,-30,-37,15,-43,-28,11,5248
657,Petilil,-45,-69,-20,-50,-53,-75,18120
658,Lilligant,-20,-44,5,-10,-28,-15,3470
659,Lilligant (Hisuian Lilligant),-20,1,5,-70,-28,0,6110
660,Basculin,-20,-12,-5,-40,-48,-7,4522
661,Sandile,-40,-32,-35,-85,-68,-40,17298
662,Krokorok,-30,-22,-25,-75,-58,-31,11959
663,Krookodile,5,13,10,-55,-33,-13,4577
664,Darumaka,-20,-14,-25,-105,-58,-55,18635
665,Darumaka (Galarian Darumaka),-20,-14,-25,-105,-58,-55,18635
666,Darmanitan (Standard Mode),15,36,-15,-90,-48,-10,12250
667,Darmanitan (Zen Mode),15,-74,35,20,2,-50,9830
668,Darmanitan (Galarian Standard Mode),15,36,-15,-90,-48,-10,12250
669,Darmanitan (Galarian Zen Mode),15,56,-15,-90,-48,30,14890
670,Maractus,-15,-18,-3,-14,-36,-45,4075
671,Dwebble,-40,-39,15,-85,-68,-50,17695
672,Crustle,-20,1,55,-55,-28,-60,10835
673,Scraggy,-40,-29,0,-85,-33,-57,14004
674,Scrafty,-25,-14,45,-75,12,-47,10824
675,Sigilyph,-18,-46,10,-17,-23,-8,3422
676,Yamask,-52,-74,15,-65,-38,-75,19699
677,Yamask (Galarian Yamask),-52,-49,15,-90,-38,-75,20499
678,Cofagrigus,-32,-54,75,-25,2,-75,15819
679,Tirtouga,-36,-26,33,-67,-58,-83,17803
680,Carracosta,-16,4,63,-37,-38,-73,12383
681,Archen,-35,8,-25,-46,-58,-35,8619
682,Archeops,-15,36,-5,-8,-38,5,3079
683,Trubbish,-40,-54,-8,-80,-41,-40,14261
684,Garbodor,-10,-9,12,-60,-21,-30,5266
685,Zorua,-50,-39,-30,-40,-63,-40,12090
686,Zorua (Hisuian Zorua),-55,-44,-30,-35,-63,-35,12280
687,Zoroark,-30,1,-10,0,-43,0,2850
688,Zoroark (Hisuian Zoroark),-35,-4,-10,5,-43,5,3240
689,Minccino,-35,-54,-30,-80,-63,-30,16310
690,Cinccino,-15,-9,-10,-55,-43,10,5380
691,Gothita,-45,-74,-20,-65,-38,-60,17170
692,Gothorita,-30,-59,0,-45,-18,-50,9230
693,Gothitelle,-20,-49,25,-25,7,-40,5700
694,Solosis,-45,-74,-30,-15,-53,-85,18660
695,Duosion,-25,-64,-20,5,-43,-75,12620
696,Reuniclus,20,-39,5,5,-18,-75,7920
697,Ducklett,-28,-60,-20,-76,-53,-50,15869
698,Swanna,-15,-17,-7,-33,-40,-7,3301
699,Vanillite,-54,-54,-20,-55,-43,-61,14827
700,Vanillish,-39,-39,-5,-40,-28,-46,7567
701,Vanilluxe,-19,-9,15,-10,-8,-26,1507
702,Deerling,-30,-44,-20,-80,-53,-30,13345
703,Sawsbuck,-10,-4,0,-60,-33,-10,4905
704,Emolga,-35,-29,-10,-45,-43,-2,6044
705,Karrablast,-40,-29,-25,-80,-58,-45,14855
706,Escavalier,-20,31,35,-60,2,-85,13415
707,Foongus,-21,-49,-25,-65,-48,-90,18096
708,Amoonguss,24,-19,0,-35,-23,-75,8316
709,Frillish,-35,-64,-20,-55,-18,-65,13295
710,Jellicent,10,-44,0,-35,2,-45,5290
711,Alomomola,75,-29,10,-80,-58,-40,17930
712,Joltik,-40,-57,-20,-63,-53,-40,13627
713,Galvantula,-20,-27,-10,-23,-43,3,3616
714,Ferroseed,-46,-54,21,-96,-17,-95,24003
715,Ferrothorn,-16,-10,61,-66,13,-85,15827
716,Klink,-50,-49,0,-75,-43,-75,18000
717,Klang,-30,-24,25,-50,-18,-55,7950
718,Klinklang,-30,-4,45,-50,-18,-15,5990
719,Tynamo,-55,-49,-30,-75,-63,-45,17945
720,Eelektrik,-25,-19,0,-45,-33,-65,8325
721,Eelektross,-5,11,10,-15,-23,-55,4025
722,Elgyem,-35,-49,-15,-35,-48,-75,13005
723,Beheeyem,-15,-29,5,5,-8,-65,5405
724,Litwick,-40,-74,-15,-55,-48,-85,19855
725,Lampent,-30,-64,-10,-25,-43,-50,10070
726,Chandelure,-30,-49,20,25,-13,-25,5120
727,Axew,-44,-17,-10,-90,-63,-48,16698
728,Fraxure,-24,13,0,-80,-53,-38,11398
729,Haxorus,-14,43,20,-60,-33,-8,7198
730,Cubchoo,-35,-34,-30,-60,-63,-65,15075
731,Beartic,5,26,10,-50,-23,-55,6855
732,Cryogonal,-10,-54,-20,-25,32,0,5065
733,Shelmet,-40,-64,15,-80,-38,-80,20165
734,Accelgor,-10,-34,-30,-20,-43,40,6005
735,Stunfisk,19,-38,14,-39,-4,-73,8867
736,Stunfisk (Galarian Stunfisk),19,-23,29,-54,-19,-73,10337
737,Mienfoo,-45,-19,-20,-65,-53,-40,11420
738,Mienshao,-25,21,-10,-25,-43,0,3640
739,Druddigon,-13,16,20,-60,-13,-57,7843
740,Golett,-31,-30,-20,-85,-53,-70,17195
741,Golurk,-1,20,10,-65,-23,-50,7755
742,Pawniard,-45,-19,0,-80,-63,-45,14780
743,Bisharp,-25,21,30,-60,-33,-35,7880
744,Bouffalant,5,6,25,-80,-8,-50,9650
745,Rufflet,-20,-21,-20,-83,-53,-45,12964
746,Braviary,10,19,5,-63,-28,-25,5864
747,Braviary (Hisuian Braviary),20,-21,0,-8,-33,-40,3594
748,Vullaby,-20,-49,5,-75,-38,-45,11920
749,Mandibuzz,20,-39,35,-65,-8,-25,8060
750,Heatmor,-5,-7,-4,-15,-37,-40,3284
751,Durant,-32,5,42,-72,-55,4,11038
752,Deino,-38,-39,-20,-75,-53,-67,16288
753,Zweilous,-18,-19,0,-55,-33,-47,7008
754,Hydreigon,2,1,20,5,-13,-7,648
755,Larvesta,-35,-19,-15,-70,-48,-45,11040
756,Volcarona,-5,-44,-5,15,2,-5,2240
757,Cobalion,1,-14,59,-30,-31,3,5548
758,Terrakion,1,25,20,-48,-13,3,3508
759,Virizion,1,-14,2,-30,26,3,1786
760,Tornadus (Incarnate Forme),-11,11,0,5,-23,6,832
761,Tornadus (Therian Forme),-11,-4,10,-10,-13,16,762
762,Thundurus (Incarnate Forme),-11,11,0,5,-23,6,832
763,Thundurus (Therian Forme),-11,1,0,25,-23,-4,1292
764,Reshiram,10,16,30,30,17,-15,2670
765,Zekrom,10,46,50,0,-3,-15,4950
766,Landorus (Incarnate Forme),-1,21,20,-5,-23,-4,1412
767,Landorus (Therian Forme),-1,41,20,-15,-23,-14,3032
768,Kyurem,35,26,20,10,-13,-10,2670
769,Kyurem (Black Kyurem),35,66,30,0,-13,-10,6750
770,Kyurem (White Kyurem),35,16,20,50,-3,-10,4490
771,Keldeo,1,-32,20,9,-13,3,1684
772,Meloetta (Aria Forme),10,-27,7,8,25,-15,1792
773,Meloetta (Pirouette Forme),10,24,20,-43,-26,23,4130
774,Genesect,-19,16,25,0,-8,-6,1342
775,Chespin,-34,-43,-5,-72,-58,-67,16067
776,Quilladin,-29,-26,25,-64,-45,-48,10567
777,Chesnaught,-2,3,52,-46,-28,-41,7298
778,Fennekin,-50,-59,-30,-58,-43,-45,14119
779,Braixen,-31,-45,-12,-30,-33,-32,6143
780,Delphox,-15,-35,2,-6,-3,-1,1500
781,Froakie,-49,-48,-30,-58,-59,-34,13606
782,Frogadier,-36,-41,-18,-37,-47,-8,6943
783,Greninja,-18,-9,-3,-17,-32,17,2016
784,Greninja (Ash-Greninja),-18,41,-3,33,-32,27,4856
785,Bunnelby,-52,-68,-32,-88,-67,-48,22889
786,Diggersby,-5,-48,7,-70,-26,-27,8683
787,Fletchling,-45,-54,-27,-80,-65,-43,18144
788,Fletchinder,-28,-31,-15,-64,-51,-21,9108
789,Talonflame,-12,-23,1,-46,-34,21,4387
790,Scatterbug,-52,-69,-30,-93,-78,-70,27998
791,Spewpa,-45,-82,-10,-93,-73,-76,28603
792,Vivillon,-10,-52,-20,-30,-53,-16,7169
793,Litleo,-28,-54,-12,-47,-49,-33,9543
794,Pyroar,-4,-36,2,-11,-37,1,2807
795,Flabébé,-46,-66,-31,-59,-24,-63,15459
796,Floette,-36,-59,-23,-45,-5,-53,10165
797,Florges,-12,-39,-2,-8,51,-30,5234
798,Skiddo,-24,-39,-22,-58,-46,-53,10870
799,Gogoat,33,-4,-8,-23,-22,-37,3551
800,Pancham,-23,-22,-8,-74,-55,-62,13422
801,Pangoro,5,20,8,-51,-32,-47,6323
802,Furfrou,-15,-24,-10,-55,-13,-3,4104
803,Espurr,-28,-56,-16,-57,-43,-37,10643
804,Meowstic,-16,-56,6,-37,-22,-1,5282
805,Honedge,-45,-24,30,-85,-66,-77,21011
806,Doublade,-31,6,80,-75,-54,-70,20838
807,Aegislash (Shield Forme),-30,-54,70,-70,37,-45,17010
808,Aegislash (Blade Forme),-30,36,-20,20,-53,-45,7830
809,Spritzee,-12,-52,-10,-57,-38,-82,14365
810,Aromatisse,11,-32,2,-21,-14,-76,7562
811,Swirlix,-28,-56,-4,-61,-46,-56,12909
812,Slurpuff,-8,-24,16,-35,-28,-33,3994
813,Inkay,-37,-50,-17,-83,-57,-60,17896
814,Malamar,-4,-12,18,-52,-28,-32,4996
815,Binacle,-48,-52,-3,-81,-47,-55,16812
816,Barbaracle,-18,1,45,-66,-17,-37,8364
817,Skrelp,-40,-44,-10,-60,-43,-75,14710
818,Dragalge,-25,-29,20,-23,20,-61,6516
819,Clauncher,-40,-51,-8,-62,-40,-61,13430
820,Clawitzer,-19,-31,18,0,-14,-46,3958
821,Helioptile,-46,-66,-37,-59,-60,-35,16147
822,Heliolisk,-28,-49,-18,-11,-9,4,3727
823,Tyrunt,-32,-15,7,-75,-58,-57,13536
824,Tyrantrum,-8,17,49,-51,-44,-34,8447
825,Amaura,-13,-45,-20,-53,-40,-59,10484
826,Aurorus,33,-27,2,-21,-11,-47,4593
827,Sylveon,5,-39,-5,-10,27,-45,4425
828,Hawlucha,-12,-12,5,-46,-40,13,4198
829,Dedenne,-23,-46,-13,-39,-36,-4,5647
830,Carbink,-40,-54,80,-70,47,-55,21050
831,Goomy,-45,-54,-35,-65,-28,-65,15400
832,Sliggoo,-22,-29,-17,-37,10,-45,5108
833,Sliggoo (Hisuian Sliggoo),-32,-29,13,-37,10,-65,7728
834,Goodra,0,-4,0,-10,47,-25,2950
835,Goodra (Hisuian Goodra),-10,-4,30,-10,47,-45,5350
836,Klefki,-33,-24,21,-40,-16,-30,4862
837,Phantump,-47,-34,-22,-70,-43,-67,15087
838,Trevenant,-5,6,6,-55,-21,-49,5964
839,Pumpkaboo (Small Size),-46,-38,0,-76,-48,-49,14041
840,Pumpkaboo (Average Size),-41,-38,0,-76,-48,-54,14121
841,Pumpkaboo (Large Size),-36,-38,0,-76,-48,-59,14301
842,Pumpkaboo (Super Size),-31,-38,0,-76,-48,-64,14581
843,Gourgeist (Small Size),-35,-19,52,-62,-28,-6,8954
844,Gourgeist (Average Size),-25,-14,52,-62,-28,-21,8594
845,Gourgeist (Large Size),-15,-9,52,-62,-28,-36,8934
846,Gourgeist (Super Size),-5,-4,52,-62,-28,-51,9974
847,Bergmite,-35,-35,15,-88,-68,-77,20972
848,Avalugg,5,13,114,-76,-57,-77,28144
849,Avalugg (Hisuian Avalugg),5,23,114,-86,-67,-67,29924
850,Noibat,-50,-74,-35,-75,-63,-50,21295
851,Noivern,-5,-34,10,-23,-23,18,2663
852,Xerneas,36,27,25,11,-5,-6,2832
853,Yveltal,36,27,25,11,-5,-6,2832
854,Zygarde (50% Forme),18,-4,51,-39,-8,-10,4626
855,Zygarde (10% Forme),-36,-4,1,-59,-18,10,5218
856,Zygarde (Complete Forme),126,-4,51,-29,-8,-20,19798
857,Diancie,-40,-4,80,-20,47,-55,13650
858,Diancie (Mega Diancie),-40,56,40,40,7,5,8010
859,Hoopa (Hoopa Confined),-10,6,-10,30,27,-35,3090
860,Hoopa (Hoopa Unbound),-10,56,-10,50,27,-25,7190
861,Volcanion,-10,6,50,10,-13,-35,4130
862,Rowlet,-22,-49,-15,-70,-53,-63,14788
863,Dartrix,-12,-29,5,-50,-33,-53,7408
864,Decidueye,-12,3,5,-20,-3,-35,1812
865,Decidueye (Hisuian Decidueye),-2,8,10,-25,-8,-45,2882
866,Litten,-45,-39,-30,-60,-63,-35,13240
867,Torracat,-25,-19,-20,-40,-53,-15,6020
868,Incineroar,5,11,20,-40,-13,-45,4340
869,Popplio,-40,-50,-16,-54,-47,-65,13706
870,Brionne,-30,-35,-1,-29,-22,-55,6476
871,Primarina,-10,-30,4,6,13,-45,3246
872,Pikipek,-55,-29,-40,-90,-73,-40,20495
873,Trumbeak,-35,-19,-20,-80,-53,-30,12095
874,Toucannon,-10,16,5,-45,-28,-45,5215
875,Yungoos,-42,-34,-40,-90,-73,-60,21549
876,Gumshoos,-2,6,-10,-65,-43,-60,9814
877,Grubbin,-43,-42,-25,-65,-58,-59,15308
878,Charjabug,-33,-22,25,-65,-28,-69,11968
879,Vikavolt,-13,-34,20,25,-28,-62,6978
880,Crabrawler,-43,-22,-13,-78,-56,-42,13486
881,Crabominable,7,28,7,-58,-36,-62,9386
882,Oricorio,-15,-34,0,-22,-33,-12,3098
883,Cutiefly,-50,-59,-30,-65,-63,-21,15516
884,Ribombee,-30,-49,-10,-25,-33,19,5476
885,Rockruff,-45,-39,-30,-90,-63,-45,18540
886,Lycanroc (Midday Form),-15,11,-5,-65,-38,7,6089
887,Lycanroc (Midnight Form),-5,11,5,-65,-28,-23,5709
888,Lycanroc (Dusk Form),-15,13,-5,-65,-38,5,6113
889,Wishiwashi (Solo Form),-45,-84,-50,-95,-78,-65,30915
890,Wishiwashi (School Form),-45,36,60,20,32,-75,13970
891,Mareanie,-40,-51,-8,-77,-51,-60,16395
892,Toxapex,-40,-41,82,-67,39,-70,20915
893,Mudbray,-20,-4,0,-75,-48,-60,11945
894,Mudsdale,10,21,30,-65,-18,-70,10890
895,Dewpider,-52,-64,-18,-80,-31,-78,20569
896,Araquanid,-22,-34,22,-70,29,-63,11834
897,Fomantis,-50,-49,-35,-70,-68,-70,20550
898,Lurantis,-20,1,20,-40,-13,-60,6170
899,Morelull,-50,-69,-15,-55,-28,-90,19395
900,Shiinotic,-30,-59,10,-30,-3,-75,11015
901,Salandit,-42,-60,-30,-49,-63,-28,13418
902,Salazzle,-22,-40,-10,-9,-43,12,4258
903,Stufful,-20,-29,-20,-75,-53,-55,13100
904,Bewear,30,21,10,-65,-43,-45,9540
905,Bounsweet,-48,-74,-32,-90,-65,-73,26458
906,Steenee,-38,-64,-22,-80,-55,-43,17298
907,Tsareena,-18,16,28,-70,-5,-33,7378
908,Comfey,-39,-52,20,-38,7,-5,6143
909,Oranguru,0,-44,10,-30,7,-45,5010
910,Passimian,10,16,20,-80,-43,-25,9630
911,Wimpod,-65,-69,-30,-100,-73,-25,25840
912,Golisopod,-15,21,70,-60,-13,-65,13560
913,Sandygast,-35,-49,10,-50,-58,-90,17690
914,Palossand,-5,-29,40,-20,-28,-70,8550
915,Pyukumuku,-35,-44,60,-90,27,-100,25590
916,Type: Null,5,-9,25,-25,-8,-46,3536
917,Silvally,5,-9,25,-25,-8,-10,1520
918,Minior (Meteor Form),-30,-44,30,-60,-3,-45,9370
919,Minior (Core),-30,-4,-10,-20,-43,15,3490
920,Komala,-25,11,-5,-45,-8,-40,4460
921,Turtonator,-30,-26,65,-29,-18,-69,11727
922,Togedemaru,-25,-6,-7,-80,-30,-9,8091
923,Mimikyu,-35,-14,10,-70,2,-9,6506
924,Bruxish,-22,1,0,-50,-33,-13,4243
925,Drampa,-12,-44,15,15,-12,-69,7435
926,Dhelmise,-20,27,30,-34,-13,-65,7579
927,Jangmo-o,-45,-49,-5,-75,-58,-60,17040
928,Hakamo-o,-35,-29,20,-55,-33,-40,8180
929,Kommo-o,-15,6,55,-20,2,-20,4090
930,Tapu Koko,-20,11,15,-25,-28,25,2780
931,Tapu Lele,-20,-19,5,10,12,-10,1130
932,Tapu Bulu,-20,26,45,-35,-8,-30,5290
933,Tapu Fini,-20,-29,45,-25,27,-20,5020
934,Cosmog,-47,-75,-39,-91,-72,-68,27444
935,Cosmoem,-47,-75,61,-91,28,-68,25244
936,Solgaleo,47,33,37,-7,-14,-8,4976
937,Lunala,47,9,19,17,4,-8,3020
938,Nihilego,19,-51,-23,7,28,-2,4328
939,Buzzwole,17,35,69,-67,-50,-26,13940
940,Pheromosa,-19,33,-33,17,-66,46,9300
941,Xurkitree,-7,-15,1,53,-32,-22,4592
942,Celesteela,7,-3,33,-13,-2,-44,3256
943,Kartana,-31,77,61,-61,-72,4,19532
944,Guzzlord,133,-3,-17,-23,-50,-62,24860
945,Necrozma,7,3,31,7,-14,-26,1940
946,Necrozma (Dusk Mane Necrozma),7,53,57,-7,6,-28,6976
947,Necrozma (Dawn Wings Necrozma),7,9,39,37,24,-28,4380
948,Necrozma (Ultra Necrozma),7,63,27,47,-6,24,7568
949,Magearna,-10,-9,45,10,12,-40,4050
950,Marshadow,0,21,10,-30,-13,20,2010
951,Poipole,-23,-31,-3,-47,-36,-32,6028
952,Naganadel,-17,-31,3,7,-30,16,2464
953,Stakataka,-29,27,141,-67,-2,-92,34408
954,Blacephalon,-37,23,-17,31,-24,2,3728
955,Zeraora,-2,8,5,-18,-23,38,2390
956,Meltan,-44,-39,-5,-65,-68,-71,17372
957,Melmetal,45,39,73,-40,-38,-71,16960
958,Grookey,-40,-39,-20,-80,-63,-40,15490
959,Thwackey,-20,-19,0,-65,-43,-25,7460
960,Rillaboom,10,21,20,-60,-33,-20,6030
961,Scorbunny,-40,-33,-30,-80,-63,-36,15254
962,Raboot,-25,-18,-10,-65,-43,-11,7244
963,Cinderace,-10,12,5,-55,-28,14,4274
964,Sobble,-40,-64,-30,-50,-63,-35,14290
965,Drizzile,-25,-44,-15,-25,-48,-15,5940
966,Inteleon,-20,-19,-5,5,-38,15,2480
967,Skwovet,-20,-49,-15,-85,-68,-80,21275
968,Greedent,30,-9,25,-65,-28,-85,13840
969,Rookidee,-52,-57,-35,-87,-68,-48,21675
970,Corvisquire,-22,-37,-15,-77,-48,-28,11095
971,Corviknight,8,-17,35,-67,-18,-38,7835
972,Blipbug,-65,-84,-50,-95,-58,-60,29770
973,Dottler,-40,-69,10,-70,-13,-75,17155
974,Orbeetle,-30,-59,40,-40,17,-15,8095
975,Nickit,-50,-76,-42,-73,-51,-55,20995
976,Thievul,-20,-46,-12,-33,-11,-15,4095
977,Gossifleur,-50,-64,-10,-80,-43,-95,23970
978,Eldegoss,-30,-54,20,-40,17,-45,8130
979,Wooloo,-48,-64,-15,-80,-58,-57,19638
980,Dubwool,-18,-24,30,-60,-13,-17,5858
981,Chewtle,-40,-40,-20,-82,-65,-61,18270
982,Drednaw,0,11,20,-72,-35,-31,7891
983,Yamper,-31,-59,-20,-80,-53,-79,20292
984,Boltund,-21,-14,-10,-30,-43,16,3742
985,Rolycoly,-60,-64,-20,-80,-53,-75,22930
986,Carkol,-10,-44,20,-60,-33,-55,10150
987,Coalossal,20,-24,50,-40,-13,-75,10870
988,Applin,-50,-64,10,-80,-63,-85,24290
989,Flapple,-20,6,10,-25,-43,-35,4235
990,Appletun,20,-19,10,-20,-23,-75,7415
991,Silicobra,-38,-47,5,-85,-53,-59,17193
992,Sandaconda,-18,3,55,-55,-33,-34,8628
993,Cramorant,-20,-19,-15,-35,-8,-20,2675
994,Arrokuda,-49,-41,-30,-80,-73,-39,18232
995,Barraskewda,-29,19,-10,-60,-53,31,8672
996,Toxel,-50,-66,-35,-66,-68,-65,21286
997,Toxtricity,-15,-6,0,-6,-33,-30,2286
998,Sizzlipede,-40,-39,-25,-70,-53,-60,15055
999,Centiskorch,10,11,-5,-30,-13,-40,2915
1000,Clobbopus,-40,-36,-10,-70,-53,-73,16034
1001,Grapploct,-10,14,20,-50,-23,-63,7694
1002,Sinistea,-50,-59,-25,-46,-49,-55,14148
1003,Polteageist,-30,-39,-5,14,11,-35,3988
1004,Hatenna,-48,-74,-25,-64,-50,-66,19357
1005,Hattrem,-33,-64,-5,-34,-30,-56,10402
1006,Hatterene,-33,-14,25,16,0,-76,7942
1007,Impidimp,-45,-59,-40,-65,-63,-55,18325
1008,Morgrem,-25,-44,-25,-45,-48,-35,8740
1009,Grimmsnarl,5,16,-5,-25,-28,-45,3740
1010,Obstagoon,3,-14,31,-60,-22,-10,5350
1011,Perrserker,-20,6,30,-70,-43,-55,11110
1012,Cursola,-30,-9,-20,25,27,-75,8360
1013,Sirfetch'd,-28,31,25,-52,-21,-40,7115
1014,Mr. Rime,-10,-19,5,-10,-3,-35,1820
1015,Runerigus,-32,-9,75,-70,2,-75,17259
1016,Milcery,-45,-64,-30,-70,-42,-71,18726
1017,Alcremie,-25,-44,5,-10,18,-41,4691
1018,Falinks,-25,-4,30,-50,-43,-30,6790
1019,Pincurchin,-42,-3,25,-29,-18,-90,11663
1020,Snom,-60,-79,-35,-75,-73,-85,29245
1021,Frosmoth,-20,-39,-10,5,-13,-40,3815
1022,Stonjourner,10,21,65,-100,-83,-35,22880
1023,Eiscue (Ice Face),-15,-24,40,-55,-13,-55,8620
1024,Eiscue (Noice Face),-15,-24,0,-55,-53,25,7260
1025,Indeedee (Male),-30,-39,-15,-15,-8,-10,3035
1026,Indeedee (Female),-20,-49,-5,-25,2,-20,3855
1027,Morpeko,-32,-9,-12,-50,-45,-8,5838
1028,Cufant,-18,-24,-21,-80,-54,-65,14882
1029,Copperajah,32,26,-1,-40,-34,-75,10082
1030,Dracozolt,0,-4,20,-40,-33,-30,4005
1031,Arctozolt,0,-4,20,-30,-23,-50,4345
1032,Dracovish,0,-14,30,-50,-23,-30,5025
1033,Arctovish,0,-14,30,-40,-13,-50,5365
1034,Duraludon,-20,-9,45,0,-53,-20,5715
1035,Dreepy,-62,-44,-40,-80,-73,-23,19638
1036,Drakloak,-22,-24,-20,-60,-53,-3,7878
1037,Dragapult,-2,16,5,-20,-28,37,2838
1038,Zacian (Hero of Many Battles),2,16,45,-40,12,33,5118
1039,Zacian (Crowned Sword),2,46,45,-40,12,43,7738
1040,Zamazenta (Hero of Many Battles),2,16,45,-40,12,33,5118
1041,Zamazenta (Crowned Shield),2,16,70,-40,37,23,8658
1042,Eternatus,50,-19,25,25,-8,25,4800
1043,Eternatus (Eternamax Eternatus),165,11,180,5,147,25,82005
1044,Kubfu,-30,-14,-10,-67,-53,-33,9583
1045,Urshifu,10,26,30,-57,-43,-8,6838
1046,Zarude,15,16,35,-50,-8,0,4270
1047,Regieleki,-10,-4,-20,-20,-53,95,12750
1048,Regidrago,110,-4,-20,-20,-53,-25,16350
1049,Glastrier,10,41,60,-55,7,-75,14080
1050,Spectrier,10,-39,-10,25,-23,25,3500
1051,Calyrex,10,-24,10,-40,-23,-25,3530
1052,Calyrex (Ice Rider Calyrex),10,61,80,-35,27,-55,15200
1053,Calyrex (Shadow Rider Calyrex),10,-19,10,45,-3,45,4620
1054,Wyrdeer,13,1,2,-15,-28,-40,2783
1055,Kleavor,-20,31,25,-75,-33,-20,9100
1056,Ursaluna,40,36,35,-75,-23,-55,13300
1057,Basculegion (Male),30,8,-5,-40,-28,-27,4102
1058,Basculegion (Female),30,-12,-5,-20,-28,-27,2982
1059,Sneasler,-10,26,-10,-80,-23,15,8030
1060,Overqwil,-5,11,25,-55,-38,-20,5640
1061,Enamorus (Incarnate Forme),-16,11,0,15,-23,1,1132
1062,Enamorus (Therian Forme),-16,11,40,15,-3,-59,5692
1063,Sprigatito,-50,-43,-16,-75,-58,-40,15194
1064,Floragato,-29,-24,-7,-60,-40,-22,7150
1065,Meowscarada,-14,6,0,-39,-33,18,3166
1066,Fuecoco,-23,-59,-11,-57,-63,-69,16110
1067,Crocalor,-9,-49,8,-30,-45,-56,8607
1068,Skeledirge,14,-29,30,-10,-28,-39,4342
1069,Quaxly,-35,-39,-25,-70,-58,-55,14660
1070,Quaxwell,-20,-19,-5,-55,-43,-40,7260
1071,Quaquaval,-5,16,10,-35,-28,-20,2790
1072,Lechonk,-36,-59,-30,-85,-58,-70,21166
1073,Oinkologne (Male),20,-4,5,-61,-23,-40,6291
1074,Oinkologne (Female),25,-14,0,-61,-13,-40,6311
1075,Tarountula,-55,-63,-25,-91,-63,-85,27094
1076,Spidops,-30,-25,22,-68,-17,-70,11822
1077,Nymble,-57,-58,-30,-99,-78,-60,26998
1078,Lokix,-19,-2,8,-68,-48,-13,7526
1079,Pawmi,-45,-54,-50,-80,-78,-45,21950
1080,Pawmo,-30,-29,-30,-70,-63,-20,11910
1081,Pawmot,-20,11,0,-50,-43,0,4870
1082,Tandemaus,-40,-54,-25,-80,-58,-30,15805
1083,Maushold,-16,-29,0,-55,-28,6,4942
1084,Fidough,-53,-49,0,-90,-48,-40,17214
1085,Dachsbun,-33,-24,45,-70,-23,-10,9219
1086,Smoliv,-49,-69,-25,-62,-52,-75,19960
1087,Dolliv,-38,-51,-10,-42,-25,-72,11718
1088,Arboliva,-12,-35,20,5,6,-66,6186
1089,Squawkabilly,-8,-8,-19,-75,-52,-13,8987
1090,Nacli,-35,-49,5,-85,-68,-80,21900
1091,Naclstack,-30,-44,30,-85,-38,-70,17305
1092,Garganacl,10,-4,60,-75,-13,-70,14410
1093,Charcadet,-50,-54,-30,-70,-63,-70,20085
1094,Armarouge,-5,-44,30,5,-23,-30,4315
1095,Ceruledge,-15,21,10,-60,-3,-20,4775
1096,Tadbulb,-29,-73,-29,-61,-68,-60,18956
1097,Bellibolt,19,-40,21,-17,-20,-60,6691
1098,Wattrel,-50,-64,-35,-65,-63,-35,17240
1099,Kilowattrel,-20,-34,-10,-15,-43,20,4130
1100,Maschiff,-30,-26,-10,-80,-52,-54,13696
1101,Mabosstiff,-10,16,20,-60,-33,-20,5845
1102,Shroodle,-50,-39,-35,-80,-68,-30,17170
1103,Grafaiai,-27,-9,-5,-40,-31,5,3421
1104,Bramblin,-50,-39,-40,-75,-68,-45,17895
1105,Brambleghast,-35,11,0,-40,-33,-15,4260
1106,Toedscool,-50,-64,-35,-70,-3,-35,13955
1107,Toedscruel,-10,-34,-5,-40,17,-5,3195
1108,Klawf,-20,-4,45,-85,-48,-30,12870
1109,Capsakid,-40,-42,-30,-58,-63,-55,14622
1110,Scovillain,-25,4,-5,-12,-38,-30,3154
1111,Rellor,-49,-54,-10,-89,-45,-75,20988
1112,Rabsca,-15,-54,15,-5,-3,-60,7000
1113,Flittle,-60,-69,-40,-65,-73,-30,20415
1114,Espathra,5,-44,-10,-19,-43,0,4271
1115,Tinkatink,-40,-59,-25,-85,-39,-47,16661
1116,Tinkatuff,-25,-49,-15,-75,-21,-27,10046
1117,Tinkaton,-5,-29,7,-50,2,-11,3540
1118,Wiglett,-80,-49,-45,-85,-78,-10,24235
1119,Wugtrio,-55,-4,-20,-70,-33,15,9655
1120,Bombirdier,-20,-1,15,-60,-18,-23,5079
1121,Finizen,-20,-59,-30,-75,-63,-30,15275
1122,Palafin,10,-34,2,-67,-41,-5,7455
1123,Palafin,10,56,27,-14,-16,-5,4442
1124,Varoom,-45,-34,-7,-90,-58,-58,18058
1125,Revavroom,-10,15,20,-66,-36,-15,6602
1126,Cyclizar,-20,-9,-5,-35,-38,16,3431
1127,Orthworm,-20,-19,75,-60,-48,-40,13890
1128,Glimmet,-42,-69,-28,-15,-43,-45,11408
1129,Glimmora,-7,-49,20,10,-22,-19,3795
1130,Greavard,-40,-43,-10,-90,-48,-71,18994
1131,Houndstone,-18,-3,30,-70,-6,-37,7538
1132,Flamigo,-8,11,4,-45,-39,-15,3972
1133,Cetoddle,18,-36,-25,-90,-63,-62,18158
1134,Cetitan,80,9,-5,-75,-48,-32,15459
1135,Veluza,0,-2,3,-42,-38,-35,4446
1136,Dondozo,60,-4,45,-55,-38,-70,15010
1137,Tatsugiri,-22,-54,-10,0,-8,-23,4093
1138,Annihilape,20,11,10,-70,-13,-15,5915
1139,Clodsire,40,-29,-10,-75,-3,-85,15400
1140,Farigiraf,30,-14,0,-10,-33,-45,4310
1141,Dudunsparce,35,-4,10,-35,-28,-50,5850
1142,Kingambit,10,31,50,-60,-18,-55,10510
1143,Great Tusk,25,27,61,-67,-50,-18,12388
1144,Scream Tail,25,-39,29,-55,12,6,6192
1145,Brute Bonnet,21,23,29,-41,-4,-50,6008
1146,Flutter Mane,-35,-49,-15,15,32,30,6000
1147,Slither Wing,-5,31,9,-35,2,-24,2872
1148,Sandy Shocks,-5,-23,27,1,-18,-4,1624
1149,Iron Treads,0,8,50,-48,-33,1,5958
1150,Iron Bundle,-34,-24,44,4,-43,31,6494
1151,Iron Hands,64,36,38,-70,-35,-55,15986
1152,Iron Jugulis,4,-24,16,2,-23,3,1390
1153,Iron Moth,-10,-34,-10,20,7,5,1830
1154,Iron Thorns,10,30,40,-50,-19,-33,6550
1155,Frigibax,-25,-29,-25,-85,-58,-50,15180
1156,Arctibax,0,-9,-4,-75,-38,-43,9015
1157,Baxcalibur,25,41,22,-45,-17,-18,5428
1158,Gimmighoul (Chest Form),-45,-74,0,-45,-33,-95,19640
1159,Gimmighoul (Roaming Form),-45,-74,-45,-45,-58,-25,15540
1160,Gholdengo,-3,-44,25,13,-12,-21,3324
1161,Wo-Chien,-5,-19,30,-25,32,-35,4160
1162,Chien-Pao,-10,16,10,-30,-38,30,3700
1163,Ting-Lu,65,6,55,-65,-23,-60,15640
1164,Chi-Yu,-35,-24,10,15,17,-5,2440
1165,Roaring Moon,15,35,1,-65,-2,14,5876
1166,Iron Valiant,-16,26,20,0,-43,11,3302
1167,Koraidon,10,31,45,-35,-3,30,5220
1168,Miraidon,10,-19,30,15,12,30,2630
