Kim LastName vs. Pokemon SSE,pokemon,D_HP,D_ATK,D_DEF,D_SPA,D_SPD,D_SPE,SSE
0,Bulbasaur,-29,-26,-11,5,-16,-36,3215
1,Ivysaur,-14,-13,3,20,-1,-21,1216
2,Venusaur,6,7,23,40,19,-1,2576
3,Venusaur (Mega Venusaur),6,25,63,62,39,-1,9996
4,Charmander,-35,-23,-17,0,-31,-16,3260
5,Charmeleon,-16,-11,-2,20,-16,-1,1038
6,Charizard,4,9,18,49,4,19,3199
7,Charizard (Mega Charizard X),4,55,51,70,4,19,10919
8,Charizard (Mega Charizard Y),4,29,18,99,34,19,12499
9,Squirtle,-30,-27,5,-10,-17,-38,3487
10,Wartortle,-15,-12,20,5,-1,-23,1324
11,Blastoise,5,8,40,25,24,-3,2899
12,Blastoise (Mega Blastoise),5,28,60,75,34,-3,11199
13,Caterpie,-29,-45,-25,-40,-61,-36,10108
14,Metapod,-24,-55,-5,-35,-56,-51,10588
15,Butterfree,-14,-30,-10,30,-1,-11,2218
16,Weedle,-34,-40,-30,-40,-61,-31,9938
17,Kakuna,-29,-50,-10,-35,-56,-46,9918
18,Beedrill,-9,15,-20,-15,-1,-6,968
19,Beedrill (Mega Beedrill),-9,75,-20,-45,-1,64,12228
20,Pidgey,-34,-30,-20,-25,-46,-25,5822
21,Pidgeotto,-11,-15,-5,-10,-31,-10,1532
22,Pidgeot,9,5,15,10,-11,20,952
23,Pidgeot (Mega Pidgeot),9,5,20,75,-1,40,7732
24,Rattata,-44,-19,-25,-35,-46,-9,6344
25,Rattata (Alolan Rattata),-44,-19,-25,-35,-46,-9,6344
26,Raticate,-19,6,0,-10,-11,16,874
27,Raticate (Alolan Raticate),1,-4,10,-20,-1,-4,534
28,Spearow,-34,-15,-30,-29,-50,-11,5743
29,Fearow,-9,15,5,1,-20,19,1093
30,Ekans,-39,-15,-16,-20,-27,-26,3807
31,Arbok,-14,20,9,5,-2,-1,707
32,Pikachu,-39,-20,-20,-10,-31,9,3463
33,Pikachu (Partner Pikachu),-29,5,-10,15,-21,39,3153
34,Raichu,-14,15,-5,30,-1,29,2188
35,Raichu (Alolan Raichu),-14,10,-10,35,4,29,2478
36,Sandshrew,-24,0,25,-40,-51,-41,7083
37,Sandshrew (Alolan Sandshrew),-24,0,30,-50,-46,-41,7773
38,Sandslash,1,25,50,-15,-26,-16,4283
39,Sandslash (Alolan Sandslash),1,25,60,-35,-16,-16,5963
40,Nidoran♀,-19,-28,-8,-20,-41,-40,4890
41,Nidorina,-4,-13,7,-5,-26,-25,1560
42,Nidoqueen,16,17,27,15,4,-5,1540
43,Nidoran♂,-28,-18,-20,-20,-41,-31,4550
44,Nidorino,-13,-3,-3,-5,-26,-16,1144
45,Nidoking,7,27,17,25,-6,4,1744
46,Clefairy,-4,-30,-12,0,-16,-46,3432
47,Clefable,21,-5,13,35,9,-21,2382
48,Vulpix,-36,-34,-20,-10,-16,-16,3464
49,Vulpix (Alolan Vulpix),-36,-34,-20,-10,-16,-16,3464
50,Ninetales,-1,1,15,21,19,19,1390
51,Ninetales (Alolan Ninetales),-1,-8,15,21,19,28,1876
52,Jigglypuff,41,-30,-40,-15,-56,-61,11263
53,Wigglytuff,66,-5,-15,25,-31,-36,7488
54,Zubat,-34,-30,-25,-30,-41,-26,5938
55,Golbat,1,5,10,5,-6,9,268
56,Oddish,-29,-25,-5,15,-16,-51,4573
57,Gloom,-14,-10,10,25,-6,-41,2738
58,Vileplume,1,5,25,50,9,-31,4193
59,Paras,-39,-5,-5,-15,-26,-56,5608
60,Parasect,-14,20,20,0,-1,-51,3598
61,Venonat,-14,-20,-10,-20,-26,-36,3068
62,Venomoth,-4,-10,0,30,-6,9,1133
63,Diglett,-64,-20,-35,-25,-36,14,7838
64,Diglett (Alolan Diglett),-64,-20,-30,-25,-36,9,7398
65,Dugtrio,-39,25,-10,-10,-11,39,3988
66,Dugtrio (Alolan Dugtrio),-39,25,0,-10,-11,29,3208
67,Meowth,-34,-30,-25,-20,-41,9,4843
68,Meowth (Alolan Meowth),-34,-40,-25,-10,-41,9,5243
69,Meowth (Galarian Meowth),-24,-10,-5,-20,-41,-41,4463
70,Persian,-9,-5,0,5,-16,34,1543
71,Persian (Alolan Persian),-9,-15,0,15,-16,34,1943
72,Psyduck,-24,-23,-12,5,-31,-26,2911
73,Golduck,6,7,18,35,-1,4,1651
74,Mankey,-34,5,-25,-25,-36,-11,3848
75,Primeape,-9,30,0,0,-11,14,1298
76,Growlithe,-19,-5,-15,10,-31,-21,2113
77,Growlithe (Hisuian Growlithe),-14,0,-15,5,-31,-26,2083
78,Arcanine,16,35,20,40,-1,14,3678
79,Arcanine (Hisuian Arcanine),21,40,20,35,-1,9,3748
80,Poliwag,-34,-25,-20,-20,-41,9,4343
81,Poliwhirl,-9,-10,5,-10,-31,9,1348
82,Poliwrath,16,20,35,10,9,-11,2183
83,Abra,-49,-55,-45,45,-26,9,10233
84,Kadabra,-34,-40,-30,60,-11,24,7953
85,Alakazam,-19,-25,-15,75,14,39,8553
86,Alakazam (Mega Alakazam),-19,-25,5,115,24,69,19573
87,Machop,-4,5,-10,-25,-46,-46,4998
88,Machoke,6,25,10,-10,-21,-36,2598
89,Machamp,16,55,20,5,4,-26,4398
90,Bellsprout,-24,0,-25,10,-51,-41,5583
91,Weepinbell,-9,15,-10,25,-36,-26,3003
92,Victreebel,6,30,5,40,-11,-11,2803
93,Tentacool,-34,-35,-25,-10,19,-11,3588
94,Tentacruel,6,-5,5,20,39,19,2368
95,Geodude,-34,5,40,-30,-51,-61,10003
96,Geodude (Alolan Geodude),-34,5,40,-30,-51,-61,10003
97,Graveler,-19,20,55,-15,-36,-46,7423
98,Graveler (Alolan Graveler),-19,20,55,-15,-36,-46,7423
99,Golem,6,45,70,-5,-16,-36,8538
100,Golem (Alolan Golem),6,45,70,-5,-16,-36,8538
101,Ponyta,-24,10,-5,5,-16,9,1063
102,Ponyta (Galarian Ponyta),-24,10,-5,5,-16,9,1063
103,Rapidash,-9,25,10,20,-1,24,1783
104,Rapidash (Galarian Rapidash),-9,25,10,20,-1,24,1783
105,Slowpoke,16,-10,5,-20,-41,-66,6818
106,Slowpoke (Galarian Slowpoke),16,-10,5,-20,-41,-66,6818
107,Slowbro,21,0,50,40,-1,-51,7143
108,Slowbro (Mega Slowbro),21,0,120,70,-1,-51,22343
109,Slowbro (Galarian Slowbro),21,25,35,40,-11,-51,6613
110,Magnemite,-49,-40,10,35,-26,-36,7298
111,Magneton,-24,-15,35,60,-11,-11,5868
112,Farfetch'd,-22,15,-5,-2,-19,-21,1540
113,Farfetch'd (Galarian Farfetch'd),-22,20,-5,-2,-19,-26,1950
114,Doduo,-39,10,-15,-25,-46,-6,4623
115,Dodrio,-14,35,10,0,-21,29,2803
116,Seel,-9,-30,-5,-15,-11,-36,2648
117,Dewgong,16,-5,20,10,14,-11,1098
118,Grimer,6,5,-10,-20,-31,-56,4658
119,Grimer (Alolan Grimer),6,5,-10,-20,-31,-56,4658
120,Muk,31,30,15,5,19,-31,3433
121,Muk (Alolan Muk),31,30,15,5,19,-31,3433
122,Shellder,-44,-10,40,-15,-56,-41,8678
123,Cloyster,-24,20,120,25,-36,-11,17418
124,Gastly,-44,-40,-30,40,-46,-1,8153
125,Haunter,-29,-25,-15,55,-26,14,5588
126,Gengar,-14,-10,0,70,-6,29,6073
127,Gengar (Mega Gengar),-14,-10,20,110,14,49,15393
128,Onix,-39,-30,100,-30,-36,-11,14738
129,Drowzee,-14,-27,-15,-17,9,-39,3041
130,Hypno,11,-2,10,13,34,-14,1746
131,Krabby,-44,30,30,-35,-56,-31,9058
132,Kingler,-19,55,55,-10,-31,-6,7508
133,Voltorb,-34,-45,-10,-5,-26,19,4343
134,Voltorb (Hisuian Voltorb),-34,-45,-10,-5,-26,19,4343
135,Electrode,-14,-25,10,20,-1,69,6083
136,Electrode (Hisuian Electrode),-14,-25,10,20,-1,69,6083
137,Exeggcute,-14,-35,20,0,-36,-41,4798
138,Exeggutor,21,20,25,65,-6,-26,6403
139,Exeggutor (Alolan Exeggutor),21,30,25,65,-6,-36,7523
140,Cubone,-24,-25,35,-20,-31,-46,5903
141,Marowak,-14,5,50,-10,-1,-36,4118
142,Marowak (Alolan Marowak),-14,5,50,-10,-1,-36,4118
143,Hitmonlee,-24,45,-7,-25,29,6,4152
144,Hitmonchan,-24,30,19,-25,29,-5,3328
145,Lickitung,16,-20,15,0,-6,-51,3518
146,Koffing,-34,-10,35,0,-36,-46,5893
147,Weezing,-9,15,60,25,-11,-21,5093
148,Weezing (Galarian Weezing),-9,15,60,25,-11,-21,5093
149,Rhyhorn,6,10,35,-30,-51,-56,7998
150,Rhydon,31,55,60,-15,-36,-41,10788
151,Chansey,176,-70,-55,-25,24,-31,41063
152,Tangela,-9,-20,55,40,-41,-21,7228
153,Kangaskhan,31,20,20,-20,-1,9,2243
154,Kangaskhan (Mega Kangaskhan),31,50,40,0,19,19,5783
155,Horsea,-44,-35,10,10,-56,-21,6938
156,Seadra,-19,-10,35,35,-36,4,4223
157,Goldeen,-29,-8,0,-25,-31,-18,2815
158,Seaking,6,17,5,5,-1,-13,545
159,Staryu,-44,-30,-5,10,-26,4,3653
160,Starmie,-14,0,25,40,4,34,3593
161,Mr. Mime,-34,-30,5,40,39,9,5283
162,Mr. Mime (Galarian Mr. Mime),-24,-10,5,30,9,19,2043
163,Scyther,-4,35,20,-5,-1,24,2243
164,Jynx,-9,-25,-25,55,14,14,4748
165,Electabuzz,-9,8,-3,35,4,24,1971
166,Magmar,-9,20,-3,40,4,12,2250
167,Pinsir,-9,50,40,-5,-11,4,4343
168,Pinsir (Mega Pinsir),-9,80,60,5,9,24,10763
169,Tauros,1,25,35,-20,-11,29,3213
170,Tauros (Paldean Tauros (Combat Breed)),1,35,45,-30,-11,19,4633
171,Tauros (Paldean Tauros (Blaze Breed)),1,35,45,-30,-11,19,4633
172,Tauros (Paldean Tauros (Aqua Breed)),1,35,45,-30,-11,19,4633
173,Magikarp,-54,-65,-5,-45,-61,-1,12913
174,Gyarados,21,50,19,0,19,0,3663
175,Gyarados (Mega Gyarados),21,80,49,10,49,0,11743
176,Lapras,56,10,20,25,14,-21,4898
177,Ditto,-26,-27,-12,-12,-33,-33,3871
178,Eevee,-19,-20,-10,-15,-16,-26,2018
179,Eevee (Partner Eevee),-9,0,10,5,4,-6,258
180,Vaporeon,56,-10,0,50,14,-16,6188
181,Jolteon,-9,-10,0,50,14,49,5278
182,Flareon,-9,55,0,35,29,-16,5428
183,Porygon,-9,-15,10,25,-6,-41,2748
184,Omanyte,-39,-35,40,30,-26,-46,8038
185,Omastar,-4,-15,65,55,-11,-26,8288
186,Kabuto,-44,5,30,-5,-36,-26,4858
187,Kabutops,-14,40,45,5,-11,-1,3968
188,Aerodactyl,6,30,5,0,-6,49,3398
189,Aerodactyl (Mega Aerodactyl),6,60,25,10,14,69,9318
190,Snorlax,86,35,5,5,29,-51,12113
191,Articuno,16,10,40,35,44,4,5133
192,Articuno (Galarian Articuno),16,10,25,65,19,14,5763
193,Zapdos,16,15,25,65,9,19,5773
194,Zapdos (Galarian Zapdos),16,50,30,25,9,19,4723
195,Moltres,16,25,30,65,4,9,6103
196,Moltres (Galarian Moltres),16,10,30,40,44,9,4873
197,Dratini,-33,-11,-15,-10,-31,-31,3457
198,Dragonair,-13,9,5,10,-11,-11,617
199,Dragonite,17,59,35,40,19,-1,6957
200,Mewtwo,32,35,30,94,9,49,14467
201,Mewtwo (Mega Mewtwo X),32,115,40,94,19,49,27447
202,Mewtwo (Mega Mewtwo Y),32,75,10,134,39,59,29707
203,Mew,26,25,40,40,19,19,5223
204,Chikorita,-29,-26,5,-11,-16,-36,3215
205,Bayleef,-14,-13,20,3,-1,-21,1216
206,Meganium,6,7,40,23,19,-1,2576
207,Cyndaquil,-35,-23,-17,0,-31,-16,3260
208,Quilava,-16,-11,-2,20,-16,-1,1038
209,Typhlosion,4,9,18,49,4,19,3199
210,Typhlosion (Hisuian Typhlosion),-1,9,18,59,4,14,4099
211,Totodile,-24,-10,4,-16,-33,-38,3481
212,Croconaw,-9,5,20,-1,-18,-23,1360
213,Feraligatr,11,30,40,19,2,-3,2995
214,Sentret,-39,-29,-26,-25,-36,-61,8680
215,Furret,11,1,4,-15,-26,9,1120
216,Hoothoot,-14,-45,-30,-24,-25,-31,5283
217,Noctowl,26,-25,-10,26,15,-11,2423
218,Ledyba,-34,-55,-30,-20,-1,-26,6158
219,Ledian,-19,-40,-10,-5,29,4,2943
220,Spinarak,-34,-15,-20,-20,-41,-51,6463
221,Ariados,-4,15,10,0,-11,-41,2143
222,Crobat,11,15,20,10,-1,49,3248
223,Chinchou,1,-37,-22,-4,-25,-14,2691
224,Lanturn,51,-17,-2,16,-5,-14,3371
225,Pichu,-54,-35,-45,-25,-46,-21,9348
226,Cleffa,-24,-50,-32,-15,-26,-66,9357
227,Igglybuff,16,-45,-45,-20,-61,-66,12783
228,Togepi,-39,-55,5,-20,-16,-61,8948
229,Togetic,-19,-35,25,20,24,-41,4868
230,Natu,-34,-25,-15,10,-36,-11,3523
231,Xatu,-9,0,10,35,-11,14,1723
232,Mareep,-19,-35,-20,5,-36,-46,5423
233,Flaaffy,-4,-20,-5,20,-21,-36,2578
234,Ampharos,16,0,25,55,9,-26,4663
235,Ampharos (Mega Ampharos),16,20,45,105,29,-36,15843
236,Bellossom,1,5,35,30,19,-31,3473
237,Marill,-4,-55,-10,-40,-31,-41,7383
238,Azumarill,26,-25,20,0,-1,-31,2663
239,Sudowoodo,-4,25,55,-30,-16,-51,7423
240,Politoed,16,0,15,30,19,-11,1863
241,Hoppip,-39,-40,-20,-25,-26,-31,5783
242,Skiploom,-19,-30,-10,-15,-16,-1,1843
243,Jumpluff,1,-20,10,-5,14,29,1563
244,Aipom,-19,-5,-5,-20,-26,4,1503
245,Sunkern,-44,-45,-30,-30,-51,-51,10963
246,Sunflora,1,0,-5,45,4,-51,4668
247,Yanma,-9,-10,-15,15,-36,14,2123
248,Wooper,-19,-30,-15,-35,-56,-66,10203
249,Wooper (Paldean Wooper),-19,-30,-15,-35,-56,-66,10203
250,Quagsire,21,10,25,5,-16,-46,3563
251,Espeon,-9,-10,0,70,14,29,6118
252,Umbreon,21,-10,50,0,49,-16,5698
253,Murkrow,-14,10,-18,25,-39,10,2866
254,Slowking,21,0,20,40,29,-51,5883
255,Slowking (Galarian Slowking),21,-10,20,50,29,-51,6883
256,Misdreavus,-14,-15,0,25,4,4,1078
257,Unown,-26,-3,-12,12,-33,-33,3151
258,Wobbuffet,116,-42,-2,-27,-23,-48,18786
259,Girafarig,-4,5,5,30,-16,4,1238
260,Pineco,-24,-10,30,-25,-46,-66,8673
261,Forretress,1,15,80,0,-21,-41,8748
262,Dunsparce,26,-5,10,5,-16,-36,2378
263,Gligar,-9,0,45,-25,-16,4,3003
264,Steelix,1,10,140,-5,-16,-51,22583
265,Steelix (Mega Steelix),1,50,170,-5,14,-51,34223
266,Snubbull,-14,5,-10,-20,-41,-51,5003
267,Granbull,16,45,15,0,-21,-36,4243
268,Qwilfish,-9,20,25,-5,-26,4,1823
269,Qwilfish (Hisuian Qwilfish),-9,20,25,-5,-26,4,1823
270,Scizor,-4,55,40,-5,-1,-16,4923
271,Scizor (Mega Scizor),-4,75,80,5,19,-6,12463
272,Shuckle,-54,-65,170,-50,149,-76,66518
273,Heracross,6,50,15,-20,14,4,3373
274,Heracross (Mega Heracross),6,110,55,-20,24,-6,16173
275,Sneasel,-19,20,-5,-25,-6,34,2603
276,Sneasel (Hisuian Sneasel),-19,20,-5,-25,-6,34,2603
277,Teddiursa,-14,5,-10,-10,-31,-41,3063
278,Ursaring,16,55,15,15,-6,-26,4443
279,Slugma,-34,-35,-20,10,-41,-61,8283
280,Magcargo,-14,-25,60,30,-1,-51,7923
281,Swinub,-24,-25,-20,-30,-51,-31,6063
282,Piloswine,26,25,20,0,-21,-31,3103
283,Corsola,-9,-20,35,5,14,-46,4043
284,Corsola (Galarian Corsola),-14,-20,40,5,19,-51,5183
285,Remoraid,-39,-10,-25,5,-46,-16,4643
286,Octillery,1,30,15,45,-6,-36,4483
287,Delibird,-29,-20,-15,5,-36,-6,2823
288,Mantine,11,-35,10,20,59,-11,5448
289,Skarmory,-9,5,80,-20,-11,-11,7148
290,Houndour,-29,-15,-30,20,-31,-16,3583
291,Houndoom,1,15,-10,50,-1,14,3023
292,Houndoom (Mega Houndoom),1,15,30,80,9,34,8763
293,Kingdra,1,20,35,35,14,4,3063
294,Phanpy,16,-15,0,-20,-41,-41,4243
295,Donphan,16,45,60,0,-21,-31,7283
296,Porygon2,11,5,30,45,14,-21,3708
297,Stantler,-1,20,2,25,-16,4,1302
298,Smeargle,-19,-55,-25,-40,-36,-6,6943
299,Tyrogue,-39,-40,-25,-25,-46,-46,8603
300,Hitmontop,-24,20,35,-25,29,-11,3788
301,Smoochum,-29,-45,-45,25,-16,-16,6028
302,Elekid,-29,-12,-23,5,-26,14,2411
303,Magby,-29,0,-23,10,-26,2,2150
304,Miltank,21,5,45,-20,-11,19,3373
305,Blissey,181,-65,-50,15,54,-26,43303
306,Raikou,16,10,15,55,19,34,5123
307,Entei,41,40,25,30,-6,19,5203
308,Suicune,26,0,55,30,34,4,5773
309,Larvitar,-24,-11,-10,-15,-31,-40,3583
310,Pupitar,-4,9,10,5,-11,-30,1243
311,Tyranitar,26,59,50,35,19,-20,8643
312,Tyranitar (Mega Tyranitar),26,89,90,35,39,-10,19543
313,Lugia,32,15,70,30,73,29,13219
314,Ho-Oh,32,55,30,50,73,9,12859
315,Celebi,26,25,40,40,19,19,5223
316,Treecko,-34,-30,-25,5,-26,-11,3503
317,Grovyle,-24,-10,-15,25,-16,14,1978
318,Sceptile,-4,10,5,45,4,39,3703
319,Sceptile (Mega Sceptile),-4,35,15,85,4,64,12803
320,Torchic,-29,-15,-20,10,-31,-36,3823
321,Combusken,-14,10,0,25,-21,-26,2038
322,Blaziken,6,45,10,50,-11,-1,4783
323,Blaziken (Mega Blaziken),6,85,20,70,-1,19,12923
324,Mudkip,-24,-5,-10,-10,-31,-41,3443
325,Marshtomp,-4,10,10,0,-11,-31,1298
326,Swampert,26,35,30,25,9,-21,3948
327,Swampert (Mega Swampert),26,75,50,35,29,-11,10988
328,Poochyena,-39,-20,-25,-30,-51,-46,8163
329,Mightyena,-4,15,10,0,-21,-11,903
330,Zigzagoon,-36,-45,-19,-30,-40,-21,6623
331,Zigzagoon (Galarian Zigzagoon),-36,-45,-19,-30,-40,-21,6623
332,Linoone,4,-5,1,-10,-20,19,903
333,Linoone (Galarian Linoone),4,-5,1,-10,-20,19,903
334,Wurmple,-29,-30,-25,-40,-51,-61,10288
335,Silcoon,-24,-40,-5,-35,-56,-66,10918
336,Beautifly,-14,-5,-10,40,-31,-16,3138
337,Cascoon,-24,-40,-5,-35,-56,-66,10918
338,Dustox,-14,-25,10,-10,9,-16,1358
339,Lotad,-34,-45,-30,-20,-31,-51,8043
340,Lombre,-14,-25,-10,0,-11,-31,2003
341,Ludicolo,6,-5,10,30,19,-11,1543
342,Seedot,-34,-35,-10,-30,-51,-51,8583
343,Nuzleaf,-4,-5,-20,0,-41,-21,2563
344,Shiftry,16,25,0,30,-21,-1,2223
345,Taillow,-34,-20,-30,-30,-51,4,5973
346,Swellow,-14,10,0,15,-31,44,3418
347,Wingull,-34,-45,-30,-5,-51,4,6723
348,Pelipper,-14,-25,40,35,-11,-16,4023
349,Ralts,-46,-50,-35,-15,-46,-41,9863
350,Kirlia,-36,-40,-25,5,-26,-31,5183
351,Gardevoir,-6,-10,5,65,34,-1,5543
352,Gardevoir (Mega Gardevoir),-6,10,5,105,54,19,14463
353,Surskit,-34,-45,-28,-10,-29,-16,5162
354,Masquerain,-4,-15,2,40,1,-1,1847
355,Shroomish,-14,-35,0,-20,-21,-46,4378
356,Breloom,-14,55,20,0,-21,-11,4183
357,Slakoth,-14,-15,0,-25,-46,-51,5763
358,Vigoroth,6,5,20,-5,-26,9,1243
359,Slaking,76,85,40,35,-16,19,16443
360,Nincada,-43,-30,30,-30,-51,-41,8831
361,Ninjask,-13,15,-15,-10,-31,79,7921
362,Shedinja,-73,15,-15,-30,-51,-41,10961
363,Whismur,-10,-24,-37,-9,-58,-53,8299
364,Loudred,10,-4,-17,11,-38,-33,3059
365,Exploud,30,16,3,31,-8,-13,2359
366,Makuhita,-2,-15,-30,-40,-51,-56,8466
367,Hariyama,70,45,0,-20,-21,-31,8727
368,Azurill,-24,-55,-20,-40,-41,-61,11003
369,Nosepass,-44,-30,75,-15,9,-51,11368
370,Skitty,-24,-30,-15,-25,-46,-31,5403
371,Delcatty,-4,-10,5,-5,-26,9,923
372,Sableye,-24,0,15,5,-16,-31,2043
373,Sableye (Mega Sableye),-24,10,65,25,34,-61,10403
374,Mawile,-24,10,25,-5,-26,-31,2963
375,Mawile (Mega Mawile),-24,30,65,-5,14,-31,6883
376,Aron,-24,-5,40,-20,-41,-51,6883
377,Lairon,-14,15,80,-10,-31,-41,9563
378,Aggron,-4,35,120,0,-21,-31,17043
379,Aggron (Mega Aggron),-4,65,170,0,-1,-31,34103
380,Meditite,-44,-35,-5,-20,-26,-21,4703
381,Medicham,-14,-15,15,0,-6,-1,683
382,Medicham (Mega Medicham),-14,25,25,20,4,19,2223
383,Electrike,-34,-30,-20,5,-41,-16,4418
384,Manectric,-4,0,0,45,-21,24,3058
385,Manectric (Mega Manectric),-4,0,20,75,-1,54,8958
386,Plusle,-14,-25,-20,25,-6,14,2078
387,Minun,-14,-35,-10,15,4,14,1958
388,Volbeat,-9,-2,15,-13,4,4,511
389,Illumise,-9,-28,15,13,4,4,1291
390,Roselia,-24,-15,-15,40,-1,-16,2883
391,Gulpin,-4,-32,-7,-17,-28,-41,3843
392,Swalot,26,-2,23,13,2,-26,2058
393,Carvanha,-29,15,-40,5,-61,-16,6668
394,Sharpedo,-4,45,-20,35,-41,14,5543
395,Sharpedo (Mega Sharpedo),-4,65,10,50,-16,24,7673
396,Wailmer,56,-5,-25,10,-46,-21,6443
397,Wailord,96,15,-15,30,-36,-21,12303
398,Numel,-14,-15,-20,5,-36,-46,4258
399,Camerupt,-4,25,10,45,-6,-41,4483
400,Camerupt (Mega Camerupt),-4,45,40,85,24,-61,15163
401,Torkoal,-4,10,80,25,-11,-61,10983
402,Spoink,-14,-50,-25,10,-1,-21,3863
403,Grumpig,6,-30,5,30,29,-1,2703
404,Spinda,-14,-15,0,0,-21,-21,1303
405,Trapinch,-29,25,-15,-15,-36,-71,8253
406,Vibrava,-24,-5,-10,-10,-31,-11,1883
407,Flygon,6,25,20,20,-1,19,1823
408,Cacnea,-24,10,-20,25,-41,-46,5498
409,Cacturne,-4,40,0,55,-21,-26,5758
410,Swablu,-29,-35,0,-20,-6,-31,3463
411,Altaria,1,-5,30,10,24,-1,1603
412,Altaria (Mega Altaria),1,35,50,50,24,-1,6803
413,Zangoose,-1,40,0,0,-21,9,2123
414,Seviper,-1,25,0,40,-21,-16,2923
415,Lunatone,16,-20,5,35,4,-11,2043
416,Solrock,16,20,25,-5,-16,-11,1683
417,Barboach,-24,-27,-17,-14,-40,-21,3831
418,Whiscash,36,3,13,16,-10,-21,2271
419,Corphish,-31,5,5,-10,-46,-46,5343
420,Crawdaunt,-11,45,25,30,-26,-26,5023
421,Baltoy,-34,-35,-5,-20,-11,-26,3603
422,Claydol,-14,-5,45,10,39,-6,3903
423,Lileep,-8,-34,17,1,6,-58,4910
424,Cradily,12,6,37,21,26,-38,4110
425,Anorith,-29,20,-10,-20,-31,-6,2738
426,Armaldo,1,50,40,10,-1,-36,5498
427,Feebas,-54,-60,-40,-50,-26,-1,11293
428,Milotic,21,-15,19,40,44,0,4563
429,Castform,-4,-5,10,10,-11,-11,483
430,Kecleon,-14,15,10,0,39,-41,3723
431,Shuppet,-30,0,-25,3,-48,-36,5134
432,Banette,-10,40,5,23,-18,-16,2834
433,Banette (Mega Banette),-10,90,15,33,2,-6,9554
434,Duskull,-54,-35,30,-30,9,-56,9158
435,Dusclops,-34,-5,70,0,49,-56,11618
436,Tropius,25,-7,23,12,6,-30,2283
437,Chimecho,1,-25,20,35,9,-16,2588
438,Absol,-9,55,0,15,-21,-6,3808
439,Absol (Mega Absol),-9,75,0,55,-21,34,10328
440,Wynaut,21,-52,-12,-37,-33,-58,9111
441,Snorunt,-24,-25,-10,-10,-31,-31,3323
442,Glalie,6,5,20,20,-1,-1,863
443,Glalie (Mega Glalie),6,45,20,60,-1,19,6423
444,Spheal,-4,-35,-10,-5,-31,-56,5463
445,Sealeo,16,-15,10,15,-11,-36,2223
446,Walrein,36,5,30,35,9,-16,3783
447,Clamperl,-39,-11,25,14,-26,-49,5540
448,Huntail,-19,29,45,34,-6,-29,5260
449,Gorebyss,-19,9,45,54,-6,-29,6260
450,Relicanth,26,15,70,-15,-16,-26,6958
451,Luvdisc,-31,-45,-5,-20,-16,16,3923
452,Bagon,-29,0,0,-20,-51,-31,4803
453,Shelgon,-9,20,40,0,-31,-31,4003
454,Salamence,21,60,20,50,-1,19,7303
455,Salamence (Mega Salamence),21,70,70,60,9,39,15443
456,Beldum,-34,-20,20,-25,-21,-51,5623
457,Metang,-14,0,40,-5,-1,-31,2783
458,Metagross,6,60,70,35,9,-11,9963
459,Metagross (Mega Metagross),6,70,90,45,29,29,16743
460,Regirock,6,25,140,-10,19,-31,21683
461,Regice,6,-25,40,40,119,-31,18983
462,Registeel,6,0,90,15,69,-31,14083
463,Latias,6,5,30,50,49,29,6703
464,Latias (Mega Latias),6,25,60,80,69,29,16263
465,Latios,6,15,20,70,29,29,7243
466,Latios (Mega Latios),6,55,40,100,39,29,17023
467,Kyogre,26,25,30,90,59,9,13863
468,Kyogre (Primal Kyogre),26,75,30,120,79,9,27923
469,Groudon,26,75,80,40,9,9,14463
470,Groudon (Primal Groudon),26,105,100,90,9,9,29963
471,Rayquaza,31,75,30,90,9,14,15863
472,Rayquaza (Mega Rayquaza),31,105,40,120,19,34,29503
473,Jirachi,26,25,40,40,19,19,5223
474,Deoxys (Normal Forme),-24,75,-10,90,-31,69,20123
475,Deoxys (Attack Forme),-24,105,-40,120,-61,69,36083
476,Deoxys (Defense Forme),-24,-5,100,10,79,9,17023
477,Deoxys (Speed Forme),-24,20,30,35,9,99,12983
478,Turtwig,-19,-7,4,-15,-26,-50,3827
479,Grotle,1,14,25,-5,-16,-45,3128
480,Torterra,21,34,45,15,4,-25,4488
481,Chimchar,-30,-17,-16,-2,-37,-20,3218
482,Monferno,-10,3,-8,18,-29,0,1338
483,Infernape,2,29,11,44,-10,27,3731
484,Piplup,-21,-24,-7,1,-25,-41,3373
485,Prinplup,-10,-9,8,21,-5,-31,1672
486,Empoleon,10,11,28,51,20,-21,4447
487,Starly,-34,-20,-30,-30,-51,-21,6398
488,Staravia,-19,0,-10,-20,-41,-1,2543
489,Staraptor,11,45,10,-10,-21,19,3148
490,Bidoof,-15,-30,-20,-25,-41,-50,6331
491,Bibarel,5,10,0,-5,-21,-10,691
492,Kricketot,-37,-50,-19,-35,-40,-56,10191
493,Kricketune,3,10,-9,-5,-30,-16,1371
494,Shinx,-29,-10,-26,-20,-47,-36,5522
495,Luxio,-14,10,-11,0,-32,-21,1882
496,Luxray,6,45,19,35,-2,-11,3772
497,Budew,-34,-45,-25,-10,-11,-26,4703
498,Roserade,-14,-5,5,65,24,9,5128
499,Cranidos,-7,50,-20,-30,-51,-23,6979
500,Rampardos,23,90,0,5,-31,-23,10144
501,Shieldon,-44,-33,58,-18,7,-51,9363
502,Bastiodon,-14,-23,108,-13,57,-51,18408
503,Burmy,-34,-46,-15,-31,-36,-45,7779
504,Wormadam (Plant Cloak),-14,-16,25,19,24,-45,4039
505,Wormadam (Sandy Cloak),-14,4,45,-1,4,-45,4279
506,Wormadam (Trash Cloak),-14,-6,35,9,14,-45,3759
507,Mothim,-4,19,-10,34,-31,-15,2819
508,Combee,-44,-45,-18,-30,-39,-11,6827
509,Vespiquen,-4,5,42,20,21,-41,4327
510,Pachirisu,-14,-30,10,-15,9,14,1698
511,Buizel,-19,-10,-25,0,-51,4,3703
512,Floatzel,11,30,-5,25,-31,34,3788
513,Cherubi,-29,-40,-15,2,-28,-46,5570
514,Cherrim,-4,-15,10,27,-3,4,1095
515,Shellos,2,-27,-12,-3,-19,-47,3456
516,Gastrodon,37,8,8,32,1,-42,4286
517,Ambipom,1,25,6,0,-15,34,2043
518,Drifloon,16,-25,-26,0,-37,-11,3047
519,Drifblim,76,5,-16,30,-27,-1,7687
520,Buneary,-19,-9,-16,-16,-25,4,1595
521,Lopunny,-9,1,24,-6,15,24,1495
522,Lopunny (Mega Lopunny),-9,61,34,-6,15,54,8135
523,Mismagius,-14,-15,0,45,24,24,3598
524,Honchkrow,26,50,-8,45,-29,-10,6206
525,Glameow,-25,-20,-18,-18,-44,4,3625
526,Purugly,-3,7,4,4,-22,31,1535
527,Chingling,-29,-45,-10,5,-31,-36,5248
528,Stunky,-11,-12,-13,-19,-40,-7,2444
529,Skuntank,29,18,7,11,-20,3,1744
530,Bronzor,-17,-51,26,-36,5,-58,8251
531,Bronzong,-7,14,56,19,35,-48,7271
532,Bonsly,-24,5,35,-50,-36,-71,10663
533,Mime Jr.,-54,-50,-15,10,9,-21,6263
534,Happiny,26,-70,-55,-45,-16,-51,13483
535,Chatot,2,-10,-15,32,-39,10,2974
536,Spiritomb,-24,17,48,32,27,-46,7038
537,Gible,-16,-5,-15,-20,-36,-39,3723
538,Gabite,-6,15,5,-10,-26,1,1063
539,Garchomp,34,55,35,20,4,21,6263
540,Garchomp (Mega Garchomp),34,95,55,60,14,11,17123
541,Munchlax,61,10,-20,-20,4,-76,10413
542,Riolu,-34,-5,-20,-25,-41,-21,4328
543,Lucario,-4,35,10,55,-11,9,4568
544,Lucario (Mega Lucario),-4,70,28,80,-11,31,13182
545,Hippopotas,-6,-3,18,-22,-39,-49,4775
546,Hippowdon,34,37,58,8,-9,-34,7190
547,Skorupi,-34,-25,30,-30,-26,-16,4513
548,Drapion,-4,15,50,0,-6,14,2973
549,Croagunk,-26,-14,-20,1,-41,-31,3915
550,Toxicroak,9,31,5,26,-16,4,2015
551,Carnivine,0,25,12,30,-9,-35,2975
552,Finneon,-25,-26,-4,-11,-20,-15,2063
553,Lumineon,-5,-6,16,9,5,10,523
554,Mantyke,-29,-55,-10,0,39,-31,6448
555,Snover,-14,-13,-10,2,-21,-41,2591
556,Abomasnow,16,17,15,32,4,-21,2251
557,Abomasnow (Mega Abomasnow),16,57,45,72,24,-51,13891
558,Weavile,-4,45,5,-15,4,44,4243
559,Magnezone,-4,-5,55,70,9,-21,8488
560,Lickilicky,36,10,35,20,14,-31,4178
561,Rhyperior,41,65,70,-5,-26,-41,13188
562,Tangrowth,26,25,65,50,-31,-31,9948
563,Electivire,1,48,7,35,4,14,3791
564,Magmortar,1,20,7,65,14,2,4875
565,Togekiss,11,-25,35,60,34,-1,6728
566,Yanmega,12,1,26,56,-25,14,4778
567,Leafeon,-9,35,70,0,-16,14,6658
568,Glaceon,-9,-15,50,70,14,-16,8158
569,Gliscor,1,20,65,-15,-6,14,5083
570,Mamoswine,36,55,20,10,-21,-1,5263
571,Porygon-Z,11,5,10,75,-6,9,5988
572,Gallade,-6,50,5,5,34,-1,3743
573,Gallade (Mega Gallade),-6,90,35,5,34,29,11383
574,Probopass,-14,-20,85,15,69,-41,14488
575,Dusknoir,-29,25,75,5,54,-36,11328
576,Froslass,-4,5,10,20,-11,29,1503
577,Rotom,-24,-25,17,35,-4,10,2831
578,Rotom (Heat Rotom),-24,-10,47,45,26,5,5611
579,Rotom (Wash Rotom),-24,-10,47,45,26,5,5611
580,Rotom (Frost Rotom),-24,-10,47,45,26,5,5611
581,Rotom (Fan Rotom),-24,-10,47,45,26,5,5611
582,Rotom (Mow Rotom),-24,-10,47,45,26,5,5611
583,Uxie,1,0,70,15,49,14,7723
584,Mesprit,6,30,45,45,24,-1,5563
585,Azelf,1,50,10,65,-11,34,8103
586,Dialga,26,45,60,90,19,9,14843
587,Dialga (Origin Forme),26,25,60,90,39,9,14603
588,Palkia,16,45,40,90,39,19,13863
589,Palkia (Origin Forme),16,25,40,90,39,39,13623
590,Heatran,17,15,46,70,25,-4,8171
591,Regigigas,36,85,50,20,29,19,12623
592,Giratina (Altered Forme),76,25,60,40,39,9,13203
593,Giratina (Origin Forme),76,45,40,60,19,9,13443
594,Cresselia,46,-5,60,15,49,4,8383
595,Phione,6,5,20,20,-1,-1,863
596,Manaphy,26,25,40,40,19,19,5223
597,Darkrai,-4,15,30,75,9,44,8783
598,Shaymin (Land Forme),26,25,40,40,19,19,5223
599,Shaymin (Sky Forme),26,28,15,60,-6,46,7437
600,Arceus,46,45,60,60,39,39,14383
601,Victini,26,25,40,40,19,19,5223
602,Snivy,-29,-30,-5,-15,-26,-18,2991
603,Servine,-14,-15,15,0,-6,2,686
604,Serperior,1,0,35,15,14,32,2671
605,Tepig,-9,-12,-15,-15,-36,-36,3267
606,Pignite,16,18,-5,10,-26,-26,2057
607,Emboar,36,48,5,40,-16,-16,5737
608,Oshawott,-19,-20,-15,3,-36,-36,3587
609,Dewott,1,0,0,23,-21,-21,1412
610,Samurott,21,25,25,48,-11,-11,4237
611,Samurott (Hisuian Samurott),16,33,20,40,-16,4,3617
612,Patrat,-29,-20,-21,-25,-42,-39,5592
613,Watchog,-14,10,9,0,-12,-4,537
614,Lillipup,-29,-15,-15,-35,-36,-26,4488
615,Herdier,-9,5,5,-25,-16,-21,1453
616,Stoutland,11,35,30,-15,9,-1,2553
617,Purrloin,-33,-25,-23,-10,-44,-15,4504
618,Liepard,-10,13,-10,28,-31,25,2739
619,Pansage,-24,-22,-12,-7,-33,-17,2631
620,Simisage,1,23,3,38,-18,20,2707
621,Pansear,-24,-22,-12,-7,-33,-17,2631
622,Simisear,1,23,3,38,-18,20,2707
623,Panpour,-24,-22,-12,-7,-33,-17,2631
624,Simipour,1,23,3,38,-18,20,2707
625,Munna,2,-50,-15,7,-26,-57,6703
626,Musharna,42,-20,25,47,14,-52,7898
627,Pidove,-24,-20,-10,-24,-51,-38,5697
628,Tranquill,-12,2,2,-10,-39,-16,2029
629,Unfezant,6,40,20,5,-26,12,2881
630,Blitzle,-29,-15,-28,-10,-49,-5,4376
631,Zebstrika,1,25,3,20,-18,35,2584
632,Roggenrola,-19,0,25,-35,-56,-66,9703
633,Boldore,-4,30,45,-10,-41,-61,8443
634,Gigalith,11,60,70,0,-1,-56,11758
635,Woobat,-9,-30,-17,-5,-38,-9,2820
636,Swoobat,-7,-18,-5,17,-26,33,2452
637,Drilbur,-14,10,-20,-30,-36,-13,3061
638,Excadrill,36,60,0,-10,-16,7,5301
639,Audino,29,-15,26,0,5,-31,2728
640,Audino (Mega Audino),29,-15,66,20,45,-31,8808
641,Timburr,1,5,-5,-35,-46,-46,5508
642,Gurdurr,11,30,25,-20,-31,-41,4688
643,Conkeldurr,31,65,35,-5,-16,-36,7988
644,Tympole,-24,-25,-20,-10,-41,-17,3671
645,Palpitoad,1,-10,-5,5,-26,-12,971
646,Seismitoad,31,20,15,25,-6,-7,2296
647,Throh,46,25,25,-30,4,-36,5578
648,Sawk,1,50,15,-30,-6,4,3678
649,Sewaddle,-29,-22,10,-20,-21,-39,3787
650,Swadloon,-19,-12,30,-10,-1,-39,3027
651,Leavanny,1,28,20,10,-1,11,1407
652,Venipede,-44,-30,-1,-30,-42,-24,6077
653,Whirlipede,-34,-20,39,-20,-2,-34,4637
654,Scolipede,-14,25,29,-5,-12,31,2792
655,Cottonee,-34,-48,0,-23,-31,-15,5175
656,Whimsicott,-14,-8,25,17,-6,35,2435
657,Petilil,-29,-40,-10,10,-31,-51,6203
658,Lilligant,-4,-15,15,50,-6,9,3083
659,Lilligant (Hisuian Lilligant),-4,30,15,-10,-6,24,1853
660,Basculin,-4,17,5,20,-26,17,1695
661,Sandile,-24,-3,-25,-25,-46,-16,4207
662,Krokorok,-14,7,-15,-15,-36,-7,2040
663,Krookodile,21,42,20,5,-11,11,2872
664,Darumaka,-4,15,-15,-45,-36,-31,4748
665,Darumaka (Galarian Darumaka),-4,15,-15,-45,-36,-31,4748
666,Darmanitan (Standard Mode),31,65,-5,-30,-26,14,6983
667,Darmanitan (Zen Mode),31,-45,45,80,24,-26,12663
668,Darmanitan (Galarian Standard Mode),31,65,-5,-30,-26,14,6983
669,Darmanitan (Galarian Zen Mode),31,85,-5,-30,-26,54,12703
670,Maractus,1,11,7,46,-14,-21,2924
671,Dwebble,-24,-10,25,-25,-46,-26,4718
672,Crustle,-4,30,65,5,-6,-36,6498
673,Scraggy,-24,0,10,-25,-11,-33,2511
674,Scrafty,-9,15,55,-15,34,-23,5241
675,Sigilyph,-2,-17,20,43,-1,16,2799
676,Yamask,-36,-45,25,-5,-16,-51,6828
677,Yamask (Galarian Yamask),-36,-20,25,-30,-16,-51,6078
678,Cofagrigus,-16,-25,85,35,24,-51,12508
679,Tirtouga,-20,3,43,-7,-36,-59,7084
680,Carracosta,0,33,73,23,-16,-49,9604
681,Archen,-19,37,-15,14,-36,-11,3568
682,Archeops,1,65,5,52,-16,29,8052
683,Trubbish,-24,-25,2,-20,-19,-16,2222
684,Garbodor,6,20,22,0,1,-6,957
685,Zorua,-34,-10,-20,20,-41,-16,3993
686,Zorua (Hisuian Zorua),-39,-15,-20,25,-41,-11,4573
687,Zoroark,-14,30,0,60,-21,24,5713
688,Zoroark (Hisuian Zoroark),-19,25,0,65,-21,29,6493
689,Minccino,-19,-25,-20,-20,-41,-6,3503
690,Cinccino,1,20,0,5,-21,34,2023
691,Gothita,-29,-45,-10,-5,-16,-36,4543
692,Gothorita,-14,-30,10,15,4,-26,2113
693,Gothitelle,-4,-20,35,35,29,-16,3963
694,Solosis,-29,-45,-20,45,-31,-61,9973
695,Duosion,-9,-35,-10,65,-21,-51,8673
696,Reuniclus,36,-10,15,65,4,-51,8463
697,Ducklett,-12,-31,-10,-16,-31,-26,3098
698,Swanna,1,12,3,27,-18,17,1496
699,Vanillite,-38,-25,-10,5,-21,-37,4004
700,Vanillish,-23,-10,5,20,-6,-22,1574
701,Vanilluxe,-3,20,25,50,14,-2,3734
702,Deerling,-14,-15,-10,-20,-31,-6,1918
703,Sawsbuck,6,25,10,0,-11,14,1078
704,Emolga,-19,0,0,15,-21,22,1511
705,Karrablast,-24,0,-15,-20,-36,-21,2938
706,Escavalier,-4,60,45,0,24,-61,9938
707,Foongus,-5,-20,-15,-5,-26,-66,5707
708,Amoonguss,40,10,10,25,-1,-51,5027
709,Frillish,-19,-35,-10,5,4,-41,3408
710,Jellicent,26,-15,10,25,24,-21,2643
711,Alomomola,91,0,20,-20,-36,-16,10633
712,Joltik,-24,-28,-10,-3,-31,-16,2686
713,Galvantula,-4,2,0,37,-21,27,2559
714,Ferroseed,-30,-25,31,-36,5,-71,8848
715,Ferrothorn,0,19,71,-6,35,-61,10384
716,Klink,-34,-20,10,-15,-21,-51,4923
717,Klang,-14,5,35,10,4,-31,2523
718,Klinklang,-14,25,55,10,4,9,4043
719,Tynamo,-39,-20,-20,-15,-41,-21,4668
720,Eelektrik,-9,10,10,15,-11,-41,2308
721,Eelektross,11,40,20,45,-1,-31,5108
722,Elgyem,-19,-20,-5,25,-26,-51,4688
723,Beheeyem,1,0,15,65,14,-41,6328
724,Litwick,-24,-45,-5,5,-26,-61,7048
725,Lampent,-14,-35,0,35,-21,-26,3763
726,Chandelure,-14,-20,30,85,9,-1,8803
727,Axew,-28,12,0,-30,-41,-24,4085
728,Fraxure,-8,42,10,-20,-31,-14,3485
729,Haxorus,2,72,30,0,-11,16,6465
730,Cubchoo,-19,-5,-20,0,-41,-41,4148
731,Beartic,21,55,20,10,-1,-31,4928
732,Cryogonal,6,-25,-10,35,54,24,5478
733,Shelmet,-24,-35,25,-20,-16,-56,6218
734,Accelgor,6,-5,-20,40,-21,64,6598
735,Stunfisk,35,-9,24,21,18,-49,5048
736,Stunfisk (Galarian Stunfisk),35,6,39,6,3,-49,5228
737,Mienfoo,-29,10,-10,-5,-31,-16,2283
738,Mienshao,-9,50,0,35,-21,24,4823
739,Druddigon,3,45,30,0,9,-33,4104
740,Golett,-15,-1,-10,-25,-31,-46,4028
741,Golurk,15,49,20,-5,-1,-26,3728
742,Pawniard,-29,10,10,-20,-41,-21,3563
743,Bisharp,-9,50,40,0,-11,-11,4423
744,Bouffalant,21,35,35,-20,14,-26,4163
745,Rufflet,-4,8,-10,-23,-31,-21,2111
746,Braviary,26,48,15,-3,-6,-1,3251
747,Braviary (Hisuian Braviary),36,8,10,52,-11,-16,4541
748,Vullaby,-4,-20,15,-15,-16,-21,1563
749,Mandibuzz,36,-10,45,-5,14,-1,3643
750,Heatmor,11,22,6,45,-15,-16,3147
751,Durant,-16,34,52,-12,-33,28,6133
752,Deino,-22,-10,-10,-15,-31,-43,3719
753,Zweilous,-2,10,10,5,-11,-23,879
754,Hydreigon,18,30,30,65,9,17,6719
755,Larvesta,-19,10,-5,-10,-26,-21,1703
756,Volcarona,11,-15,5,75,24,19,6933
757,Cobalion,17,15,69,30,-9,27,6985
758,Terrakion,17,54,30,12,9,27,5059
759,Virizion,17,15,12,30,48,27,4591
760,Tornadus (Incarnate Forme),5,40,10,65,-1,30,6851
761,Tornadus (Therian Forme),5,25,20,50,9,40,5231
762,Thundurus (Incarnate Forme),5,40,10,65,-1,30,6851
763,Thundurus (Therian Forme),5,30,10,85,-1,20,8651
764,Reshiram,26,45,40,90,39,9,14003
765,Zekrom,26,75,60,60,19,9,13943
766,Landorus (Incarnate Forme),15,50,30,55,-1,20,7051
767,Landorus (Therian Forme),15,70,30,45,-1,10,8151
768,Kyurem,51,55,30,70,9,14,11703
769,Kyurem (Black Kyurem),51,95,40,60,9,14,17103
770,Kyurem (White Kyurem),51,45,30,110,19,14,18183
771,Keldeo,17,-3,30,69,9,27,6769
772,Meloetta (Aria Forme),26,2,17,68,47,9,7883
773,Meloetta (Pirouette Forme),26,53,30,17,-4,47,6899
774,Genesect,-3,45,35,60,14,18,7379
775,Chespin,-18,-14,5,-12,-36,-43,3834
776,Quilladin,-13,3,35,-4,-23,-24,2524
777,Chesnaught,14,32,62,14,-6,-17,5585
778,Fennekin,-34,-30,-20,2,-21,-21,3342
779,Braixen,-15,-16,-2,30,-11,-8,1570
780,Delphox,1,-6,12,54,19,23,3987
781,Froakie,-33,-19,-20,2,-37,-10,3323
782,Frogadier,-20,-12,-8,23,-25,16,2018
783,Greninja,-2,20,7,43,-10,41,4083
784,Greninja (Ash-Greninja),-2,70,7,93,-10,51,16303
785,Bunnelby,-36,-39,-22,-28,-45,-24,6686
786,Diggersby,11,-19,17,-10,-4,-3,896
787,Fletchling,-29,-25,-17,-20,-43,-19,4365
788,Fletchinder,-12,-2,-5,-4,-29,3,1039
789,Talonflame,4,6,11,14,-12,45,2538
790,Scatterbug,-36,-40,-20,-33,-56,-46,9637
791,Spewpa,-29,-53,0,-33,-51,-52,10044
792,Vivillon,6,-23,-10,30,-31,8,2590
793,Litleo,-12,-25,-2,13,-27,-9,1752
794,Pyroar,12,-7,12,49,-15,25,3588
795,Flabébé,-30,-37,-21,1,-2,-39,4236
796,Floette,-20,-30,-13,15,17,-29,2824
797,Florges,4,-10,8,52,73,-6,8249
798,Skiddo,-8,-10,-12,2,-24,-29,1729
799,Gogoat,49,25,2,37,0,-13,4568
800,Pancham,-7,7,2,-14,-33,-38,2831
801,Pangoro,21,49,18,9,-10,-23,3876
802,Furfrou,1,5,0,5,9,21,573
803,Espurr,-12,-27,-6,3,-21,-13,1528
804,Meowstic,0,-27,16,23,0,23,2043
805,Honedge,-29,5,40,-25,-44,-53,7836
806,Doublade,-15,35,90,-15,-32,-46,12915
807,Aegislash (Shield Forme),-14,-25,80,-10,59,-21,11243
808,Aegislash (Blade Forme),-14,65,-10,80,-31,-21,12323
809,Spritzee,4,-23,0,3,-16,-58,4174
810,Aromatisse,27,-3,12,39,8,-52,5171
811,Swirlix,-12,-27,6,-1,-24,-32,2510
812,Slurpuff,8,5,26,25,-6,-9,1507
813,Inkay,-21,-21,-7,-23,-35,-36,3981
814,Malamar,12,17,28,8,-6,-8,1381
815,Binacle,-32,-23,7,-21,-25,-31,3629
816,Barbaracle,-2,30,55,-6,5,-13,4159
817,Skrelp,-24,-15,0,0,-21,-51,3843
818,Dragalge,-9,0,30,37,42,-37,5483
819,Clauncher,-24,-22,2,-2,-18,-37,2761
820,Clawitzer,-3,-2,28,60,8,-22,4945
821,Helioptile,-30,-37,-27,1,-38,-11,4564
822,Heliolisk,-12,-20,-8,49,13,28,3962
823,Tyrunt,-16,14,17,-15,-36,-33,3351
824,Tyrantrum,8,46,59,9,-22,-10,6326
825,Amaura,3,-16,-10,7,-18,-35,1963
826,Aurorus,49,2,12,39,11,-23,4720
827,Sylveon,21,-10,5,50,49,-21,5908
828,Hawlucha,4,17,15,14,-18,37,2419
829,Dedenne,-7,-17,-3,21,-14,20,1384
830,Carbink,-24,-25,90,-10,69,-31,15123
831,Goomy,-29,-25,-25,-5,-6,-41,3833
832,Sliggoo,-6,0,-7,23,32,-21,2079
833,Sliggoo (Hisuian Sliggoo),-16,0,23,23,32,-41,4019
834,Goodra,16,25,10,50,69,-1,8243
835,Goodra (Hisuian Goodra),6,25,40,50,69,-21,9963
836,Klefki,-17,5,31,20,6,-6,1747
837,Phantump,-31,-5,-12,-10,-21,-43,3520
838,Trevenant,11,35,16,5,1,-25,2253
839,Pumpkaboo (Small Size),-30,-9,10,-16,-26,-25,2638
840,Pumpkaboo (Average Size),-25,-9,10,-16,-26,-30,2638
841,Pumpkaboo (Large Size),-20,-9,10,-16,-26,-35,2738
842,Pumpkaboo (Super Size),-15,-9,10,-16,-26,-40,2938
843,Gourgeist (Small Size),-19,10,62,-2,-6,18,4669
844,Gourgeist (Average Size),-9,15,62,-2,-6,3,4199
845,Gourgeist (Large Size),1,20,62,-2,-6,-12,4429
846,Gourgeist (Super Size),11,25,62,-2,-6,-27,5359
847,Bergmite,-19,-6,25,-28,-46,-53,6731
848,Avalugg,21,42,124,-16,-35,-53,21871
849,Avalugg (Hisuian Avalugg),21,52,124,-26,-45,-43,23071
850,Noibat,-34,-45,-25,-15,-41,-26,6388
851,Noivern,11,-5,20,37,-1,42,3680
852,Xerneas,52,56,35,71,17,18,12719
853,Yveltal,52,56,35,71,17,18,12719
854,Zygarde (50% Forme),34,25,61,21,14,14,6335
855,Zygarde (10% Forme),-20,25,11,1,4,34,2319
856,Zygarde (Complete Forme),142,25,61,31,14,4,25683
857,Diancie,-24,25,90,40,69,-31,16623
858,Diancie (Mega Diancie),-24,85,50,100,29,29,21983
859,Hoopa (Hoopa Confined),6,35,0,90,49,-11,11883
860,Hoopa (Hoopa Unbound),6,85,0,110,49,-1,21763
861,Volcanion,6,35,60,70,9,-11,9963
862,Rowlet,-6,-20,-5,-10,-31,-39,3043
863,Dartrix,4,0,15,10,-11,-29,1303
864,Decidueye,4,32,15,40,19,-11,3347
865,Decidueye (Hisuian Decidueye),14,37,20,35,14,-21,3827
866,Litten,-29,-10,-20,0,-41,-11,3143
867,Torracat,-9,10,-10,20,-31,9,1723
868,Incineroar,21,40,30,20,9,-21,3863
869,Popplio,-24,-21,-6,6,-25,-41,3395
870,Brionne,-14,-6,9,31,0,-31,2235
871,Primarina,6,-1,14,66,35,-21,6255
872,Pikipek,-39,0,-30,-30,-51,-16,6178
873,Trumbeak,-19,10,-10,-20,-31,-6,1958
874,Toucannon,6,45,15,15,-6,-21,2988
875,Yungoos,-26,-5,-30,-30,-51,-36,6398
876,Gumshoos,14,35,0,-5,-21,-36,3183
877,Grubbin,-27,-13,-15,-5,-36,-35,3669
878,Charjabug,-17,7,35,-5,-6,-45,3649
879,Vikavolt,3,-5,30,85,-6,-38,9639
880,Crabrawler,-27,7,-3,-18,-34,-18,2591
881,Crabominable,23,57,17,2,-14,-38,5711
882,Oricorio,1,-5,10,38,-11,12,1835
883,Cutiefly,-34,-30,-20,-5,-41,3,4171
884,Ribombee,-14,-20,0,35,-11,43,3791
885,Rockruff,-29,-10,-20,-30,-41,-21,4363
886,Lycanroc (Midday Form),1,40,5,-5,-16,31,2868
887,Lycanroc (Midnight Form),11,40,15,-5,-6,1,2008
888,Lycanroc (Dusk Form),1,42,5,-5,-16,29,2912
889,Wishiwashi (Solo Form),-29,-55,-40,-35,-56,-41,11508
890,Wishiwashi (School Form),-29,65,70,80,54,-51,21883
891,Mareanie,-24,-22,2,-17,-29,-36,3490
892,Toxapex,-24,-12,92,-7,61,-46,15070
893,Mudbray,-4,25,10,-15,-26,-36,2938
894,Mudsdale,26,50,40,-5,4,-46,6933
895,Dewpider,-36,-35,-8,-20,-9,-54,5982
896,Araquanid,-6,-5,32,-10,51,-39,5307
897,Fomantis,-34,-20,-25,-10,-46,-46,6513
898,Lurantis,-4,30,30,20,9,-36,3593
899,Morelull,-34,-40,-5,5,-6,-66,7198
900,Shiinotic,-14,-30,20,30,19,-51,5358
901,Salandit,-26,-31,-20,11,-41,-4,3855
902,Salazzle,-6,-11,0,51,-21,36,4495
903,Stufful,-4,0,-10,-15,-31,-31,2263
904,Bewear,46,50,20,-5,-21,-21,5923
905,Bounsweet,-32,-45,-22,-30,-43,-49,8683
906,Steenee,-22,-35,-12,-20,-33,-19,3703
907,Tsareena,-2,45,38,-10,17,-9,3943
908,Comfey,-23,-23,30,22,29,19,3644
909,Oranguru,16,-15,20,30,29,-21,3063
910,Passimian,26,45,30,-20,-21,-1,4443
911,Wimpod,-49,-40,-20,-40,-51,-1,8603
912,Golisopod,1,50,80,0,9,-41,10663
913,Sandygast,-19,-20,20,10,-36,-66,6913
914,Palossand,11,0,50,40,-6,-46,6373
915,Pyukumuku,-19,-15,70,-30,49,-76,14563
916,Type: Null,21,20,35,35,14,-22,3971
917,Silvally,21,20,35,35,14,14,3683
918,Minior (Meteor Form),-14,-15,40,0,19,-21,2823
919,Minior (Core),-14,25,0,40,-21,39,4383
920,Komala,-9,40,5,15,14,-16,2383
921,Turtonator,-14,3,75,31,4,-45,8832
922,Togedemaru,-9,23,3,-20,-8,15,1308
923,Mimikyu,-19,15,20,-10,24,15,1887
924,Bruxish,-6,30,10,10,-11,11,1378
925,Drampa,4,-15,25,75,10,-45,8616
926,Dhelmise,-4,56,40,26,9,-41,7190
927,Jangmo-o,-29,-20,5,-15,-36,-36,4083
928,Hakamo-o,-19,0,30,5,-11,-16,1663
929,Kommo-o,1,35,65,40,24,4,7643
930,Tapu Koko,-4,40,25,35,-6,49,5903
931,Tapu Lele,-4,10,15,70,34,14,6593
932,Tapu Bulu,-4,55,55,25,14,-6,6923
933,Tapu Fini,-4,0,55,35,49,4,6683
934,Cosmog,-31,-46,-29,-31,-50,-44,9315
935,Cosmoem,-31,-46,71,-31,50,-44,13515
936,Solgaleo,63,62,47,53,8,16,13151
937,Lunala,63,38,29,77,26,16,13115
938,Nihilego,35,-22,-13,67,50,22,9351
939,Buzzwole,33,64,79,-7,-28,-2,12263
940,Pheromosa,-3,62,-23,77,-44,70,17147
941,Xurkitree,9,14,11,113,-10,2,13271
942,Celesteela,23,26,43,47,20,-20,6063
943,Kartana,-15,106,71,-1,-50,28,19787
944,Guzzlord,149,26,-7,37,-28,-38,26523
945,Necrozma,23,32,41,67,8,-2,7791
946,Necrozma (Dusk Mane Necrozma),23,82,67,53,28,-4,15351
947,Necrozma (Dawn Wings Necrozma),23,38,49,97,46,-4,15915
948,Necrozma (Ultra Necrozma),23,92,37,107,16,48,24371
949,Magearna,6,20,55,70,34,-16,9773
950,Marshadow,16,50,20,30,9,44,6073
951,Poipole,-7,-2,7,13,-14,-8,531
952,Naganadel,-1,-2,13,67,-8,40,6327
953,Stakataka,-13,56,151,-7,20,-68,31179
954,Blacephalon,-21,52,-7,91,-2,26,12155
955,Zeraora,14,37,15,42,-1,62,7399
956,Meltan,-28,-10,5,-5,-46,-47,5259
957,Melmetal,61,68,83,20,-16,-47,18099
958,Grookey,-24,-10,-10,-20,-41,-16,3113
959,Thwackey,-4,10,10,-5,-21,-1,683
960,Rillaboom,26,50,30,0,-11,4,4213
961,Scorbunny,-24,-4,-20,-20,-41,-12,3217
962,Raboot,-9,11,0,-5,-21,13,837
963,Cinderace,6,41,15,5,-6,38,3447
964,Sobble,-24,-35,-20,10,-41,-11,4103
965,Drizzile,-9,-15,-5,35,-26,9,2313
966,Inteleon,-4,10,5,65,-16,39,6143
967,Skwovet,-4,-20,-5,-25,-46,-56,6318
968,Greedent,46,20,35,-5,-6,-61,7523
969,Rookidee,-36,-28,-25,-27,-46,-24,6126
970,Corvisquire,-6,-8,-5,-17,-26,-4,1106
971,Corviknight,24,12,45,-7,4,-14,3006
972,Blipbug,-49,-55,-40,-35,-36,-36,10843
973,Dottler,-24,-40,20,-10,9,-51,5358
974,Orbeetle,-14,-30,50,20,39,9,5598
975,Nickit,-34,-47,-32,-13,-29,-31,6360
976,Thievul,-4,-17,-2,27,11,9,1240
977,Gossifleur,-34,-35,0,-20,-21,-71,8263
978,Eldegoss,-14,-25,30,20,39,-21,4083
979,Wooloo,-32,-35,-5,-20,-36,-33,5059
980,Dubwool,-2,5,40,0,9,7,1759
981,Chewtle,-24,-11,-10,-22,-43,-37,4499
982,Drednaw,16,40,30,-12,-13,-7,3118
983,Yamper,-15,-30,-10,-20,-31,-55,5611
984,Boltund,-5,15,0,30,-21,40,3191
985,Rolycoly,-44,-35,-10,-20,-31,-51,7223
986,Carkol,6,-15,30,0,-11,-31,2243
987,Coalossal,36,5,60,20,9,-51,8003
988,Applin,-34,-35,20,-20,-41,-61,8583
989,Flapple,-4,35,20,35,-21,-11,3428
990,Appletun,36,10,20,40,-1,-51,5998
991,Silicobra,-22,-18,15,-25,-31,-35,3844
992,Sandaconda,-2,32,65,5,-11,-10,5499
993,Cramorant,-4,10,-5,25,14,4,978
994,Arrokuda,-33,-12,-20,-20,-51,-15,4859
995,Barraskewda,-13,48,0,0,-31,55,6459
996,Toxel,-34,-37,-25,-6,-46,-41,6983
997,Toxtricity,1,23,10,54,-11,-6,3703
998,Sizzlipede,-24,-10,-15,-10,-31,-36,3258
999,Centiskorch,26,40,5,30,9,-16,3538
1000,Clobbopus,-24,-7,0,-10,-31,-49,4087
1001,Grapploct,6,43,30,10,-1,-39,4407
1002,Sinistea,-34,-30,-15,14,-27,-31,4167
1003,Polteageist,-14,-10,5,74,33,-11,7007
1004,Hatenna,-32,-45,-15,-4,-28,-42,5838
1005,Hattrem,-17,-35,5,26,-8,-32,3303
1006,Hatterene,-17,15,35,76,22,-52,10703
1007,Impidimp,-29,-30,-30,-5,-41,-31,5308
1008,Morgrem,-9,-15,-15,15,-26,-11,1553
1009,Grimmsnarl,21,45,5,35,-6,-21,4193
1010,Obstagoon,19,15,41,0,0,14,2463
1011,Perrserker,-4,35,40,-10,-21,-31,4343
1012,Cursola,-14,20,-10,85,49,-51,12923
1013,Sirfetch'd,-12,60,35,8,1,-16,5290
1014,Mr. Rime,6,10,15,50,19,-11,3343
1015,Runerigus,-16,20,85,-10,24,-51,11158
1016,Milcery,-29,-35,-20,-10,-20,-47,5175
1017,Alcremie,-9,-15,15,50,40,-17,4920
1018,Falinks,-9,25,40,10,-21,-6,2883
1019,Pincurchin,-26,26,35,31,4,-66,7910
1020,Snom,-44,-50,-25,-15,-51,-61,11608
1021,Frosmoth,-4,-10,0,65,9,-16,4678
1022,Stonjourner,26,50,75,-40,-61,-11,14243
1023,Eiscue (Ice Face),1,5,50,5,9,-31,3593
1024,Eiscue (Noice Face),1,5,10,5,-31,49,3513
1025,Indeedee (Male),-14,-10,-5,45,14,14,2738
1026,Indeedee (Female),-4,-20,5,35,24,4,2258
1027,Morpeko,-16,20,-2,10,-23,16,1545
1028,Cufant,-2,5,-11,-20,-32,-41,3255
1029,Copperajah,48,55,9,20,-12,-51,8555
1030,Dracozolt,16,25,30,20,-11,-6,2338
1031,Arctozolt,16,25,30,30,-1,-26,3358
1032,Dracovish,16,15,40,10,-1,-6,2218
1033,Arctovish,16,15,40,20,9,-26,3238
1034,Duraludon,-4,20,55,60,-31,4,8018
1035,Dreepy,-46,-15,-30,-20,-51,1,6243
1036,Drakloak,-6,5,-10,0,-31,21,1563
1037,Dragapult,14,45,15,40,-6,61,7803
1038,Zacian (Hero of Many Battles),18,45,55,20,34,57,10179
1039,Zacian (Crowned Sword),18,75,55,20,34,67,15019
1040,Zamazenta (Hero of Many Battles),18,45,55,20,34,57,10179
1041,Zamazenta (Crowned Shield),18,45,80,20,59,47,14839
1042,Eternatus,66,10,35,85,14,49,15503
1043,Eternatus (Eternamax Eternatus),181,40,190,65,169,49,105648
1044,Kubfu,-14,15,0,-7,-31,-9,1512
1045,Urshifu,26,55,40,3,-21,16,6007
1046,Zarude,31,45,45,10,14,24,5883
1047,Regieleki,6,25,-10,40,-31,119,17483
1048,Regidrago,126,25,-10,40,-31,-1,19163
1049,Glastrier,26,70,70,5,29,-51,13943
1050,Spectrier,26,-10,0,85,-1,49,10403
1051,Calyrex,26,5,20,20,-1,-1,1503
1052,Calyrex (Ice Rider Calyrex),26,90,90,25,49,-31,20863
1053,Calyrex (Shadow Rider Calyrex),26,10,20,105,19,69,17323
1054,Wyrdeer,29,30,12,45,-6,-16,4202
1055,Kleavor,-4,60,35,-15,-11,4,5203
1056,Ursaluna,56,65,45,-15,-1,-31,10573
1057,Basculegion (Male),46,37,5,20,-6,-3,3955
1058,Basculegion (Female),46,17,5,40,-6,-3,4075
1059,Sneasler,6,55,0,-20,-1,39,4983
1060,Overqwil,11,40,35,5,-16,4,3243
1061,Enamorus (Incarnate Forme),0,40,10,75,-1,25,7951
1062,Enamorus (Therian Forme),0,40,50,75,19,-35,11311
1063,Sprigatito,-34,-14,-6,-15,-36,-16,3165
1064,Floragato,-13,5,3,0,-18,2,531
1065,Meowscarada,2,35,10,21,-11,42,3655
1066,Fuecoco,-7,-30,-1,3,-41,-45,4665
1067,Crocalor,7,-20,18,30,-23,-32,3226
1068,Skeledirge,30,0,40,50,-6,-15,5261
1069,Quaxly,-19,-10,-15,-10,-36,-31,3043
1070,Quaxwell,-4,10,5,5,-21,-16,863
1071,Quaquaval,11,45,20,25,-6,4,3223
1072,Lechonk,-20,-30,-20,-25,-36,-46,5737
1073,Oinkologne (Male),36,25,15,-1,-1,-16,2404
1074,Oinkologne (Female),41,15,10,-1,9,-16,2344
1075,Tarountula,-39,-34,-15,-31,-41,-61,9265
1076,Spidops,-14,4,32,-8,5,-46,3441
1077,Nymble,-41,-29,-20,-39,-56,-36,8875
1078,Lokix,-3,27,18,-8,-26,11,1923
1079,Pawmi,-29,-25,-40,-20,-56,-21,7043
1080,Pawmo,-14,0,-20,-10,-41,4,2393
1081,Pawmot,-4,40,10,10,-21,24,2833
1082,Tandemaus,-24,-25,-15,-20,-36,-6,3158
1083,Maushold,0,0,10,5,-6,30,1061
1084,Fidough,-37,-20,10,-30,-26,-16,3701
1085,Dachsbun,-17,5,55,-10,-1,14,3636
1086,Smoliv,-33,-40,-15,-2,-30,-51,6419
1087,Dolliv,-22,-22,0,18,-3,-48,3605
1088,Arboliva,4,-6,30,65,28,-42,7725
1089,Squawkabilly,8,21,-9,-15,-30,11,1832
1090,Nacli,-19,-20,15,-25,-46,-56,6863
1091,Naclstack,-14,-15,40,-25,-16,-46,5018
1092,Garganacl,26,25,70,-15,9,-46,8623
1093,Charcadet,-34,-25,-20,-10,-41,-46,6078
1094,Armarouge,11,-15,40,65,-1,-6,6208
1095,Ceruledge,1,50,20,0,19,4,3278
1096,Tadbulb,-13,-44,-19,-1,-46,-36,5879
1097,Bellibolt,35,-11,31,43,2,-36,5456
1098,Wattrel,-34,-35,-25,-5,-41,-11,4833
1099,Kilowattrel,-4,-5,0,45,-21,44,4443
1100,Maschiff,-14,3,0,-20,-30,-30,2405
1101,Mabosstiff,6,45,30,0,-11,4,3098
1102,Shroodle,-34,-10,-25,-20,-46,-6,4433
1103,Grafaiai,-11,20,5,20,-9,29,1868
1104,Bramblin,-34,-10,-30,-15,-46,-21,4938
1105,Brambleghast,-19,40,10,20,-11,9,2663
1106,Toedscool,-34,-35,-25,-10,19,-11,3588
1107,Toedscruel,6,-5,5,20,39,19,2368
1108,Klawf,-4,25,55,-25,-26,-6,5003
1109,Capsakid,-24,-13,-20,2,-41,-31,3791
1110,Scovillain,-9,33,5,48,-16,-6,3791
1111,Rellor,-33,-25,0,-29,-23,-51,5685
1112,Rabsca,1,-25,25,55,19,-36,5933
1113,Flittle,-44,-40,-30,-5,-51,-6,7098
1114,Espathra,21,-15,0,41,-21,24,3364
1115,Tinkatink,-24,-30,-15,-25,-17,-23,3144
1116,Tinkatuff,-9,-20,-5,-15,1,-3,741
1117,Tinkaton,11,0,17,10,24,13,1255
1118,Wiglett,-64,-20,-35,-25,-56,14,9678
1119,Wugtrio,-39,25,-10,-10,-11,39,3988
1120,Bombirdier,-4,28,25,0,4,1,1442
1121,Finizen,-4,-30,-20,-15,-41,-6,3258
1122,Palafin,26,-5,12,-7,-19,19,1616
1123,Palafin,26,85,37,46,6,19,11783
1124,Varoom,-29,-5,3,-30,-36,-34,4227
1125,Revavroom,6,44,30,-6,-14,9,3185
1126,Cyclizar,-4,20,5,25,-16,40,2922
1127,Orthworm,-4,10,85,0,-26,-16,8273
1128,Glimmet,-26,-40,-18,45,-21,-21,5507
1129,Glimmora,9,-20,30,70,0,5,6306
1130,Greavard,-24,-14,0,-30,-26,-47,4557
1131,Houndstone,-2,26,40,-10,16,-13,2805
1132,Flamigo,8,40,14,15,-17,9,2455
1133,Cetoddle,34,-7,-15,-30,-41,-38,5455
1134,Cetitan,96,38,5,-15,-26,-8,11650
1135,Veluza,16,27,13,18,-16,-11,1855
1136,Dondozo,76,25,55,5,-16,-46,11823
1137,Tatsugiri,-6,-25,0,60,14,1,4458
1138,Annihilape,36,40,20,-10,9,9,3558
1139,Clodsire,56,0,0,-15,19,-61,7443
1140,Farigiraf,46,15,10,50,-11,-21,5503
1141,Dudunsparce,51,25,20,25,-6,-26,4963
1142,Kingambit,26,60,60,0,4,-31,8853
1143,Great Tusk,41,56,71,-7,-28,6,10727
1144,Scream Tail,41,-10,39,5,34,30,5383
1145,Brute Bonnet,37,52,39,19,18,-26,6955
1146,Flutter Mane,-19,-20,-5,75,54,54,12243
1147,Slither Wing,11,60,19,25,24,0,5283
1148,Sandy Shocks,11,6,37,61,4,20,5663
1149,Iron Treads,16,37,60,12,-11,25,6115
1150,Iron Bundle,-18,5,54,64,-21,55,10827
1151,Iron Hands,80,65,48,-10,-13,-31,14159
1152,Iron Jugulis,20,5,26,62,-1,27,5675
1153,Iron Moth,6,-5,0,80,29,29,8143
1154,Iron Thorns,26,59,50,10,3,-9,6847
1155,Frigibax,-9,0,-15,-25,-36,-26,2903
1156,Arctibax,16,20,6,-15,-16,-19,1534
1157,Baxcalibur,41,70,32,15,5,6,7891
1158,Gimmighoul (Chest Form),-29,-45,10,15,-11,-71,8353
1159,Gimmighoul (Roaming Form),-29,-45,-35,15,-36,-1,5613
1160,Gholdengo,13,-15,35,73,10,3,7057
1161,Wo-Chien,11,10,40,35,54,-11,6083
1162,Chien-Pao,6,45,20,30,-16,54,6533
1163,Ting-Lu,81,35,65,-5,-1,-36,13333
1164,Chi-Yu,-19,5,20,75,39,19,8293
1165,Roaring Moon,31,64,11,-5,20,38,7047
1166,Iron Valiant,0,55,30,60,-21,35,9191
1167,Koraidon,26,60,55,25,19,54,11203
1168,Miraidon,26,10,40,75,34,54,12073
