Yvonne Nguyen vs. Pokemon SSE,pokemon,D_HP,D_ATK,D_DEF,D_SPA,D_SPD,D_SPE,SSE
0,Bulbasaur,-55,-57,-55,-10,-26,-63,14044
1,Ivysaur,-40,-44,-41,5,-11,-48,7667
2,Venusaur,-20,-24,-21,25,9,-28,2907
3,Venusaur (Mega Venusaur),-20,-6,19,47,29,-28,4631
4,Charmander,-61,-54,-61,-15,-41,-43,14113
5,Charmeleon,-42,-42,-46,5,-26,-28,7129
6,Charizard,-22,-22,-26,34,-6,-8,2900
7,Charizard (Mega Charizard X),-22,24,7,55,-6,-8,4234
8,Charizard (Mega Charizard Y),-22,-2,-26,84,24,-8,8860
9,Squirtle,-56,-58,-39,-25,-27,-65,13600
10,Wartortle,-41,-43,-24,-10,-11,-50,6827
11,Blastoise,-21,-23,-4,10,14,-30,2182
12,Blastoise (Mega Blastoise),-21,-3,16,60,24,-30,5782
13,Caterpie,-55,-76,-69,-55,-71,-63,25597
14,Metapod,-50,-86,-49,-50,-66,-78,25237
15,Butterfree,-40,-61,-54,15,-11,-38,10027
16,Weedle,-60,-71,-74,-55,-71,-58,25547
17,Kakuna,-55,-81,-54,-50,-66,-73,24687
18,Beedrill,-35,-16,-64,-30,-11,-33,7687
19,Beedrill (Mega Beedrill),-35,44,-64,-60,-11,37,12347
20,Pidgey,-60,-61,-64,-40,-56,-52,18857
21,Pidgeotto,-37,-46,-49,-25,-41,-37,9561
22,Pidgeot,-17,-26,-29,-5,-21,-7,2321
23,Pidgeot (Mega Pidgeot),-17,-26,-24,60,-11,13,5431
24,Rattata,-70,-50,-69,-50,-56,-36,19093
25,Rattata (Alolan Rattata),-70,-50,-69,-50,-56,-36,19093
26,Raticate,-45,-25,-44,-25,-21,-11,5773
27,Raticate (Alolan Raticate),-25,-35,-34,-35,-11,-31,5313
28,Spearow,-60,-46,-74,-44,-60,-38,18172
29,Fearow,-35,-16,-39,-14,-30,-8,4162
30,Ekans,-65,-46,-60,-35,-37,-53,15344
31,Arbok,-40,-11,-35,-10,-12,-28,3974
32,Pikachu,-65,-51,-64,-25,-41,-18,13552
33,Pikachu (Partner Pikachu),-55,-26,-54,0,-31,12,7722
34,Raichu,-40,-16,-49,15,-11,2,4607
35,Raichu (Alolan Raichu),-40,-21,-54,20,-6,2,5397
36,Sandshrew,-50,-31,-19,-55,-61,-68,15192
37,Sandshrew (Alolan Sandshrew),-50,-31,-14,-65,-56,-68,15642
38,Sandslash,-25,-6,6,-30,-36,-43,4742
39,Sandslash (Alolan Sandslash),-25,-6,16,-50,-26,-43,5942
40,Nidoran♀,-45,-59,-52,-35,-51,-67,16525
41,Nidorina,-30,-44,-37,-20,-36,-52,8605
42,Nidoqueen,-10,-14,-17,0,-6,-32,1645
43,Nidoran♂,-54,-49,-64,-35,-51,-58,16603
44,Nidorino,-39,-34,-47,-20,-36,-43,8431
45,Nidoking,-19,-4,-27,10,-16,-23,1991
46,Clefairy,-30,-61,-56,-15,-26,-73,13987
47,Clefable,-5,-36,-31,20,-1,-48,4987
48,Vulpix,-62,-65,-64,-25,-26,-43,15315
49,Vulpix (Alolan Vulpix),-62,-65,-64,-25,-26,-43,15315
50,Ninetales,-27,-30,-29,6,9,-8,2651
51,Ninetales (Alolan Ninetales),-27,-39,-29,6,9,1,3209
52,Jigglypuff,15,-61,-84,-30,-66,-88,24002
53,Wigglytuff,40,-36,-59,10,-41,-63,12127
54,Zubat,-60,-61,-69,-45,-51,-53,19517
55,Golbat,-25,-26,-34,-10,-16,-18,3137
56,Oddish,-55,-56,-49,0,-26,-78,15322
57,Gloom,-40,-41,-34,10,-16,-68,9417
58,Vileplume,-25,-26,-19,35,-1,-58,6252
59,Paras,-65,-36,-49,-30,-36,-83,17007
60,Parasect,-40,-11,-24,-15,-11,-78,8727
61,Venonat,-40,-51,-54,-35,-36,-63,13607
62,Venomoth,-30,-41,-44,15,-16,-18,5322
63,Diglett,-90,-51,-79,-40,-46,-13,20827
64,Diglett (Alolan Diglett),-90,-51,-74,-40,-46,-18,20217
65,Dugtrio,-65,-6,-54,-25,-21,12,8387
66,Dugtrio (Alolan Dugtrio),-65,-6,-44,-25,-21,2,7267
67,Meowth,-60,-61,-69,-35,-51,-18,16232
68,Meowth (Alolan Meowth),-60,-71,-69,-25,-51,-18,16952
69,Meowth (Galarian Meowth),-50,-41,-49,-35,-51,-68,15032
70,Persian,-35,-36,-44,-10,-26,7,5282
71,Persian (Alolan Persian),-35,-46,-44,0,-26,7,6002
72,Psyduck,-50,-54,-56,-10,-41,-53,13142
73,Golduck,-20,-24,-26,20,-11,-23,2702
74,Mankey,-60,-26,-69,-40,-46,-38,14197
75,Primeape,-35,-1,-44,-15,-21,-13,3997
76,Growlithe,-45,-36,-59,-5,-41,-48,10812
77,Growlithe (Hisuian Growlithe),-40,-31,-59,-10,-41,-53,10632
78,Arcanine,-10,4,-24,25,-11,-13,1607
79,Arcanine (Hisuian Arcanine),-5,9,-24,20,-11,-18,1527
80,Poliwag,-60,-56,-64,-35,-51,-18,14982
81,Poliwhirl,-35,-41,-39,-25,-41,-18,7057
82,Poliwrath,-10,-11,-9,-5,-1,-38,1772
83,Abra,-75,-86,-89,30,-36,-18,23462
84,Kadabra,-60,-71,-74,45,-21,-3,16592
85,Alakazam,-45,-56,-59,60,4,12,12402
86,Alakazam (Mega Alakazam),-45,-56,-39,100,14,42,18642
87,Machop,-30,-26,-54,-40,-56,-73,14557
88,Machoke,-20,-6,-34,-25,-31,-63,7147
89,Machamp,-10,24,-24,-10,-6,-53,4197
90,Bellsprout,-50,-31,-69,-5,-61,-68,16592
91,Weepinbell,-35,-16,-54,10,-46,-53,9422
92,Victreebel,-20,-1,-39,25,-21,-38,4432
93,Tentacool,-60,-66,-69,-25,9,-38,14867
94,Tentacruel,-20,-36,-39,5,29,-8,4147
95,Geodude,-60,-26,-4,-45,-61,-88,17782
96,Geodude (Alolan Geodude),-60,-26,-4,-45,-61,-88,17782
97,Graveler,-45,-11,11,-30,-46,-73,10612
98,Graveler (Alolan Graveler),-45,-11,11,-30,-46,-73,10612
99,Golem,-20,14,26,-20,-26,-63,6317
100,Golem (Alolan Golem),-20,14,26,-20,-26,-63,6317
101,Ponyta,-50,-21,-49,-10,-26,-18,6442
102,Ponyta (Galarian Ponyta),-50,-21,-49,-10,-26,-18,6442
103,Rapidash,-35,-6,-34,5,-11,-3,2572
104,Rapidash (Galarian Rapidash),-35,-6,-34,5,-11,-3,2572
105,Slowpoke,-10,-41,-39,-35,-51,-93,15777
106,Slowpoke (Galarian Slowpoke),-10,-41,-39,-35,-51,-93,15777
107,Slowbro,-5,-31,6,25,-11,-78,7852
108,Slowbro (Mega Slowbro),-5,-31,76,55,-11,-78,15992
109,Slowbro (Galarian Slowbro),-5,-6,-9,25,-21,-78,7292
110,Magnemite,-75,-71,-34,20,-36,-63,17487
111,Magneton,-50,-46,-9,45,-21,-38,8607
112,Farfetch'd,-48,-16,-49,-17,-29,-48,8395
113,Farfetch'd (Galarian Farfetch'd),-48,-11,-49,-17,-29,-53,8765
114,Doduo,-65,-21,-59,-40,-56,-33,13972
115,Dodrio,-40,4,-34,-15,-31,2,3962
116,Seel,-35,-61,-49,-30,-21,-63,12657
117,Dewgong,-10,-36,-24,-5,4,-38,3457
118,Grimer,-20,-26,-54,-35,-41,-83,13787
119,Grimer (Alolan Grimer),-20,-26,-54,-35,-41,-83,13787
120,Muk,5,-1,-29,-10,9,-58,4412
121,Muk (Alolan Muk),5,-1,-29,-10,9,-58,4412
122,Shellder,-70,-41,-4,-30,-66,-68,16477
123,Cloyster,-50,-11,76,10,-46,-38,12057
124,Gastly,-70,-71,-74,25,-56,-28,19962
125,Haunter,-55,-56,-59,40,-36,-13,12707
126,Gengar,-40,-41,-44,55,-16,2,8502
127,Gengar (Mega Gengar),-40,-41,-24,95,4,22,13382
128,Onix,-65,-61,56,-45,-46,-38,16667
129,Drowzee,-40,-58,-59,-32,-1,-66,13826
130,Hypno,-15,-33,-34,-2,24,-41,4731
131,Krabby,-70,-1,-14,-50,-66,-58,15317
132,Kingler,-45,24,11,-25,-41,-33,6117
133,Voltorb,-60,-76,-54,-20,-36,-8,14052
134,Voltorb (Hisuian Voltorb),-60,-76,-54,-20,-36,-8,14052
135,Electrode,-40,-56,-34,5,-11,42,7802
136,Electrode (Hisuian Electrode),-40,-56,-34,5,-11,42,7802
137,Exeggcute,-40,-66,-24,-15,-46,-68,13497
138,Exeggutor,-5,-11,-19,50,-16,-53,6072
139,Exeggutor (Alolan Exeggutor),-5,-1,-19,50,-16,-63,7112
140,Cubone,-50,-56,-9,-35,-41,-73,13952
141,Marowak,-40,-26,6,-25,-11,-63,7027
142,Marowak (Alolan Marowak),-40,-26,6,-25,-11,-63,7027
143,Hitmonlee,-50,14,-51,-40,19,-21,7699
144,Hitmonchan,-50,-1,-25,-40,19,-32,6111
145,Lickitung,-10,-51,-29,-15,-16,-78,10107
146,Koffing,-60,-41,-9,-15,-46,-73,13032
147,Weezing,-35,-16,16,10,-21,-48,4582
148,Weezing (Galarian Weezing),-35,-16,16,10,-21,-48,4582
149,Rhyhorn,-20,-21,-9,-45,-61,-83,13557
150,Rhydon,5,24,16,-30,-46,-68,8497
151,Chansey,150,-101,-99,-40,14,-58,47662
152,Tangela,-35,-51,11,25,-51,-48,9477
153,Kangaskhan,5,-11,-24,-35,-11,-18,2392
154,Kangaskhan (Mega Kangaskhan),5,19,-4,-15,9,-8,772
155,Horsea,-70,-66,-34,-5,-66,-48,17097
156,Seadra,-45,-41,-9,20,-46,-23,6832
157,Goldeen,-55,-39,-44,-40,-41,-45,11788
158,Seaking,-20,-14,-39,-10,-11,-40,3938
159,Staryu,-70,-61,-49,-5,-36,-23,12872
160,Starmie,-40,-31,-19,25,-6,7,3632
161,Mr. Mime,-60,-61,-39,25,29,-18,10632
162,Mr. Mime (Galarian Mr. Mime),-50,-41,-39,15,-1,-8,5992
163,Scyther,-30,4,-24,-20,-11,-3,2022
164,Jynx,-35,-56,-69,40,4,-13,10907
165,Electabuzz,-35,-23,-47,20,-6,-3,4408
166,Magmar,-35,-11,-47,25,-6,-15,4441
167,Pinsir,-35,19,-4,-20,-21,-23,2972
168,Pinsir (Mega Pinsir),-35,49,16,-10,-1,-3,3992
169,Tauros,-25,-6,-9,-35,-21,2,2412
170,Tauros (Paldean Tauros (Combat Breed)),-25,4,1,-45,-21,-8,3172
171,Tauros (Paldean Tauros (Blaze Breed)),-25,4,1,-45,-21,-8,3172
172,Tauros (Paldean Tauros (Aqua Breed)),-25,4,1,-45,-21,-8,3172
173,Magikarp,-80,-96,-49,-60,-71,-28,27442
174,Gyarados,-5,19,-25,-15,9,-27,2046
175,Gyarados (Mega Gyarados),-5,49,5,-5,39,-27,4726
176,Lapras,30,-21,-24,10,4,-48,4337
177,Ditto,-52,-58,-56,-27,-43,-60,15382
178,Eevee,-45,-51,-54,-30,-26,-53,11927
179,Eevee (Partner Eevee),-35,-31,-34,-10,-6,-33,4567
180,Vaporeon,30,-41,-44,35,4,-43,7607
181,Jolteon,-35,-41,-44,35,4,22,6567
182,Flareon,-35,24,-44,20,19,-43,6347
183,Porygon,-35,-46,-34,10,-16,-68,9477
184,Omanyte,-65,-66,-4,15,-36,-73,15447
185,Omastar,-30,-46,21,40,-21,-53,8307
186,Kabuto,-70,-26,-14,-20,-46,-53,11097
187,Kabutops,-40,9,1,-10,-21,-28,3007
188,Aerodactyl,-20,-1,-39,-15,-16,22,2887
189,Aerodactyl (Mega Aerodactyl),-20,29,-19,-5,4,42,3407
190,Snorlax,60,4,-39,-10,19,-78,11682
191,Articuno,-10,-21,-4,20,34,-23,2642
192,Articuno (Galarian Articuno),-10,-21,-19,50,9,-13,3652
193,Zapdos,-10,-16,-19,50,-1,-8,3282
194,Zapdos (Galarian Zapdos),-10,19,-14,10,-1,-8,822
195,Moltres,-10,-6,-14,50,-6,-18,3192
196,Moltres (Galarian Moltres),-10,-21,-14,25,34,-18,2842
197,Dratini,-59,-42,-59,-25,-41,-58,14396
198,Dragonair,-39,-22,-39,-5,-21,-38,5436
199,Dragonite,-9,28,-9,25,9,-28,2436
200,Mewtwo,6,4,-14,79,-1,22,6974
201,Mewtwo (Mega Mewtwo X),6,84,-4,79,9,22,13914
202,Mewtwo (Mega Mewtwo Y),6,44,-34,119,29,32,19154
203,Mew,0,-6,-4,25,9,-8,822
204,Chikorita,-55,-57,-39,-26,-26,-63,13116
205,Bayleef,-40,-44,-24,-12,-11,-48,6681
206,Meganium,-20,-24,-4,8,9,-28,1921
207,Cyndaquil,-61,-54,-61,-15,-41,-43,14113
208,Quilava,-42,-42,-46,5,-26,-28,7129
209,Typhlosion,-22,-22,-26,34,-6,-8,2900
210,Typhlosion (Hisuian Typhlosion),-27,-22,-26,44,-6,-13,4030
211,Totodile,-50,-41,-40,-31,-43,-65,12816
212,Croconaw,-35,-26,-24,-16,-28,-50,6017
213,Feraligatr,-15,-1,-4,4,-8,-30,1222
214,Sentret,-65,-60,-70,-40,-46,-88,24185
215,Furret,-15,-30,-40,-30,-36,-18,5245
216,Hoothoot,-40,-76,-74,-39,-35,-58,18962
217,Noctowl,0,-56,-54,11,5,-38,7642
218,Ledyba,-60,-86,-74,-35,-11,-53,20627
219,Ledian,-45,-71,-54,-20,19,-23,11272
220,Spinarak,-60,-46,-64,-35,-51,-78,19722
221,Ariados,-30,-16,-34,-15,-21,-68,7602
222,Crobat,-15,-16,-24,-5,-11,22,1687
223,Chinchou,-25,-68,-66,-19,-35,-41,12872
224,Lanturn,25,-48,-46,1,-15,-41,6952
225,Pichu,-80,-66,-89,-40,-56,-48,25717
226,Cleffa,-50,-81,-76,-30,-36,-93,25682
227,Igglybuff,-10,-76,-89,-35,-71,-93,28712
228,Togepi,-65,-86,-39,-35,-26,-88,22787
229,Togetic,-45,-66,-19,5,14,-68,11587
230,Natu,-60,-56,-59,-5,-46,-38,13802
231,Xatu,-35,-31,-34,20,-21,-13,4352
232,Mareep,-45,-66,-64,-10,-46,-73,18022
233,Flaaffy,-30,-51,-49,5,-31,-63,10857
234,Ampharos,-10,-31,-19,40,-1,-53,5832
235,Ampharos (Mega Ampharos),-10,-11,1,90,19,-63,12652
236,Bellossom,-25,-26,-9,15,9,-58,5052
237,Marill,-30,-86,-54,-55,-41,-68,20542
238,Azumarill,0,-56,-24,-15,-11,-58,7422
239,Sudowoodo,-30,-6,11,-45,-26,-78,9842
240,Politoed,-10,-31,-29,15,9,-38,3652
241,Hoppip,-65,-71,-64,-40,-36,-58,19622
242,Skiploom,-45,-61,-54,-30,-26,-28,11022
243,Jumpluff,-25,-51,-34,-20,4,2,4802
244,Aipom,-45,-36,-49,-35,-36,-23,8772
245,Sunkern,-70,-76,-74,-45,-61,-78,27982
246,Sunflora,-25,-31,-49,30,-6,-78,11007
247,Yanma,-35,-41,-59,0,-46,-13,8672
248,Wooper,-45,-61,-59,-50,-66,-93,24732
249,Wooper (Paldean Wooper),-45,-61,-59,-50,-66,-93,24732
250,Quagsire,-5,-21,-19,-10,-26,-73,6932
251,Espeon,-35,-41,-44,55,4,2,7887
252,Umbreon,-5,-41,6,-15,39,-43,5337
253,Murkrow,-40,-21,-62,10,-49,-17,8675
254,Slowking,-5,-31,-24,25,19,-78,8632
255,Slowking (Galarian Slowking),-5,-41,-24,35,19,-78,9952
256,Misdreavus,-40,-46,-44,10,-6,-23,6317
257,Unown,-52,-34,-56,-3,-43,-60,12454
258,Wobbuffet,90,-73,-46,-42,-33,-75,24023
259,Girafarig,-30,-26,-39,15,-26,-23,4527
260,Pineco,-50,-41,-14,-40,-56,-93,17762
261,Forretress,-25,-16,36,-15,-31,-68,7987
262,Dunsparce,0,-36,-34,-10,-26,-63,7197
263,Gligar,-35,-31,1,-40,-26,-23,4992
264,Steelix,-25,-21,96,-20,-26,-78,17442
265,Steelix (Mega Steelix),-25,19,126,-20,4,-78,23362
266,Snubbull,-40,-26,-54,-35,-51,-78,15102
267,Granbull,-10,14,-29,-15,-31,-63,6292
268,Qwilfish,-35,-11,-19,-20,-36,-23,3932
269,Qwilfish (Hisuian Qwilfish),-35,-11,-19,-20,-36,-23,3932
270,Scizor,-30,24,-4,-20,-11,-43,3862
271,Scizor (Mega Scizor),-30,44,36,-10,9,-33,5402
272,Shuckle,-80,-96,126,-65,139,-103,65647
273,Heracross,-20,19,-29,-35,4,-23,3372
274,Heracross (Mega Heracross),-20,79,11,-35,14,-33,9272
275,Sneasel,-45,-11,-49,-40,-16,7,6452
276,Sneasel (Hisuian Sneasel),-45,-11,-49,-40,-16,7,6452
277,Teddiursa,-40,-26,-54,-25,-41,-68,12122
278,Ursaring,-10,24,-29,0,-16,-53,4582
279,Slugma,-60,-66,-64,-5,-51,-88,22422
280,Magcargo,-40,-56,16,15,-11,-78,11422
281,Swinub,-50,-56,-64,-45,-61,-58,18842
282,Piloswine,0,-6,-24,-15,-31,-58,5162
283,Corsola,-35,-51,-9,-10,4,-73,9352
284,Corsola (Galarian Corsola),-40,-51,-4,-10,9,-78,10482
285,Remoraid,-65,-41,-69,-10,-56,-43,15752
286,Octillery,-25,-1,-29,30,-16,-63,6592
287,Delibird,-55,-51,-59,-10,-46,-33,12412
288,Mantine,-15,-66,-34,5,49,-38,9607
289,Skarmory,-35,-26,36,-35,-21,-38,6307
290,Houndour,-55,-46,-74,5,-41,-43,14172
291,Houndoom,-25,-16,-54,35,-11,-13,5312
292,Houndoom (Mega Houndoom),-25,-16,-14,65,-1,7,5352
293,Kingdra,-25,-11,-9,20,4,-23,1772
294,Phanpy,-10,-46,-44,-35,-51,-68,12602
295,Donphan,-10,14,16,-15,-31,-58,5102
296,Porygon2,-15,-26,-14,30,4,-48,4317
297,Stantler,-27,-11,-42,10,-26,-23,3919
298,Smeargle,-45,-86,-69,-55,-46,-33,20412
299,Tyrogue,-65,-71,-69,-40,-56,-73,24092
300,Hitmontop,-50,-11,-9,-40,19,-38,6107
301,Smoochum,-55,-76,-89,10,-26,-43,19347
302,Elekid,-55,-43,-67,-10,-36,-13,10928
303,Magby,-55,-31,-67,-5,-36,-25,10421
304,Miltank,-5,-26,1,-35,-21,-8,2432
305,Blissey,155,-96,-94,0,44,-53,46822
306,Raikou,-10,-21,-29,40,9,7,3112
307,Entei,15,9,-19,15,-16,-8,1212
308,Suicune,0,-31,11,15,24,-23,2412
309,Larvitar,-50,-42,-54,-30,-41,-67,14250
310,Pupitar,-30,-22,-34,-10,-21,-57,6330
311,Tyranitar,0,28,6,20,9,-47,3510
312,Tyranitar (Mega Tyranitar),0,58,46,20,29,-37,8090
313,Lugia,6,-16,26,15,63,2,5166
314,Ho-Oh,6,24,-14,35,63,-18,6326
315,Celebi,0,-6,-4,25,9,-8,822
316,Treecko,-60,-61,-69,-10,-36,-38,14922
317,Grovyle,-50,-41,-59,10,-26,-13,8607
318,Sceptile,-30,-21,-39,30,-6,12,3942
319,Sceptile (Mega Sceptile),-30,4,-29,70,-6,37,8062
320,Torchic,-55,-46,-64,-5,-41,-63,14912
321,Combusken,-40,-21,-44,10,-31,-53,7847
322,Blaziken,-20,14,-34,35,-21,-28,4202
323,Blaziken (Mega Blaziken),-20,54,-24,55,-11,-8,7102
324,Mudkip,-50,-36,-54,-25,-41,-68,13642
325,Marshtomp,-30,-21,-34,-15,-21,-58,6527
326,Swampert,0,4,-14,10,-1,-48,2617
327,Swampert (Mega Swampert),0,44,6,20,19,-38,4177
328,Poochyena,-65,-51,-69,-45,-61,-73,22662
329,Mightyena,-30,-16,-34,-15,-31,-38,4942
330,Zigzagoon,-62,-76,-63,-45,-50,-48,20418
331,Zigzagoon (Galarian Zigzagoon),-62,-76,-63,-45,-50,-48,20418
332,Linoone,-22,-36,-43,-25,-30,-8,5218
333,Linoone (Galarian Linoone),-22,-36,-43,-25,-30,-8,5218
334,Wurmple,-55,-61,-69,-55,-61,-88,25997
335,Silcoon,-50,-71,-49,-50,-66,-93,25447
336,Beautifly,-40,-36,-54,25,-41,-43,9967
337,Cascoon,-50,-71,-49,-50,-66,-93,25447
338,Dustox,-40,-56,-34,-25,-1,-43,8367
339,Lotad,-60,-76,-74,-35,-41,-78,23842
340,Lombre,-40,-56,-54,-15,-21,-58,11682
341,Ludicolo,-20,-36,-34,15,9,-38,4602
342,Seedot,-60,-66,-54,-45,-61,-78,22702
343,Nuzleaf,-30,-36,-64,-15,-51,-48,11422
344,Shiftry,-10,-6,-44,15,-31,-28,4042
345,Taillow,-60,-51,-74,-45,-61,-23,17952
346,Swellow,-40,-21,-44,0,-41,17,5947
347,Wingull,-60,-76,-74,-20,-61,-23,19502
348,Pelipper,-40,-56,-4,20,-21,-43,7442
349,Ralts,-72,-81,-79,-30,-56,-68,26646
350,Kirlia,-62,-71,-69,-10,-36,-58,18406
351,Gardevoir,-32,-41,-39,50,24,-28,8086
352,Gardevoir (Mega Gardevoir),-32,-21,-39,90,44,-8,13086
353,Surskit,-60,-76,-72,-25,-39,-43,18555
354,Masquerain,-30,-46,-42,25,-9,-28,6270
355,Shroomish,-40,-66,-44,-35,-31,-73,15407
356,Breloom,-40,24,-24,-15,-31,-38,5382
357,Slakoth,-40,-46,-44,-40,-56,-78,16472
358,Vigoroth,-20,-26,-24,-20,-36,-18,3672
359,Slaking,50,54,-4,20,-26,-8,6572
360,Nincada,-69,-61,-14,-45,-61,-68,19048
361,Ninjask,-39,-16,-59,-25,-41,52,10268
362,Shedinja,-99,-16,-59,-45,-61,-68,23908
363,Whismur,-36,-55,-81,-24,-68,-80,22482
364,Loudred,-16,-35,-61,-4,-48,-60,11122
365,Exploud,4,-15,-41,16,-18,-40,4102
366,Makuhita,-28,-46,-74,-55,-61,-83,22011
367,Hariyama,44,14,-44,-35,-31,-58,9618
368,Azurill,-50,-86,-64,-55,-51,-88,27362
369,Nosepass,-70,-61,31,-30,-1,-78,16567
370,Skitty,-50,-61,-59,-40,-56,-58,17802
371,Delcatty,-30,-41,-39,-20,-36,-18,6122
372,Sableye,-50,-31,-29,-10,-26,-58,8442
373,Sableye (Mega Sableye),-50,-21,21,10,24,-88,11802
374,Mawile,-50,-21,-19,-20,-36,-58,8362
375,Mawile (Mega Mawile),-50,-1,21,-20,4,-58,6722
376,Aron,-50,-36,-4,-35,-51,-78,13722
377,Lairon,-40,-16,36,-25,-41,-68,10082
378,Aggron,-30,4,76,-15,-31,-58,11242
379,Aggron (Mega Aggron),-30,34,126,-15,-11,-58,21642
380,Meditite,-70,-66,-49,-35,-36,-48,16482
381,Medicham,-40,-46,-29,-15,-16,-28,5822
382,Medicham (Mega Medicham),-40,-6,-19,5,-6,-8,2122
383,Electrike,-60,-61,-64,-10,-51,-43,15967
384,Manectric,-30,-31,-44,30,-31,-3,5667
385,Manectric (Mega Manectric),-30,-31,-24,60,-11,27,6887
386,Plusle,-40,-56,-64,10,-16,-13,9357
387,Minun,-40,-66,-54,0,-6,-13,9077
388,Volbeat,-35,-33,-29,-28,-6,-23,4504
389,Illumise,-35,-59,-29,-2,-6,-23,6116
390,Roselia,-50,-46,-59,25,-11,-43,10692
391,Gulpin,-30,-63,-51,-32,-38,-68,14562
392,Swalot,0,-33,-21,-2,-8,-53,4407
393,Carvanha,-55,-16,-84,-10,-71,-43,17327
394,Sharpedo,-30,14,-64,20,-51,-13,8362
395,Sharpedo (Mega Sharpedo),-30,34,-34,35,-26,-3,5122
396,Wailmer,30,-36,-69,-5,-56,-48,12422
397,Wailord,70,-16,-59,15,-46,-48,13282
398,Numel,-40,-46,-64,-10,-46,-73,15357
399,Camerupt,-30,-6,-34,30,-16,-68,7872
400,Camerupt (Mega Camerupt),-30,14,-4,70,14,-88,13952
401,Torkoal,-30,-21,36,10,-21,-88,10922
402,Spoink,-40,-81,-69,-5,-11,-48,15372
403,Grumpig,-20,-61,-39,15,19,-28,7012
404,Spinda,-40,-46,-44,-15,-31,-48,9142
405,Trapinch,-55,-6,-59,-30,-46,-98,19162
406,Vibrava,-50,-36,-54,-25,-41,-38,10462
407,Flygon,-20,-6,-24,5,-11,-8,1222
408,Cacnea,-50,-21,-64,10,-51,-73,15067
409,Cacturne,-30,9,-44,40,-31,-53,8287
410,Swablu,-55,-66,-44,-35,-16,-58,14162
411,Altaria,-25,-36,-14,-5,14,-28,3122
412,Altaria (Mega Altaria),-25,4,6,35,14,-28,2882
413,Zangoose,-27,9,-44,-15,-31,-18,4256
414,Seviper,-27,-6,-44,25,-31,-43,6136
415,Lunatone,-10,-51,-39,20,-6,-38,6102
416,Solrock,-10,-11,-19,-20,-26,-38,3102
417,Barboach,-50,-58,-61,-29,-50,-48,15230
418,Whiscash,10,-28,-31,1,-20,-48,4550
419,Corphish,-57,-26,-39,-25,-56,-73,14536
420,Crawdaunt,-37,14,-19,15,-36,-53,6256
421,Baltoy,-60,-66,-49,-35,-21,-53,14832
422,Claydol,-40,-36,1,-5,29,-33,4852
423,Lileep,-34,-65,-27,-14,-4,-85,13547
424,Cradily,-14,-25,-7,6,16,-65,5387
425,Anorith,-55,-11,-54,-35,-41,-33,10057
426,Armaldo,-25,19,-4,-5,-11,-63,5117
427,Feebas,-80,-91,-84,-65,-36,-28,28042
428,Milotic,-5,-46,-25,25,34,-27,5276
429,Castform,-30,-36,-34,-5,-21,-38,5262
430,Kecleon,-40,-16,-34,-15,29,-68,8702
431,Shuppet,-56,-31,-69,-12,-58,-63,16335
432,Banette,-36,9,-39,8,-28,-43,5595
433,Banette (Mega Banette),-36,59,-29,18,-8,-33,7095
434,Duskull,-80,-66,-14,-45,-1,-83,19867
435,Dusclops,-60,-36,26,-15,39,-83,14207
436,Tropius,-1,-38,-21,-3,-4,-57,5160
437,Chimecho,-25,-56,-24,20,-1,-43,6587
438,Absol,-35,24,-44,0,-31,-33,5787
439,Absol (Mega Absol),-35,44,-44,40,-31,7,7707
440,Wynaut,-5,-83,-56,-52,-43,-85,21828
441,Snorunt,-50,-56,-54,-25,-41,-58,14222
442,Glalie,-20,-26,-24,5,-11,-28,2582
443,Glalie (Mega Glalie),-20,14,-24,45,-11,-8,3382
444,Spheal,-30,-66,-54,-20,-41,-83,17142
445,Sealeo,-10,-46,-34,0,-21,-63,7782
446,Walrein,10,-26,-14,20,-1,-43,3222
447,Clamperl,-65,-42,-19,-1,-36,-76,13423
448,Huntail,-45,-2,1,19,-16,-56,5783
449,Gorebyss,-45,-22,1,39,-16,-56,7423
450,Relicanth,0,-16,26,-30,-26,-53,5317
451,Luvdisc,-57,-76,-49,-35,-26,-11,13448
452,Bagon,-55,-31,-44,-35,-61,-58,14232
453,Shelgon,-35,-11,-4,-15,-41,-58,6632
454,Salamence,-5,29,-24,35,-11,-8,2852
455,Salamence (Mega Salamence),-5,39,26,45,-1,12,4392
456,Beldum,-60,-51,-24,-40,-31,-78,15422
457,Metang,-40,-31,-4,-20,-11,-58,6462
458,Metagross,-20,29,26,20,-1,-38,3762
459,Metagross (Mega Metagross),-20,39,46,30,19,2,5302
460,Regirock,-20,-6,96,-25,9,-58,13722
461,Regice,-20,-56,-4,25,109,-58,19422
462,Registeel,-20,-31,46,0,59,-58,10322
463,Latias,-20,-26,-14,35,39,2,4022
464,Latias (Mega Latias),-20,-6,16,65,59,2,8402
465,Latios,-20,-16,-24,55,19,2,4622
466,Latios (Mega Latios),-20,24,-4,85,29,2,9062
467,Kyogre,0,-6,-14,75,49,-18,8582
468,Kyogre (Primal Kyogre),0,44,-14,105,69,-18,18242
469,Groudon,0,44,36,25,-1,-18,4182
470,Groudon (Primal Groudon),0,74,56,75,-1,-18,14562
471,Rayquaza,5,44,-14,75,-1,-13,7952
472,Rayquaza (Mega Rayquaza),5,74,-4,105,9,7,16672
473,Jirachi,0,-6,-4,25,9,-8,822
474,Deoxys (Normal Forme),-50,44,-54,75,-41,42,16422
475,Deoxys (Attack Forme),-50,74,-84,105,-71,42,32862
476,Deoxys (Defense Forme),-50,-36,56,-5,69,-18,12042
477,Deoxys (Speed Forme),-50,-11,-14,20,-1,72,8402
478,Turtwig,-45,-38,-40,-30,-36,-77,13194
479,Grotle,-25,-17,-19,-20,-26,-72,7535
480,Torterra,-5,3,1,0,-6,-52,2775
481,Chimchar,-56,-48,-60,-17,-47,-47,13747
482,Monferno,-36,-28,-52,3,-39,-27,7043
483,Infernape,-24,-2,-33,29,-20,0,2910
484,Piplup,-47,-55,-51,-14,-35,-68,13880
485,Prinplup,-36,-40,-36,6,-15,-58,7817
486,Empoleon,-16,-20,-16,36,10,-48,4612
487,Starly,-60,-51,-74,-45,-61,-48,19727
488,Staravia,-45,-31,-54,-35,-51,-28,10512
489,Staraptor,-15,14,-34,-25,-31,-8,3227
490,Bidoof,-41,-61,-64,-40,-51,-77,19628
491,Bibarel,-21,-21,-44,-20,-31,-37,5548
492,Kricketot,-63,-81,-63,-50,-50,-83,26388
493,Kricketune,-23,-21,-53,-20,-40,-43,7628
494,Shinx,-55,-41,-70,-35,-57,-63,18049
495,Luxio,-40,-21,-55,-15,-42,-48,9359
496,Luxray,-20,14,-25,20,-12,-38,3209
497,Budew,-60,-76,-69,-25,-21,-53,18012
498,Roserade,-40,-36,-39,50,14,-18,7437
499,Cranidos,-33,19,-64,-45,-61,-50,13792
500,Rampardos,-3,59,-44,-10,-41,-50,9707
501,Shieldon,-70,-64,14,-33,-3,-78,16374
502,Bastiodon,-40,-54,64,-28,47,-78,17689
503,Burmy,-60,-77,-59,-46,-46,-72,22426
504,Wormadam (Plant Cloak),-40,-47,-19,4,14,-72,9566
505,Wormadam (Sandy Cloak),-40,-27,1,-16,-6,-72,7806
506,Wormadam (Trash Cloak),-40,-37,-9,-6,4,-72,8286
507,Mothim,-30,-12,-54,19,-41,-42,7766
508,Combee,-70,-76,-62,-45,-49,-38,20390
509,Vespiquen,-30,-26,-2,5,11,-68,6350
510,Pachirisu,-40,-61,-34,-30,-1,-13,7547
511,Buizel,-45,-41,-69,-15,-61,-23,12942
512,Floatzel,-15,-1,-49,10,-41,7,4457
513,Cherubi,-55,-71,-59,-13,-38,-73,18489
514,Cherrim,-30,-46,-34,12,-13,-23,5014
515,Shellos,-24,-58,-56,-18,-29,-74,13717
516,Gastrodon,11,-23,-36,17,-9,-69,7077
517,Ambipom,-25,-6,-38,-15,-25,7,3004
518,Drifloon,-10,-56,-70,-15,-47,-38,12014
519,Drifblim,50,-26,-60,15,-37,-28,9154
520,Buneary,-45,-40,-60,-31,-35,-23,9940
521,Lopunny,-35,-30,-20,-21,5,-3,3000
522,Lopunny (Mega Lopunny),-35,30,-10,-21,5,27,3420
523,Mismagius,-40,-46,-44,30,14,-3,6757
524,Honchkrow,0,19,-52,30,-39,-37,6855
525,Glameow,-51,-51,-62,-33,-54,-23,13580
526,Purugly,-29,-24,-40,-11,-32,4,4178
527,Chingling,-55,-76,-54,-10,-41,-63,17467
528,Stunky,-37,-43,-57,-34,-50,-34,11279
529,Skuntank,3,-13,-37,-4,-30,-24,3039
530,Bronzor,-43,-82,-18,-51,-5,-85,18748
531,Bronzong,-33,-17,12,4,25,-75,7788
532,Bonsly,-50,-26,-9,-65,-46,-98,19202
533,Mime Jr.,-80,-81,-59,-5,-1,-48,18772
534,Happiny,0,-101,-99,-60,-26,-78,30362
535,Chatot,-24,-41,-59,17,-49,-17,8717
536,Spiritomb,-50,-14,4,17,17,-73,8619
537,Gible,-42,-36,-59,-35,-46,-66,14238
538,Gabite,-32,-16,-39,-25,-36,-26,5398
539,Garchomp,8,24,-9,5,-6,-6,818
540,Garchomp (Mega Garchomp),8,64,11,45,4,-16,6578
541,Munchlax,35,-21,-64,-35,-6,-103,17632
542,Riolu,-60,-36,-64,-40,-51,-48,15497
543,Lucario,-30,4,-34,40,-21,-18,4437
544,Lucario (Mega Lucario),-30,39,-16,65,-21,4,7359
545,Hippopotas,-32,-34,-26,-37,-49,-76,12402
546,Hippowdon,8,6,14,-7,-19,-61,4427
547,Skorupi,-60,-56,-14,-45,-36,-43,12102
548,Drapion,-30,-16,6,-15,-16,-13,1842
549,Croagunk,-52,-45,-64,-14,-51,-58,14986
550,Toxicroak,-17,0,-39,11,-26,-23,3136
551,Carnivine,-26,-6,-32,15,-19,-62,6166
552,Finneon,-51,-57,-48,-26,-30,-42,11494
553,Lumineon,-31,-37,-28,-6,-5,-17,3464
554,Mantyke,-55,-86,-54,-15,29,-58,17767
555,Snover,-40,-44,-54,-13,-31,-68,12206
556,Abomasnow,-10,-14,-29,17,-6,-48,3766
557,Abomasnow (Mega Abomasnow),-10,26,1,57,14,-78,10306
558,Weavile,-30,14,-39,-30,-6,17,3842
559,Magnezone,-30,-36,11,55,-1,-48,7647
560,Lickilicky,10,-21,-9,5,4,-58,4027
561,Rhyperior,15,34,26,-20,-36,-68,8377
562,Tangrowth,0,-6,21,35,-41,-58,6747
563,Electivire,-25,17,-37,20,-6,-13,2888
564,Magmortar,-25,-11,-37,50,4,-25,5256
565,Togekiss,-15,-56,-9,45,24,-28,6827
566,Yanmega,-14,-30,-18,41,-35,-13,4495
567,Leafeon,-35,4,26,-15,-26,-13,2987
568,Glaceon,-35,-46,6,55,4,-43,8267
569,Gliscor,-25,-11,21,-30,-16,-13,2512
570,Mamoswine,10,24,-24,-5,-31,-28,3022
571,Porygon-Z,-15,-26,-34,60,-16,-18,6237
572,Gallade,-32,19,-39,-10,24,-28,4366
573,Gallade (Mega Gallade),-32,59,-9,-10,24,2,5266
574,Probopass,-40,-51,41,0,59,-68,13987
575,Dusknoir,-55,-6,31,-10,44,-63,10027
576,Froslass,-30,-26,-34,5,-21,2,3202
577,Rotom,-50,-56,-27,20,-14,-17,7250
578,Rotom (Heat Rotom),-50,-41,3,30,16,-22,5830
579,Rotom (Wash Rotom),-50,-41,3,30,16,-22,5830
580,Rotom (Frost Rotom),-50,-41,3,30,16,-22,5830
581,Rotom (Fan Rotom),-50,-41,3,30,16,-22,5830
582,Rotom (Mow Rotom),-50,-41,3,30,16,-22,5830
583,Uxie,-25,-31,26,0,39,-13,3952
584,Mesprit,-20,-1,1,30,14,-28,2282
585,Azelf,-25,19,-34,50,-21,7,5132
586,Dialga,0,14,16,75,9,-18,6482
587,Dialga (Origin Forme),0,-6,16,75,29,-18,7082
588,Palkia,-10,14,-4,75,29,-8,6842
589,Palkia (Origin Forme),-10,-6,-4,75,29,12,6762
590,Heatran,-9,-16,2,55,15,-31,4552
591,Regigigas,10,54,6,5,19,-8,3502
592,Giratina (Altered Forme),50,-6,16,25,29,-18,4582
593,Giratina (Origin Forme),50,14,-4,45,9,-18,5142
594,Cresselia,20,-36,16,0,39,-23,4002
595,Phione,-20,-26,-24,5,-11,-28,2582
596,Manaphy,0,-6,-4,25,9,-8,822
597,Darkrai,-30,-16,-14,60,-1,17,5242
598,Shaymin (Land Forme),0,-6,-4,25,9,-8,822
599,Shaymin (Sky Forme),0,-3,-29,45,-16,19,3492
600,Arceus,20,14,16,45,29,12,3862
601,Victini,0,-6,-4,25,9,-8,822
602,Snivy,-55,-61,-49,-30,-36,-45,13368
603,Servine,-40,-46,-29,-15,-16,-25,5663
604,Serperior,-25,-31,-9,0,4,5,1708
605,Tepig,-35,-43,-59,-30,-46,-63,13540
606,Pignite,-10,-13,-49,-5,-36,-53,6800
607,Emboar,10,17,-39,25,-26,-43,5060
608,Oshawott,-45,-51,-59,-12,-46,-63,14336
609,Dewott,-25,-31,-44,8,-31,-48,6851
610,Samurott,-5,-6,-19,33,-21,-38,3396
611,Samurott (Hisuian Samurott),-10,2,-24,25,-26,-23,2510
612,Patrat,-55,-51,-65,-40,-52,-66,18511
613,Watchog,-40,-21,-35,-15,-22,-31,4936
614,Lillipup,-55,-46,-59,-50,-46,-53,16047
615,Herdier,-35,-26,-39,-40,-26,-48,8002
616,Stoutland,-15,4,-14,-30,-1,-28,2122
617,Purrloin,-59,-56,-67,-25,-54,-42,16411
618,Liepard,-36,-18,-54,13,-41,-2,6390
619,Pansage,-50,-53,-56,-22,-43,-44,12714
620,Simisage,-25,-8,-41,23,-28,-7,3732
621,Pansear,-50,-53,-56,-22,-43,-44,12714
622,Simisear,-25,-8,-41,23,-28,-7,3732
623,Panpour,-50,-53,-56,-22,-43,-44,12714
624,Simipour,-25,-8,-41,23,-28,-7,3732
625,Munna,-24,-81,-59,-8,-36,-84,19034
626,Musharna,16,-51,-19,32,4,-79,10499
627,Pidove,-50,-51,-54,-39,-61,-65,17484
628,Tranquill,-38,-29,-42,-25,-49,-43,8924
629,Unfezant,-20,9,-24,-10,-36,-15,2678
630,Blitzle,-55,-46,-72,-25,-59,-32,15455
631,Zebstrika,-25,-6,-41,5,-28,8,3215
632,Roggenrola,-45,-31,-19,-50,-66,-93,18852
633,Boldore,-30,-1,1,-25,-51,-88,11872
634,Gigalith,-15,29,26,-15,-11,-83,8977
635,Woobat,-35,-61,-61,-20,-48,-36,12667
636,Swoobat,-33,-49,-49,2,-36,6,7227
637,Drilbur,-40,-21,-64,-45,-46,-40,11878
638,Excadrill,10,29,-44,-25,-26,-20,4578
639,Audino,3,-46,-18,-15,-5,-58,6063
640,Audino (Mega Audino),3,-46,22,5,35,-58,7223
641,Timburr,-25,-26,-49,-50,-56,-73,14667
642,Gurdurr,-15,-1,-19,-35,-41,-68,8117
643,Conkeldurr,5,34,-9,-20,-26,-63,6307
644,Tympole,-50,-56,-64,-25,-51,-44,14894
645,Palpitoad,-25,-41,-49,-10,-36,-39,7624
646,Seismitoad,5,-11,-29,10,-16,-34,2499
647,Throh,20,-6,-19,-45,-6,-63,6827
648,Sawk,-25,19,-29,-45,-16,-23,4637
649,Sewaddle,-55,-53,-34,-35,-31,-66,13532
650,Swadloon,-45,-43,-14,-25,-11,-66,9172
651,Leavanny,-25,-3,-24,-5,-11,-16,1612
652,Venipede,-70,-61,-45,-45,-52,-51,17976
653,Whirlipede,-60,-51,-5,-35,-12,-61,11316
654,Scolipede,-40,-6,-15,-20,-22,4,2761
655,Cottonee,-60,-79,-44,-38,-41,-42,16666
656,Whimsicott,-40,-39,-19,2,-16,8,3806
657,Petilil,-55,-71,-54,-5,-41,-78,18772
658,Lilligant,-30,-46,-29,35,-16,-18,5662
659,Lilligant (Hisuian Lilligant),-30,-1,-29,-25,-16,-3,2632
660,Basculin,-30,-14,-39,5,-36,-10,4038
661,Sandile,-50,-34,-69,-40,-56,-43,15002
662,Krokorok,-40,-24,-59,-30,-46,-34,9829
663,Krookodile,-5,11,-24,-10,-21,-16,1519
664,Darumaka,-30,-16,-59,-60,-46,-58,13717
665,Darumaka (Galarian Darumaka),-30,-16,-59,-60,-46,-58,13717
666,Darmanitan (Standard Mode),5,34,-49,-45,-36,-13,7072
667,Darmanitan (Zen Mode),5,-76,1,65,14,-53,13032
668,Darmanitan (Galarian Standard Mode),5,34,-49,-45,-36,-13,7072
669,Darmanitan (Galarian Zen Mode),5,54,-49,-45,-36,27,9392
670,Maractus,-25,-20,-37,31,-24,-48,6235
671,Dwebble,-50,-41,-19,-40,-56,-53,12087
672,Crustle,-30,-1,21,-10,-16,-63,5667
673,Scraggy,-50,-31,-34,-40,-21,-60,10258
674,Scrafty,-35,-16,11,-30,24,-50,5578
675,Sigilyph,-28,-48,-24,28,-11,-11,4690
676,Yamask,-62,-76,-19,-20,-26,-78,17141
677,Yamask (Galarian Yamask),-62,-51,-19,-45,-26,-78,15591
678,Cofagrigus,-42,-56,41,20,14,-78,13261
679,Tirtouga,-46,-28,-1,-22,-46,-86,12897
680,Carracosta,-26,2,29,8,-26,-76,8037
681,Archen,-45,6,-59,-1,-46,-38,9103
682,Archeops,-25,34,-39,37,-26,2,5351
683,Trubbish,-50,-56,-42,-35,-29,-43,11315
684,Garbodor,-20,-11,-22,-15,-9,-33,2400
685,Zorua,-60,-41,-64,5,-51,-43,13852
686,Zorua (Hisuian Zorua),-65,-46,-64,10,-51,-38,14582
687,Zoroark,-40,-1,-44,45,-31,-3,6532
688,Zoroark (Hisuian Zoroark),-45,-6,-44,50,-31,2,7462
689,Minccino,-45,-56,-64,-35,-51,-33,14172
690,Cinccino,-25,-11,-44,-10,-31,7,3792
691,Gothita,-55,-76,-54,-20,-26,-63,16762
692,Gothorita,-40,-61,-34,0,-6,-53,9322
693,Gothitelle,-30,-51,-9,20,19,-43,6192
694,Solosis,-55,-76,-64,30,-41,-88,23222
695,Duosion,-35,-66,-54,50,-31,-78,18042
696,Reuniclus,10,-41,-29,50,-6,-78,11242
697,Ducklett,-38,-62,-54,-31,-41,-53,13655
698,Swanna,-25,-19,-41,12,-28,-10,3695
699,Vanillite,-64,-56,-54,-10,-31,-64,15305
700,Vanillish,-49,-41,-39,5,-16,-49,8285
701,Vanilluxe,-29,-11,-19,35,4,-29,3405
702,Deerling,-40,-46,-54,-35,-41,-33,10627
703,Sawsbuck,-20,-6,-34,-15,-21,-13,2427
704,Emolga,-45,-31,-44,0,-31,-5,5908
705,Karrablast,-50,-31,-59,-35,-46,-48,12587
706,Escavalier,-30,29,1,-15,14,-88,9907
707,Foongus,-31,-51,-59,-20,-36,-93,17388
708,Amoonguss,14,-21,-34,10,-11,-78,8098
709,Frillish,-45,-66,-54,-10,-6,-68,14057
710,Jellicent,0,-46,-34,10,14,-48,5872
711,Alomomola,65,-31,-24,-35,-46,-43,10952
712,Joltik,-50,-59,-54,-18,-41,-43,12751
713,Galvantula,-30,-29,-44,22,-31,0,5122
714,Ferroseed,-56,-56,-13,-51,-5,-98,18671
715,Ferrothorn,-26,-12,27,-21,25,-88,10359
716,Klink,-60,-51,-34,-30,-31,-78,15302
717,Klang,-40,-26,-9,-5,-6,-58,5782
718,Klinklang,-40,-6,11,-5,-6,-18,2142
719,Tynamo,-65,-51,-64,-30,-51,-48,16727
720,Eelektrik,-35,-21,-34,0,-21,-68,7887
721,Eelektross,-15,9,-24,30,-11,-58,5267
722,Elgyem,-45,-51,-49,10,-36,-78,14507
723,Beheeyem,-25,-31,-29,50,4,-68,9567
724,Litwick,-50,-76,-49,-10,-36,-88,19817
725,Lampent,-40,-66,-44,20,-31,-53,12062
726,Chandelure,-40,-51,-14,70,-1,-28,10082
727,Axew,-54,-19,-44,-45,-51,-51,12440
728,Fraxure,-34,11,-34,-35,-41,-41,7020
729,Haxorus,-24,41,-14,-15,-21,-11,3240
730,Cubchoo,-45,-36,-64,-15,-51,-68,14867
731,Beartic,-5,24,-24,-5,-11,-58,4687
732,Cryogonal,-20,-56,-54,20,44,-3,8797
733,Shelmet,-50,-66,-19,-35,-26,-83,16007
734,Accelgor,-20,-36,-64,25,-31,37,8747
735,Stunfisk,9,-40,-20,6,8,-76,7957
736,Stunfisk (Galarian Stunfisk),9,-25,-5,-9,-7,-76,6637
737,Mienfoo,-55,-21,-54,-20,-41,-43,10312
738,Mienshao,-35,19,-44,20,-31,-3,4892
739,Druddigon,-23,14,-14,-15,-1,-60,4747
740,Golett,-41,-32,-54,-40,-41,-73,14231
741,Golurk,-11,18,-24,-20,-11,-53,4351
742,Pawniard,-55,-21,-34,-35,-51,-48,10752
743,Bisharp,-35,19,-4,-15,-21,-38,3712
744,Bouffalant,-5,4,-9,-35,4,-53,4172
745,Rufflet,-30,-23,-54,-38,-41,-48,9774
746,Braviary,0,17,-29,-18,-16,-28,2494
747,Braviary (Hisuian Braviary),10,-23,-34,37,-21,-43,5444
748,Vullaby,-30,-51,-29,-30,-26,-48,8222
749,Mandibuzz,10,-41,1,-20,4,-28,2982
750,Heatmor,-15,-9,-38,30,-25,-43,5124
751,Durant,-42,3,8,-27,-43,1,4416
752,Deino,-48,-41,-54,-30,-41,-70,14382
753,Zweilous,-28,-21,-34,-10,-21,-50,5422
754,Hydreigon,-8,-1,-14,50,-1,-10,2862
755,Larvesta,-45,-21,-49,-25,-36,-48,9092
756,Volcarona,-15,-46,-39,60,14,-8,7722
757,Cobalion,-9,-16,25,15,-19,0,1548
758,Terrakion,-9,23,-14,-3,-1,0,816
759,Virizion,-9,-16,-32,15,38,0,3030
760,Tornadus (Incarnate Forme),-21,9,-34,50,-11,3,4308
761,Tornadus (Therian Forme),-21,-6,-24,35,-1,13,2448
762,Thundurus (Incarnate Forme),-21,9,-34,50,-11,3,4308
763,Thundurus (Therian Forme),-21,-1,-34,70,-11,-7,6668
764,Reshiram,0,14,-4,75,29,-18,7002
765,Zekrom,0,44,16,45,9,-18,4622
766,Landorus (Incarnate Forme),-11,19,-14,40,-11,-7,2448
767,Landorus (Therian Forme),-11,39,-14,30,-11,-17,3148
768,Kyurem,25,24,-14,55,-1,-13,4592
769,Kyurem (Black Kyurem),25,64,-4,45,-1,-13,6932
770,Kyurem (White Kyurem),25,14,-14,95,9,-13,10292
771,Keldeo,-9,-34,-14,54,-1,0,4350
772,Meloetta (Aria Forme),0,-29,-27,53,37,-18,6072
773,Meloetta (Pirouette Forme),0,22,-14,2,-14,20,1280
774,Genesect,-29,14,-9,45,4,-9,3240
775,Chespin,-44,-45,-39,-27,-46,-70,13227
776,Quilladin,-39,-28,-9,-19,-33,-51,6437
777,Chesnaught,-12,1,18,-1,-16,-44,2662
778,Fennekin,-60,-61,-64,-13,-31,-48,14851
779,Braixen,-41,-47,-46,15,-21,-35,7897
780,Delphox,-25,-37,-32,39,9,-4,4636
781,Froakie,-59,-50,-64,-13,-47,-37,13824
782,Frogadier,-46,-43,-52,8,-35,-11,8079
783,Greninja,-28,-11,-37,28,-20,14,3654
784,Greninja (Ash-Greninja),-28,39,-37,78,-20,24,10734
785,Bunnelby,-62,-70,-66,-43,-55,-51,20575
786,Diggersby,-15,-50,-27,-25,-14,-30,5175
787,Fletchling,-55,-56,-61,-35,-53,-46,16032
788,Fletchinder,-38,-33,-49,-19,-39,-24,7392
789,Talonflame,-22,-25,-33,-1,-22,18,3007
790,Scatterbug,-62,-71,-64,-48,-66,-73,24970
791,Spewpa,-55,-84,-44,-48,-61,-79,24283
792,Vivillon,-20,-54,-54,15,-41,-19,8499
793,Litleo,-38,-56,-46,-2,-37,-36,9365
794,Pyroar,-14,-38,-32,34,-25,-2,4449
795,Flabébé,-56,-68,-65,-14,-12,-66,16681
796,Floette,-46,-61,-57,0,7,-56,12271
797,Florges,-22,-41,-36,37,63,-33,9888
798,Skiddo,-34,-41,-56,-13,-34,-56,10434
799,Gogoat,23,-6,-42,22,-10,-40,4513
800,Pancham,-33,-24,-42,-29,-43,-65,10344
801,Pangoro,-5,18,-26,-6,-20,-50,3961
802,Furfrou,-25,-26,-44,-10,-1,-6,3374
803,Espurr,-38,-58,-50,-12,-31,-40,10013
804,Meowstic,-26,-58,-28,8,-10,-4,5004
805,Honedge,-55,-26,-4,-40,-54,-80,14633
806,Doublade,-41,4,46,-30,-42,-73,11806
807,Aegislash (Shield Forme),-40,-56,36,-25,49,-48,11362
808,Aegislash (Blade Forme),-40,34,-54,65,-41,-48,13882
809,Spritzee,-22,-54,-44,-12,-26,-85,13381
810,Aromatisse,1,-34,-32,24,-2,-79,9002
811,Swirlix,-38,-58,-38,-16,-34,-59,11145
812,Slurpuff,-18,-26,-18,10,-16,-36,2976
813,Inkay,-47,-52,-51,-38,-45,-63,14952
814,Malamar,-14,-14,-16,-7,-16,-35,2178
815,Binacle,-58,-54,-37,-36,-35,-58,13534
816,Barbaracle,-28,-1,11,-21,-5,-40,2972
817,Skrelp,-50,-46,-44,-15,-31,-78,13822
818,Dragalge,-35,-31,-14,22,32,-64,7986
819,Clauncher,-50,-53,-42,-17,-28,-64,12242
820,Clawitzer,-29,-33,-16,45,-2,-49,6616
821,Helioptile,-56,-68,-71,-14,-48,-38,16745
822,Heliolisk,-38,-51,-52,34,3,1,7915
823,Tyrunt,-42,-17,-27,-30,-46,-60,9398
824,Tyrantrum,-18,15,15,-6,-32,-37,3203
825,Amaura,-23,-47,-54,-8,-28,-62,10346
826,Aurorus,23,-29,-32,24,1,-50,5471
827,Sylveon,-5,-41,-39,35,39,-48,8277
828,Hawlucha,-22,-14,-29,-1,-28,10,2406
829,Dedenne,-33,-48,-47,6,-24,-7,6263
830,Carbink,-50,-56,46,-25,59,-58,15222
831,Goomy,-55,-56,-69,-20,-16,-68,16202
832,Sliggoo,-32,-31,-51,8,22,-48,7438
833,Sliggoo (Hisuian Sliggoo),-42,-31,-21,8,22,-68,8338
834,Goodra,-10,-6,-34,35,59,-28,6782
835,Goodra (Hisuian Goodra),-20,-6,-4,35,59,-48,7462
836,Klefki,-43,-26,-13,5,-4,-33,3824
837,Phantump,-57,-36,-56,-25,-31,-70,14167
838,Trevenant,-15,4,-28,-10,-9,-52,3910
839,Pumpkaboo (Small Size),-56,-40,-34,-31,-36,-52,10853
840,Pumpkaboo (Average Size),-51,-40,-34,-31,-36,-57,10863
841,Pumpkaboo (Large Size),-46,-40,-34,-31,-36,-62,10973
842,Pumpkaboo (Super Size),-41,-40,-34,-31,-36,-67,11183
843,Gourgeist (Small Size),-45,-21,18,-17,-16,-9,3416
844,Gourgeist (Average Size),-35,-16,18,-17,-16,-24,2926
845,Gourgeist (Large Size),-25,-11,18,-17,-16,-39,3136
846,Gourgeist (Super Size),-15,-6,18,-17,-16,-54,4046
847,Bergmite,-45,-37,-19,-43,-56,-80,15140
848,Avalugg,-5,11,80,-31,-45,-80,15932
849,Avalugg (Hisuian Avalugg),-5,21,80,-41,-55,-70,16472
850,Noibat,-60,-76,-69,-30,-51,-53,20447
851,Noivern,-15,-36,-24,22,-11,15,2927
852,Xerneas,26,25,-9,56,7,-9,4648
853,Yveltal,26,25,-9,56,7,-9,4648
854,Zygarde (50% Forme),8,-6,17,6,4,-13,610
855,Zygarde (10% Forme),-46,-6,-33,-14,-6,7,3522
856,Zygarde (Complete Forme),116,-6,17,16,4,-23,14582
857,Diancie,-50,-6,46,25,59,-58,12122
858,Diancie (Mega Diancie),-50,54,6,85,19,2,13042
859,Hoopa (Hoopa Confined),-20,4,-44,75,39,-38,10942
860,Hoopa (Hoopa Unbound),-20,54,-44,95,39,-28,16582
861,Volcanion,-20,4,16,55,-1,-38,5142
862,Rowlet,-32,-51,-49,-25,-41,-66,12688
863,Dartrix,-22,-31,-29,-5,-21,-56,5888
864,Decidueye,-22,1,-29,25,9,-38,3476
865,Decidueye (Hisuian Decidueye),-12,6,-24,20,4,-48,3476
866,Litten,-55,-41,-64,-15,-51,-38,13072
867,Torracat,-35,-21,-54,5,-41,-18,6612
868,Incineroar,-5,9,-14,5,-1,-48,2632
869,Popplio,-50,-52,-50,-9,-35,-68,13634
870,Brionne,-40,-37,-35,16,-10,-58,7914
871,Primarina,-20,-32,-30,51,25,-48,7854
872,Pikipek,-65,-31,-74,-45,-61,-43,18257
873,Trumbeak,-45,-21,-54,-35,-41,-33,9377
874,Toucannon,-20,14,-29,0,-16,-48,3997
875,Yungoos,-52,-36,-74,-45,-61,-63,19191
876,Gumshoos,-12,4,-44,-20,-31,-63,7426
877,Grubbin,-53,-44,-59,-20,-46,-62,14586
878,Charjabug,-43,-24,-9,-20,-16,-72,8346
879,Vikavolt,-23,-36,-14,70,-16,-65,11402
880,Crabrawler,-53,-24,-47,-33,-44,-45,10644
881,Crabominable,-3,26,-27,-13,-24,-65,6384
882,Oricorio,-25,-36,-34,23,-21,-15,4272
883,Cutiefly,-60,-61,-64,-20,-51,-24,14994
884,Ribombee,-40,-51,-44,20,-21,16,7234
885,Rockruff,-55,-41,-64,-45,-51,-48,15732
886,Lycanroc (Midday Form),-25,9,-39,-20,-26,4,3319
887,Lycanroc (Midnight Form),-15,9,-29,-20,-16,-26,2479
888,Lycanroc (Dusk Form),-25,11,-39,-20,-26,2,3347
889,Wishiwashi (Solo Form),-55,-86,-84,-50,-66,-68,28957
890,Wishiwashi (School Form),-55,34,26,65,44,-78,17102
891,Mareanie,-50,-53,-42,-32,-39,-63,13587
892,Toxapex,-50,-43,48,-22,51,-73,15067
893,Mudbray,-30,-6,-34,-30,-36,-63,8257
894,Mudsdale,0,19,-4,-20,-6,-73,6142
895,Dewpider,-62,-66,-52,-35,-19,-81,19051
896,Araquanid,-32,-36,-12,-25,41,-66,9126
897,Fomantis,-60,-51,-69,-25,-56,-73,20052
898,Lurantis,-30,-1,-14,5,-1,-63,5092
899,Morelull,-60,-71,-49,-10,-16,-93,20047
900,Shiinotic,-40,-61,-24,15,9,-78,12287
901,Salandit,-52,-62,-64,-4,-51,-31,14222
902,Salazzle,-32,-42,-44,36,-31,9,7062
903,Stufful,-30,-31,-54,-30,-41,-58,10722
904,Bewear,20,19,-24,-20,-31,-48,5002
905,Bounsweet,-58,-76,-66,-45,-53,-76,24106
906,Steenee,-48,-66,-56,-35,-43,-46,14986
907,Tsareena,-28,14,-6,-25,7,-36,2986
908,Comfey,-49,-54,-14,7,19,-8,5987
909,Oranguru,-10,-46,-24,15,19,-48,5682
910,Passimian,0,14,-14,-35,-31,-28,3362
911,Wimpod,-75,-71,-64,-55,-61,-28,22292
912,Golisopod,-25,19,36,-15,-1,-68,7132
913,Sandygast,-45,-51,-24,-5,-46,-93,15992
914,Palossand,-15,-31,6,25,-16,-73,7432
915,Pyukumuku,-45,-46,26,-45,39,-103,18972
916,Type: Null,-5,-11,-9,20,4,-49,3044
917,Silvally,-5,-11,-9,20,4,-13,812
918,Minior (Meteor Form),-40,-46,-4,-15,9,-48,6342
919,Minior (Core),-40,-6,-44,25,-31,12,5302
920,Komala,-35,9,-39,0,4,-43,4692
921,Turtonator,-40,-28,31,16,-6,-72,8821
922,Togedemaru,-35,-8,-41,-35,-18,-12,4663
923,Mimikyu,-45,-16,-24,-25,14,-12,3822
924,Bruxish,-32,-1,-34,-5,-21,-16,2903
925,Drampa,-22,-46,-19,60,0,-72,11745
926,Dhelmise,-30,25,-4,11,-1,-68,6287
927,Jangmo-o,-55,-51,-39,-30,-46,-63,14132
928,Hakamo-o,-45,-31,-14,-10,-21,-43,5572
929,Kommo-o,-25,4,21,25,14,-23,2432
930,Tapu Koko,-30,9,-19,20,-16,22,2482
931,Tapu Lele,-30,-21,-29,55,24,-13,5952
932,Tapu Bulu,-30,24,11,10,4,-33,2802
933,Tapu Fini,-30,-31,11,20,39,-23,4432
934,Cosmog,-57,-77,-73,-46,-60,-71,25264
935,Cosmoem,-57,-77,27,-46,40,-71,18664
936,Solgaleo,37,31,3,38,-2,-11,3908
937,Lunala,37,7,-15,62,16,-11,5864
938,Nihilego,9,-53,-57,52,40,-5,10468
939,Buzzwole,7,33,35,-22,-38,-29,5132
940,Pheromosa,-29,31,-67,62,-54,43,14900
941,Xurkitree,-17,-17,-33,98,-20,-25,12296
942,Celesteela,-3,-5,-1,32,10,-47,3368
943,Kartana,-41,75,27,-16,-60,1,11892
944,Guzzlord,123,-5,-51,22,-38,-65,23908
945,Necrozma,-3,1,-3,52,-2,-29,3568
946,Necrozma (Dusk Mane Necrozma),-3,51,23,38,18,-31,5868
947,Necrozma (Dawn Wings Necrozma),-3,7,5,82,36,-31,9064
948,Necrozma (Ultra Necrozma),-3,61,-7,92,6,21,12720
949,Magearna,-20,-11,11,55,24,-43,6092
950,Marshadow,-10,19,-24,15,-1,17,1552
951,Poipole,-33,-33,-37,-2,-24,-35,5352
952,Naganadel,-27,-33,-31,52,-18,13,5976
953,Stakataka,-39,25,107,-22,10,-95,23204
954,Blacephalon,-47,21,-51,76,-12,-1,11172
955,Zeraora,-12,6,-29,27,-11,35,3096
956,Meltan,-54,-41,-39,-20,-56,-74,15130
957,Melmetal,35,37,39,5,-26,-74,10292
958,Grookey,-50,-41,-54,-35,-51,-43,12772
959,Thwackey,-30,-21,-34,-20,-31,-28,4642
960,Rillaboom,0,19,-14,-15,-21,-23,1752
961,Scorbunny,-50,-35,-64,-35,-51,-39,13168
962,Raboot,-35,-20,-44,-20,-31,-14,5118
963,Cinderace,-20,10,-29,-10,-16,11,1818
964,Sobble,-50,-66,-64,-5,-51,-38,15022
965,Drizzile,-35,-46,-49,20,-36,-18,7762
966,Inteleon,-30,-21,-39,50,-26,12,6182
967,Skwovet,-30,-51,-49,-40,-56,-83,17527
968,Greedent,20,-11,-9,-20,-16,-88,9002
969,Rookidee,-62,-59,-69,-42,-56,-51,19587
970,Corvisquire,-32,-39,-49,-32,-36,-31,8227
971,Corviknight,-2,-19,1,-22,-6,-41,2567
972,Blipbug,-75,-86,-84,-50,-46,-63,28662
973,Dottler,-50,-71,-24,-25,-1,-78,14827
974,Orbeetle,-40,-61,6,5,29,-18,6547
975,Nickit,-60,-78,-76,-28,-39,-58,21129
976,Thievul,-30,-48,-46,12,1,-18,5789
977,Gossifleur,-60,-66,-44,-35,-31,-98,21682
978,Eldegoss,-40,-56,-14,5,29,-48,8102
979,Wooloo,-58,-66,-49,-35,-46,-60,17062
980,Dubwool,-28,-26,-4,-15,-1,-20,2102
981,Chewtle,-50,-42,-54,-37,-53,-64,15454
982,Drednaw,-10,9,-14,-27,-23,-34,2791
983,Yamper,-41,-61,-54,-35,-41,-82,17948
984,Boltund,-31,-16,-44,15,-31,13,4508
985,Rolycoly,-70,-66,-54,-35,-41,-78,21162
986,Carkol,-20,-46,-14,-15,-21,-58,6742
987,Coalossal,10,-26,16,5,-1,-78,7142
988,Applin,-60,-66,-24,-35,-51,-88,20102
989,Flapple,-30,4,-24,20,-31,-38,4297
990,Appletun,10,-21,-24,25,-11,-78,7947
991,Silicobra,-48,-49,-29,-40,-41,-62,12671
992,Sandaconda,-28,1,21,-10,-21,-37,3136
993,Cramorant,-30,-21,-49,10,4,-23,4387
994,Arrokuda,-59,-43,-64,-35,-61,-42,16136
995,Barraskewda,-39,17,-44,-15,-41,28,6436
996,Toxel,-60,-68,-69,-21,-56,-68,21186
997,Toxtricity,-25,-8,-34,39,-21,-33,4896
998,Sizzlipede,-50,-41,-59,-25,-41,-63,13937
999,Centiskorch,0,9,-39,15,-1,-43,3677
1000,Clobbopus,-50,-38,-44,-25,-41,-76,13962
1001,Grapploct,-20,12,-14,-5,-11,-66,5242
1002,Sinistea,-60,-61,-59,-1,-37,-58,15536
1003,Polteageist,-40,-41,-39,59,23,-38,10256
1004,Hatenna,-58,-76,-59,-19,-38,-69,19187
1005,Hattrem,-43,-66,-39,11,-18,-59,11652
1006,Hatterene,-43,-16,-9,61,12,-79,12292
1007,Impidimp,-55,-61,-74,-20,-51,-58,18587
1008,Morgrem,-35,-46,-59,0,-36,-38,9562
1009,Grimmsnarl,-5,14,-39,20,-16,-48,4702
1010,Obstagoon,-7,-16,-3,-15,-10,-13,808
1011,Perrserker,-30,4,-4,-25,-31,-58,5882
1012,Cursola,-40,-11,-54,70,39,-78,17142
1013,Sirfetch'd,-38,29,-9,-7,-9,-43,4345
1014,Mr. Rime,-20,-21,-29,35,9,-38,4432
1015,Runerigus,-42,-11,41,-25,14,-78,10471
1016,Milcery,-55,-66,-64,-25,-30,-74,18478
1017,Alcremie,-35,-46,-29,35,30,-44,8243
1018,Falinks,-35,-6,-4,-5,-31,-33,3352
1019,Pincurchin,-52,-5,-9,16,-6,-93,11751
1020,Snom,-70,-81,-69,-30,-61,-88,28587
1021,Frosmoth,-30,-41,-44,50,-1,-43,8867
1022,Stonjourner,0,19,31,-55,-71,-38,10832
1023,Eiscue (Ice Face),-25,-26,6,-10,-1,-58,4802
1024,Eiscue (Noice Face),-25,-26,-34,-10,-41,22,4722
1025,Indeedee (Male),-40,-41,-49,30,4,-13,6767
1026,Indeedee (Female),-30,-51,-39,20,14,-23,6147
1027,Morpeko,-42,-11,-46,-5,-33,-11,5236
1028,Cufant,-28,-26,-55,-35,-42,-68,12098
1029,Copperajah,22,24,-35,5,-22,-78,8878
1030,Dracozolt,-10,-6,-14,5,-21,-33,1887
1031,Arctozolt,-10,-6,-14,15,-11,-53,3487
1032,Dracovish,-10,-16,-4,-5,-11,-33,1607
1033,Arctovish,-10,-16,-4,5,-1,-53,3207
1034,Duraludon,-30,-11,11,45,-41,-23,5377
1035,Dreepy,-72,-46,-74,-35,-61,-26,18398
1036,Drakloak,-32,-26,-54,-15,-41,-6,6558
1037,Dragapult,-12,14,-29,25,-16,34,3218
1038,Zacian (Hero of Many Battles),-8,14,11,5,24,30,1882
1039,Zacian (Crowned Sword),-8,44,11,5,24,40,4322
1040,Zamazenta (Hero of Many Battles),-8,14,11,5,24,30,1882
1041,Zamazenta (Crowned Shield),-8,14,36,5,49,20,4382
1042,Eternatus,40,-21,-9,70,4,22,7522
1043,Eternatus (Eternamax Eternatus),155,9,146,50,159,22,73687
1044,Kubfu,-40,-16,-44,-22,-41,-36,7253
1045,Urshifu,0,24,-4,-12,-31,-11,1818
1046,Zarude,5,14,1,-5,4,-3,272
1047,Regieleki,-20,-6,-54,25,-41,92,14122
1048,Regidrago,100,-6,-54,25,-41,-28,16042
1049,Glastrier,0,39,26,-10,19,-78,8742
1050,Spectrier,0,-41,-44,70,-11,22,9122
1051,Calyrex,0,-26,-24,5,-11,-28,2182
1052,Calyrex (Ice Rider Calyrex),0,59,46,10,39,-58,10582
1053,Calyrex (Shadow Rider Calyrex),0,-21,-24,90,9,42,10962
1054,Wyrdeer,3,-1,-32,30,-16,-43,4039
1055,Kleavor,-30,29,-9,-30,-21,-23,3692
1056,Ursaluna,30,34,1,-30,-11,-58,6442
1057,Basculegion (Male),20,6,-39,5,-16,-30,3138
1058,Basculegion (Female),20,-14,-39,25,-16,-30,3898
1059,Sneasler,-20,24,-44,-35,-11,12,4402
1060,Overqwil,-15,9,-9,-10,-26,-23,1692
1061,Enamorus (Incarnate Forme),-26,9,-34,60,-11,-2,5638
1062,Enamorus (Therian Forme),-26,9,6,60,9,-62,8318
1063,Sprigatito,-60,-45,-50,-30,-46,-43,12990
1064,Floragato,-39,-26,-41,-15,-28,-25,5512
1065,Meowscarada,-24,4,-34,6,-21,15,2450
1066,Fuecoco,-33,-61,-45,-12,-51,-72,14764
1067,Crocalor,-19,-51,-26,15,-33,-59,8433
1068,Skeledirge,4,-31,-4,35,-16,-42,4238
1069,Quaxly,-45,-41,-59,-25,-46,-58,13292
1070,Quaxwell,-30,-21,-39,-10,-31,-43,5772
1071,Quaquaval,-15,14,-24,10,-16,-23,1882
1072,Lechonk,-46,-61,-64,-40,-46,-73,18978
1073,Oinkologne (Male),10,-6,-29,-16,-11,-43,3203
1074,Oinkologne (Female),15,-16,-34,-16,-1,-43,3743
1075,Tarountula,-65,-65,-59,-46,-51,-88,24392
1076,Spidops,-40,-27,-12,-23,-5,-73,8356
1077,Nymble,-67,-60,-64,-54,-66,-63,23426
1078,Lokix,-29,-4,-26,-23,-36,-16,3614
1079,Pawmi,-55,-56,-84,-35,-66,-48,21102
1080,Pawmo,-40,-31,-64,-25,-51,-23,10412
1081,Pawmot,-30,9,-34,-5,-31,-3,3132
1082,Tandemaus,-50,-56,-59,-35,-46,-33,13547
1083,Maushold,-26,-31,-34,-10,-16,3,3158
1084,Fidough,-63,-51,-34,-45,-36,-43,12896
1085,Dachsbun,-43,-26,11,-25,-11,-13,3561
1086,Smoliv,-59,-71,-59,-17,-40,-78,19976
1087,Dolliv,-48,-53,-44,3,-13,-75,12852
1088,Arboliva,-22,-37,-14,50,18,-69,9634
1089,Squawkabilly,-18,-10,-53,-30,-40,-16,5989
1090,Nacli,-45,-51,-29,-40,-56,-83,17092
1091,Naclstack,-40,-46,-4,-40,-26,-73,11337
1092,Garganacl,0,-6,26,-30,-1,-73,6942
1093,Charcadet,-60,-56,-64,-25,-51,-73,19387
1094,Armarouge,-15,-46,-4,50,-11,-33,6067
1095,Ceruledge,-25,19,-24,-15,9,-23,2397
1096,Tadbulb,-39,-75,-63,-16,-56,-63,18476
1097,Bellibolt,9,-42,-13,28,-8,-63,6831
1098,Wattrel,-60,-66,-69,-20,-51,-38,17162
1099,Kilowattrel,-30,-36,-44,30,-31,17,6282
1100,Maschiff,-40,-28,-44,-35,-40,-57,10394
1101,Mabosstiff,-20,14,-14,-15,-21,-23,1987
1102,Shroodle,-60,-41,-69,-35,-56,-33,15492
1103,Grafaiai,-37,-11,-39,5,-19,2,3401
1104,Bramblin,-60,-41,-74,-30,-56,-48,17097
1105,Brambleghast,-45,9,-34,5,-21,-18,4052
1106,Toedscool,-60,-66,-69,-25,9,-38,14867
1107,Toedscruel,-20,-36,-39,5,29,-8,4147
1108,Klawf,-30,-6,11,-40,-36,-33,5042
1109,Capsakid,-50,-44,-64,-13,-51,-58,14666
1110,Scovillain,-35,2,-39,33,-26,-33,5604
1111,Rellor,-59,-56,-44,-44,-33,-78,17662
1112,Rabsca,-25,-56,-19,40,9,-63,9772
1113,Flittle,-70,-71,-74,-20,-61,-33,20627
1114,Espathra,-5,-46,-44,26,-31,-3,5723
1115,Tinkatink,-50,-61,-59,-40,-27,-50,14531
1116,Tinkatuff,-35,-51,-49,-30,-9,-30,8108
1117,Tinkaton,-15,-31,-27,-5,14,-14,2332
1118,Wiglett,-90,-51,-79,-40,-66,-13,23067
1119,Wugtrio,-65,-6,-54,-25,-21,12,8387
1120,Bombirdier,-30,-3,-19,-15,-6,-26,2207
1121,Finizen,-30,-61,-64,-30,-51,-33,13307
1122,Palafin,0,-36,-32,-22,-29,-8,3709
1123,Palafin,0,54,-7,31,-4,-8,4006
1124,Varoom,-55,-36,-41,-45,-46,-61,13864
1125,Revavroom,-20,13,-14,-21,-24,-18,2106
1126,Cyclizar,-30,-11,-39,10,-26,13,3487
1127,Orthworm,-30,-21,41,-15,-36,-43,6392
1128,Glimmet,-52,-71,-62,30,-31,-48,15754
1129,Glimmora,-17,-51,-14,55,-10,-22,6695
1130,Greavard,-50,-45,-44,-45,-36,-74,15258
1131,Houndstone,-28,-5,-4,-25,6,-40,3086
1132,Flamigo,-18,9,-30,0,-27,-18,2358
1133,Cetoddle,8,-38,-59,-45,-51,-65,13840
1134,Cetitan,70,7,-39,-30,-36,-35,9891
1135,Veluza,-10,-4,-31,3,-26,-38,3206
1136,Dondozo,50,-6,11,-10,-26,-73,8762
1137,Tatsugiri,-32,-56,-44,45,4,-26,8813
1138,Annihilape,10,9,-24,-25,-1,-18,1707
1139,Clodsire,30,-31,-44,-30,9,-88,12522
1140,Farigiraf,20,-16,-34,35,-21,-48,5782
1141,Dudunsparce,25,-6,-24,10,-16,-53,4402
1142,Kingambit,0,29,16,-15,-6,-58,4722
1143,Great Tusk,15,25,27,-22,-38,-21,3948
1144,Scream Tail,15,-41,-5,-10,24,3,2616
1145,Brute Bonnet,11,21,-5,4,8,-53,3476
1146,Flutter Mane,-45,-51,-49,60,44,27,13292
1147,Slither Wing,-15,29,-25,10,14,-27,2716
1148,Sandy Shocks,-15,-25,-7,46,-6,-7,3100
1149,Iron Treads,-10,6,16,-3,-21,-2,846
1150,Iron Bundle,-44,-26,10,49,-31,28,6858
1151,Iron Hands,54,34,4,-25,-23,-58,8606
1152,Iron Jugulis,-6,-26,-18,47,-11,0,3366
1153,Iron Moth,-20,-36,-44,65,19,2,8222
1154,Iron Thorns,0,28,6,-5,-7,-36,2190
1155,Frigibax,-35,-31,-59,-40,-46,-53,12192
1156,Arctibax,-10,-11,-38,-30,-26,-46,5357
1157,Baxcalibur,15,39,-12,0,-5,-21,2356
1158,Gimmighoul (Chest Form),-55,-76,-34,0,-21,-98,20002
1159,Gimmighoul (Roaming Form),-55,-76,-79,0,-46,-28,17942
1160,Gholdengo,-13,-46,-9,58,0,-24,6306
1161,Wo-Chien,-15,-21,-4,20,44,-38,4462
1162,Chien-Pao,-20,14,-24,15,-26,27,2802
1163,Ting-Lu,55,4,21,-20,-11,-63,7972
1164,Chi-Yu,-45,-26,-24,60,29,-8,7782
1165,Roaring Moon,5,33,-33,-20,10,11,2824
1166,Iron Valiant,-26,24,-14,45,-31,8,4498
1167,Koraidon,0,29,11,10,9,27,1872
1168,Miraidon,0,-21,-4,60,24,27,5362
