Roman Ramirez vs. Pokemon SSE,pokemon,D_HP,D_ATK,D_DEF,D_SPA,D_SPD,D_SPE,SSE
0,Bulbasaur,-33,-68,-71,-40,-38,-4,13814
1,Ivysaur,-18,-55,-57,-25,-23,11,7873
2,Venusaur,2,-35,-37,-5,-3,31,3593
3,Venusaur (Mega Venusaur),2,-17,3,17,17,31,1841
4,Charmander,-39,-65,-77,-45,-53,16,16765
5,Charmeleon,-20,-53,-62,-25,-38,31,10083
6,Charizard,0,-33,-42,4,-18,51,5794
7,Charizard (Mega Charizard X),0,13,-9,25,-18,51,3800
8,Charizard (Mega Charizard Y),0,-13,-42,54,12,51,7594
9,Squirtle,-34,-69,-55,-55,-39,-6,13524
10,Wartortle,-19,-54,-40,-40,-23,9,7087
11,Blastoise,1,-34,-20,-20,2,29,2802
12,Blastoise (Mega Blastoise),1,-14,0,30,12,29,2082
13,Caterpie,-33,-87,-85,-85,-83,-4,30013
14,Metapod,-28,-97,-65,-80,-78,-19,27263
15,Butterfree,-18,-72,-70,-15,-23,21,11603
16,Weedle,-38,-82,-90,-85,-83,1,30383
17,Kakuna,-33,-92,-70,-80,-78,-14,27133
18,Beedrill,-13,-27,-80,-60,-23,26,12103
19,Beedrill (Mega Beedrill),-13,33,-80,-90,-23,96,25503
20,Pidgey,-38,-72,-80,-70,-68,7,22601
21,Pidgeotto,-15,-57,-65,-55,-53,22,14017
22,Pidgeot,5,-37,-45,-35,-33,52,8437
23,Pidgeot (Mega Pidgeot),5,-37,-40,30,-23,72,9607
24,Rattata,-48,-61,-85,-80,-68,23,24803
25,Rattata (Alolan Rattata),-48,-61,-85,-80,-68,23,24803
26,Raticate,-23,-36,-60,-55,-33,48,11843
27,Raticate (Alolan Raticate),-3,-46,-50,-65,-23,28,10163
28,Spearow,-38,-57,-90,-74,-72,21,23894
29,Fearow,-13,-27,-55,-44,-42,51,10224
30,Ekans,-43,-57,-76,-65,-49,6,17536
31,Arbok,-18,-22,-51,-40,-24,31,6546
32,Pikachu,-43,-62,-80,-55,-53,41,19608
33,Pikachu (Partner Pikachu),-33,-37,-70,-30,-43,71,15148
34,Raichu,-18,-27,-65,-15,-23,61,9753
35,Raichu (Alolan Raichu),-18,-32,-70,-10,-18,61,10393
36,Sandshrew,-28,-42,-35,-85,-73,-9,16408
37,Sandshrew (Alolan Sandshrew),-28,-42,-30,-95,-68,-9,17178
38,Sandslash,-3,-17,-10,-60,-48,16,6558
39,Sandslash (Alolan Sandslash),-3,-17,0,-80,-38,16,8398
40,Nidoran♀,-23,-70,-68,-65,-63,-8,18311
41,Nidorina,-8,-55,-53,-50,-48,7,10751
42,Nidoqueen,12,-25,-33,-30,-18,27,3811
43,Nidoran♂,-32,-60,-80,-65,-63,1,19219
44,Nidorino,-17,-45,-63,-50,-48,16,11343
45,Nidoking,3,-15,-43,-20,-28,36,4563
46,Clefairy,-8,-72,-72,-45,-38,-14,14097
47,Clefable,17,-47,-47,-10,-13,11,5097
48,Vulpix,-40,-76,-80,-55,-38,16,18501
49,Vulpix (Alolan Vulpix),-40,-76,-80,-55,-38,16,18501
50,Ninetales,-5,-41,-45,-24,-3,51,6917
51,Ninetales (Alolan Ninetales),-5,-50,-45,-24,-3,60,8735
52,Jigglypuff,37,-72,-100,-60,-78,-29,27078
53,Wigglytuff,62,-47,-75,-20,-53,-4,14903
54,Zubat,-38,-72,-85,-75,-63,6,23483
55,Golbat,-3,-37,-50,-40,-28,41,7943
56,Oddish,-33,-67,-65,-30,-38,-19,12508
57,Gloom,-18,-52,-50,-20,-28,-9,6793
58,Vileplume,-3,-37,-35,5,-13,1,2798
59,Paras,-43,-47,-65,-60,-48,-24,14763
60,Parasect,-18,-22,-40,-45,-23,-19,5323
61,Venonat,-18,-62,-70,-65,-48,-4,15613
62,Venomoth,-8,-52,-60,-15,-28,41,9058
63,Diglett,-68,-62,-95,-70,-58,46,27873
64,Diglett (Alolan Diglett),-68,-62,-90,-70,-58,41,26513
65,Dugtrio,-43,-17,-70,-55,-33,71,16193
66,Dugtrio (Alolan Dugtrio),-43,-17,-60,-55,-33,61,13573
67,Meowth,-38,-72,-85,-65,-63,41,23728
68,Meowth (Alolan Meowth),-38,-82,-85,-55,-63,41,24068
69,Meowth (Galarian Meowth),-28,-52,-65,-65,-63,-9,15988
70,Persian,-13,-47,-60,-40,-38,66,13378
71,Persian (Alolan Persian),-13,-57,-60,-30,-38,66,13718
72,Psyduck,-28,-65,-72,-40,-53,6,14638
73,Golduck,2,-35,-42,-10,-23,36,4918
74,Mankey,-38,-37,-85,-70,-58,21,18743
75,Primeape,-13,-12,-60,-45,-33,46,9143
76,Growlithe,-23,-47,-75,-35,-53,11,12518
77,Growlithe (Hisuian Growlithe),-18,-42,-75,-40,-53,6,12158
78,Arcanine,12,-7,-40,-5,-23,46,4463
79,Arcanine (Hisuian Arcanine),17,-2,-40,-10,-23,41,4203
80,Poliwag,-38,-67,-80,-65,-63,41,22208
81,Poliwhirl,-13,-52,-55,-55,-53,41,13413
82,Poliwrath,12,-22,-25,-35,-13,21,3088
83,Abra,-53,-97,-105,0,-48,41,27228
84,Kadabra,-38,-82,-90,15,-33,56,20718
85,Alakazam,-23,-67,-75,30,-8,71,16648
86,Alakazam (Mega Alakazam),-23,-67,-55,70,2,101,23148
87,Machop,-8,-37,-70,-70,-68,-14,16053
88,Machoke,2,-17,-50,-55,-43,-4,7683
89,Machamp,12,13,-40,-40,-18,6,3873
90,Bellsprout,-28,-42,-85,-35,-73,-9,16408
91,Weepinbell,-13,-27,-70,-20,-58,6,9598
92,Victreebel,2,-12,-55,-5,-33,21,4728
93,Tentacool,-38,-77,-85,-55,-3,21,18073
94,Tentacruel,2,-47,-55,-25,17,51,8753
95,Geodude,-38,-37,-20,-75,-73,-29,15008
96,Geodude (Alolan Geodude),-38,-37,-20,-75,-73,-29,15008
97,Graveler,-23,-22,-5,-60,-58,-14,8198
98,Graveler (Alolan Graveler),-23,-22,-5,-60,-58,-14,8198
99,Golem,2,3,10,-50,-38,-4,4073
100,Golem (Alolan Golem),2,3,10,-50,-38,-4,4073
101,Ponyta,-28,-32,-65,-40,-38,41,10758
102,Ponyta (Galarian Ponyta),-28,-32,-65,-40,-38,41,10758
103,Rapidash,-13,-17,-50,-25,-23,56,7248
104,Rapidash (Galarian Rapidash),-13,-17,-50,-25,-23,56,7248
105,Slowpoke,12,-52,-55,-65,-63,-34,15223
106,Slowpoke (Galarian Slowpoke),12,-52,-55,-65,-63,-34,15223
107,Slowbro,17,-42,-10,-5,-23,-19,3068
108,Slowbro (Mega Slowbro),17,-42,60,25,-23,-19,7168
109,Slowbro (Galarian Slowbro),17,-17,-25,-5,-33,-19,2678
110,Magnemite,-53,-82,-50,-10,-48,-4,14453
111,Magneton,-28,-57,-25,15,-33,21,6413
112,Farfetch'd,-26,-27,-65,-47,-41,11,9641
113,Farfetch'd (Galarian Farfetch'd),-26,-22,-65,-47,-41,6,9311
114,Doduo,-43,-32,-75,-70,-68,26,18698
115,Dodrio,-18,-7,-50,-45,-43,61,10468
116,Seel,-13,-72,-65,-60,-33,-4,14283
117,Dewgong,12,-47,-40,-35,-8,21,5683
118,Grimer,2,-37,-70,-65,-53,-24,13883
119,Grimer (Alolan Grimer),2,-37,-70,-65,-53,-24,13883
120,Muk,27,-12,-45,-40,-3,1,4508
121,Muk (Alolan Muk),27,-12,-45,-40,-3,1,4508
122,Shellder,-48,-52,-20,-60,-78,-9,15173
123,Cloyster,-28,-22,60,-20,-58,21,9073
124,Gastly,-48,-82,-90,-5,-68,31,22738
125,Haunter,-33,-67,-75,10,-48,46,15723
126,Gengar,-18,-52,-60,25,-28,61,11758
127,Gengar (Mega Gengar),-18,-52,-40,65,-8,81,15478
128,Onix,-43,-72,40,-75,-58,21,18063
129,Drowzee,-18,-69,-75,-62,-13,-7,14772
130,Hypno,7,-44,-50,-32,12,18,5977
131,Krabby,-48,-12,-30,-80,-78,1,15833
132,Kingler,-23,13,-5,-55,-53,26,7233
133,Voltorb,-38,-87,-70,-50,-48,51,21318
134,Voltorb (Hisuian Voltorb),-38,-87,-70,-50,-48,51,21318
135,Electrode,-18,-67,-50,-25,-23,101,18668
136,Electrode (Hisuian Electrode),-18,-67,-50,-25,-23,101,18668
137,Exeggcute,-18,-77,-40,-45,-58,-9,13323
138,Exeggutor,17,-22,-35,20,-28,6,3218
139,Exeggutor (Alolan Exeggutor),17,-12,-35,20,-28,-4,2858
140,Cubone,-28,-67,-25,-65,-53,-14,13128
141,Marowak,-18,-37,-10,-55,-23,-4,5363
142,Marowak (Alolan Marowak),-18,-37,-10,-55,-23,-4,5363
143,Hitmonlee,-28,3,-67,-70,7,38,11675
144,Hitmonchan,-28,-12,-41,-70,7,27,8287
145,Lickitung,12,-62,-45,-45,-28,-19,9183
146,Koffing,-38,-52,-25,-45,-58,-14,10358
147,Weezing,-13,-27,0,-20,-33,11,2508
148,Weezing (Galarian Weezing),-13,-27,0,-20,-33,11,2508
149,Rhyhorn,2,-32,-25,-75,-73,-24,13183
150,Rhydon,27,13,0,-60,-58,-9,7943
151,Chansey,172,-112,-115,-70,2,1,60258
152,Tangela,-13,-62,-5,-5,-63,11,8153
153,Kangaskhan,27,-22,-40,-65,-23,41,9248
154,Kangaskhan (Mega Kangaskhan),27,8,-20,-45,-3,51,5828
155,Horsea,-48,-77,-50,-35,-78,11,18163
156,Seadra,-23,-52,-25,-10,-58,36,8618
157,Goldeen,-33,-50,-60,-70,-53,14,15094
158,Seaking,2,-25,-55,-40,-23,19,6144
159,Staryu,-48,-72,-65,-35,-48,36,16538
160,Starmie,-18,-42,-35,-5,-18,66,8018
161,Mr. Mime,-38,-72,-55,-5,17,41,11648
162,Mr. Mime (Galarian Mr. Mime),-28,-52,-55,-15,-13,51,9508
163,Scyther,-8,-7,-40,-50,-23,56,7878
164,Jynx,-13,-67,-85,10,-8,46,14163
165,Electabuzz,-13,-34,-63,-10,-18,56,8854
166,Magmar,-13,-22,-63,-5,-18,44,6907
167,Pinsir,-13,8,-20,-50,-33,36,5518
168,Pinsir (Mega Pinsir),-13,38,0,-40,-13,56,6518
169,Tauros,-3,-17,-25,-65,-33,61,9958
170,Tauros (Paldean Tauros (Combat Breed)),-3,-7,-15,-75,-33,51,9598
171,Tauros (Paldean Tauros (Blaze Breed)),-3,-7,-15,-75,-33,51,9598
172,Tauros (Paldean Tauros (Aqua Breed)),-3,-7,-15,-75,-33,51,9598
173,Magikarp,-58,-107,-65,-90,-83,31,34988
174,Gyarados,17,8,-41,-45,-3,32,5092
175,Gyarados (Mega Gyarados),17,38,-11,-35,27,32,4832
176,Lapras,52,-32,-40,-20,-8,11,5913
177,Ditto,-30,-69,-72,-57,-55,-1,17120
178,Eevee,-23,-62,-70,-60,-38,6,14353
179,Eevee (Partner Eevee),-13,-42,-50,-40,-18,26,7033
180,Vaporeon,52,-52,-60,5,-8,16,9353
181,Jolteon,-13,-52,-60,5,-8,81,13123
182,Flareon,-13,13,-60,-10,7,16,4343
183,Porygon,-13,-57,-50,-20,-28,-9,7183
184,Omanyte,-43,-77,-20,-15,-48,-14,10903
185,Omastar,-8,-57,5,10,-33,6,4563
186,Kabuto,-48,-37,-30,-50,-58,6,10473
187,Kabutops,-18,-2,-15,-40,-33,31,4203
188,Aerodactyl,2,-12,-55,-45,-28,81,12543
189,Aerodactyl (Mega Aerodactyl),2,18,-35,-35,-8,101,13043
190,Snorlax,82,-7,-55,-40,7,-19,11808
191,Articuno,12,-32,-20,-10,22,36,3448
192,Articuno (Galarian Articuno),12,-32,-35,20,-3,46,4918
193,Zapdos,12,-27,-35,20,-13,51,5268
194,Zapdos (Galarian Zapdos),12,8,-30,-20,-13,51,4278
195,Moltres,12,-17,-30,20,-18,41,3738
196,Moltres (Galarian Moltres),12,-32,-30,-5,22,41,4258
197,Dratini,-37,-53,-75,-55,-53,1,15638
198,Dragonair,-17,-33,-55,-35,-33,21,7158
199,Dragonite,13,17,-25,-5,-3,31,2078
200,Mewtwo,28,-7,-30,49,-13,81,10864
201,Mewtwo (Mega Mewtwo X),28,73,-20,49,-3,81,15484
202,Mewtwo (Mega Mewtwo Y),28,33,-50,89,17,91,20864
203,Mew,22,-17,-20,-5,-3,51,3808
204,Chikorita,-33,-68,-55,-56,-38,-4,13334
205,Bayleef,-18,-55,-40,-42,-23,11,7363
206,Meganium,2,-35,-20,-22,-3,31,3083
207,Cyndaquil,-39,-65,-77,-45,-53,16,16765
208,Quilava,-20,-53,-62,-25,-38,31,10083
209,Typhlosion,0,-33,-42,4,-18,51,5794
210,Typhlosion (Hisuian Typhlosion),-5,-33,-42,14,-18,46,5514
211,Totodile,-28,-52,-56,-61,-55,-6,13406
212,Croconaw,-13,-37,-40,-46,-40,9,6935
213,Feraligatr,7,-12,-20,-26,-20,29,2510
214,Sentret,-43,-71,-86,-70,-58,-29,23391
215,Furret,7,-41,-56,-60,-48,41,12451
216,Hoothoot,-18,-87,-90,-69,-47,1,22964
217,Noctowl,22,-67,-70,-19,-7,21,10724
218,Ledyba,-38,-97,-90,-65,-23,6,23743
219,Ledian,-23,-82,-70,-50,7,36,15998
220,Spinarak,-38,-57,-80,-65,-63,-19,19648
221,Ariados,-8,-27,-50,-45,-33,-9,6488
222,Crobat,7,-27,-40,-35,-23,81,10693
223,Chinchou,-3,-79,-82,-49,-47,18,17908
224,Lanturn,47,-59,-62,-29,-27,18,11428
225,Pichu,-58,-77,-105,-70,-68,11,29963
226,Cleffa,-28,-92,-92,-60,-48,-34,24772
227,Igglybuff,12,-87,-105,-65,-83,-34,31008
228,Togepi,-43,-97,-55,-65,-38,-29,20793
229,Togetic,-23,-77,-35,-25,2,-9,8393
230,Natu,-38,-67,-75,-35,-58,21,16588
231,Xatu,-13,-42,-50,-10,-33,46,7738
232,Mareep,-23,-77,-80,-40,-58,-14,18018
233,Flaaffy,-8,-62,-65,-25,-43,-4,10623
234,Ampharos,12,-42,-35,10,-13,6,3438
235,Ampharos (Mega Ampharos),12,-22,-15,60,7,-4,4518
236,Bellossom,-3,-37,-25,-15,-3,1,2238
237,Marill,-8,-97,-70,-85,-53,-9,24488
238,Azumarill,22,-67,-40,-45,-23,1,9128
239,Sudowoodo,-8,-17,-5,-75,-38,-19,7808
240,Politoed,12,-42,-45,-15,-3,21,4608
241,Hoppip,-43,-82,-80,-70,-48,1,22178
242,Skiploom,-23,-72,-70,-60,-38,31,16618
243,Jumpluff,-3,-62,-50,-50,-8,61,12638
244,Aipom,-23,-47,-65,-65,-48,36,14788
245,Sunkern,-48,-87,-90,-75,-73,-19,29288
246,Sunflora,-3,-42,-65,0,-18,-19,6683
247,Yanma,-13,-52,-75,-30,-58,46,14878
248,Wooper,-23,-72,-75,-80,-78,-34,24978
249,Wooper (Paldean Wooper),-23,-72,-75,-80,-78,-34,24978
250,Quagsire,17,-32,-35,-40,-38,-14,5778
251,Espeon,-13,-52,-60,25,-8,61,10883
252,Umbreon,17,-52,-10,-45,27,16,6103
253,Murkrow,-18,-32,-78,-20,-61,42,13317
254,Slowking,17,-42,-40,-5,7,-19,4088
255,Slowking (Galarian Slowking),17,-52,-40,5,7,-19,5028
256,Misdreavus,-18,-57,-60,-20,-18,36,9193
257,Unown,-30,-45,-72,-33,-55,-1,12224
258,Wobbuffet,112,-84,-62,-72,-45,-16,30909
259,Girafarig,-8,-37,-55,-15,-38,36,7423
260,Pineco,-28,-52,-30,-70,-68,-34,15068
261,Forretress,-3,-27,20,-45,-43,-9,5093
262,Dunsparce,22,-47,-50,-40,-38,-4,8253
263,Gligar,-13,-42,-15,-70,-38,36,9798
264,Steelix,-3,-32,80,-50,-38,-19,11738
265,Steelix (Mega Steelix),-3,8,110,-50,-8,-19,15098
266,Snubbull,-18,-37,-70,-65,-63,-19,15148
267,Granbull,12,3,-45,-45,-43,-4,6068
268,Qwilfish,-13,-22,-35,-50,-48,36,7978
269,Qwilfish (Hisuian Qwilfish),-13,-22,-35,-50,-48,36,7978
270,Scizor,-8,13,-20,-50,-23,16,3918
271,Scizor (Mega Scizor),-8,33,20,-40,-3,26,3838
272,Shuckle,-58,-107,110,-95,127,-44,54003
273,Heracross,2,8,-45,-65,-8,36,7678
274,Heracross (Mega Heracross),2,68,-5,-65,2,26,9558
275,Sneasel,-23,-22,-65,-70,-28,66,15278
276,Sneasel (Hisuian Sneasel),-23,-22,-65,-70,-28,66,15278
277,Teddiursa,-18,-37,-70,-55,-53,-9,12508
278,Ursaring,12,13,-45,-30,-28,6,4058
279,Slugma,-38,-77,-80,-35,-63,-29,19808
280,Magcargo,-18,-67,0,-15,-23,-19,5928
281,Swinub,-28,-67,-80,-75,-73,1,22628
282,Piloswine,22,-17,-40,-45,-43,1,6248
283,Corsola,-13,-62,-25,-40,-8,-14,6498
284,Corsola (Galarian Corsola),-18,-62,-20,-40,-3,-19,6538
285,Remoraid,-43,-52,-85,-40,-68,16,18258
286,Octillery,-3,-12,-45,0,-28,-4,2978
287,Delibird,-33,-62,-75,-40,-58,26,16198
288,Mantine,7,-77,-50,-25,37,21,10913
289,Skarmory,-13,-37,20,-65,-33,21,7693
290,Houndour,-33,-57,-90,-25,-53,16,16128
291,Houndoom,-3,-27,-70,5,-23,46,8308
292,Houndoom (Mega Houndoom),-3,-27,-30,35,-13,66,7388
293,Kingdra,-3,-22,-25,-10,-8,36,2578
294,Phanpy,12,-57,-60,-65,-63,-9,15268
295,Donphan,12,3,0,-45,-43,1,4028
296,Porygon2,7,-37,-30,0,-8,11,2503
297,Stantler,-5,-22,-58,-20,-38,36,7013
298,Smeargle,-23,-97,-85,-85,-58,26,28428
299,Tyrogue,-43,-82,-85,-70,-68,-14,25518
300,Hitmontop,-28,-22,-25,-70,7,21,7283
301,Smoochum,-33,-87,-105,-20,-38,16,21783
302,Elekid,-33,-54,-83,-40,-48,46,16914
303,Magby,-33,-42,-83,-35,-48,34,14427
304,Miltank,17,-37,-15,-65,-33,51,9798
305,Blissey,177,-107,-110,-30,32,6,56838
306,Raikou,12,-32,-45,10,-3,66,7658
307,Entei,37,-2,-35,-15,-28,51,6208
308,Suicune,22,-42,-5,-15,12,36,3938
309,Larvitar,-28,-53,-70,-60,-53,-8,14966
310,Pupitar,-8,-33,-50,-40,-33,2,6346
311,Tyranitar,22,17,-10,-10,-3,12,1126
312,Tyranitar (Mega Tyranitar),22,47,30,-10,17,22,4466
313,Lugia,28,-27,10,-15,51,61,8160
314,Ho-Oh,28,13,-30,5,51,41,6160
315,Celebi,22,-17,-20,-5,-3,51,3808
316,Treecko,-38,-72,-85,-40,-48,21,18198
317,Grovyle,-28,-52,-75,-20,-38,46,13073
318,Sceptile,-8,-32,-55,0,-18,71,9478
319,Sceptile (Mega Sceptile),-8,-7,-45,40,-18,96,13278
320,Torchic,-33,-57,-80,-35,-53,-4,14788
321,Combusken,-18,-32,-60,-20,-43,6,7233
322,Blaziken,2,3,-50,5,-33,31,4588
323,Blaziken (Mega Blaziken),2,43,-40,25,-23,51,7208
324,Mudkip,-28,-47,-70,-55,-53,-9,13808
325,Marshtomp,-8,-32,-50,-45,-33,1,6703
326,Swampert,22,-7,-30,-20,-13,11,2123
327,Swampert (Mega Swampert),22,33,-10,-10,7,21,2263
328,Poochyena,-43,-62,-85,-75,-73,-14,24068
329,Mightyena,-8,-27,-50,-45,-43,21,7608
330,Zigzagoon,-40,-87,-79,-75,-62,11,25000
331,Zigzagoon (Galarian Zigzagoon),-40,-87,-79,-75,-62,11,25000
332,Linoone,0,-47,-59,-55,-42,51,13080
333,Linoone (Galarian Linoone),0,-47,-59,-55,-42,51,13080
334,Wurmple,-33,-72,-85,-85,-73,-29,26893
335,Silcoon,-28,-82,-65,-80,-78,-34,25373
336,Beautifly,-18,-47,-70,-5,-53,16,10523
337,Cascoon,-28,-82,-65,-80,-78,-34,25373
338,Dustox,-18,-67,-50,-55,-13,16,10763
339,Lotad,-38,-87,-90,-65,-53,-19,24508
340,Lombre,-18,-67,-70,-45,-33,1,12828
341,Ludicolo,2,-47,-50,-15,-3,21,5388
342,Seedot,-38,-77,-70,-75,-73,-19,23588
343,Nuzleaf,-8,-47,-80,-45,-63,11,14788
344,Shiftry,12,-17,-60,-15,-43,31,7068
345,Taillow,-38,-62,-90,-75,-73,36,25638
346,Swellow,-18,-32,-60,-30,-53,76,14433
347,Wingull,-38,-87,-90,-50,-73,36,26238
348,Pelipper,-18,-67,-20,-10,-33,16,6658
349,Ralts,-50,-92,-95,-60,-68,-9,28294
350,Kirlia,-40,-82,-85,-40,-48,1,19454
351,Gardevoir,-10,-52,-55,20,12,31,7334
352,Gardevoir (Mega Gardevoir),-10,-32,-55,60,32,51,11374
353,Surskit,-38,-87,-88,-55,-51,16,22639
354,Masquerain,-8,-57,-58,-5,-21,31,8104
355,Shroomish,-18,-77,-60,-65,-43,-14,16123
356,Breloom,-18,13,-40,-45,-43,21,6408
357,Slakoth,-18,-57,-60,-70,-68,-19,17058
358,Vigoroth,2,-37,-40,-50,-48,41,9458
359,Slaking,72,43,-20,-10,-38,51,11578
360,Nincada,-47,-72,-30,-75,-73,-9,19328
361,Ninjask,-17,-27,-75,-55,-53,111,24798
362,Shedinja,-77,-27,-75,-75,-73,-9,23318
363,Whismur,-14,-66,-97,-54,-80,-21,23718
364,Loudred,6,-46,-77,-34,-60,-1,12838
365,Exploud,26,-26,-57,-14,-30,19,6058
366,Makuhita,-6,-57,-90,-85,-73,-24,24515
367,Hariyama,66,3,-60,-65,-43,1,14040
368,Azurill,-28,-97,-80,-85,-63,-29,28628
369,Nosepass,-48,-72,15,-60,-13,-19,11843
370,Skitty,-28,-72,-75,-70,-68,1,21118
371,Delcatty,-8,-52,-55,-50,-48,41,12278
372,Sableye,-28,-42,-45,-40,-38,1,7618
373,Sableye (Mega Sableye),-28,-32,5,-20,12,-29,3218
374,Mawile,-28,-32,-35,-50,-48,1,7838
375,Mawile (Mega Mawile),-28,-12,5,-50,-8,1,3518
376,Aron,-28,-47,-20,-65,-63,-19,11948
377,Lairon,-18,-27,20,-55,-53,-9,7368
378,Aggron,-8,-7,60,-45,-43,1,7588
379,Aggron (Mega Aggron),-8,23,110,-45,-23,1,15248
380,Meditite,-48,-77,-65,-65,-48,11,19108
381,Medicham,-18,-57,-45,-45,-28,31,9368
382,Medicham (Mega Medicham),-18,-17,-35,-25,-18,51,5388
383,Electrike,-38,-72,-80,-40,-63,16,18853
384,Manectric,-8,-42,-60,0,-43,56,10413
385,Manectric (Mega Manectric),-8,-42,-40,30,-23,86,12253
386,Plusle,-18,-67,-80,-20,-28,46,14513
387,Minun,-18,-77,-70,-30,-18,46,14493
388,Volbeat,-13,-44,-45,-58,-18,36,9114
389,Illumise,-13,-70,-45,-32,-18,36,9738
390,Roselia,-28,-57,-75,-5,-23,16,10468
391,Gulpin,-8,-74,-67,-62,-50,-9,16454
392,Swalot,22,-44,-37,-32,-20,6,5249
393,Carvanha,-33,-27,-100,-40,-83,16,20563
394,Sharpedo,-8,3,-80,-10,-63,46,12658
395,Sharpedo (Mega Sharpedo),-8,23,-50,5,-38,56,7698
396,Wailmer,52,-47,-85,-35,-68,11,18108
397,Wailord,92,-27,-75,-15,-58,11,18528
398,Numel,-18,-57,-80,-40,-58,-14,15133
399,Camerupt,-8,-17,-50,0,-28,-9,3718
400,Camerupt (Mega Camerupt),-8,3,-20,40,2,-29,2918
401,Torkoal,-8,-32,20,-20,-33,-29,3818
402,Spoink,-18,-92,-85,-35,-23,11,17888
403,Grumpig,2,-72,-55,-15,7,31,9448
404,Spinda,-18,-57,-60,-45,-43,11,11168
405,Trapinch,-33,-17,-75,-60,-58,-39,15488
406,Vibrava,-28,-47,-70,-55,-53,21,14168
407,Flygon,2,-17,-40,-25,-23,51,5648
408,Cacnea,-28,-32,-80,-20,-63,-14,12773
409,Cacturne,-8,-2,-60,10,-43,6,5653
410,Swablu,-33,-77,-60,-65,-28,1,15628
411,Altaria,-3,-47,-30,-35,2,31,5308
412,Altaria (Mega Altaria),-3,-7,-10,5,2,31,1148
413,Zangoose,-5,-2,-60,-45,-43,41,9184
414,Seviper,-5,-17,-60,-5,-43,16,6044
415,Lunatone,12,-62,-55,-10,-18,21,7878
416,Solrock,12,-22,-35,-50,-38,21,6238
417,Barboach,-28,-69,-77,-59,-62,11,18920
418,Whiscash,32,-39,-47,-29,-32,11,6740
419,Corphish,-35,-37,-55,-55,-68,-14,13464
420,Crawdaunt,-15,3,-35,-15,-48,6,4024
421,Baltoy,-38,-77,-65,-65,-33,6,16948
422,Claydol,-18,-47,-15,-35,17,26,4948
423,Lileep,-12,-76,-43,-44,-16,-26,10637
424,Cradily,8,-36,-23,-24,4,-6,2517
425,Anorith,-33,-22,-70,-65,-53,26,14183
426,Armaldo,-3,8,-20,-35,-23,-4,2243
427,Feebas,-58,-102,-100,-95,-48,31,36058
428,Milotic,17,-57,-41,-5,22,32,6752
429,Castform,-8,-47,-50,-35,-33,21,7528
430,Kecleon,-18,-27,-50,-45,17,-9,5948
431,Shuppet,-34,-42,-85,-42,-70,-4,16825
432,Banette,-14,-2,-55,-22,-40,16,5565
433,Banette (Mega Banette),-14,48,-45,-12,-20,26,5745
434,Duskull,-58,-77,-30,-75,-13,-24,16563
435,Dusclops,-38,-47,10,-45,27,-24,7083
436,Tropius,21,-49,-37,-33,-16,2,5560
437,Chimecho,-3,-67,-40,-10,-13,16,6623
438,Absol,-13,13,-60,-30,-43,26,7363
439,Absol (Mega Absol),-13,33,-60,10,-43,66,11163
440,Wynaut,17,-94,-72,-82,-55,-26,24734
441,Snorunt,-28,-67,-70,-55,-53,1,16008
442,Glalie,2,-37,-40,-25,-23,31,5088
443,Glalie (Mega Glalie),2,3,-40,15,-23,51,4968
444,Spheal,-8,-77,-70,-50,-53,-24,16778
445,Sealeo,12,-57,-50,-30,-33,-4,7898
446,Walrein,32,-37,-30,-10,-13,16,3818
447,Clamperl,-43,-53,-35,-31,-48,-17,9437
448,Huntail,-23,-13,-15,-11,-28,3,1837
449,Gorebyss,-23,-33,-15,9,-28,3,2717
450,Relicanth,22,-27,10,-60,-38,6,6393
451,Luvdisc,-35,-87,-65,-65,-38,48,20992
452,Bagon,-33,-42,-60,-65,-73,1,16008
453,Shelgon,-13,-22,-20,-45,-53,1,5888
454,Salamence,17,18,-40,5,-23,51,5368
455,Salamence (Mega Salamence),17,28,10,15,-13,71,6608
456,Beldum,-38,-62,-40,-70,-43,-19,13998
457,Metang,-18,-42,-20,-50,-23,1,5518
458,Metagross,2,18,10,-10,-13,21,1138
459,Metagross (Mega Metagross),2,28,30,0,7,61,5458
460,Regirock,2,-17,80,-55,-3,1,9728
461,Regice,2,-67,-20,-5,97,1,14328
462,Registeel,2,-42,30,-30,47,1,5778
463,Latias,2,-37,-30,5,27,61,6748
464,Latias (Mega Latias),2,-17,0,35,47,61,7448
465,Latios,2,-27,-40,25,7,61,6728
466,Latios (Mega Latios),2,13,-20,55,17,61,7608
467,Kyogre,22,-17,-30,45,37,41,6748
468,Kyogre (Primal Kyogre),22,33,-30,75,57,41,13028
469,Groudon,22,33,20,-5,-13,41,3848
470,Groudon (Primal Groudon),22,63,40,45,-13,41,9928
471,Rayquaza,27,33,-30,45,-13,46,7028
472,Rayquaza (Mega Rayquaza),27,63,-20,75,-3,66,15088
473,Jirachi,22,-17,-20,-5,-3,51,3808
474,Deoxys (Normal Forme),-28,33,-70,45,-53,101,21808
475,Deoxys (Attack Forme),-28,63,-100,75,-83,101,37468
476,Deoxys (Defense Forme),-28,-47,40,-35,57,41,10748
477,Deoxys (Speed Forme),-28,-22,-30,-10,-13,131,19598
478,Turtwig,-23,-49,-56,-60,-48,-18,12294
479,Grotle,-3,-28,-35,-50,-38,-13,6131
480,Torterra,17,-8,-15,-30,-18,7,1851
481,Chimchar,-34,-59,-76,-47,-59,12,16247
482,Monferno,-14,-39,-68,-27,-51,32,10695
483,Infernape,-2,-13,-49,-1,-32,59,7080
484,Piplup,-25,-66,-67,-44,-47,-9,13696
485,Prinplup,-14,-51,-52,-24,-27,1,6807
486,Empoleon,6,-31,-32,6,-2,11,2182
487,Starly,-38,-62,-90,-75,-73,11,24463
488,Staravia,-23,-42,-70,-65,-63,31,16348
489,Staraptor,7,3,-50,-55,-43,51,10033
490,Bidoof,-19,-72,-80,-70,-63,-18,21138
491,Bibarel,1,-32,-60,-50,-43,22,9458
492,Kricketot,-41,-92,-79,-80,-62,-24,27206
493,Kricketune,-1,-32,-69,-50,-52,16,11246
494,Shinx,-33,-52,-86,-65,-69,-4,20191
495,Luxio,-18,-32,-71,-45,-54,11,11451
496,Luxray,2,3,-41,-10,-24,21,2811
497,Budew,-38,-87,-85,-55,-33,6,20388
498,Roserade,-18,-47,-55,20,2,41,7643
499,Cranidos,-11,8,-80,-75,-73,9,17620
500,Rampardos,19,48,-60,-40,-53,9,10755
501,Shieldon,-48,-75,-2,-63,-15,-19,12488
502,Bastiodon,-18,-65,48,-58,35,-19,11803
503,Burmy,-38,-88,-75,-76,-58,-13,24122
504,Wormadam (Plant Cloak),-18,-58,-35,-26,2,-13,5762
505,Wormadam (Sandy Cloak),-18,-38,-15,-46,-18,-13,4602
506,Wormadam (Trash Cloak),-18,-48,-25,-36,-8,-13,4782
507,Mothim,-8,-23,-70,-11,-53,17,8712
508,Combee,-48,-87,-78,-75,-61,21,25744
509,Vespiquen,-8,-37,-18,-25,-1,-9,2464
510,Pachirisu,-18,-72,-50,-60,-13,46,13893
511,Buizel,-23,-52,-85,-45,-73,36,19108
512,Floatzel,7,-12,-65,-20,-53,66,11983
513,Cherubi,-33,-82,-75,-43,-50,-14,17983
514,Cherrim,-8,-57,-50,-18,-25,36,8058
515,Shellos,-2,-69,-72,-48,-41,-15,14159
516,Gastrodon,33,-34,-52,-13,-21,-10,5659
517,Ambipom,-3,-17,-54,-45,-37,66,10964
518,Drifloon,12,-67,-86,-45,-59,21,17976
519,Drifblim,72,-37,-76,-15,-49,31,15916
520,Buneary,-23,-51,-76,-61,-47,36,16132
521,Lopunny,-13,-41,-36,-51,-7,56,8932
522,Lopunny (Mega Lopunny),-13,19,-26,-51,-7,86,11252
523,Mismagius,-18,-57,-60,0,2,56,10313
524,Honchkrow,22,8,-68,0,-51,22,8257
525,Glameow,-29,-62,-78,-63,-66,36,20390
526,Purugly,-7,-35,-56,-41,-44,63,11996
527,Chingling,-33,-87,-70,-40,-53,-4,17983
528,Stunky,-15,-54,-73,-64,-62,25,17035
529,Skuntank,25,-24,-53,-34,-42,35,8155
530,Bronzor,-21,-93,-34,-81,-17,-26,17772
531,Bronzong,-11,-28,-4,-26,13,-16,2022
532,Bonsly,-28,-37,-25,-95,-58,-39,16688
533,Mime Jr.,-58,-92,-75,-35,-13,11,18968
534,Happiny,22,-112,-115,-90,-38,-19,36158
535,Chatot,-2,-52,-75,-13,-61,42,13987
536,Spiritomb,-28,-25,-12,-13,5,-14,1943
537,Gible,-20,-47,-75,-65,-58,-7,15872
538,Gabite,-10,-27,-55,-55,-48,33,10272
539,Garchomp,30,13,-25,-25,-18,53,5452
540,Garchomp (Mega Garchomp),30,53,-5,15,-8,43,5872
541,Munchlax,57,-32,-80,-65,-18,-44,17158
542,Riolu,-38,-47,-80,-70,-63,11,19043
543,Lucario,-8,-7,-50,10,-33,41,5483
544,Lucario (Mega Lucario),-8,28,-32,35,-33,63,8155
545,Hippopotas,-10,-45,-42,-67,-61,-17,12388
546,Hippowdon,30,-5,-2,-37,-31,-2,3263
547,Skorupi,-38,-67,-30,-75,-48,16,15018
548,Drapion,-8,-27,-10,-45,-28,46,5818
549,Croagunk,-30,-56,-80,-44,-63,1,16342
550,Toxicroak,5,-11,-55,-19,-38,36,6272
551,Carnivine,-4,-17,-48,-15,-31,-3,3804
552,Finneon,-29,-68,-64,-56,-42,17,14750
553,Lumineon,-9,-48,-44,-36,-17,42,7670
554,Mantyke,-33,-97,-70,-45,17,1,17713
555,Snover,-18,-55,-70,-43,-43,-9,12028
556,Abomasnow,12,-25,-45,-13,-18,11,3408
557,Abomasnow (Mega Abomasnow),12,15,-15,27,2,-19,1688
558,Weavile,-8,3,-55,-60,-18,76,12798
559,Magnezone,-8,-47,-5,25,-13,11,3213
560,Lickilicky,32,-32,-25,-25,-8,1,3363
561,Rhyperior,37,23,10,-50,-48,-9,6883
562,Tangrowth,22,-17,5,5,-53,1,3633
563,Electivire,-3,6,-53,-10,-18,46,5394
564,Magmortar,-3,-22,-53,20,-8,34,4922
565,Togekiss,7,-67,-25,15,12,31,6493
566,Yanmega,8,-41,-34,11,-47,46,7347
567,Leafeon,-13,-7,10,-45,-38,46,5903
568,Glaceon,-13,-57,-10,25,-8,16,4463
569,Gliscor,-3,-22,5,-60,-28,46,7018
570,Mamoswine,32,13,-40,-35,-43,31,6828
571,Porygon-Z,7,-37,-50,30,-28,41,7283
572,Gallade,-10,8,-55,-40,12,31,5894
573,Gallade (Mega Gallade),-10,48,-25,-40,12,61,8494
574,Probopass,-18,-62,25,-30,47,-9,7983
575,Dusknoir,-33,-17,15,-40,32,-4,4243
576,Froslass,-8,-37,-50,-25,-33,61,9368
577,Rotom,-28,-67,-43,-10,-26,42,9662
578,Rotom (Heat Rotom),-28,-52,-13,0,4,37,5042
579,Rotom (Wash Rotom),-28,-52,-13,0,4,37,5042
580,Rotom (Frost Rotom),-28,-52,-13,0,4,37,5042
581,Rotom (Fan Rotom),-28,-52,-13,0,4,37,5042
582,Rotom (Mow Rotom),-28,-52,-13,0,4,37,5042
583,Uxie,-3,-42,10,-30,27,46,5618
584,Mesprit,2,-12,-15,0,2,31,1338
585,Azelf,-3,8,-50,20,-33,66,8418
586,Dialga,22,3,0,45,-3,41,4208
587,Dialga (Origin Forme),22,-17,0,45,17,41,4768
588,Palkia,12,3,-20,45,17,51,5468
589,Palkia (Origin Forme),12,-17,-20,45,17,71,8188
590,Heatran,13,-27,-14,25,3,28,2512
591,Regigigas,32,43,-10,-25,7,51,6248
592,Giratina (Altered Forme),72,-17,0,-5,17,41,7468
593,Giratina (Origin Forme),72,3,-20,15,-3,41,7508
594,Cresselia,42,-47,0,-30,27,36,6898
595,Phione,2,-37,-40,-25,-23,31,5088
596,Manaphy,22,-17,-20,-5,-3,51,3808
597,Darkrai,-8,-27,-30,30,-13,76,8538
598,Shaymin (Land Forme),22,-17,-20,-5,-3,51,3808
599,Shaymin (Sky Forme),22,-14,-45,15,-28,78,9798
600,Arceus,42,3,0,15,17,71,7328
601,Victini,22,-17,-20,-5,-3,51,3808
602,Snivy,-33,-72,-65,-60,-48,14,16598
603,Servine,-18,-57,-45,-45,-28,34,9563
604,Serperior,-3,-42,-25,-30,-8,64,7458
605,Tepig,-13,-54,-75,-60,-58,-4,15690
606,Pignite,12,-24,-65,-35,-48,6,8510
607,Emboar,32,6,-55,-5,-38,16,5810
608,Oshawott,-23,-62,-75,-42,-58,-4,15142
609,Dewott,-3,-42,-60,-22,-43,11,7827
610,Samurott,17,-17,-35,3,-33,21,3342
611,Samurott (Hisuian Samurott),12,-9,-40,-5,-38,36,4590
612,Patrat,-33,-62,-81,-70,-64,-7,20539
613,Watchog,-18,-32,-51,-45,-34,28,7914
614,Lillipup,-33,-57,-75,-80,-58,6,19763
615,Herdier,-13,-37,-55,-70,-38,11,11028
616,Stoutland,7,-7,-30,-60,-13,31,5728
617,Purrloin,-37,-67,-83,-55,-66,17,20417
618,Liepard,-14,-29,-70,-17,-53,57,12284
619,Pansage,-28,-64,-72,-52,-55,15,16018
620,Simisage,-3,-19,-57,-7,-40,52,7972
621,Pansear,-28,-64,-72,-52,-55,15,16018
622,Simisear,-3,-19,-57,-7,-40,52,7972
623,Panpour,-28,-64,-72,-52,-55,15,16018
624,Simipour,-3,-19,-57,-7,-40,52,7972
625,Munna,-2,-92,-75,-38,-48,-25,18466
626,Musharna,38,-62,-35,2,-8,-20,6981
627,Pidove,-28,-62,-70,-69,-73,-6,19654
628,Tranquill,-16,-40,-58,-55,-61,16,12222
629,Unfezant,2,-2,-40,-40,-48,44,7448
630,Blitzle,-33,-57,-88,-55,-71,27,20877
631,Zebstrika,-3,-17,-57,-25,-40,67,10261
632,Roggenrola,-23,-42,-35,-80,-78,-34,17158
633,Boldore,-8,-12,-15,-55,-63,-29,8268
634,Gigalith,7,18,10,-45,-23,-24,3603
635,Woobat,-13,-72,-77,-50,-60,23,17911
636,Swoobat,-11,-60,-65,-28,-48,65,15259
637,Drilbur,-18,-32,-80,-75,-58,19,17098
638,Excadrill,32,18,-60,-55,-38,39,10938
639,Audino,25,-57,-34,-45,-17,1,7345
640,Audino (Mega Audino),25,-57,6,-25,23,1,5065
641,Timburr,-3,-37,-65,-80,-68,-14,16823
642,Gurdurr,7,-12,-35,-65,-53,-9,8533
643,Conkeldurr,27,23,-25,-50,-38,-4,5843
644,Tympole,-28,-67,-80,-55,-63,15,18892
645,Palpitoad,-3,-52,-65,-40,-48,20,11242
646,Seismitoad,27,-22,-45,-20,-28,25,5047
647,Throh,42,-17,-35,-75,-18,-4,9243
648,Sawk,-3,8,-45,-75,-28,36,9803
649,Sewaddle,-33,-64,-50,-65,-43,-7,13808
650,Swadloon,-23,-54,-30,-55,-23,-7,7948
651,Leavanny,-3,-14,-40,-35,-23,43,5408
652,Venipede,-48,-72,-61,-75,-64,8,20994
653,Whirlipede,-38,-62,-21,-65,-24,-2,10534
654,Scolipede,-18,-17,-31,-50,-34,63,9199
655,Cottonee,-38,-90,-60,-68,-53,17,20866
656,Whimsicott,-18,-50,-35,-28,-28,67,10106
657,Petilil,-33,-82,-70,-35,-53,-19,17108
658,Lilligant,-8,-57,-45,5,-28,41,7828
659,Lilligant (Hisuian Lilligant),-8,-12,-45,-55,-28,56,9178
660,Basculin,-8,-25,-55,-25,-48,49,9044
661,Sandile,-28,-45,-85,-70,-68,16,19814
662,Krokorok,-18,-35,-75,-60,-58,25,14763
663,Krookodile,17,0,-40,-40,-33,43,6427
664,Darumaka,-8,-27,-75,-90,-58,1,17883
665,Darumaka (Galarian Darumaka),-8,-27,-75,-90,-58,1,17883
666,Darmanitan (Standard Mode),27,23,-65,-75,-48,46,15528
667,Darmanitan (Zen Mode),27,-87,-15,35,2,6,9788
668,Darmanitan (Galarian Standard Mode),27,23,-65,-75,-48,46,15528
669,Darmanitan (Galarian Zen Mode),27,43,-65,-75,-48,86,22128
670,Maractus,-3,-31,-53,1,-36,11,5197
671,Dwebble,-28,-52,-35,-70,-68,6,14273
672,Crustle,-8,-12,5,-40,-28,-4,2633
673,Scraggy,-28,-42,-50,-70,-33,-1,11038
674,Scrafty,-13,-27,-5,-60,12,9,4748
675,Sigilyph,-6,-59,-40,-2,-23,48,7954
676,Yamask,-40,-87,-35,-50,-38,-19,14699
677,Yamask (Galarian Yamask),-40,-62,-35,-75,-38,-19,14099
678,Cofagrigus,-20,-67,25,-10,2,-19,5979
679,Tirtouga,-24,-39,-17,-52,-58,-27,9183
680,Carracosta,-4,-9,13,-22,-38,-17,2483
681,Archen,-23,-5,-75,-31,-58,21,10945
682,Archeops,-3,23,-55,7,-38,61,8777
683,Trubbish,-28,-67,-58,-65,-41,16,14799
684,Garbodor,2,-22,-38,-45,-21,26,5074
685,Zorua,-38,-52,-80,-25,-63,16,15398
686,Zorua (Hisuian Zorua),-43,-57,-80,-20,-63,21,16308
687,Zoroark,-18,-12,-60,15,-43,56,9278
688,Zoroark (Hisuian Zoroark),-23,-17,-60,20,-43,61,10388
689,Minccino,-23,-67,-80,-65,-63,26,20288
690,Cinccino,-3,-22,-60,-40,-43,66,11898
691,Gothita,-33,-87,-70,-50,-38,-4,17518
692,Gothorita,-18,-72,-50,-30,-18,6,9268
693,Gothitelle,-8,-62,-25,-10,7,16,4938
694,Solosis,-33,-87,-80,0,-53,-29,18708
695,Duosion,-13,-77,-70,20,-43,-19,13608
696,Reuniclus,32,-52,-45,20,-18,-19,6838
697,Ducklett,-16,-73,-70,-61,-53,6,17051
698,Swanna,-3,-30,-57,-18,-40,49,8483
699,Vanillite,-42,-67,-70,-40,-43,-5,14627
700,Vanillish,-27,-52,-55,-25,-28,10,7967
701,Vanilluxe,-7,-22,-35,5,-8,30,2747
702,Deerling,-18,-57,-70,-65,-53,26,16183
703,Sawsbuck,2,-17,-50,-45,-33,46,8023
704,Emolga,-23,-42,-60,-30,-43,54,11558
705,Karrablast,-28,-42,-75,-65,-58,11,15883
706,Escavalier,-8,18,-15,-45,2,-29,3483
707,Foongus,-9,-62,-75,-50,-48,-34,15510
708,Amoonguss,36,-32,-50,-20,-23,-19,6110
709,Frillish,-23,-77,-70,-40,-18,-9,13363
710,Jellicent,22,-57,-50,-20,2,11,6758
711,Alomomola,87,-42,-40,-65,-58,16,18778
712,Joltik,-28,-70,-70,-48,-53,16,15953
713,Galvantula,-8,-40,-60,-8,-43,59,10658
714,Ferroseed,-34,-67,-29,-81,-17,-39,14857
715,Ferrothorn,-4,-23,11,-51,13,-29,4277
716,Klink,-38,-62,-50,-60,-43,-19,13598
717,Klang,-18,-37,-25,-35,-18,1,3868
718,Klinklang,-18,-17,-5,-35,-18,41,3868
719,Tynamo,-43,-62,-80,-60,-63,11,19783
720,Eelektrik,-13,-32,-50,-30,-33,-9,5763
721,Eelektross,7,-2,-40,0,-23,1,2183
722,Elgyem,-23,-62,-65,-20,-48,-19,11663
723,Beheeyem,-3,-42,-45,20,-8,-9,4343
724,Litwick,-28,-87,-65,-40,-48,-29,17323
725,Lampent,-18,-77,-60,-10,-43,6,11838
726,Chandelure,-18,-62,-30,40,-13,31,7798
727,Axew,-32,-30,-60,-75,-63,8,15182
728,Fraxure,-12,0,-50,-65,-53,18,10002
729,Haxorus,-2,30,-30,-45,-33,48,7222
730,Cubchoo,-23,-47,-80,-45,-63,-9,15213
731,Beartic,17,13,-40,-35,-23,1,3813
732,Cryogonal,2,-67,-70,-10,32,56,13653
733,Shelmet,-28,-77,-35,-65,-38,-24,14183
734,Accelgor,2,-47,-80,-5,-43,96,19703
735,Stunfisk,31,-51,-36,-24,-4,-17,5739
736,Stunfisk (Galarian Stunfisk),31,-36,-21,-39,-19,-17,4869
737,Mienfoo,-33,-32,-70,-50,-53,16,12578
738,Mienshao,-13,8,-60,-10,-43,56,8918
739,Druddigon,-1,3,-30,-45,-13,-1,3105
740,Golett,-19,-43,-70,-70,-53,-14,15015
741,Golurk,11,7,-40,-50,-23,6,4835
742,Pawniard,-33,-32,-50,-65,-63,11,12928
743,Bisharp,-13,8,-20,-45,-33,21,4188
744,Bouffalant,17,-7,-25,-65,-8,6,5288
745,Rufflet,-8,-34,-70,-68,-53,11,13674
746,Braviary,22,6,-45,-48,-28,31,6594
747,Braviary (Hisuian Braviary),32,-34,-50,7,-33,16,6074
748,Vullaby,-8,-62,-45,-60,-38,11,11098
749,Mandibuzz,32,-52,-15,-50,-8,31,7478
750,Heatmor,7,-20,-54,0,-37,16,4990
751,Durant,-20,-8,-8,-57,-55,60,10402
752,Deino,-26,-52,-70,-60,-53,-11,14810
753,Zweilous,-6,-32,-50,-40,-33,9,6330
754,Hydreigon,14,-12,-30,20,-13,49,4210
755,Larvesta,-23,-32,-65,-55,-48,11,11228
756,Volcarona,7,-57,-55,30,2,51,9828
757,Cobalion,13,-27,9,-15,-31,59,5646
758,Terrakion,13,12,-30,-33,-13,59,5952
759,Virizion,13,-27,-48,-15,26,59,7584
760,Tornadus (Incarnate Forme),1,-2,-50,20,-23,62,7278
761,Tornadus (Therian Forme),1,-17,-40,5,-13,72,7268
762,Thundurus (Incarnate Forme),1,-2,-50,20,-23,62,7278
763,Thundurus (Therian Forme),1,-12,-50,40,-23,52,7478
764,Reshiram,22,3,-20,45,17,41,4888
765,Zekrom,22,33,0,15,-3,41,3488
766,Landorus (Incarnate Forme),11,8,-30,10,-23,52,4418
767,Landorus (Therian Forme),11,28,-30,0,-23,42,4098
768,Kyurem,47,13,-30,25,-13,46,6188
769,Kyurem (Black Kyurem),47,53,-20,15,-13,46,7928
770,Kyurem (White Kyurem),47,3,-30,65,-3,46,9468
771,Keldeo,13,-45,-30,24,-13,59,7320
772,Meloetta (Aria Forme),22,-40,-43,23,25,41,6768
773,Meloetta (Pirouette Forme),22,11,-30,-28,-26,79,9206
774,Genesect,-7,3,-25,15,-8,50,3472
775,Chespin,-22,-56,-55,-57,-58,-11,13379
776,Quilladin,-17,-39,-25,-49,-45,8,6925
777,Chesnaught,10,-10,2,-31,-28,15,2174
778,Fennekin,-38,-72,-80,-43,-43,11,16847
779,Braixen,-19,-58,-62,-15,-33,24,9459
780,Delphox,-3,-48,-48,9,-3,55,7732
781,Froakie,-37,-61,-80,-43,-59,22,17304
782,Frogadier,-24,-54,-68,-22,-47,48,13113
783,Greninja,-6,-22,-53,-2,-32,73,9686
784,Greninja (Ash-Greninja),-6,28,-53,48,-32,83,13846
785,Bunnelby,-40,-81,-82,-73,-67,8,24767
786,Diggersby,7,-61,-43,-55,-26,29,10161
787,Fletchling,-33,-67,-77,-65,-65,13,20126
788,Fletchinder,-16,-44,-65,-49,-51,35,12644
789,Talonflame,0,-36,-49,-31,-34,77,11743
790,Scatterbug,-40,-82,-80,-78,-78,-14,27088
791,Spewpa,-33,-95,-60,-78,-73,-20,25527
792,Vivillon,2,-65,-70,-15,-53,40,13763
793,Litleo,-16,-67,-62,-32,-49,23,12543
794,Pyroar,8,-49,-48,4,-37,57,9403
795,Flabébé,-34,-79,-81,-44,-24,-7,16519
796,Floette,-24,-72,-73,-30,-5,3,12023
797,Florges,0,-52,-52,7,51,26,8734
798,Skiddo,-12,-52,-72,-43,-46,3,12006
799,Gogoat,45,-17,-58,-8,-22,19,6587
800,Pancham,-11,-35,-58,-59,-55,-6,11252
801,Pangoro,17,7,-42,-36,-32,9,4503
802,Furfrou,-3,-37,-60,-40,-13,53,9556
803,Espurr,-16,-69,-66,-42,-43,19,13347
804,Meowstic,-4,-69,-44,-22,-22,55,10706
805,Honedge,-33,-37,-20,-70,-66,-21,12555
806,Doublade,-19,-7,30,-60,-54,-14,8022
807,Aegislash (Shield Forme),-18,-67,20,-55,37,11,9728
808,Aegislash (Blade Forme),-18,23,-70,35,-53,11,9908
809,Spritzee,0,-65,-60,-42,-38,-26,11709
810,Aromatisse,23,-45,-48,-6,-14,-20,5490
811,Swirlix,-16,-69,-54,-46,-46,0,12165
812,Slurpuff,4,-37,-34,-20,-28,23,4254
813,Inkay,-25,-63,-67,-68,-57,-4,16972
814,Malamar,8,-25,-32,-37,-28,24,4442
815,Binacle,-36,-65,-53,-66,-47,1,14896
816,Barbaracle,-6,-12,-5,-51,-17,19,3456
817,Skrelp,-28,-57,-60,-45,-43,-19,11868
818,Dragalge,-13,-42,-30,-8,20,-5,3322
819,Clauncher,-28,-64,-58,-47,-40,-5,12078
820,Clawitzer,-7,-44,-32,15,-14,10,3530
821,Helioptile,-34,-79,-87,-44,-60,21,20943
822,Heliolisk,-16,-62,-68,4,-9,60,12421
823,Tyrunt,-20,-28,-43,-60,-58,-1,9998
824,Tyrantrum,4,4,-1,-36,-44,22,3749
825,Amaura,-1,-58,-70,-38,-40,-3,11318
826,Aurorus,45,-40,-48,-6,-11,9,6167
827,Sylveon,17,-52,-55,5,27,11,6893
828,Hawlucha,0,-25,-45,-31,-40,69,9972
829,Dedenne,-11,-59,-63,-24,-36,52,12147
830,Carbink,-28,-67,30,-55,47,1,11408
831,Goomy,-33,-67,-85,-50,-28,-9,16168
832,Sliggoo,-10,-42,-67,-22,10,11,7058
833,Sliggoo (Hisuian Sliggoo),-20,-42,-37,-22,10,-9,4198
834,Goodra,12,-17,-50,5,47,31,6128
835,Goodra (Hisuian Goodra),2,-17,-20,5,47,11,3048
836,Klefki,-21,-37,-29,-25,-16,26,4208
837,Phantump,-35,-47,-72,-55,-43,-11,13613
838,Trevenant,7,-7,-44,-40,-21,7,4124
839,Pumpkaboo (Small Size),-34,-51,-50,-61,-48,7,12331
840,Pumpkaboo (Average Size),-29,-51,-50,-61,-48,2,11971
841,Pumpkaboo (Large Size),-24,-51,-50,-61,-48,-3,11711
842,Pumpkaboo (Super Size),-19,-51,-50,-61,-48,-8,11551
843,Gourgeist (Small Size),-23,-32,2,-47,-28,50,7050
844,Gourgeist (Average Size),-13,-27,2,-47,-28,35,5120
845,Gourgeist (Large Size),-3,-22,2,-47,-28,20,3890
846,Gourgeist (Super Size),7,-17,2,-47,-28,5,3360
847,Bergmite,-23,-48,-35,-73,-68,-21,14452
848,Avalugg,17,0,64,-61,-57,-21,11796
849,Avalugg (Hisuian Avalugg),17,10,64,-71,-67,-11,14136
850,Noibat,-38,-87,-85,-60,-63,6,23843
851,Noivern,7,-47,-40,-8,-23,74,9927
852,Xerneas,48,14,-25,26,-5,50,6326
853,Yveltal,48,14,-25,26,-5,50,6326
854,Zygarde (50% Forme),30,-17,1,-24,-8,46,3946
855,Zygarde (10% Forme),-24,-17,-49,-44,-18,66,9882
856,Zygarde (Complete Forme),138,-17,1,-14,-8,36,20890
857,Diancie,-28,-17,30,-5,47,1,4208
858,Diancie (Mega Diancie),-28,43,-10,55,7,61,9528
859,Hoopa (Hoopa Confined),2,-7,-60,45,27,21,6848
860,Hoopa (Hoopa Unbound),2,43,-60,65,27,31,11368
861,Volcanion,2,-7,0,25,-13,21,1288
862,Rowlet,-10,-62,-65,-55,-53,-7,14052
863,Dartrix,0,-42,-45,-35,-33,3,6112
864,Decidueye,0,-10,-45,-5,-3,21,2600
865,Decidueye (Hisuian Decidueye),10,-5,-40,-10,-8,11,2010
866,Litten,-33,-52,-80,-45,-63,21,16628
867,Torracat,-13,-32,-70,-25,-53,41,11208
868,Incineroar,17,-2,-30,-25,-13,11,2108
869,Popplio,-28,-63,-66,-39,-47,-9,12920
870,Brionne,-18,-48,-51,-14,-22,1,5910
871,Primarina,2,-43,-46,21,13,11,4700
872,Pikipek,-43,-42,-90,-75,-73,16,22923
873,Trumbeak,-23,-32,-70,-65,-53,26,14163
874,Toucannon,2,3,-45,-30,-28,11,3843
875,Yungoos,-30,-47,-90,-75,-73,-4,22179
876,Gumshoos,10,-7,-60,-50,-43,-4,8114
877,Grubbin,-31,-55,-75,-50,-58,-3,15484
878,Charjabug,-21,-35,-25,-50,-28,-13,5744
879,Vikavolt,-1,-47,-30,40,-28,-6,5530
880,Crabrawler,-31,-35,-63,-63,-56,14,13456
881,Crabominable,19,15,-43,-43,-36,-6,5616
882,Oricorio,-3,-47,-50,-7,-33,44,7792
883,Cutiefly,-38,-72,-80,-50,-63,35,20722
884,Ribombee,-18,-62,-60,-10,-33,75,14582
885,Rockruff,-33,-52,-80,-75,-63,11,19908
886,Lycanroc (Midday Form),-3,-2,-55,-50,-38,63,10951
887,Lycanroc (Midnight Form),7,-2,-45,-50,-28,33,6451
888,Lycanroc (Dusk Form),-3,0,-55,-50,-38,61,10699
889,Wishiwashi (Solo Form),-33,-97,-100,-80,-78,-9,33063
890,Wishiwashi (School Form),-33,23,10,35,32,-19,4328
891,Mareanie,-28,-64,-58,-62,-51,-4,14705
892,Toxapex,-28,-54,32,-52,39,-14,9145
893,Mudbray,-8,-17,-50,-60,-48,-4,8773
894,Mudsdale,22,8,-20,-50,-18,-14,3968
895,Dewpider,-40,-77,-68,-65,-31,-22,17823
896,Araquanid,-10,-47,-28,-55,29,-7,7008
897,Fomantis,-38,-62,-85,-55,-68,-14,20358
898,Lurantis,-8,-12,-30,-25,-13,-4,1918
899,Morelull,-38,-82,-65,-40,-28,-34,15933
900,Shiinotic,-18,-72,-40,-15,-3,-19,7703
901,Salandit,-30,-73,-80,-34,-63,28,18538
902,Salazzle,-10,-53,-60,6,-43,68,13018
903,Stufful,-8,-42,-70,-60,-53,1,13138
904,Bewear,42,8,-40,-50,-43,11,7898
905,Bounsweet,-36,-87,-82,-75,-65,-17,25728
906,Steenee,-26,-77,-72,-65,-55,13,19208
907,Tsareena,-6,3,-22,-55,-5,23,4108
908,Comfey,-27,-65,-30,-23,7,51,9033
909,Oranguru,12,-57,-40,-15,7,11,5388
910,Passimian,22,3,-30,-65,-43,31,8428
911,Wimpod,-53,-82,-80,-85,-73,31,29448
912,Golisopod,-3,8,20,-45,-13,-9,2748
913,Sandygast,-23,-62,-40,-35,-58,-34,11718
914,Palossand,7,-42,-10,-5,-28,-14,2918
915,Pyukumuku,-23,-57,10,-75,27,-44,12168
916,Type: Null,17,-22,-25,-10,-8,10,1662
917,Silvally,17,-22,-25,-10,-8,46,3678
918,Minior (Meteor Form),-18,-57,-20,-45,-3,11,6128
919,Minior (Core),-18,-17,-60,-5,-43,71,11128
920,Komala,-13,-2,-55,-30,-8,16,4418
921,Turtonator,-18,-39,15,-14,-18,-13,2759
922,Togedemaru,-13,-19,-57,-65,-30,47,11113
923,Mimikyu,-23,-27,-40,-55,2,47,8096
924,Bruxish,-10,-12,-50,-35,-33,43,6907
925,Drampa,0,-57,-35,30,-12,-13,5687
926,Dhelmise,-8,14,-20,-19,-13,-9,1271
927,Jangmo-o,-33,-62,-55,-60,-58,-4,14938
928,Hakamo-o,-23,-42,-30,-40,-33,16,6138
929,Kommo-o,-3,-7,5,-5,2,36,1408
930,Tapu Koko,-8,-2,-35,-10,-28,81,8738
931,Tapu Lele,-8,-32,-45,25,12,46,5998
932,Tapu Bulu,-8,13,-5,-20,-8,26,1398
933,Tapu Fini,-8,-42,-5,-10,27,36,3978
934,Cosmog,-35,-88,-89,-76,-72,-12,27994
935,Cosmoem,-35,-88,11,-76,28,-12,15794
936,Solgaleo,59,20,-13,8,-14,48,6614
937,Lunala,59,-4,-31,32,4,48,7802
938,Nihilego,31,-64,-73,22,28,54,14570
939,Buzzwole,29,22,19,-52,-50,30,7790
940,Pheromosa,-7,20,-83,32,-66,102,23122
941,Xurkitree,5,-28,-49,68,-32,34,10014
942,Celesteela,19,-16,-17,2,-2,12,1058
943,Kartana,-19,64,11,-46,-72,60,15478
944,Guzzlord,145,-16,-67,-8,-50,-6,28370
945,Necrozma,19,-10,-19,22,-14,30,2402
946,Necrozma (Dusk Mane Necrozma),19,40,7,8,6,28,2894
947,Necrozma (Dawn Wings Necrozma),19,-4,-11,52,24,28,4562
948,Necrozma (Ultra Necrozma),19,50,-23,62,-6,80,13670
949,Magearna,2,-22,-5,25,12,16,1538
950,Marshadow,12,8,-40,-15,-13,76,7978
951,Poipole,-11,-44,-53,-32,-36,24,7762
952,Naganadel,-5,-44,-47,22,-30,72,10738
953,Stakataka,-17,14,91,-52,-2,-36,12770
954,Blacephalon,-25,10,-67,46,-24,58,11270
955,Zeraora,10,-5,-45,-3,-23,94,11524
956,Meltan,-32,-52,-55,-50,-68,-15,14102
957,Melmetal,57,26,23,-25,-38,-15,6748
958,Grookey,-28,-52,-70,-65,-63,16,16838
959,Thwackey,-8,-32,-50,-50,-43,31,8898
960,Rillaboom,22,8,-30,-45,-33,36,5858
961,Scorbunny,-28,-46,-80,-65,-63,20,17894
962,Raboot,-13,-31,-60,-50,-43,45,11104
963,Cinderace,2,-1,-45,-40,-28,70,9314
964,Sobble,-28,-77,-80,-35,-63,21,18748
965,Drizzile,-13,-57,-65,-10,-48,41,11728
966,Inteleon,-8,-32,-55,20,-38,71,10998
967,Skwovet,-8,-62,-65,-70,-68,-24,18233
968,Greedent,42,-22,-25,-50,-28,-29,6998
969,Rookidee,-40,-70,-85,-72,-68,8,23597
970,Corvisquire,-10,-50,-65,-62,-48,28,13757
971,Corviknight,20,-30,-15,-52,-18,18,4877
972,Blipbug,-53,-97,-100,-80,-58,-4,31998
973,Dottler,-28,-82,-40,-55,-13,-19,12663
974,Orbeetle,-18,-72,-10,-25,17,41,8203
975,Nickit,-38,-89,-92,-58,-51,1,23795
976,Thievul,-8,-59,-62,-18,-11,41,9515
977,Gossifleur,-38,-77,-60,-65,-43,-39,18568
978,Eldegoss,-18,-67,-30,-25,17,11,6748
979,Wooloo,-36,-77,-65,-65,-58,-1,19040
980,Dubwool,-6,-37,-20,-45,-13,39,5520
981,Chewtle,-28,-53,-70,-67,-65,-5,17232
982,Drednaw,12,-2,-30,-57,-35,25,6147
983,Yamper,-19,-72,-70,-65,-53,-23,18008
984,Boltund,-9,-27,-60,-15,-43,72,11668
985,Rolycoly,-48,-77,-70,-65,-53,-19,20528
986,Carkol,2,-57,-30,-45,-33,1,7268
987,Coalossal,32,-37,0,-25,-13,-19,3548
988,Applin,-38,-77,-40,-65,-63,-29,18008
989,Flapple,-8,-7,-40,-10,-43,21,4103
990,Appletun,32,-32,-40,-5,-23,-19,4563
991,Silicobra,-26,-60,-45,-70,-53,-3,14019
992,Sandaconda,-6,-10,5,-40,-33,22,3334
993,Cramorant,-8,-32,-65,-20,-8,36,7073
994,Arrokuda,-37,-54,-80,-65,-73,17,20528
995,Barraskewda,-17,6,-60,-45,-53,87,16328
996,Toxel,-38,-79,-85,-51,-68,-9,22216
997,Toxtricity,-3,-19,-50,9,-33,26,4716
998,Sizzlipede,-28,-52,-75,-55,-53,-4,14963
999,Centiskorch,22,-2,-55,-15,-13,16,4163
1000,Clobbopus,-28,-49,-60,-55,-53,-17,12908
1001,Grapploct,2,1,-30,-35,-23,-7,2708
1002,Sinistea,-38,-72,-75,-31,-49,1,15616
1003,Polteageist,-18,-52,-55,29,11,21,7456
1004,Hatenna,-36,-87,-75,-49,-50,-10,19491
1005,Hattrem,-21,-77,-55,-19,-30,0,10656
1006,Hatterene,-21,-27,-25,31,0,-20,3156
1007,Impidimp,-33,-72,-90,-50,-63,1,20843
1008,Morgrem,-13,-57,-75,-30,-48,21,12688
1009,Grimmsnarl,17,3,-55,-10,-28,11,4328
1010,Obstagoon,15,-27,-19,-45,-22,46,5940
1011,Perrserker,-8,-7,-20,-55,-43,1,5388
1012,Cursola,-18,-22,-70,40,27,-19,8398
1013,Sirfetch'd,-16,18,-25,-37,-21,16,3271
1014,Mr. Rime,2,-32,-45,5,-3,21,3528
1015,Runerigus,-20,-22,25,-55,2,-19,4899
1016,Milcery,-33,-77,-80,-55,-42,-15,18432
1017,Alcremie,-13,-57,-45,5,18,15,6017
1018,Falinks,-13,-17,-20,-35,-43,26,4608
1019,Pincurchin,-30,-16,-25,-14,-18,-34,3457
1020,Snom,-48,-92,-85,-60,-73,-29,27763
1021,Frosmoth,-8,-52,-60,20,-13,16,7193
1022,Stonjourner,22,8,15,-85,-83,21,15328
1023,Eiscue (Ice Face),-3,-37,-10,-40,-13,1,3248
1024,Eiscue (Noice Face),-3,-37,-50,-40,-53,81,14848
1025,Indeedee (Male),-18,-52,-65,0,-8,46,9433
1026,Indeedee (Female),-8,-62,-55,-10,2,36,8333
1027,Morpeko,-20,-22,-62,-35,-45,48,10282
1028,Cufant,-6,-37,-71,-65,-54,-9,13668
1029,Copperajah,44,13,-51,-25,-34,-19,6848
1030,Dracozolt,12,-17,-30,-25,-33,26,3723
1031,Arctozolt,12,-17,-30,-15,-23,6,2123
1032,Dracovish,12,-27,-20,-35,-23,26,3703
1033,Arctovish,12,-27,-20,-25,-13,6,2103
1034,Duraludon,-8,-22,-5,15,-53,36,4903
1035,Dreepy,-50,-57,-90,-65,-73,33,24492
1036,Drakloak,-10,-37,-70,-45,-53,53,14012
1037,Dragapult,10,3,-45,-5,-28,93,11592
1038,Zacian (Hero of Many Battles),14,3,-5,-25,12,89,8920
1039,Zacian (Crowned Sword),14,33,-5,-25,12,99,11880
1040,Zamazenta (Hero of Many Battles),14,3,-5,-25,12,89,8920
1041,Zamazenta (Crowned Shield),14,3,20,-25,37,79,8840
1042,Eternatus,62,-32,-25,40,-8,81,13718
1043,Eternatus (Eternamax Eternatus),177,-2,130,20,147,81,76803
1044,Kubfu,-18,-27,-60,-52,-53,23,10695
1045,Urshifu,22,13,-20,-42,-43,48,6970
1046,Zarude,27,3,-15,-35,-8,56,5388
1047,Regieleki,2,-17,-70,-5,-53,151,30828
1048,Regidrago,122,-17,-70,-5,-53,31,23868
1049,Glastrier,22,28,10,-40,7,-19,3378
1050,Spectrier,22,-52,-60,40,-23,81,15478
1051,Calyrex,22,-37,-40,-25,-23,31,5568
1052,Calyrex (Ice Rider Calyrex),22,48,30,-20,27,1,4818
1053,Calyrex (Shadow Rider Calyrex),22,-32,-40,60,-3,101,16918
1054,Wyrdeer,25,-12,-48,0,-28,16,4113
1055,Kleavor,-8,18,-25,-60,-33,36,6998
1056,Ursaluna,52,23,-15,-60,-23,1,7588
1057,Basculegion (Male),42,-5,-55,-25,-28,29,7064
1058,Basculegion (Female),42,-25,-55,-5,-28,29,7064
1059,Sneasler,2,13,-60,-65,-23,71,13568
1060,Overqwil,7,-2,-25,-40,-38,36,5018
1061,Enamorus (Incarnate Forme),-4,-2,-50,30,-23,57,7198
1062,Enamorus (Therian Forme),-4,-2,-10,30,-3,-3,1038
1063,Sprigatito,-38,-56,-66,-60,-58,16,16156
1064,Floragato,-17,-37,-57,-45,-40,34,9688
1065,Meowscarada,-2,-7,-50,-24,-33,74,9694
1066,Fuecoco,-11,-72,-61,-42,-63,-13,14928
1067,Crocalor,3,-62,-42,-15,-45,0,7867
1068,Skeledirge,26,-42,-20,5,-28,17,3938
1069,Quaxly,-23,-52,-75,-55,-58,1,15248
1070,Quaxwell,-8,-32,-55,-40,-43,16,7818
1071,Quaquaval,7,3,-40,-20,-28,36,4138
1072,Lechonk,-24,-72,-80,-70,-58,-14,20620
1073,Oinkologne (Male),32,-17,-45,-46,-23,16,6239
1074,Oinkologne (Female),37,-27,-50,-46,-13,16,7139
1075,Tarountula,-43,-76,-75,-76,-63,-29,23836
1076,Spidops,-18,-38,-28,-53,-17,-14,5846
1077,Nymble,-45,-71,-80,-84,-78,-4,26622
1078,Lokix,-7,-15,-42,-53,-48,43,9000
1079,Pawmi,-33,-67,-100,-65,-78,11,26008
1080,Pawmo,-18,-42,-80,-55,-63,36,16778
1081,Pawmot,-8,-2,-50,-35,-43,56,8778
1082,Tandemaus,-28,-67,-75,-65,-58,26,19163
1083,Maushold,-4,-42,-50,-40,-28,62,10508
1084,Fidough,-41,-62,-50,-75,-48,16,16210
1085,Dachsbun,-21,-37,-5,-55,-23,46,7505
1086,Smoliv,-37,-82,-75,-47,-52,-19,18992
1087,Dolliv,-26,-64,-60,-27,-25,-16,9982
1088,Arboliva,0,-48,-30,20,6,-10,3740
1089,Squawkabilly,4,-21,-69,-60,-52,43,13371
1090,Nacli,-23,-62,-45,-70,-68,-24,16498
1091,Naclstack,-18,-57,-20,-70,-38,-14,10513
1092,Garganacl,22,-17,10,-60,-13,-14,4838
1093,Charcadet,-38,-67,-80,-55,-63,-14,19523
1094,Armarouge,7,-57,-20,20,-23,26,5303
1095,Ceruledge,-3,8,-40,-45,-3,36,5003
1096,Tadbulb,-17,-86,-79,-46,-68,-4,20682
1097,Bellibolt,31,-53,-29,-2,-20,-4,5031
1098,Wattrel,-38,-77,-85,-50,-63,21,21508
1099,Kilowattrel,-8,-47,-60,0,-43,76,13498
1100,Maschiff,-18,-39,-60,-65,-52,2,12378
1101,Mabosstiff,2,3,-30,-45,-33,36,5323
1102,Shroodle,-38,-52,-85,-65,-68,26,20898
1103,Grafaiai,-15,-22,-55,-25,-31,61,9041
1104,Bramblin,-38,-52,-90,-60,-68,11,20593
1105,Brambleghast,-23,-2,-50,-25,-33,41,6428
1106,Toedscool,-38,-77,-85,-55,-3,21,18073
1107,Toedscruel,2,-47,-55,-25,17,51,8753
1108,Klawf,-8,-17,-5,-70,-48,26,8258
1109,Capsakid,-28,-55,-80,-43,-63,1,16028
1110,Scovillain,-13,-9,-55,3,-38,26,5404
1111,Rellor,-37,-67,-60,-74,-45,-19,17320
1112,Rabsca,-3,-67,-35,10,-3,-4,5848
1113,Flittle,-48,-82,-90,-50,-73,26,25633
1114,Espathra,17,-57,-60,-4,-43,56,12139
1115,Tinkatink,-28,-72,-75,-70,-39,9,18095
1116,Tinkatuff,-13,-62,-65,-60,-21,29,13120
1117,Tinkaton,7,-42,-43,-35,2,45,6916
1118,Wiglett,-68,-62,-95,-70,-78,46,30593
1119,Wugtrio,-43,-17,-70,-55,-33,71,16193
1120,Bombirdier,-8,-14,-35,-45,-18,33,4923
1121,Finizen,-8,-72,-80,-60,-63,26,19893
1122,Palafin,22,-47,-48,-52,-41,51,11983
1123,Palafin,22,43,-23,1,-16,51,5720
1124,Varoom,-33,-47,-57,-75,-58,-2,15540
1125,Revavroom,2,2,-30,-51,-36,41,6486
1126,Cyclizar,-8,-22,-55,-20,-38,72,10601
1127,Orthworm,-8,-32,25,-45,-48,16,6298
1128,Glimmet,-30,-82,-78,0,-43,11,15678
1129,Glimmora,5,-62,-30,25,-22,37,7247
1130,Greavard,-28,-56,-60,-75,-48,-15,15674
1131,Houndstone,-6,-16,-20,-55,-6,19,4114
1132,Flamigo,4,-2,-46,-30,-39,41,6238
1133,Cetoddle,30,-49,-75,-75,-63,-6,18556
1134,Cetitan,92,-4,-55,-60,-48,24,17985
1135,Veluza,12,-15,-47,-27,-38,21,5192
1136,Dondozo,72,-17,-5,-40,-38,-14,8738
1137,Tatsugiri,-10,-67,-60,15,-8,33,9567
1138,Annihilape,32,-2,-40,-55,-13,41,7503
1139,Clodsire,52,-42,-60,-60,-3,-29,12518
1140,Farigiraf,42,-27,-50,5,-33,11,6228
1141,Dudunsparce,47,-17,-40,-20,-28,6,5318
1142,Kingambit,22,18,0,-45,-18,1,3158
1143,Great Tusk,37,14,11,-52,-50,38,8334
1144,Scream Tail,37,-52,-21,-40,12,62,10102
1145,Brute Bonnet,33,10,-21,-26,-4,6,2358
1146,Flutter Mane,-23,-62,-65,30,32,86,17918
1147,Slither Wing,7,18,-41,-20,2,32,3482
1148,Sandy Shocks,7,-36,-23,16,-18,52,5158
1149,Iron Treads,12,-5,0,-33,-33,57,5596
1150,Iron Bundle,-22,-37,-6,19,-43,87,11668
1151,Iron Hands,76,23,-12,-55,-35,1,10700
1152,Iron Jugulis,16,-37,-34,17,-23,59,7080
1153,Iron Moth,2,-47,-60,35,7,61,10808
1154,Iron Thorns,22,17,-10,-35,-19,23,2988
1155,Frigibax,-13,-42,-75,-70,-58,6,15858
1156,Arctibax,12,-22,-54,-60,-38,13,8757
1157,Baxcalibur,37,28,-28,-30,-17,38,5570
1158,Gimmighoul (Chest Form),-33,-87,-50,-30,-33,-39,14668
1159,Gimmighoul (Roaming Form),-33,-87,-95,-30,-58,31,22908
1160,Gholdengo,9,-57,-25,28,-12,35,6108
1161,Wo-Chien,7,-32,-20,-10,32,21,3038
1162,Chien-Pao,2,3,-40,-15,-38,86,10678
1163,Ting-Lu,77,-7,5,-50,-23,-4,9048
1164,Chi-Yu,-23,-37,-40,30,17,51,7288
1165,Roaring Moon,27,22,-49,-50,-2,70,11018
1166,Iron Valiant,-4,13,-30,15,-43,67,7648
1167,Koraidon,22,18,-5,-20,-3,86,8638
1168,Miraidon,22,-32,-20,30,12,86,10348
