Connor Rogers vs. Pokemon SSE,pokemon,D_HP,D_ATK,D_DEF,D_SPA,D_SPD,D_SPE,SSE
0,Bulbasaur,-41,-56,-36,-2,-44,-58,11417
1,Ivysaur,-26,-43,-22,13,-29,-43,5868
2,Venusaur,-6,-23,-2,33,-9,-23,2268
3,Venusaur (Mega Venusaur),-6,-5,38,55,11,-23,5180
4,Charmander,-47,-53,-42,-7,-59,-38,11756
5,Charmeleon,-28,-41,-27,13,-44,-23,5828
6,Charizard,-8,-21,-7,42,-24,-3,2903
7,Charizard (Mega Charizard X),-8,25,26,63,-24,-3,5919
8,Charizard (Mega Charizard Y),-8,-1,-7,92,6,-3,8623
9,Squirtle,-42,-57,-20,-17,-45,-60,11327
10,Wartortle,-27,-42,-5,-2,-29,-45,5388
11,Blastoise,-7,-22,15,18,-4,-25,1723
12,Blastoise (Mega Blastoise),-7,-2,35,68,6,-25,6563
13,Caterpie,-41,-75,-50,-47,-89,-58,23300
14,Metapod,-36,-85,-30,-42,-84,-73,23570
15,Butterfree,-26,-60,-35,23,-29,-33,7960
16,Weedle,-46,-70,-55,-47,-89,-53,22980
17,Kakuna,-41,-80,-35,-42,-84,-68,22750
18,Beedrill,-21,-15,-45,-22,-29,-28,4800
19,Beedrill (Mega Beedrill),-21,45,-45,-52,-29,42,9800
20,Pidgey,-46,-60,-45,-32,-74,-47,16450
21,Pidgeotto,-23,-45,-30,-17,-59,-32,8248
22,Pidgeot,-3,-25,-10,3,-39,-2,2268
23,Pidgeot (Mega Pidgeot),-3,-25,-5,68,-29,18,6448
24,Rattata,-56,-49,-50,-42,-74,-31,16238
25,Rattata (Alolan Rattata),-56,-49,-50,-42,-74,-31,16238
26,Raticate,-31,-24,-25,-17,-39,-6,4008
27,Raticate (Alolan Raticate),-11,-34,-15,-27,-29,-26,3748
28,Spearow,-46,-45,-55,-36,-78,-33,15635
29,Fearow,-21,-15,-20,-6,-48,-3,3415
30,Ekans,-51,-45,-41,-27,-55,-48,12365
31,Arbok,-26,-10,-16,-2,-30,-23,2465
32,Pikachu,-51,-50,-45,-17,-59,-13,11065
33,Pikachu (Partner Pikachu),-41,-25,-35,8,-49,17,6285
34,Raichu,-26,-15,-30,23,-29,7,3220
35,Raichu (Alolan Raichu),-26,-20,-35,28,-24,7,3710
36,Sandshrew,-36,-30,0,-47,-79,-63,14615
37,Sandshrew (Alolan Sandshrew),-36,-30,5,-57,-74,-63,14915
38,Sandslash,-11,-5,25,-22,-54,-38,5615
39,Sandslash (Alolan Sandslash),-11,-5,35,-42,-44,-38,6515
40,Nidoran♀,-31,-58,-33,-27,-69,-62,14748
41,Nidorina,-16,-43,-18,-12,-54,-47,7698
42,Nidoqueen,4,-13,2,8,-24,-27,1558
43,Nidoran♂,-40,-48,-45,-27,-69,-53,14228
44,Nidorino,-25,-33,-28,-12,-54,-38,7002
45,Nidoking,-5,-3,-8,18,-34,-18,1902
46,Clefairy,-16,-60,-37,-7,-44,-68,11834
47,Clefable,9,-35,-12,28,-19,-43,4444
48,Vulpix,-48,-64,-45,-17,-44,-38,12094
49,Vulpix (Alolan Vulpix),-48,-64,-45,-17,-44,-38,12094
50,Ninetales,-13,-29,-10,14,-9,-3,1396
51,Ninetales (Alolan Ninetales),-13,-38,-10,14,-9,6,2026
52,Jigglypuff,29,-60,-65,-22,-84,-83,23095
53,Wigglytuff,54,-35,-40,18,-59,-58,12910
54,Zubat,-46,-60,-50,-37,-69,-48,16650
55,Golbat,-11,-25,-15,-2,-34,-13,2300
56,Oddish,-41,-55,-30,8,-44,-73,12935
57,Gloom,-26,-40,-15,18,-34,-63,7950
58,Vileplume,-11,-25,0,43,-19,-53,5765
59,Paras,-51,-35,-30,-22,-54,-78,14210
60,Parasect,-26,-10,-5,-7,-29,-73,7020
61,Venonat,-26,-50,-35,-27,-54,-58,11410
62,Venomoth,-16,-40,-25,23,-34,-13,4335
63,Diglett,-76,-50,-60,-32,-64,-8,17060
64,Diglett (Alolan Diglett),-76,-50,-55,-32,-64,-13,16590
65,Dugtrio,-51,-5,-35,-17,-39,17,5950
66,Dugtrio (Alolan Dugtrio),-51,-5,-25,-17,-39,7,5110
67,Meowth,-46,-60,-50,-27,-69,-13,13875
68,Meowth (Alolan Meowth),-46,-70,-50,-17,-69,-13,14735
69,Meowth (Galarian Meowth),-36,-40,-30,-27,-69,-63,13255
70,Persian,-21,-35,-25,-2,-44,12,4375
71,Persian (Alolan Persian),-21,-45,-25,8,-44,12,5235
72,Psyduck,-36,-53,-37,-2,-59,-48,11263
73,Golduck,-6,-23,-7,28,-29,-18,2563
74,Mankey,-46,-25,-50,-32,-64,-33,11450
75,Primeape,-21,0,-25,-7,-39,-8,2700
76,Growlithe,-31,-35,-40,3,-59,-43,9125
77,Growlithe (Hisuian Growlithe),-26,-30,-40,-2,-59,-48,8965
78,Arcanine,4,5,-5,33,-29,-8,2060
79,Arcanine (Hisuian Arcanine),9,10,-5,28,-29,-13,2000
80,Poliwag,-46,-55,-45,-27,-69,-13,12825
81,Poliwhirl,-21,-40,-20,-17,-59,-13,6380
82,Poliwrath,4,-10,10,3,-19,-33,1675
83,Abra,-61,-85,-70,38,-54,-13,20375
84,Kadabra,-46,-70,-55,53,-39,2,14375
85,Alakazam,-31,-55,-40,68,-14,17,10695
86,Alakazam (Mega Alakazam),-31,-55,-20,108,-4,47,18275
87,Machop,-16,-25,-35,-32,-74,-68,13230
88,Machoke,-6,-5,-15,-17,-49,-58,6340
89,Machamp,4,25,-5,-2,-24,-48,3550
90,Bellsprout,-36,-30,-50,3,-79,-63,14915
91,Weepinbell,-21,-15,-35,18,-64,-48,8615
92,Victreebel,-6,0,-20,33,-39,-33,4135
93,Tentacool,-46,-65,-50,-17,-9,-33,10300
94,Tentacruel,-6,-35,-20,13,11,-3,1960
95,Geodude,-46,-25,15,-37,-79,-83,17465
96,Geodude (Alolan Geodude),-46,-25,15,-37,-79,-83,17465
97,Graveler,-31,-10,30,-22,-64,-68,11165
98,Graveler (Alolan Graveler),-31,-10,30,-22,-64,-68,11165
99,Golem,-6,15,45,-12,-44,-58,7730
100,Golem (Alolan Golem),-6,15,45,-12,-44,-58,7730
101,Ponyta,-36,-20,-30,-2,-44,-13,4705
102,Ponyta (Galarian Ponyta),-36,-20,-30,-2,-44,-13,4705
103,Rapidash,-21,-5,-15,13,-29,2,1705
104,Rapidash (Galarian Rapidash),-21,-5,-15,13,-29,2,1705
105,Slowpoke,4,-40,-20,-27,-69,-88,15250
106,Slowpoke (Galarian Slowpoke),4,-40,-20,-27,-69,-88,15250
107,Slowbro,9,-30,25,33,-29,-73,8865
108,Slowbro (Mega Slowbro),9,-30,95,63,-29,-73,20145
109,Slowbro (Galarian Slowbro),9,-5,10,33,-39,-73,8145
110,Magnemite,-61,-70,-15,28,-54,-58,15910
111,Magneton,-36,-45,10,53,-39,-33,8840
112,Farfetch'd,-34,-15,-30,-9,-47,-43,6420
113,Farfetch'd (Galarian Farfetch'd),-34,-10,-30,-9,-47,-48,6750
114,Doduo,-51,-20,-40,-32,-74,-28,11885
115,Dodrio,-26,5,-15,-7,-49,7,3425
116,Seel,-21,-60,-30,-22,-39,-58,10310
117,Dewgong,4,-35,-5,3,-14,-33,2560
118,Grimer,-6,-25,-35,-27,-59,-78,12180
119,Grimer (Alolan Grimer),-6,-25,-35,-27,-59,-78,12180
120,Muk,19,0,-10,-2,-9,-53,3355
121,Muk (Alolan Muk),19,0,-10,-2,-9,-53,3355
122,Shellder,-56,-40,15,-22,-84,-63,16470
123,Cloyster,-36,-10,95,18,-64,-33,15930
124,Gastly,-56,-70,-55,33,-74,-23,18155
125,Haunter,-41,-55,-40,48,-54,-8,11590
126,Gengar,-26,-40,-25,63,-34,7,8075
127,Gengar (Mega Gengar),-26,-40,-5,103,-14,27,13835
128,Onix,-51,-60,75,-37,-64,-33,18380
129,Drowzee,-26,-57,-40,-24,-19,-61,10183
130,Hypno,-1,-32,-15,6,6,-36,2618
131,Krabby,-56,0,5,-42,-84,-53,14790
132,Kingler,-31,25,30,-17,-59,-28,7040
133,Voltorb,-46,-75,-35,-12,-54,-3,12035
134,Voltorb (Hisuian Voltorb),-46,-75,-35,-12,-54,-3,12035
135,Electrode,-26,-55,-15,13,-29,47,7145
136,Electrode (Hisuian Electrode),-26,-55,-15,13,-29,47,7145
137,Exeggcute,-26,-65,-5,-7,-64,-63,13040
138,Exeggutor,9,-10,0,58,-34,-48,7005
139,Exeggutor (Alolan Exeggutor),9,0,0,58,-34,-58,7965
140,Cubone,-36,-55,10,-27,-59,-68,13255
141,Marowak,-26,-25,25,-17,-29,-58,6420
142,Marowak (Alolan Marowak),-26,-25,25,-17,-29,-58,6420
143,Hitmonlee,-36,15,-32,-32,1,-16,3826
144,Hitmonchan,-36,0,-6,-32,1,-27,3086
145,Lickitung,4,-50,-10,-7,-34,-73,9150
146,Koffing,-46,-40,10,-7,-64,-68,12585
147,Weezing,-21,-15,35,18,-39,-43,5585
148,Weezing (Galarian Weezing),-21,-15,35,18,-39,-43,5585
149,Rhyhorn,-6,-20,10,-37,-79,-78,14230
150,Rhydon,19,25,35,-22,-64,-63,10760
151,Chansey,164,-100,-80,-32,-4,-53,47145
152,Tangela,-21,-50,30,33,-69,-43,11540
153,Kangaskhan,19,-10,-5,-27,-29,-13,2225
154,Kangaskhan (Mega Kangaskhan),19,20,15,-7,-9,-3,1125
155,Horsea,-56,-65,-15,3,-84,-43,16500
156,Seadra,-31,-40,10,28,-64,-18,7865
157,Goldeen,-41,-38,-25,-32,-59,-40,9855
158,Seaking,-6,-13,-20,-2,-29,-35,2675
159,Staryu,-56,-60,-30,3,-54,-18,10885
160,Starmie,-26,-30,0,33,-24,12,3385
161,Mr. Mime,-46,-60,-20,33,11,-13,7495
162,Mr. Mime (Galarian Mr. Mime),-36,-40,-20,23,-19,-3,4195
163,Scyther,-16,5,-5,-12,-29,2,1295
164,Jynx,-21,-55,-50,48,-14,-8,8530
165,Electabuzz,-21,-22,-28,28,-24,2,3073
166,Magmar,-21,-10,-28,33,-24,-10,3090
167,Pinsir,-21,20,15,-12,-39,-18,3055
168,Pinsir (Mega Pinsir),-21,50,35,-2,-19,2,4535
169,Tauros,-11,-5,10,-27,-39,7,2545
170,Tauros (Paldean Tauros (Combat Breed)),-11,5,20,-37,-39,-3,3445
171,Tauros (Paldean Tauros (Blaze Breed)),-11,5,20,-37,-39,-3,3445
172,Tauros (Paldean Tauros (Aqua Breed)),-11,5,20,-37,-39,-3,3445
173,Magikarp,-66,-95,-30,-52,-89,-23,25435
174,Gyarados,9,20,-6,-7,-9,-22,1131
175,Gyarados (Mega Gyarados),9,50,24,3,21,-22,4091
176,Lapras,44,-20,-5,18,-14,-43,4730
177,Ditto,-38,-57,-37,-19,-61,-55,13169
178,Eevee,-31,-50,-35,-22,-44,-48,9410
179,Eevee (Partner Eevee),-21,-30,-15,-2,-24,-28,2930
180,Vaporeon,44,-40,-25,43,-14,-38,7650
181,Jolteon,-21,-40,-25,43,-14,27,5440
182,Flareon,-21,25,-25,28,1,-38,3920
183,Porygon,-21,-45,-15,18,-34,-63,8140
184,Omanyte,-51,-65,15,23,-54,-68,15120
185,Omastar,-16,-45,40,48,-39,-48,10010
186,Kabuto,-56,-25,5,-12,-64,-48,10330
187,Kabutops,-26,10,20,-2,-39,-23,3230
188,Aerodactyl,-6,0,-20,-7,-34,27,2370
189,Aerodactyl (Mega Aerodactyl),-6,30,0,3,-14,47,3350
190,Snorlax,74,5,-20,-2,1,-73,11235
191,Articuno,4,-20,15,28,16,-18,2005
192,Articuno (Galarian Articuno),4,-20,0,58,-9,-8,3925
193,Zapdos,4,-15,0,58,-19,-3,3975
194,Zapdos (Galarian Zapdos),4,20,5,18,-19,-3,1135
195,Moltres,4,-5,5,58,-24,-13,4175
196,Moltres (Galarian Moltres),4,-20,5,33,16,-13,1955
197,Dratini,-45,-41,-40,-17,-59,-53,11885
198,Dragonair,-25,-21,-20,3,-39,-33,4085
199,Dragonite,5,29,10,33,-9,-23,2665
200,Mewtwo,20,5,5,87,-19,27,9109
201,Mewtwo (Mega Mewtwo X),20,85,15,87,-9,27,16229
202,Mewtwo (Mega Mewtwo Y),20,45,-15,127,11,37,20269
203,Mew,14,-5,15,33,-9,-3,1625
204,Chikorita,-41,-56,-20,-18,-44,-58,10841
205,Bayleef,-26,-43,-5,-4,-29,-43,5256
206,Meganium,-6,-23,15,16,-9,-23,1656
207,Cyndaquil,-47,-53,-42,-7,-59,-38,11756
208,Quilava,-28,-41,-27,13,-44,-23,5828
209,Typhlosion,-8,-21,-7,42,-24,-3,2903
210,Typhlosion (Hisuian Typhlosion),-13,-21,-7,52,-24,-8,4003
211,Totodile,-36,-40,-21,-23,-61,-60,11187
212,Croconaw,-21,-25,-5,-8,-46,-45,5296
213,Feraligatr,-1,0,15,12,-26,-25,1671
214,Sentret,-51,-59,-51,-32,-64,-83,20692
215,Furret,-1,-29,-21,-22,-54,-13,4852
216,Hoothoot,-26,-75,-55,-31,-53,-53,15905
217,Noctowl,14,-55,-35,19,-13,-33,6065
218,Ledyba,-46,-85,-55,-27,-29,-48,16240
219,Ledian,-31,-70,-35,-12,1,-18,7555
220,Spinarak,-46,-45,-45,-27,-69,-73,16985
221,Ariados,-16,-15,-15,-7,-39,-63,6245
222,Crobat,-1,-15,-5,3,-29,27,1830
223,Chinchou,-11,-67,-47,-11,-53,-36,11045
224,Lanturn,39,-47,-27,9,-33,-36,6925
225,Pichu,-66,-65,-70,-32,-74,-43,21830
226,Cleffa,-36,-80,-57,-22,-54,-88,22089
227,Igglybuff,4,-75,-70,-27,-89,-88,26935
228,Togepi,-51,-85,-20,-27,-44,-83,19780
229,Togetic,-31,-65,0,13,-4,-63,9340
230,Natu,-46,-55,-40,3,-64,-33,11935
231,Xatu,-21,-30,-15,28,-39,-8,3935
232,Mareep,-31,-65,-45,-2,-64,-68,15935
233,Flaaffy,-16,-50,-30,13,-49,-58,9590
234,Ampharos,4,-30,0,48,-19,-48,5885
235,Ampharos (Mega Ampharos),4,-10,20,98,1,-58,13485
236,Bellossom,-11,-25,10,23,-9,-53,4265
237,Marill,-16,-85,-35,-47,-59,-63,18365
238,Azumarill,14,-55,-5,-7,-29,-53,6945
239,Sudowoodo,-16,-5,30,-37,-44,-73,9815
240,Politoed,4,-30,-10,23,-9,-33,2715
241,Hoppip,-51,-70,-45,-32,-54,-53,16275
242,Skiploom,-31,-60,-35,-22,-44,-23,8735
243,Jumpluff,-11,-50,-15,-12,-14,7,3235
244,Aipom,-31,-35,-30,-27,-54,-18,7055
245,Sunkern,-56,-75,-55,-37,-79,-73,24725
246,Sunflora,-11,-30,-30,38,-24,-73,9270
247,Yanma,-21,-40,-40,8,-64,-8,7865
248,Wooper,-31,-60,-40,-42,-84,-88,22725
249,Wooper (Paldean Wooper),-31,-60,-40,-42,-84,-88,22725
250,Quagsire,9,-20,0,-2,-44,-68,7045
251,Espeon,-21,-40,-25,63,-14,7,6880
252,Umbreon,9,-40,25,-7,21,-38,4240
253,Murkrow,-26,-20,-43,18,-67,-12,7882
254,Slowking,9,-30,-5,33,1,-73,7425
255,Slowking (Galarian Slowking),9,-40,-5,43,1,-73,8885
256,Misdreavus,-26,-45,-25,18,-24,-18,4550
257,Unown,-38,-33,-37,5,-61,-55,10673
258,Wobbuffet,104,-72,-27,-34,-51,-70,25386
259,Girafarig,-16,-25,-20,23,-44,-18,4070
260,Pineco,-36,-40,5,-32,-74,-88,17165
261,Forretress,-11,-15,55,-7,-49,-63,9790
262,Dunsparce,14,-35,-15,-2,-44,-58,6950
263,Gligar,-21,-30,20,-32,-44,-18,5025
264,Steelix,-11,-20,115,-12,-44,-73,21155
265,Steelix (Mega Steelix),-11,20,145,-12,-14,-73,27215
266,Snubbull,-26,-25,-35,-27,-69,-73,13345
267,Granbull,4,15,-10,-7,-49,-58,6155
268,Qwilfish,-21,-10,0,-12,-54,-18,3925
269,Qwilfish (Hisuian Qwilfish),-21,-10,0,-12,-54,-18,3925
270,Scizor,-16,25,15,-12,-29,-38,3535
271,Scizor (Mega Scizor),-16,45,55,-2,-9,-28,6175
272,Shuckle,-66,-95,145,-57,121,-98,61900
273,Heracross,-6,20,-10,-27,-14,-18,1785
274,Heracross (Mega Heracross),-6,80,30,-27,-4,-28,8865
275,Sneasel,-31,-10,-30,-32,-34,12,4285
276,Sneasel (Hisuian Sneasel),-31,-10,-30,-32,-34,12,4285
277,Teddiursa,-26,-25,-35,-17,-59,-63,10265
278,Ursaring,4,25,-10,8,-34,-48,4265
279,Slugma,-46,-65,-45,3,-69,-83,20025
280,Magcargo,-26,-55,35,23,-29,-73,11625
281,Swinub,-36,-55,-45,-37,-79,-53,16765
282,Piloswine,14,-5,-5,-7,-49,-53,5505
283,Corsola,-21,-50,10,-2,-14,-68,7865
284,Corsola (Galarian Corsola),-26,-50,15,-2,-9,-73,8815
285,Remoraid,-51,-40,-50,-2,-74,-38,13625
286,Octillery,-11,0,-10,38,-34,-58,6185
287,Delibird,-41,-50,-40,-2,-64,-28,10665
288,Mantine,-1,-65,-15,13,31,-33,6670
289,Skarmory,-21,-25,55,-27,-39,-33,7430
290,Houndour,-41,-45,-55,13,-59,-38,11825
291,Houndoom,-11,-15,-35,43,-29,-8,4325
292,Houndoom (Mega Houndoom),-11,-15,5,73,-19,12,6205
293,Kingdra,-11,-10,10,28,-14,-18,1625
294,Phanpy,4,-45,-25,-27,-69,-63,12125
295,Donphan,4,15,35,-7,-49,-53,6725
296,Porygon2,-1,-25,5,38,-14,-43,4140
297,Stantler,-13,-10,-23,18,-44,-18,3382
298,Smeargle,-31,-85,-50,-47,-64,-28,17775
299,Tyrogue,-51,-70,-50,-32,-74,-68,21125
300,Hitmontop,-36,-10,10,-32,1,-33,3610
301,Smoochum,-41,-75,-70,18,-44,-38,15910
302,Elekid,-41,-42,-48,-2,-54,-8,8733
303,Magby,-41,-30,-48,3,-54,-20,8210
304,Miltank,9,-25,20,-27,-39,-3,3365
305,Blissey,169,-95,-75,8,26,-48,46255
306,Raikou,4,-20,-10,48,-9,12,3045
307,Entei,29,10,0,23,-34,-3,2635
308,Suicune,14,-30,30,23,6,-18,2885
309,Larvitar,-36,-41,-35,-22,-59,-62,12011
310,Pupitar,-16,-21,-15,-2,-39,-52,5151
311,Tyranitar,14,29,25,28,-9,-42,4291
312,Tyranitar (Mega Tyranitar),14,59,65,28,11,-32,9831
313,Lugia,20,-15,45,23,45,7,5253
314,Ho-Oh,20,25,5,43,45,-13,5093
315,Celebi,14,-5,15,33,-9,-3,1625
316,Treecko,-46,-60,-50,-2,-54,-33,12225
317,Grovyle,-36,-40,-40,18,-44,-8,6820
318,Sceptile,-16,-20,-20,38,-24,17,3365
319,Sceptile (Mega Sceptile),-16,5,-10,78,-24,42,8805
320,Torchic,-41,-45,-45,3,-59,-58,12585
321,Combusken,-26,-20,-25,18,-49,-48,6730
322,Blaziken,-6,15,-15,43,-39,-23,4385
323,Blaziken (Mega Blaziken),-6,55,-5,63,-29,-3,7905
324,Mudkip,-36,-35,-35,-17,-59,-63,11485
325,Marshtomp,-16,-20,-15,-7,-39,-53,5260
326,Swampert,14,5,5,18,-19,-43,2780
327,Swampert (Mega Swampert),14,45,25,28,1,-33,4720
328,Poochyena,-51,-50,-50,-37,-79,-68,19835
329,Mightyena,-16,-15,-15,-7,-49,-33,4245
330,Zigzagoon,-48,-75,-44,-37,-68,-43,17707
331,Zigzagoon (Galarian Zigzagoon),-48,-75,-44,-37,-68,-43,17707
332,Linoone,-8,-35,-24,-17,-48,-3,4467
333,Linoone (Galarian Linoone),-8,-35,-24,-17,-48,-3,4467
334,Wurmple,-41,-60,-50,-47,-79,-83,23120
335,Silcoon,-36,-70,-30,-42,-84,-88,23660
336,Beautifly,-26,-35,-35,33,-59,-38,9140
337,Cascoon,-36,-70,-30,-42,-84,-88,23660
338,Dustox,-26,-55,-15,-17,-19,-38,6020
339,Lotad,-46,-75,-55,-27,-59,-73,20305
340,Lombre,-26,-55,-35,-7,-39,-53,9305
341,Ludicolo,-6,-35,-15,23,-9,-33,3185
342,Seedot,-46,-65,-35,-37,-79,-73,20505
343,Nuzleaf,-16,-35,-45,-7,-69,-43,10165
344,Shiftry,4,-5,-25,23,-49,-23,4125
345,Taillow,-46,-50,-55,-37,-79,-18,15575
346,Swellow,-26,-20,-25,8,-59,22,5730
347,Wingull,-46,-75,-55,-12,-79,-18,17475
348,Pelipper,-26,-55,15,28,-39,-38,7675
349,Ralts,-58,-80,-60,-22,-74,-63,23293
350,Kirlia,-48,-70,-50,-2,-54,-53,15433
351,Gardevoir,-18,-40,-20,58,6,-23,6253
352,Gardevoir (Mega Gardevoir),-18,-20,-20,98,26,-3,11413
353,Surskit,-46,-75,-53,-17,-57,-38,15532
354,Masquerain,-16,-45,-23,33,-27,-23,5157
355,Shroomish,-26,-65,-25,-27,-49,-68,13280
356,Breloom,-26,25,-5,-7,-49,-33,4865
357,Slakoth,-26,-45,-25,-32,-74,-73,15155
358,Vigoroth,-6,-25,-5,-12,-54,-13,3915
359,Slaking,64,55,15,28,-44,-3,10075
360,Nincada,-55,-60,5,-37,-79,-63,18229
361,Ninjask,-25,-15,-40,-17,-59,57,9469
362,Shedinja,-85,-15,-40,-37,-79,-63,20629
363,Whismur,-22,-54,-62,-16,-86,-75,20521
364,Loudred,-2,-34,-42,4,-66,-55,10321
365,Exploud,18,-14,-22,24,-36,-35,4101
366,Makuhita,-14,-45,-55,-47,-79,-78,19780
367,Hariyama,58,15,-25,-27,-49,-53,10153
368,Azurill,-36,-85,-45,-47,-69,-83,24405
369,Nosepass,-56,-60,50,-22,-19,-73,15410
370,Skitty,-36,-60,-40,-32,-74,-53,15805
371,Delcatty,-16,-40,-20,-12,-54,-13,5485
372,Sableye,-36,-30,-10,-2,-44,-53,7045
373,Sableye (Mega Sableye),-36,-20,40,18,6,-83,10545
374,Mawile,-36,-20,0,-12,-54,-53,7565
375,Mawile (Mega Mawile),-36,0,40,-12,-14,-53,6045
376,Aron,-36,-35,15,-27,-69,-73,13565
377,Lairon,-26,-15,55,-17,-59,-63,11665
378,Aggron,-16,5,95,-7,-49,-53,14565
379,Aggron (Mega Aggron),-16,35,145,-7,-29,-53,26205
380,Meditite,-56,-65,-30,-27,-54,-43,13755
381,Medicham,-26,-45,-10,-7,-34,-23,4535
382,Medicham (Mega Medicham),-26,-5,0,13,-24,-3,1455
383,Electrike,-46,-60,-45,-2,-69,-38,13950
384,Manectric,-16,-30,-25,38,-49,2,5630
385,Manectric (Mega Manectric),-16,-30,-5,68,-29,32,7670
386,Plusle,-26,-55,-45,18,-34,-8,7270
387,Minun,-26,-65,-35,8,-24,-8,6830
388,Volbeat,-21,-32,-10,-20,-24,-18,2865
389,Illumise,-21,-58,-10,6,-24,-18,4841
390,Roselia,-36,-45,-40,33,-29,-38,8295
391,Gulpin,-16,-62,-32,-24,-56,-63,12805
392,Swalot,14,-32,-2,6,-26,-48,4240
393,Carvanha,-41,-15,-65,-2,-89,-38,15500
394,Sharpedo,-16,15,-45,28,-69,-8,8115
395,Sharpedo (Mega Sharpedo),-16,35,-15,43,-44,2,5495
396,Wailmer,44,-35,-50,3,-74,-43,12995
397,Wailord,84,-15,-40,23,-64,-43,15355
398,Numel,-26,-45,-45,-2,-64,-68,13450
399,Camerupt,-16,-5,-15,38,-34,-63,7075
400,Camerupt (Mega Camerupt),-16,15,15,78,-4,-83,13695
401,Torkoal,-16,-20,55,18,-39,-83,12415
402,Spoink,-26,-80,-50,3,-29,-43,12275
403,Grumpig,-6,-60,-20,23,1,-23,5095
404,Spinda,-26,-45,-25,-7,-49,-43,7625
405,Trapinch,-41,-5,-40,-22,-64,-93,16535
406,Vibrava,-36,-35,-35,-17,-59,-33,8605
407,Flygon,-6,-5,-5,13,-29,-3,1105
408,Cacnea,-36,-20,-45,18,-69,-68,13430
409,Cacturne,-16,10,-25,48,-49,-48,7990
410,Swablu,-41,-65,-25,-27,-34,-53,11225
411,Altaria,-11,-35,5,3,-4,-23,1925
412,Altaria (Mega Altaria),-11,5,25,43,-4,-23,3165
413,Zangoose,-13,10,-25,-7,-49,-13,3513
414,Seviper,-13,-5,-25,33,-49,-38,5753
415,Lunatone,4,-50,-20,28,-24,-33,5365
416,Solrock,4,-10,0,-12,-44,-33,3285
417,Barboach,-36,-57,-42,-21,-68,-43,13223
418,Whiscash,24,-27,-12,9,-38,-43,4823
419,Corphish,-43,-25,-20,-17,-74,-68,13263
420,Crawdaunt,-23,15,0,23,-54,-48,6503
421,Baltoy,-46,-65,-30,-27,-39,-48,11795
422,Claydol,-26,-35,20,3,11,-28,3215
423,Lileep,-20,-64,-8,-6,-22,-80,11480
424,Cradily,0,-24,12,14,-2,-60,4520
425,Anorith,-41,-10,-35,-27,-59,-28,8000
426,Armaldo,-11,20,15,3,-29,-58,4960
427,Feebas,-66,-90,-65,-57,-54,-23,23375
428,Milotic,9,-45,-6,33,16,-22,3971
429,Castform,-16,-35,-15,3,-39,-33,4325
430,Kecleon,-26,-15,-15,-7,11,-63,5265
431,Shuppet,-42,-30,-50,-4,-76,-58,14320
432,Banette,-22,10,-20,16,-46,-38,4800
433,Banette (Mega Banette),-22,60,-10,26,-26,-28,6320
434,Duskull,-66,-65,5,-37,-19,-78,16420
435,Dusclops,-46,-35,45,-7,21,-78,11940
436,Tropius,13,-37,-2,5,-22,-52,4755
437,Chimecho,-11,-55,-5,28,-19,-38,5760
438,Absol,-21,25,-25,8,-49,-28,4940
439,Absol (Mega Absol),-21,45,-25,48,-49,12,7940
440,Wynaut,9,-82,-37,-44,-61,-80,20231
441,Snorunt,-36,-55,-35,-17,-59,-53,12125
442,Glalie,-6,-25,-5,13,-29,-23,2225
443,Glalie (Mega Glalie),-6,15,-5,53,-29,-3,3945
444,Spheal,-16,-65,-35,-12,-59,-78,15415
445,Sealeo,4,-45,-15,8,-39,-58,7215
446,Walrein,24,-25,5,28,-19,-38,3815
447,Clamperl,-51,-41,0,7,-54,-71,12288
448,Huntail,-31,-1,20,27,-34,-51,5848
449,Gorebyss,-31,-21,20,47,-34,-51,7768
450,Relicanth,14,-15,45,-22,-44,-48,7170
451,Luvdisc,-43,-75,-30,-27,-44,-6,11075
452,Bagon,-41,-30,-25,-27,-79,-53,12985
453,Shelgon,-21,-10,15,-7,-59,-53,7105
454,Salamence,9,30,-5,43,-29,-3,3705
455,Salamence (Mega Salamence),9,40,45,53,-19,17,7165
456,Beldum,-46,-50,-5,-32,-49,-73,13395
457,Metang,-26,-30,15,-12,-29,-53,5595
458,Metagross,-6,30,45,28,-19,-33,5195
459,Metagross (Mega Metagross),-6,40,65,38,1,7,7355
460,Regirock,-6,-5,115,-17,-9,-53,16465
461,Regice,-6,-55,15,33,91,-53,15465
462,Registeel,-6,-30,65,8,41,-53,9715
463,Latias,-6,-25,5,43,21,7,3025
464,Latias (Mega Latias),-6,-5,35,73,41,7,8345
465,Latios,-6,-15,-5,63,1,7,4305
466,Latios (Mega Latios),-6,25,15,93,11,7,9705
467,Kyogre,14,-5,5,83,31,-13,8265
468,Kyogre (Primal Kyogre),14,45,5,113,51,-13,17785
469,Groudon,14,45,55,33,-19,-13,6865
470,Groudon (Primal Groudon),14,75,75,83,-19,-13,18865
471,Rayquaza,19,45,5,83,-19,-8,9725
472,Rayquaza (Mega Rayquaza),19,75,15,113,-9,12,19205
473,Jirachi,14,-5,15,33,-9,-3,1625
474,Deoxys (Normal Forme),-36,45,-35,83,-59,47,17125
475,Deoxys (Attack Forme),-36,75,-65,113,-89,47,34045
476,Deoxys (Defense Forme),-36,-35,75,3,51,-13,10925
477,Deoxys (Speed Forme),-36,-10,5,28,-19,77,8495
478,Turtwig,-31,-37,-21,-22,-54,-72,11355
479,Grotle,-11,-16,0,-12,-44,-67,6946
480,Torterra,9,4,20,8,-24,-47,3346
481,Chimchar,-42,-47,-41,-9,-65,-42,11724
482,Monferno,-22,-27,-33,11,-57,-22,6156
483,Infernape,-10,-1,-14,37,-38,5,3135
484,Piplup,-33,-54,-32,-6,-53,-63,11843
485,Prinplup,-22,-39,-17,14,-33,-53,6388
486,Empoleon,-2,-19,3,44,-8,-43,4223
487,Starly,-46,-50,-55,-37,-79,-43,17100
488,Staravia,-31,-30,-35,-27,-69,-23,9105
489,Staraptor,-1,15,-15,-17,-49,-3,3150
490,Bidoof,-27,-60,-45,-32,-69,-72,17323
491,Bibarel,-7,-20,-25,-12,-49,-32,4643
492,Kricketot,-49,-80,-44,-42,-68,-78,23209
493,Kricketune,-9,-20,-34,-12,-58,-38,6589
494,Shinx,-41,-40,-51,-27,-75,-58,15600
495,Luxio,-26,-20,-36,-7,-60,-43,7870
496,Luxray,-6,15,-6,28,-30,-33,3070
497,Budew,-46,-75,-50,-17,-39,-48,14355
498,Roserade,-26,-35,-20,58,-4,-13,5850
499,Cranidos,-19,20,-45,-37,-79,-45,12421
500,Rampardos,11,60,-25,-2,-59,-45,9856
501,Shieldon,-56,-63,33,-25,-21,-73,14589
502,Bastiodon,-26,-53,83,-20,29,-73,16944
503,Burmy,-46,-76,-40,-38,-64,-67,19521
504,Wormadam (Plant Cloak),-26,-46,0,12,-4,-67,7441
505,Wormadam (Sandy Cloak),-26,-26,20,-8,-24,-67,6881
506,Wormadam (Trash Cloak),-26,-36,10,2,-14,-67,6761
507,Mothim,-16,-11,-35,27,-59,-37,7181
508,Combee,-56,-75,-43,-37,-67,-33,17557
509,Vespiquen,-16,-25,17,13,-7,-63,5357
510,Pachirisu,-26,-60,-15,-22,-19,-8,5410
511,Buizel,-31,-40,-50,-7,-79,-18,11675
512,Floatzel,-1,0,-30,18,-59,12,4850
513,Cherubi,-41,-70,-40,-5,-56,-68,15966
514,Cherrim,-16,-45,-15,20,-31,-18,4191
515,Shellos,-10,-57,-37,-10,-47,-69,11788
516,Gastrodon,25,-22,-17,25,-27,-64,6848
517,Ambipom,-11,-5,-19,-7,-43,12,2549
518,Drifloon,4,-55,-51,-7,-65,-33,11005
519,Drifblim,64,-25,-41,23,-55,-23,10485
520,Buneary,-31,-39,-41,-23,-53,-18,7825
521,Lopunny,-21,-29,-1,-13,-13,2,1625
522,Lopunny (Mega Lopunny),-21,31,9,-13,-13,32,2845
523,Mismagius,-26,-45,-25,38,-4,2,4790
524,Honchkrow,14,20,-33,38,-57,-32,7402
525,Glameow,-37,-50,-43,-25,-72,-18,11851
526,Purugly,-15,-23,-21,-3,-50,9,3785
527,Chingling,-41,-75,-35,-2,-59,-58,15380
528,Stunky,-23,-42,-38,-26,-68,-29,9878
529,Skuntank,17,-12,-18,4,-48,-19,3438
530,Bronzor,-29,-81,1,-43,-23,-80,16181
531,Bronzong,-19,-16,31,12,7,-70,6671
532,Bonsly,-36,-25,10,-57,-64,-93,18015
533,Mime Jr.,-66,-80,-40,3,-19,-43,14575
534,Happiny,14,-100,-80,-52,-44,-73,26565
535,Chatot,-10,-40,-40,25,-67,-12,8558
536,Spiritomb,-36,-13,23,25,-1,-68,7244
537,Gible,-28,-35,-40,-27,-64,-61,12155
538,Gabite,-18,-15,-20,-17,-54,-21,4595
539,Garchomp,22,25,10,13,-24,-1,1955
540,Garchomp (Mega Garchomp),22,65,30,53,-14,-11,8735
541,Munchlax,49,-20,-45,-27,-24,-98,15735
542,Riolu,-46,-35,-45,-32,-69,-43,13000
543,Lucario,-16,5,-15,48,-39,-13,4500
544,Lucario (Mega Lucario),-16,40,3,73,-39,9,8796
545,Hippopotas,-18,-33,-7,-29,-67,-71,11833
546,Hippowdon,22,7,33,1,-37,-56,6128
547,Skorupi,-46,-55,5,-37,-54,-38,10895
548,Drapion,-16,-15,25,-7,-34,-8,2375
549,Croagunk,-38,-44,-45,-6,-69,-53,13011
550,Toxicroak,-3,1,-20,19,-44,-18,3031
551,Carnivine,-12,-5,-13,23,-37,-57,5485
552,Finneon,-37,-56,-29,-18,-48,-37,9343
553,Lumineon,-17,-36,-9,2,-23,-12,2343
554,Mantyke,-41,-85,-35,-7,11,-53,13110
555,Snover,-26,-43,-35,-5,-49,-63,10145
556,Abomasnow,4,-13,-10,25,-24,-43,3335
557,Abomasnow (Mega Abomasnow),4,27,20,65,-4,-73,10715
558,Weavile,-16,15,-20,-22,-24,22,2425
559,Magnezone,-16,-35,30,63,-19,-43,8560
560,Lickilicky,24,-20,10,13,-14,-53,4250
561,Rhyperior,29,35,45,-12,-54,-63,11120
562,Tangrowth,14,-5,40,43,-59,-53,9960
563,Electivire,-11,18,-18,28,-24,-8,2193
564,Magmortar,-11,-10,-18,58,-14,-20,4505
565,Togekiss,-1,-55,10,53,6,-23,6500
566,Yanmega,0,-29,1,49,-53,-8,6116
567,Leafeon,-21,5,45,-7,-44,-8,4540
568,Glaceon,-21,-45,25,63,-14,-38,8700
569,Gliscor,-11,-10,40,-22,-34,-8,3525
570,Mamoswine,24,25,-5,3,-49,-23,4165
571,Porygon-Z,-1,-25,-15,68,-34,-13,6800
572,Gallade,-18,20,-20,-2,6,-23,1693
573,Gallade (Mega Gallade),-18,60,10,-2,6,7,4113
574,Probopass,-26,-50,60,8,41,-63,12490
575,Dusknoir,-41,-5,50,-2,26,-58,8250
576,Froslass,-16,-25,-15,13,-39,7,2845
577,Rotom,-36,-55,-8,28,-32,-12,6337
578,Rotom (Heat Rotom),-36,-40,22,38,-2,-17,5117
579,Rotom (Wash Rotom),-36,-40,22,38,-2,-17,5117
580,Rotom (Frost Rotom),-36,-40,22,38,-2,-17,5117
581,Rotom (Fan Rotom),-36,-40,22,38,-2,-17,5117
582,Rotom (Mow Rotom),-36,-40,22,38,-2,-17,5117
583,Uxie,-11,-30,45,8,21,-8,3615
584,Mesprit,-6,0,20,38,-4,-23,2425
585,Azelf,-11,20,-15,58,-39,12,5775
586,Dialga,14,15,35,83,-9,-13,8785
587,Dialga (Origin Forme),14,-5,35,83,11,-13,8625
588,Palkia,4,15,15,83,11,-3,7485
589,Palkia (Origin Forme),4,-5,15,83,11,17,7565
590,Heatran,5,-15,21,63,-3,-26,5345
591,Regigigas,24,55,25,13,1,-3,4405
592,Giratina (Altered Forme),64,-5,35,33,11,-13,6725
593,Giratina (Origin Forme),64,15,15,53,-9,-13,7605
594,Cresselia,34,-35,35,8,21,-18,4435
595,Phione,-6,-25,-5,13,-29,-23,2225
596,Manaphy,14,-5,15,33,-9,-3,1625
597,Darkrai,-16,-15,5,68,-19,22,5975
598,Shaymin (Land Forme),14,-5,15,33,-9,-3,1625
599,Shaymin (Sky Forme),14,-2,-10,53,-34,24,4841
600,Arceus,34,15,35,53,11,17,5825
601,Victini,14,-5,15,33,-9,-3,1625
602,Snivy,-41,-60,-30,-22,-54,-40,11181
603,Servine,-26,-45,-10,-7,-34,-20,4406
604,Serperior,-11,-30,10,8,-14,10,1481
605,Tepig,-21,-42,-40,-22,-64,-58,11749
606,Pignite,4,-12,-30,3,-54,-48,6289
607,Emboar,24,18,-20,33,-44,-38,5769
608,Oshawott,-31,-50,-40,-4,-64,-58,12537
609,Dewott,-11,-30,-25,16,-49,-43,6152
610,Samurott,9,-5,0,41,-39,-33,4397
611,Samurott (Hisuian Samurott),4,3,-5,33,-44,-18,3399
612,Patrat,-41,-50,-46,-32,-70,-61,15942
613,Watchog,-26,-20,-16,-7,-40,-26,3657
614,Lillipup,-41,-45,-40,-42,-64,-48,13470
615,Herdier,-21,-25,-20,-32,-44,-43,6275
616,Stoutland,-1,5,5,-22,-19,-23,1425
617,Purrloin,-45,-55,-48,-17,-72,-37,14196
618,Liepard,-22,-17,-35,21,-59,3,5929
619,Pansage,-36,-52,-37,-14,-61,-39,10807
620,Simisage,-11,-7,-22,31,-46,-2,3735
621,Pansear,-36,-52,-37,-14,-61,-39,10807
622,Simisear,-11,-7,-22,31,-46,-2,3735
623,Panpour,-36,-52,-37,-14,-61,-39,10807
624,Simipour,-11,-7,-22,31,-46,-2,3735
625,Munna,-10,-80,-40,0,-54,-79,17257
626,Musharna,30,-50,0,40,-14,-74,10672
627,Pidove,-36,-50,-35,-31,-79,-60,15823
628,Tranquill,-24,-28,-23,-17,-67,-38,8111
629,Unfezant,-6,10,-5,-2,-54,-10,3181
630,Blitzle,-41,-45,-53,-17,-77,-27,13462
631,Zebstrika,-11,-5,-22,13,-46,13,3084
632,Roggenrola,-31,-30,0,-42,-84,-88,18425
633,Boldore,-16,0,20,-17,-69,-83,12595
634,Gigalith,-1,30,45,-7,-29,-78,9900
635,Woobat,-21,-60,-42,-12,-66,-31,11266
636,Swoobat,-19,-48,-30,10,-54,11,6702
637,Drilbur,-26,-20,-45,-37,-64,-35,9791
638,Excadrill,24,30,-25,-17,-44,-15,4551
639,Audino,17,-45,1,-7,-23,-53,5702
640,Audino (Mega Audino),17,-45,41,13,17,-53,7262
641,Timburr,-11,-25,-30,-42,-74,-68,13510
642,Gurdurr,-1,0,0,-27,-59,-63,8180
643,Conkeldurr,19,35,10,-12,-44,-58,7130
644,Tympole,-36,-55,-45,-17,-69,-39,12917
645,Palpitoad,-11,-40,-30,-2,-54,-34,6697
646,Seismitoad,19,-10,-10,18,-34,-29,2882
647,Throh,34,-5,0,-37,-24,-58,6490
648,Sawk,-11,20,-10,-37,-34,-18,3470
649,Sewaddle,-41,-52,-15,-27,-49,-61,11461
650,Swadloon,-31,-42,5,-17,-29,-61,7601
651,Leavanny,-11,-2,-5,3,-29,-11,1121
652,Venipede,-56,-60,-26,-37,-70,-46,15797
653,Whirlipede,-46,-50,14,-27,-30,-56,9577
654,Scolipede,-26,-5,4,-12,-40,9,2542
655,Cottonee,-46,-78,-25,-30,-59,-37,14575
656,Whimsicott,-26,-38,0,10,-34,13,3545
657,Petilil,-41,-70,-35,3,-59,-73,16625
658,Lilligant,-16,-45,-10,43,-34,-13,5555
659,Lilligant (Hisuian Lilligant),-16,0,-10,-17,-34,2,1805
660,Basculin,-16,-13,-20,13,-54,-5,3935
661,Sandile,-36,-33,-50,-32,-74,-38,12829
662,Krokorok,-26,-23,-40,-22,-64,-29,8226
663,Krookodile,9,12,-5,-2,-39,-11,1896
664,Darumaka,-16,-15,-40,-52,-64,-53,11690
665,Darumaka (Galarian Darumaka),-16,-15,-40,-52,-64,-53,11690
666,Darmanitan (Standard Mode),19,35,-30,-37,-54,-8,6835
667,Darmanitan (Zen Mode),19,-75,20,73,-4,-48,14035
668,Darmanitan (Galarian Standard Mode),19,35,-30,-37,-54,-8,6835
669,Darmanitan (Galarian Zen Mode),19,55,-30,-37,-54,32,9595
670,Maractus,-11,-19,-18,39,-42,-43,5940
671,Dwebble,-36,-40,0,-32,-74,-48,11700
672,Crustle,-16,0,40,-2,-34,-58,6380
673,Scraggy,-36,-30,-15,-32,-39,-55,7991
674,Scrafty,-21,-15,30,-22,6,-45,4111
675,Sigilyph,-14,-47,-5,36,-29,-6,4603
676,Yamask,-48,-75,0,-12,-44,-73,15338
677,Yamask (Galarian Yamask),-48,-50,0,-37,-44,-73,13438
678,Cofagrigus,-28,-55,60,28,-4,-73,13538
679,Tirtouga,-32,-27,18,-14,-64,-81,12930
680,Carracosta,-12,3,48,16,-44,-71,9690
681,Archen,-31,7,-40,7,-64,-33,7844
682,Archeops,-11,35,-20,45,-44,7,5756
683,Trubbish,-36,-55,-23,-27,-47,-38,9232
684,Garbodor,-6,-10,-3,-7,-27,-28,1707
685,Zorua,-46,-40,-45,13,-69,-38,12115
686,Zorua (Hisuian Zorua),-51,-45,-45,18,-69,-33,12825
687,Zoroark,-26,0,-25,53,-49,2,6515
688,Zoroark (Hisuian Zoroark),-31,-5,-25,58,-49,7,7425
689,Minccino,-31,-55,-45,-27,-69,-28,12285
690,Cinccino,-11,-10,-25,-2,-49,12,3395
691,Gothita,-41,-75,-35,-12,-44,-58,13975
692,Gothorita,-26,-60,-15,8,-24,-48,7445
693,Gothitelle,-16,-50,10,28,1,-38,5085
694,Solosis,-41,-75,-45,38,-59,-83,21145
695,Duosion,-21,-65,-35,58,-49,-73,16985
696,Reuniclus,24,-40,-10,58,-24,-73,11545
697,Ducklett,-24,-61,-35,-23,-59,-48,11836
698,Swanna,-11,-18,-22,20,-46,-5,3470
699,Vanillite,-50,-55,-35,-2,-49,-59,12636
700,Vanillish,-35,-40,-20,13,-34,-44,6486
701,Vanilluxe,-15,-10,0,43,-14,-24,2946
702,Deerling,-26,-45,-35,-27,-59,-28,8920
703,Sawsbuck,-6,-5,-15,-7,-39,-8,1920
704,Emolga,-31,-30,-25,8,-49,0,4951
705,Karrablast,-36,-30,-40,-27,-64,-43,10470
706,Escavalier,-16,30,20,-7,-4,-83,8510
707,Foongus,-17,-50,-40,-12,-54,-88,15193
708,Amoonguss,28,-20,-15,18,-29,-73,7903
709,Frillish,-31,-65,-35,-2,-24,-63,10960
710,Jellicent,14,-45,-15,18,-4,-43,4635
711,Alomomola,79,-30,-5,-27,-64,-38,13435
712,Joltik,-36,-58,-35,-10,-59,-38,10910
713,Galvantula,-16,-28,-25,30,-49,5,4991
714,Ferroseed,-42,-55,6,-43,-23,-93,15852
715,Ferrothorn,-12,-11,46,-13,7,-83,9488
716,Klink,-46,-50,-15,-22,-49,-73,13055
717,Klang,-26,-25,10,3,-24,-53,4795
718,Klinklang,-26,-5,30,3,-24,-13,2355
719,Tynamo,-51,-50,-45,-22,-69,-43,14220
720,Eelektrik,-21,-20,-15,8,-39,-63,6620
721,Eelektross,-1,10,-5,38,-29,-53,5220
722,Elgyem,-31,-50,-30,18,-54,-73,12930
723,Beheeyem,-11,-30,-10,58,-14,-63,8650
724,Litwick,-36,-75,-30,-2,-54,-83,17630
725,Lampent,-26,-65,-25,28,-49,-48,11015
726,Chandelure,-26,-50,5,78,-19,-23,10175
727,Axew,-40,-18,-25,-37,-69,-46,10795
728,Fraxure,-20,12,-15,-27,-59,-36,6275
729,Haxorus,-10,42,5,-7,-39,-6,3495
730,Cubchoo,-31,-35,-45,-7,-69,-63,12990
731,Beartic,9,25,-5,3,-29,-53,4390
732,Cryogonal,-6,-55,-35,28,26,2,5750
733,Shelmet,-36,-65,0,-27,-44,-78,14270
734,Accelgor,-6,-35,-45,33,-49,42,8540
735,Stunfisk,23,-39,-1,14,-10,-71,7388
736,Stunfisk (Galarian Stunfisk),23,-24,14,-1,-25,-71,6968
737,Mienfoo,-41,-20,-35,-12,-59,-38,8375
738,Mienshao,-21,20,-25,28,-49,2,4655
739,Druddigon,-9,15,5,-7,-19,-55,3766
740,Golett,-27,-31,-35,-32,-59,-68,12044
741,Golurk,3,19,-5,-12,-29,-48,3684
742,Pawniard,-41,-20,-15,-27,-69,-43,9645
743,Bisharp,-21,20,15,-7,-39,-33,3725
744,Bouffalant,9,5,10,-27,-14,-48,3435
745,Rufflet,-16,-22,-35,-30,-59,-43,8195
746,Braviary,14,18,-10,-10,-34,-23,2405
747,Braviary (Hisuian Braviary),24,-22,-15,45,-39,-38,6275
748,Vullaby,-16,-50,-10,-22,-44,-43,7125
749,Mandibuzz,24,-40,20,-12,-14,-23,3445
750,Heatmor,-1,-8,-19,38,-43,-38,5163
751,Durant,-28,4,27,-19,-61,6,5647
752,Deino,-34,-40,-35,-22,-59,-65,12171
753,Zweilous,-14,-20,-15,-2,-39,-45,4371
754,Hydreigon,6,0,5,58,-19,-5,3811
755,Larvesta,-31,-20,-30,-17,-54,-43,7315
756,Volcarona,-1,-45,-20,68,-4,-3,7075
757,Cobalion,5,-15,44,23,-37,5,4109
758,Terrakion,5,24,5,5,-19,5,1037
759,Virizion,5,-15,-13,23,20,5,1373
760,Tornadus (Incarnate Forme),-7,10,-15,58,-29,8,4643
761,Tornadus (Therian Forme),-7,-5,-5,43,-19,18,2633
762,Thundurus (Incarnate Forme),-7,10,-15,58,-29,8,4643
763,Thundurus (Therian Forme),-7,0,-15,78,-29,-2,7203
764,Reshiram,14,15,15,83,11,-13,7825
765,Zekrom,14,45,35,53,-9,-13,6505
766,Landorus (Incarnate Forme),3,20,5,48,-29,-2,3583
767,Landorus (Therian Forme),3,40,5,38,-29,-12,4063
768,Kyurem,39,25,5,63,-19,-8,6565
769,Kyurem (Black Kyurem),39,65,15,53,-19,-8,9205
770,Kyurem (White Kyurem),39,15,5,103,-9,-8,12525
771,Keldeo,5,-33,5,62,-19,5,5369
772,Meloetta (Aria Forme),14,-28,-8,61,19,-13,5295
773,Meloetta (Pirouette Forme),14,23,5,10,-32,25,2499
774,Genesect,-15,15,10,53,-14,-4,3571
775,Chespin,-30,-44,-20,-19,-64,-65,11918
776,Quilladin,-25,-27,10,-11,-51,-46,6292
777,Chesnaught,2,2,37,7,-34,-39,4103
778,Fennekin,-46,-60,-45,-5,-49,-43,12016
779,Braixen,-27,-46,-27,23,-39,-30,6524
780,Delphox,-11,-36,-13,47,-9,1,3877
781,Froakie,-45,-49,-45,-5,-65,-32,11725
782,Frogadier,-32,-42,-33,16,-53,-6,6978
783,Greninja,-14,-10,-18,36,-38,19,3721
784,Greninja (Ash-Greninja),-14,40,-18,86,-38,29,11801
785,Bunnelby,-48,-69,-47,-35,-73,-46,17944
786,Diggersby,-1,-49,-8,-17,-32,-25,4404
787,Fletchling,-41,-55,-42,-27,-71,-41,13921
788,Fletchinder,-24,-32,-30,-11,-57,-19,6231
789,Talonflame,-8,-24,-14,7,-40,23,3014
790,Scatterbug,-48,-70,-45,-40,-84,-68,22509
791,Spewpa,-41,-83,-25,-40,-79,-74,22512
792,Vivillon,-6,-53,-35,23,-59,-14,8276
793,Litleo,-24,-55,-27,6,-55,-31,8352
794,Pyroar,0,-37,-13,42,-43,3,5160
795,Flabébé,-42,-67,-46,-6,-30,-61,13026
796,Floette,-32,-60,-38,8,-11,-51,8854
797,Florges,-8,-40,-17,45,45,-28,6787
798,Skiddo,-20,-40,-37,-5,-52,-51,8699
799,Gogoat,37,-5,-23,30,-28,-35,4832
800,Pancham,-19,-23,-23,-21,-61,-60,9181
801,Pangoro,9,19,-7,2,-38,-45,3964
802,Furfrou,-11,-25,-25,-2,-19,-1,1737
803,Espurr,-24,-57,-31,-4,-49,-35,8428
804,Meowstic,-12,-57,-9,16,-28,1,4515
805,Honedge,-41,-25,15,-32,-72,-75,14364
806,Doublade,-27,5,65,-22,-60,-68,13687
807,Aegislash (Shield Forme),-26,-55,55,-17,31,-43,9825
808,Aegislash (Blade Forme),-26,35,-35,73,-59,-43,13785
809,Spritzee,-8,-53,-25,-4,-44,-80,11850
810,Aromatisse,15,-33,-13,32,-20,-74,8383
811,Swirlix,-24,-57,-19,-8,-52,-54,9870
812,Slurpuff,-4,-25,1,18,-34,-31,3083
813,Inkay,-33,-51,-32,-30,-63,-58,12947
814,Malamar,0,-13,3,1,-34,-30,2235
815,Binacle,-44,-53,-18,-28,-53,-53,11471
816,Barbaracle,-14,0,30,-13,-23,-35,3019
817,Skrelp,-36,-45,-25,-7,-49,-73,11725
818,Dragalge,-21,-30,5,30,14,-59,5943
819,Clauncher,-36,-52,-23,-9,-46,-59,10207
820,Clawitzer,-15,-32,3,53,-20,-44,6403
821,Helioptile,-42,-67,-52,-6,-66,-33,14438
822,Heliolisk,-24,-50,-33,42,-15,6,6190
823,Tyrunt,-28,-16,-8,-22,-64,-55,8709
824,Tyrantrum,-4,16,34,2,-50,-32,4956
825,Amaura,-9,-46,-35,0,-46,-57,8787
826,Aurorus,37,-28,-13,32,-17,-45,5660
827,Sylveon,9,-40,-20,43,21,-43,6220
828,Hawlucha,-8,-13,-10,7,-46,15,2723
829,Dedenne,-19,-47,-28,14,-42,-2,5318
830,Carbink,-36,-55,65,-17,41,-53,13325
831,Goomy,-41,-55,-50,-12,-34,-63,12475
832,Sliggoo,-18,-30,-32,16,4,-43,4369
833,Sliggoo (Hisuian Sliggoo),-28,-30,-2,16,4,-63,5929
834,Goodra,4,-5,-15,43,41,-23,4325
835,Goodra (Hisuian Goodra),-6,-5,15,43,41,-43,5665
836,Klefki,-29,-25,6,13,-22,-28,2939
837,Phantump,-43,-35,-37,-17,-49,-65,11358
838,Trevenant,-1,5,-9,-2,-27,-47,3049
839,Pumpkaboo (Small Size),-42,-39,-15,-23,-54,-47,9164
840,Pumpkaboo (Average Size),-37,-39,-15,-23,-54,-52,9264
841,Pumpkaboo (Large Size),-32,-39,-15,-23,-54,-57,9464
842,Pumpkaboo (Super Size),-27,-39,-15,-23,-54,-62,9764
843,Gourgeist (Small Size),-31,-20,37,-9,-34,-4,3983
844,Gourgeist (Average Size),-21,-15,37,-9,-34,-19,3633
845,Gourgeist (Large Size),-11,-10,37,-9,-34,-34,3983
846,Gourgeist (Super Size),-1,-5,37,-9,-34,-49,5033
847,Bergmite,-31,-36,0,-35,-74,-75,14583
848,Avalugg,9,12,99,-23,-63,-75,20149
849,Avalugg (Hisuian Avalugg),9,22,99,-33,-73,-65,21009
850,Noibat,-46,-75,-50,-22,-69,-48,17790
851,Noivern,-1,-35,-5,30,-29,20,3392
852,Xerneas,40,26,10,64,-11,-4,6609
853,Yveltal,40,26,10,64,-11,-4,6609
854,Zygarde (50% Forme),22,-5,36,14,-14,-8,2261
855,Zygarde (10% Forme),-32,-5,-14,-6,-24,12,2001
856,Zygarde (Complete Forme),130,-5,36,24,-14,-18,19317
857,Diancie,-36,-5,65,33,41,-53,11125
858,Diancie (Mega Diancie),-36,55,25,93,1,7,13645
859,Hoopa (Hoopa Confined),-6,5,-25,83,21,-33,9105
860,Hoopa (Hoopa Unbound),-6,55,-25,103,21,-23,15265
861,Volcanion,-6,5,35,63,-19,-33,6705
862,Rowlet,-18,-50,-30,-17,-59,-61,11215
863,Dartrix,-8,-30,-10,3,-39,-51,5195
864,Decidueye,-8,2,-10,33,-9,-33,2427
865,Decidueye (Hisuian Decidueye),2,7,-5,28,-14,-43,2907
866,Litten,-41,-40,-45,-7,-69,-33,11205
867,Torracat,-21,-20,-35,13,-59,-13,5885
868,Incineroar,9,10,5,13,-19,-43,2585
869,Popplio,-36,-51,-31,-1,-53,-63,11637
870,Brionne,-26,-36,-16,24,-28,-53,6397
871,Primarina,-6,-31,-11,59,7,-43,6497
872,Pikipek,-51,-30,-55,-37,-79,-38,15580
873,Trumbeak,-31,-20,-35,-27,-59,-28,7580
874,Toucannon,-6,15,-10,8,-34,-43,3430
875,Yungoos,-38,-35,-55,-37,-79,-58,16668
876,Gumshoos,2,5,-25,-12,-49,-58,6563
877,Grubbin,-39,-43,-40,-12,-64,-57,12459
878,Charjabug,-29,-23,10,-12,-34,-67,7259
879,Vikavolt,-9,-35,5,78,-34,-60,12171
880,Crabrawler,-39,-23,-28,-25,-62,-40,8903
881,Crabominable,11,27,-8,-5,-42,-60,6303
882,Oricorio,-11,-35,-15,31,-39,-10,4153
883,Cutiefly,-46,-60,-45,-12,-69,-19,13007
884,Ribombee,-26,-50,-25,28,-39,21,6547
885,Rockruff,-41,-40,-45,-37,-69,-43,13285
886,Lycanroc (Midday Form),-11,10,-20,-12,-44,9,2782
887,Lycanroc (Midnight Form),-1,10,-10,-12,-34,-21,1942
888,Lycanroc (Dusk Form),-11,12,-20,-12,-44,7,2794
889,Wishiwashi (Solo Form),-41,-85,-65,-42,-84,-63,25920
890,Wishiwashi (School Form),-41,35,45,73,26,-73,16265
891,Mareanie,-36,-52,-23,-24,-57,-58,11718
892,Toxapex,-36,-42,67,-14,33,-68,13458
893,Mudbray,-16,-5,-15,-22,-54,-58,7270
894,Mudsdale,14,20,15,-12,-24,-68,6165
895,Dewpider,-48,-65,-33,-27,-37,-76,15492
896,Araquanid,-18,-35,7,-17,23,-61,6137
897,Fomantis,-46,-50,-50,-17,-74,-68,17505
898,Lurantis,-16,0,5,13,-19,-58,4175
899,Morelull,-46,-70,-30,-2,-34,-88,16820
900,Shiinotic,-26,-60,-5,23,-9,-73,10240
901,Salandit,-38,-61,-45,4,-69,-26,12643
902,Salazzle,-18,-41,-25,44,-49,14,7163
903,Stufful,-16,-30,-35,-22,-59,-53,9155
904,Bewear,34,20,-5,-12,-49,-43,5975
905,Bounsweet,-44,-75,-47,-37,-71,-71,21221
906,Steenee,-34,-65,-37,-27,-61,-41,12881
907,Tsareena,-14,15,13,-17,-11,-31,1961
908,Comfey,-35,-53,5,15,1,-3,4294
909,Oranguru,4,-45,-5,23,1,-43,4445
910,Passimian,14,15,5,-27,-49,-23,4105
911,Wimpod,-61,-70,-45,-47,-79,-23,19625
912,Golisopod,-11,20,55,-7,-19,-63,7925
913,Sandygast,-31,-50,-5,3,-64,-88,15335
914,Palossand,-1,-30,25,33,-34,-68,8395
915,Pyukumuku,-31,-45,45,-37,21,-98,16425
916,Type: Null,9,-10,10,28,-14,-44,3197
917,Silvally,9,-10,10,28,-14,-8,1325
918,Minior (Meteor Form),-26,-45,15,-7,-9,-43,4905
919,Minior (Core),-26,-5,-25,33,-49,17,5105
920,Komala,-21,10,-20,8,-14,-38,2645
921,Turtonator,-26,-27,50,24,-24,-67,9546
922,Togedemaru,-21,-7,-22,-27,-36,-7,3048
923,Mimikyu,-31,-15,-5,-17,-4,-7,1565
924,Bruxish,-18,0,-15,3,-39,-11,2200
925,Drampa,-8,-45,0,68,-18,-67,11526
926,Dhelmise,-16,26,15,19,-19,-63,5848
927,Jangmo-o,-41,-50,-20,-22,-64,-58,12525
928,Hakamo-o,-31,-30,5,-2,-39,-38,4855
929,Kommo-o,-11,5,40,33,-4,-18,3175
930,Tapu Koko,-16,10,0,28,-34,27,3025
931,Tapu Lele,-16,-20,-10,63,6,-8,4825
932,Tapu Bulu,-16,25,30,18,-14,-28,3085
933,Tapu Fini,-16,-30,30,28,21,-18,3605
934,Cosmog,-43,-76,-54,-38,-78,-66,22425
935,Cosmoem,-43,-76,46,-38,22,-66,16025
936,Solgaleo,51,32,22,46,-20,-6,6661
937,Lunala,51,8,4,70,-2,-6,7621
938,Nihilego,23,-52,-38,60,22,0,8761
939,Buzzwole,21,34,54,-14,-56,-24,8421
940,Pheromosa,-15,32,-48,70,-72,48,15941
941,Xurkitree,-3,-16,-14,106,-38,-20,13541
942,Celesteela,11,-4,18,40,-8,-42,3889
943,Kartana,-27,76,46,-8,-78,6,14805
944,Guzzlord,137,-4,-32,30,-56,-60,27445
945,Necrozma,11,2,16,60,-20,-24,4957
946,Necrozma (Dusk Mane Necrozma),11,52,42,46,0,-26,7381
947,Necrozma (Dawn Wings Necrozma),11,8,24,90,18,-26,9861
948,Necrozma (Ultra Necrozma),11,62,12,100,-12,26,14929
949,Magearna,-6,-10,30,63,6,-38,6485
950,Marshadow,4,20,-5,23,-19,22,1815
951,Poipole,-19,-32,-18,6,-42,-30,4409
952,Naganadel,-13,-32,-12,60,-36,18,6557
953,Stakataka,-25,26,126,-14,-8,-90,25537
954,Blacephalon,-33,22,-32,84,-30,4,10569
955,Zeraora,2,7,-10,35,-29,40,3819
956,Meltan,-40,-40,-20,-12,-74,-69,13981
957,Melmetal,49,38,58,13,-44,-69,14075
958,Grookey,-36,-40,-35,-27,-69,-38,11055
959,Thwackey,-16,-20,-15,-12,-49,-23,3955
960,Rillaboom,14,20,5,-7,-39,-18,2515
961,Scorbunny,-36,-34,-45,-27,-69,-34,11123
962,Raboot,-21,-19,-25,-12,-49,-9,4053
963,Cinderace,-6,11,-10,-2,-34,16,1673
964,Sobble,-36,-65,-45,3,-69,-33,13405
965,Drizzile,-21,-45,-30,28,-54,-13,7235
966,Inteleon,-16,-20,-20,58,-44,17,6645
967,Skwovet,-16,-50,-30,-32,-74,-78,16240
968,Greedent,34,-10,10,-12,-34,-83,9545
969,Rookidee,-48,-58,-50,-34,-74,-46,16916
970,Corvisquire,-18,-38,-30,-24,-54,-26,6836
971,Corviknight,12,-18,20,-14,-24,-36,2936
972,Blipbug,-61,-85,-65,-42,-64,-58,24395
973,Dottler,-36,-70,-5,-17,-19,-73,12200
974,Orbeetle,-26,-60,25,13,11,-13,5360
975,Nickit,-46,-77,-57,-20,-57,-53,17752
976,Thievul,-16,-47,-27,20,-17,-13,4052
977,Gossifleur,-46,-65,-25,-27,-49,-93,18745
978,Eldegoss,-26,-55,5,13,11,-43,5865
979,Wooloo,-44,-65,-30,-27,-64,-55,14911
980,Dubwool,-14,-25,15,-7,-19,-15,1681
981,Chewtle,-36,-41,-35,-29,-71,-59,13565
982,Drednaw,4,10,5,-19,-41,-29,3024
983,Yamper,-27,-60,-35,-27,-59,-77,15693
984,Boltund,-17,-15,-25,23,-49,18,4393
985,Rolycoly,-56,-65,-35,-27,-59,-73,18125
986,Carkol,-6,-45,5,-7,-39,-53,6465
987,Coalossal,24,-25,35,13,-19,-73,8285
988,Applin,-46,-65,-5,-27,-69,-83,18745
989,Flapple,-16,5,-5,28,-49,-33,4580
990,Appletun,24,-20,-5,33,-29,-73,8260
991,Silicobra,-34,-48,-10,-32,-59,-57,11314
992,Sandaconda,-14,2,40,-2,-39,-32,4349
993,Cramorant,-16,-20,-30,18,-14,-18,2400
994,Arrokuda,-45,-42,-45,-27,-79,-37,14153
995,Barraskewda,-25,18,-25,-7,-59,33,6193
996,Toxel,-46,-67,-50,-13,-74,-63,18719
997,Toxtricity,-11,-7,-15,47,-39,-28,4909
998,Sizzlipede,-36,-40,-40,-17,-59,-58,11630
999,Centiskorch,14,10,-20,23,-19,-38,3030
1000,Clobbopus,-36,-37,-25,-17,-59,-71,12101
1001,Grapploct,-6,13,5,3,-29,-61,4801
1002,Sinistea,-46,-60,-40,7,-55,-53,13199
1003,Polteageist,-26,-40,-20,67,5,-33,8279
1004,Hatenna,-44,-75,-40,-11,-56,-64,16514
1005,Hattrem,-29,-65,-20,19,-36,-54,10039
1006,Hatterene,-29,-15,10,69,-6,-74,11439
1007,Impidimp,-41,-60,-55,-12,-69,-53,16020
1008,Morgrem,-21,-45,-40,8,-54,-33,8135
1009,Grimmsnarl,9,15,-20,28,-34,-43,4495
1010,Obstagoon,7,-15,16,-7,-28,-8,1427
1011,Perrserker,-16,5,15,-17,-49,-53,6005
1012,Cursola,-26,-10,-35,78,21,-73,13855
1013,Sirfetch'd,-24,30,10,1,-27,-38,3750
1014,Mr. Rime,-6,-20,-10,43,-9,-33,3555
1015,Runerigus,-28,-10,60,-17,-4,-73,10118
1016,Milcery,-41,-65,-45,-17,-48,-69,15285
1017,Alcremie,-21,-45,-10,43,12,-39,6080
1018,Falinks,-21,-5,15,3,-49,-28,3885
1019,Pincurchin,-38,-4,10,24,-24,-88,10456
1020,Snom,-56,-80,-50,-22,-79,-83,25650
1021,Frosmoth,-16,-40,-25,58,-19,-38,7650
1022,Stonjourner,14,20,50,-47,-89,-33,14315
1023,Eiscue (Ice Face),-11,-25,25,-2,-19,-53,4545
1024,Eiscue (Noice Face),-11,-25,-15,-2,-59,27,5185
1025,Indeedee (Male),-26,-40,-30,38,-14,-8,4880
1026,Indeedee (Female),-16,-50,-20,28,-4,-18,4280
1027,Morpeko,-28,-10,-27,3,-51,-6,4259
1028,Cufant,-14,-25,-36,-27,-60,-63,10415
1029,Copperajah,36,25,-16,13,-40,-73,9275
1030,Dracozolt,4,-5,5,13,-39,-28,2540
1031,Arctozolt,4,-5,5,23,-29,-48,3740
1032,Dracovish,4,-15,15,3,-29,-28,2100
1033,Arctovish,4,-15,15,13,-19,-48,3300
1034,Duraludon,-16,-10,30,53,-59,-18,7870
1035,Dreepy,-58,-45,-55,-27,-79,-21,15825
1036,Drakloak,-18,-25,-35,-7,-59,-1,5705
1037,Dragapult,2,15,-10,33,-34,39,4095
1038,Zacian (Hero of Many Battles),6,15,30,13,6,35,2591
1039,Zacian (Crowned Sword),6,45,30,13,6,45,5191
1040,Zamazenta (Hero of Many Battles),6,15,30,13,6,35,2591
1041,Zamazenta (Crowned Shield),6,15,55,13,31,25,5041
1042,Eternatus,54,-20,10,78,-14,27,10425
1043,Eternatus (Eternamax Eternatus),169,10,165,58,141,27,79860
1044,Kubfu,-26,-15,-25,-14,-59,-31,6164
1045,Urshifu,14,25,15,-4,-49,-6,3499
1046,Zarude,19,15,20,3,-14,2,1195
1047,Regieleki,-6,-5,-35,33,-59,97,15265
1048,Regidrago,114,-5,-35,33,-59,-23,19345
1049,Glastrier,14,40,45,-2,1,-73,9155
1050,Spectrier,14,-40,-25,78,-29,27,10075
1051,Calyrex,14,-25,-5,13,-29,-23,2385
1052,Calyrex (Ice Rider Calyrex),14,60,65,18,21,-53,11595
1053,Calyrex (Shadow Rider Calyrex),14,-20,-5,98,-9,47,12515
1054,Wyrdeer,17,0,-13,38,-34,-38,4502
1055,Kleavor,-16,30,10,-22,-39,-18,3585
1056,Ursaluna,44,35,20,-22,-29,-53,7695
1057,Basculegion (Male),34,7,-20,13,-34,-25,3555
1058,Basculegion (Female),34,-13,-20,33,-34,-25,4595
1059,Sneasler,-6,25,-25,-27,-29,17,3145
1060,Overqwil,-1,10,10,-2,-44,-18,2465
1061,Enamorus (Incarnate Forme),-12,10,-15,68,-29,3,5943
1062,Enamorus (Therian Forme),-12,10,25,68,-9,-57,8823
1063,Sprigatito,-46,-44,-31,-22,-64,-38,11037
1064,Floragato,-25,-25,-22,-7,-46,-20,4299
1065,Meowscarada,-10,5,-15,14,-39,20,2467
1066,Fuecoco,-19,-60,-26,-4,-69,-67,13903
1067,Crocalor,-5,-50,-7,23,-51,-54,8620
1068,Skeledirge,18,-30,15,43,-34,-37,5823
1069,Quaxly,-31,-40,-40,-17,-64,-53,11355
1070,Quaxwell,-16,-20,-20,-2,-49,-38,4905
1071,Quaquaval,-1,15,-5,18,-34,-18,2055
1072,Lechonk,-32,-60,-45,-32,-64,-68,16393
1073,Oinkologne (Male),24,-5,-10,-8,-29,-38,3050
1074,Oinkologne (Female),29,-15,-15,-8,-19,-38,3160
1075,Tarountula,-51,-64,-40,-38,-69,-83,21391
1076,Spidops,-26,-26,7,-15,-23,-68,6779
1077,Nymble,-53,-59,-45,-46,-84,-58,20851
1078,Lokix,-15,-3,-7,-15,-54,-11,3545
1079,Pawmi,-41,-55,-65,-27,-84,-43,18565
1080,Pawmo,-26,-30,-45,-17,-69,-18,8975
1081,Pawmot,-16,10,-15,3,-49,2,2995
1082,Tandemaus,-36,-55,-40,-27,-64,-28,11530
1083,Maushold,-12,-30,-15,-2,-34,8,2493
1084,Fidough,-49,-50,-15,-37,-54,-38,10855
1085,Dachsbun,-29,-25,30,-17,-29,-8,3560
1086,Smoliv,-45,-70,-40,-9,-58,-73,17299
1087,Dolliv,-34,-52,-25,11,-31,-70,10467
1088,Arboliva,-8,-36,5,58,0,-64,8845
1089,Squawkabilly,-4,-9,-34,-22,-58,-11,5222
1090,Nacli,-31,-50,-10,-32,-74,-78,16145
1091,Naclstack,-26,-45,15,-32,-44,-68,10510
1092,Garganacl,14,-5,45,-22,-19,-68,7715
1093,Charcadet,-46,-55,-45,-17,-69,-68,16840
1094,Armarouge,-1,-45,15,58,-29,-28,7240
1095,Ceruledge,-11,20,-5,-7,-9,-18,1000
1096,Tadbulb,-25,-74,-44,-8,-74,-58,16941
1097,Bellibolt,23,-41,6,36,-26,-58,7582
1098,Wattrel,-46,-65,-50,-12,-69,-33,14835
1099,Kilowattrel,-16,-35,-25,38,-49,22,6435
1100,Maschiff,-26,-27,-25,-27,-58,-52,8827
1101,Mabosstiff,-6,15,5,-7,-39,-18,2180
1102,Shroodle,-46,-40,-50,-27,-74,-28,13205
1103,Grafaiai,-23,-10,-20,13,-37,7,2616
1104,Bramblin,-46,-40,-55,-22,-74,-43,14550
1105,Brambleghast,-31,10,-15,13,-39,-13,3145
1106,Toedscool,-46,-65,-50,-17,-9,-33,10300
1107,Toedscruel,-6,-35,-20,13,11,-3,1960
1108,Klawf,-16,-5,30,-32,-54,-28,5905
1109,Capsakid,-36,-43,-45,-5,-69,-53,12765
1110,Scovillain,-21,3,-20,41,-44,-28,5251
1111,Rellor,-45,-55,-25,-36,-51,-73,14901
1112,Rabsca,-11,-55,0,48,-9,-58,8895
1113,Flittle,-56,-70,-55,-12,-79,-28,18230
1114,Espathra,9,-45,-25,34,-49,2,6292
1115,Tinkatink,-36,-60,-40,-32,-45,-45,11570
1116,Tinkatuff,-21,-50,-30,-22,-27,-25,5679
1117,Tinkaton,-1,-30,-8,3,-4,-9,1071
1118,Wiglett,-76,-50,-60,-32,-84,-8,20020
1119,Wugtrio,-51,-5,-35,-17,-39,17,5950
1120,Bombirdier,-16,-2,0,-7,-24,-21,1326
1121,Finizen,-16,-60,-45,-22,-69,-28,11910
1122,Palafin,14,-35,-13,-14,-47,-3,4004
1123,Palafin,14,55,12,39,-22,-3,5379
1124,Varoom,-41,-35,-22,-37,-64,-56,11991
1125,Revavroom,-6,14,5,-13,-42,-13,2359
1126,Cyclizar,-16,-10,-20,18,-44,18,3340
1127,Orthworm,-16,-20,60,-7,-54,-38,8665
1128,Glimmet,-38,-70,-43,38,-49,-43,13887
1129,Glimmora,-3,-50,5,63,-28,-17,7576
1130,Greavard,-36,-44,-25,-37,-54,-69,12903
1131,Houndstone,-14,-4,15,-17,-12,-35,2095
1132,Flamigo,-4,10,-11,8,-45,-13,2495
1133,Cetoddle,22,-37,-40,-37,-69,-60,13183
1134,Cetitan,84,8,-20,-22,-54,-30,11820
1135,Veluza,4,-3,-12,11,-44,-33,3315
1136,Dondozo,64,-5,30,-2,-44,-68,11585
1137,Tatsugiri,-18,-55,-25,53,-14,-21,7420
1138,Annihilape,24,10,-5,-17,-19,-13,1520
1139,Clodsire,44,-30,-25,-22,-9,-83,10915
1140,Farigiraf,34,-15,-15,43,-39,-43,6825
1141,Dudunsparce,39,-5,-5,18,-34,-48,5355
1142,Kingambit,14,30,35,-7,-24,-53,5755
1143,Great Tusk,29,26,46,-14,-56,-16,7221
1144,Scream Tail,29,-40,14,-2,6,8,2741
1145,Brute Bonnet,25,22,14,12,-10,-48,3853
1146,Flutter Mane,-31,-50,-30,68,26,32,10685
1147,Slither Wing,-1,30,-6,18,-4,-22,1761
1148,Sandy Shocks,-1,-24,12,54,-24,-2,4217
1149,Iron Treads,4,7,35,5,-39,3,2845
1150,Iron Bundle,-30,-25,29,57,-49,33,9105
1151,Iron Hands,68,35,23,-17,-41,-53,11157
1152,Iron Jugulis,8,-25,1,55,-29,5,4581
1153,Iron Moth,-6,-35,-25,73,1,7,7265
1154,Iron Thorns,14,29,25,3,-25,-31,3257
1155,Frigibax,-21,-30,-40,-32,-64,-48,10365
1156,Arctibax,4,-10,-19,-22,-44,-41,4578
1157,Baxcalibur,29,40,7,8,-23,-16,3339
1158,Gimmighoul (Chest Form),-41,-75,-15,8,-39,-93,17765
1159,Gimmighoul (Roaming Form),-41,-75,-60,8,-64,-23,15595
1160,Gholdengo,1,-45,10,66,-18,-19,7167
1161,Wo-Chien,-1,-20,15,28,26,-33,3175
1162,Chien-Pao,-6,15,-5,23,-44,32,3775
1163,Ting-Lu,69,5,40,-12,-29,-58,10735
1164,Chi-Yu,-31,-25,-5,68,11,-3,6365
1165,Roaring Moon,19,34,-14,-12,-8,16,2177
1166,Iron Valiant,-12,25,5,53,-49,13,6173
1167,Koraidon,14,30,30,18,-9,32,3425
1168,Miraidon,14,-20,15,68,6,32,6505
