Rohan Chowla vs. Pokemon SSE,pokemon,D_HP,D_ATK,D_DEF,D_SPA,D_SPD,D_SPE,SSE
0,Bulbasaur,-35,-65,-56,-31,-40,-26,11823
1,Ivysaur,-20,-52,-42,-16,-25,-11,5870
2,Venusaur,0,-32,-22,4,-5,9,1630
3,Venusaur (Mega Venusaur),0,-14,18,26,15,9,1502
4,Charmander,-41,-62,-62,-36,-55,-6,13726
5,Charmeleon,-22,-50,-47,-16,-40,9,7130
6,Charizard,-2,-30,-27,13,-20,29,3043
7,Charizard (Mega Charizard X),-2,16,6,34,-20,29,2693
8,Charizard (Mega Charizard Y),-2,-10,-27,63,10,29,5743
9,Squirtle,-36,-66,-40,-46,-41,-28,11833
10,Wartortle,-21,-51,-25,-31,-25,-13,5422
11,Blastoise,-1,-31,-5,-11,0,7,1157
12,Blastoise (Mega Blastoise),-1,-11,15,39,10,7,2017
13,Caterpie,-35,-84,-70,-76,-85,-26,26858
14,Metapod,-30,-94,-50,-71,-80,-41,25358
15,Butterfree,-20,-69,-55,-6,-25,-1,8848
16,Weedle,-40,-79,-75,-76,-85,-21,26908
17,Kakuna,-35,-89,-55,-71,-80,-36,24908
18,Beedrill,-15,-24,-65,-51,-25,4,8268
19,Beedrill (Mega Beedrill),-15,36,-65,-81,-25,74,18408
20,Pidgey,-40,-69,-65,-61,-70,-15,19432
21,Pidgeotto,-17,-54,-50,-46,-55,0,10846
22,Pidgeot,3,-34,-30,-26,-35,30,4866
23,Pidgeot (Mega Pidgeot),3,-34,-25,39,-25,50,6436
24,Rattata,-50,-58,-70,-71,-70,1,20706
25,Rattata (Alolan Rattata),-50,-58,-70,-71,-70,1,20706
26,Raticate,-25,-33,-45,-46,-35,26,7756
27,Raticate (Alolan Raticate),-5,-43,-35,-56,-25,6,6896
28,Spearow,-40,-54,-75,-65,-74,-1,19843
29,Fearow,-15,-24,-40,-35,-44,29,6403
30,Ekans,-45,-54,-61,-56,-51,-16,14655
31,Arbok,-20,-19,-36,-31,-26,9,3775
32,Pikachu,-45,-59,-65,-46,-55,19,15233
33,Pikachu (Partner Pikachu),-35,-34,-55,-21,-45,49,10273
34,Raichu,-20,-24,-50,-6,-25,39,5658
35,Raichu (Alolan Raichu),-20,-29,-55,-1,-20,39,6188
36,Sandshrew,-30,-39,-20,-76,-75,-31,15183
37,Sandshrew (Alolan Sandshrew),-30,-39,-15,-86,-70,-31,15903
38,Sandslash,-5,-14,5,-51,-50,-6,5383
39,Sandslash (Alolan Sandslash),-5,-14,15,-71,-40,-6,7123
40,Nidoran♀,-25,-67,-53,-56,-65,-30,16184
41,Nidorina,-10,-52,-38,-41,-50,-15,8654
42,Nidoqueen,10,-22,-18,-21,-20,5,1774
43,Nidoran♂,-34,-57,-65,-56,-65,-21,16432
44,Nidorino,-19,-42,-48,-41,-50,-6,8646
45,Nidoking,1,-12,-28,-11,-30,14,2146
46,Clefairy,-10,-69,-57,-36,-40,-36,12302
47,Clefable,15,-44,-32,-1,-15,-11,3532
48,Vulpix,-42,-73,-65,-46,-40,-6,15070
49,Vulpix (Alolan Vulpix),-42,-73,-65,-46,-40,-6,15070
50,Ninetales,-7,-38,-30,-15,-5,29,3484
51,Ninetales (Alolan Ninetales),-7,-47,-30,-15,-5,38,4852
52,Jigglypuff,35,-69,-85,-51,-80,-51,24813
53,Wigglytuff,60,-44,-60,-11,-55,-26,12958
54,Zubat,-40,-69,-70,-66,-65,-16,20098
55,Golbat,-5,-34,-35,-31,-30,19,4628
56,Oddish,-35,-64,-50,-21,-40,-41,11543
57,Gloom,-20,-49,-35,-11,-30,-31,6008
58,Vileplume,-5,-34,-20,14,-15,-21,2443
59,Paras,-45,-44,-50,-51,-50,-46,13678
60,Parasect,-20,-19,-25,-36,-25,-41,4988
61,Venonat,-20,-59,-55,-56,-50,-26,13218
62,Venomoth,-10,-49,-45,-6,-30,19,5823
63,Diglett,-70,-59,-80,-61,-60,24,22678
64,Diglett (Alolan Diglett),-70,-59,-75,-61,-60,19,21688
65,Dugtrio,-45,-14,-55,-46,-35,49,10988
66,Dugtrio (Alolan Dugtrio),-45,-14,-45,-46,-35,39,9108
67,Meowth,-40,-69,-70,-56,-65,19,18983
68,Meowth (Alolan Meowth),-40,-79,-70,-46,-65,19,19443
69,Meowth (Galarian Meowth),-30,-49,-50,-56,-65,-31,14123
70,Persian,-15,-44,-45,-31,-40,44,8683
71,Persian (Alolan Persian),-15,-54,-45,-21,-40,44,9143
72,Psyduck,-30,-62,-57,-31,-55,-16,12235
73,Golduck,0,-32,-27,-1,-25,14,2575
74,Mankey,-40,-34,-70,-61,-60,-1,14978
75,Primeape,-15,-9,-45,-36,-35,24,5428
76,Growlithe,-25,-44,-60,-26,-55,-11,9983
77,Growlithe (Hisuian Growlithe),-20,-39,-60,-31,-55,-16,9763
78,Arcanine,10,-4,-25,4,-25,24,1958
79,Arcanine (Hisuian Arcanine),15,1,-25,-1,-25,19,1838
80,Poliwag,-40,-64,-65,-56,-65,19,17643
81,Poliwhirl,-15,-49,-40,-46,-55,19,9728
82,Poliwrath,10,-19,-10,-26,-15,-1,1463
83,Abra,-55,-94,-90,9,-50,19,22903
84,Kadabra,-40,-79,-75,24,-35,34,16423
85,Alakazam,-25,-64,-60,39,-10,49,12343
86,Alakazam (Mega Alakazam),-25,-64,-40,79,0,79,18803
87,Machop,-10,-34,-55,-61,-70,-36,14198
88,Machoke,0,-14,-35,-46,-45,-26,6238
89,Machamp,10,16,-25,-31,-20,-16,2598
90,Bellsprout,-30,-39,-70,-26,-75,-31,14583
91,Weepinbell,-15,-24,-55,-11,-60,-16,7803
92,Victreebel,0,-9,-40,4,-35,-1,2923
93,Tentacool,-40,-74,-70,-46,-5,-1,14118
94,Tentacruel,0,-44,-40,-16,15,29,4858
95,Geodude,-40,-34,-5,-66,-75,-51,15363
96,Geodude (Alolan Geodude),-40,-34,-5,-66,-75,-51,15363
97,Graveler,-25,-19,10,-51,-60,-36,8583
98,Graveler (Alolan Graveler),-25,-19,10,-51,-60,-36,8583
99,Golem,0,6,25,-41,-40,-26,4618
100,Golem (Alolan Golem),0,6,25,-41,-40,-26,4618
101,Ponyta,-30,-29,-50,-31,-40,19,7163
102,Ponyta (Galarian Ponyta),-30,-29,-50,-31,-40,19,7163
103,Rapidash,-15,-14,-35,-16,-25,34,3683
104,Rapidash (Galarian Rapidash),-15,-14,-35,-16,-25,34,3683
105,Slowpoke,10,-49,-40,-56,-65,-56,14598
106,Slowpoke (Galarian Slowpoke),10,-49,-40,-56,-65,-56,14598
107,Slowbro,15,-39,5,4,-25,-41,4093
108,Slowbro (Mega Slowbro),15,-39,75,34,-25,-41,10833
109,Slowbro (Galarian Slowbro),15,-14,-10,4,-35,-41,3443
110,Magnemite,-55,-79,-35,-1,-50,-26,13668
111,Magneton,-30,-54,-10,24,-35,-1,5718
112,Farfetch'd,-28,-24,-50,-38,-43,-11,7274
113,Farfetch'd (Galarian Farfetch'd),-28,-19,-50,-38,-43,-16,7194
114,Doduo,-45,-29,-60,-61,-70,4,15103
115,Dodrio,-20,-4,-35,-36,-45,39,6483
116,Seel,-15,-69,-50,-51,-35,-26,11988
117,Dewgong,10,-44,-25,-26,-10,-1,3438
118,Grimer,0,-34,-55,-56,-55,-46,12458
119,Grimer (Alolan Grimer),0,-34,-55,-56,-55,-46,12458
120,Muk,25,-9,-30,-31,-5,-21,3033
121,Muk (Alolan Muk),25,-9,-30,-31,-5,-21,3033
122,Shellder,-50,-49,-5,-51,-80,-31,14888
123,Cloyster,-30,-19,75,-11,-60,-1,10608
124,Gastly,-50,-79,-75,4,-70,9,19363
125,Haunter,-35,-64,-60,19,-50,24,12358
126,Gengar,-20,-49,-45,34,-30,39,8403
127,Gengar (Mega Gengar),-20,-49,-25,74,-10,59,12483
128,Onix,-45,-69,55,-66,-60,-1,17768
129,Drowzee,-20,-66,-60,-53,-15,-29,12231
130,Hypno,5,-41,-35,-23,10,-4,3576
131,Krabby,-50,-9,-15,-71,-80,-21,14688
132,Kingler,-25,16,10,-46,-55,4,6138
133,Voltorb,-40,-84,-55,-41,-50,29,16703
134,Voltorb (Hisuian Voltorb),-40,-84,-55,-41,-50,29,16703
135,Electrode,-20,-64,-35,-16,-25,79,12843
136,Electrode (Hisuian Electrode),-20,-64,-35,-16,-25,79,12843
137,Exeggcute,-20,-74,-25,-36,-60,-31,12358
138,Exeggutor,15,-19,-20,29,-30,-16,2983
139,Exeggutor (Alolan Exeggutor),15,-9,-20,29,-30,-26,3123
140,Cubone,-30,-64,-10,-56,-55,-36,12553
141,Marowak,-20,-34,5,-46,-25,-26,4998
142,Marowak (Alolan Marowak),-20,-34,5,-46,-25,-26,4998
143,Hitmonlee,-30,6,-52,-61,5,16,7642
144,Hitmonchan,-30,-9,-26,-61,5,5,5428
145,Lickitung,10,-59,-30,-36,-30,-41,8358
146,Koffing,-40,-49,-10,-36,-60,-36,10293
147,Weezing,-15,-24,15,-11,-35,-11,2493
148,Weezing (Galarian Weezing),-15,-24,15,-11,-35,-11,2493
149,Rhyhorn,0,-29,-10,-66,-75,-46,13038
150,Rhydon,25,16,15,-51,-60,-31,8268
151,Chansey,170,-109,-100,-61,0,-21,54943
152,Tangela,-15,-59,10,4,-65,-11,8168
153,Kangaskhan,25,-19,-25,-56,-25,19,5733
154,Kangaskhan (Mega Kangaskhan),25,11,-5,-36,-5,29,2933
155,Horsea,-50,-74,-35,-26,-80,-11,16398
156,Seadra,-25,-49,-10,-1,-60,14,6923
157,Goldeen,-35,-47,-45,-61,-55,-8,12269
158,Seaking,0,-22,-40,-31,-25,-3,3679
159,Staryu,-50,-69,-50,-26,-50,14,13133
160,Starmie,-20,-39,-20,4,-20,44,4673
161,Mr. Mime,-40,-69,-40,4,15,19,8563
162,Mr. Mime (Galarian Mr. Mime),-30,-49,-40,-6,-15,29,6003
163,Scyther,-10,-4,-25,-41,-25,34,4203
164,Jynx,-15,-64,-70,19,-10,24,10258
165,Electabuzz,-15,-31,-48,-1,-20,34,5047
166,Magmar,-15,-19,-48,4,-20,22,3790
167,Pinsir,-15,11,-5,-41,-35,14,3473
168,Pinsir (Mega Pinsir),-15,41,15,-31,-15,34,4473
169,Tauros,-5,-14,-10,-56,-35,39,6203
170,Tauros (Paldean Tauros (Combat Breed)),-5,-4,0,-66,-35,29,6463
171,Tauros (Paldean Tauros (Blaze Breed)),-5,-4,0,-66,-35,29,6463
172,Tauros (Paldean Tauros (Aqua Breed)),-5,-4,0,-66,-35,29,6463
173,Magikarp,-60,-104,-50,-81,-85,9,30783
174,Gyarados,15,11,-26,-36,-5,10,2443
175,Gyarados (Mega Gyarados),15,41,4,-26,25,10,3323
176,Lapras,50,-29,-25,-11,-10,-11,4308
177,Ditto,-32,-66,-57,-48,-57,-23,14711
178,Eevee,-25,-59,-55,-51,-40,-16,11588
179,Eevee (Partner Eevee),-15,-39,-35,-31,-20,4,4348
180,Vaporeon,50,-49,-45,14,-10,-6,7258
181,Jolteon,-15,-49,-45,14,-10,59,8428
182,Flareon,-15,16,-45,-1,5,-6,2568
183,Porygon,-15,-54,-35,-11,-30,-31,6348
184,Omanyte,-45,-74,-5,-6,-50,-36,11358
185,Omastar,-10,-54,20,19,-35,-16,5258
186,Kabuto,-50,-34,-15,-41,-60,-16,9418
187,Kabutops,-20,1,0,-31,-35,9,2668
188,Aerodactyl,0,-9,-40,-36,-30,59,7358
189,Aerodactyl (Mega Aerodactyl),0,21,-20,-26,-10,79,7858
190,Snorlax,80,-4,-40,-31,5,-41,10683
191,Articuno,10,-29,-5,-1,20,14,1563
192,Articuno (Galarian Articuno),10,-29,-20,29,-5,24,2783
193,Zapdos,10,-24,-20,29,-15,29,2983
194,Zapdos (Galarian Zapdos),10,11,-15,-11,-15,29,1633
195,Moltres,10,-14,-15,29,-20,19,2123
196,Moltres (Galarian Moltres),10,-29,-15,4,20,19,1943
197,Dratini,-39,-50,-60,-46,-55,-21,13203
198,Dragonair,-19,-30,-40,-26,-35,-1,4763
199,Dragonite,11,20,-10,4,-5,9,743
200,Mewtwo,26,-4,-15,58,-15,59,7987
201,Mewtwo (Mega Mewtwo X),26,76,-5,58,-5,59,13347
202,Mewtwo (Mega Mewtwo Y),26,36,-35,98,15,69,17787
203,Mew,20,-14,-5,4,-5,29,1503
204,Chikorita,-35,-65,-40,-47,-40,-26,11535
205,Bayleef,-20,-52,-25,-33,-25,-11,5564
206,Meganium,0,-32,-5,-13,-5,9,1324
207,Cyndaquil,-41,-62,-62,-36,-55,-6,13726
208,Quilava,-22,-50,-47,-16,-40,9,7130
209,Typhlosion,-2,-30,-27,13,-20,29,3043
210,Typhlosion (Hisuian Typhlosion),-7,-30,-27,23,-20,24,3183
211,Totodile,-30,-49,-41,-52,-57,-28,11719
212,Croconaw,-15,-34,-25,-37,-42,-13,5308
213,Feraligatr,5,-9,-5,-17,-22,7,953
214,Sentret,-45,-68,-71,-61,-60,-51,21612
215,Furret,5,-38,-41,-51,-50,19,8612
216,Hoothoot,-20,-84,-75,-60,-49,-21,19523
217,Noctowl,20,-64,-55,-10,-9,-1,7703
218,Ledyba,-40,-94,-75,-56,-25,-16,20078
219,Ledian,-25,-79,-55,-41,5,14,11793
220,Spinarak,-40,-54,-65,-56,-65,-41,17783
221,Ariados,-10,-24,-35,-36,-35,-31,5383
222,Crobat,5,-24,-25,-26,-25,59,6008
223,Chinchou,-5,-76,-67,-40,-49,-4,14307
224,Lanturn,45,-56,-47,-20,-29,-4,8627
225,Pichu,-60,-74,-90,-61,-70,-11,25918
226,Cleffa,-30,-89,-77,-51,-50,-56,22987
227,Igglybuff,10,-84,-90,-56,-85,-56,28753
228,Togepi,-45,-94,-40,-56,-40,-51,19798
229,Togetic,-25,-74,-20,-16,0,-31,7718
230,Natu,-40,-64,-60,-26,-60,-1,13573
231,Xatu,-15,-39,-35,-1,-35,24,4773
232,Mareep,-25,-74,-65,-31,-60,-36,16183
233,Flaaffy,-10,-59,-50,-16,-45,-26,9038
234,Ampharos,10,-39,-20,19,-15,-16,2863
235,Ampharos (Mega Ampharos),10,-19,0,69,5,-26,5923
236,Bellossom,-5,-34,-10,-6,-5,-21,1783
237,Marill,-10,-94,-55,-76,-55,-31,21723
238,Azumarill,20,-64,-25,-36,-25,-21,7483
239,Sudowoodo,-10,-14,10,-66,-40,-41,8033
240,Politoed,10,-39,-30,-6,-5,-1,2583
241,Hoppip,-45,-79,-65,-61,-50,-21,19153
242,Skiploom,-25,-69,-55,-51,-40,9,12693
243,Jumpluff,-5,-59,-35,-41,-10,39,8033
244,Aipom,-25,-44,-50,-56,-50,14,10893
245,Sunkern,-50,-84,-75,-66,-75,-41,26843
246,Sunflora,-5,-39,-50,9,-20,-41,6208
247,Yanma,-15,-49,-60,-21,-60,24,10843
248,Wooper,-25,-69,-60,-71,-80,-56,23563
249,Wooper (Paldean Wooper),-25,-69,-60,-71,-80,-56,23563
250,Quagsire,15,-29,-20,-31,-40,-36,5323
251,Espeon,-15,-49,-45,34,-10,39,7428
252,Umbreon,15,-49,5,-36,25,-6,4608
253,Murkrow,-20,-29,-63,-11,-63,20,9700
254,Slowking,15,-39,-25,4,5,-41,4093
255,Slowking (Galarian Slowking),15,-49,-25,14,5,-41,5153
256,Misdreavus,-20,-54,-45,-11,-20,14,6058
257,Unown,-32,-42,-57,-24,-57,-23,10391
258,Wobbuffet,110,-81,-47,-63,-47,-38,28492
259,Girafarig,-10,-34,-40,-6,-40,14,4688
260,Pineco,-30,-49,-15,-61,-70,-56,15283
261,Forretress,-5,-24,35,-36,-45,-31,6108
262,Dunsparce,20,-44,-35,-31,-40,-26,6798
263,Gligar,-15,-39,0,-61,-40,14,7263
264,Steelix,-5,-29,95,-41,-40,-41,14853
265,Steelix (Mega Steelix),-5,11,125,-41,-10,-41,19233
266,Snubbull,-20,-34,-55,-56,-65,-41,13623
267,Granbull,10,6,-30,-36,-45,-26,5033
268,Qwilfish,-15,-19,-20,-41,-50,14,5363
269,Qwilfish (Hisuian Qwilfish),-15,-19,-20,-41,-50,14,5363
270,Scizor,-10,16,-5,-41,-25,-6,2723
271,Scizor (Mega Scizor),-10,36,35,-31,-5,4,3623
272,Shuckle,-60,-104,125,-86,125,-66,57418
273,Heracross,0,11,-30,-56,-10,14,4453
274,Heracross (Mega Heracross),0,71,10,-56,0,4,8293
275,Sneasel,-25,-19,-50,-61,-30,44,10043
276,Sneasel (Hisuian Sneasel),-25,-19,-50,-61,-30,44,10043
277,Teddiursa,-20,-34,-55,-46,-55,-31,10683
278,Ursaring,10,16,-30,-21,-30,-16,2853
279,Slugma,-40,-74,-65,-26,-65,-51,18803
280,Magcargo,-20,-64,15,-6,-25,-41,7063
281,Swinub,-30,-64,-65,-66,-75,-21,19643
282,Piloswine,20,-14,-25,-36,-45,-21,4983
283,Corsola,-15,-59,-10,-31,-10,-36,6163
284,Corsola (Galarian Corsola),-20,-59,-5,-31,-5,-41,6573
285,Remoraid,-45,-49,-70,-31,-70,-6,15223
286,Octillery,-5,-9,-30,9,-30,-26,2663
287,Delibird,-35,-59,-60,-31,-60,4,12883
288,Mantine,5,-74,-35,-16,35,-1,8208
289,Skarmory,-15,-34,35,-56,-35,-1,6968
290,Houndour,-35,-54,-75,-16,-55,-6,13083
291,Houndoom,-5,-24,-55,14,-25,24,5023
292,Houndoom (Mega Houndoom),-5,-24,-15,44,-15,44,4923
293,Kingdra,-5,-19,-10,-1,-10,14,783
294,Phanpy,10,-54,-45,-56,-65,-31,13363
295,Donphan,10,6,15,-36,-45,-21,4123
296,Porygon2,5,-34,-15,9,-10,-11,1708
297,Stantler,-7,-19,-43,-11,-40,14,4176
298,Smeargle,-25,-94,-70,-76,-60,4,23753
299,Tyrogue,-45,-79,-70,-61,-70,-36,23083
300,Hitmontop,-30,-19,-10,-61,5,-1,5108
301,Smoochum,-35,-84,-90,-11,-40,-6,18138
302,Elekid,-35,-51,-68,-31,-50,24,12487
303,Magby,-35,-39,-68,-26,-50,12,10690
304,Miltank,15,-34,0,-56,-35,29,6583
305,Blissey,175,-104,-95,-21,30,-16,52063
306,Raikou,10,-29,-30,19,-5,44,4163
307,Entei,35,1,-20,-6,-30,29,3403
308,Suicune,20,-39,10,-6,10,14,2353
309,Larvitar,-30,-50,-55,-51,-55,-30,12951
310,Pupitar,-10,-30,-35,-31,-35,-20,4811
311,Tyranitar,20,20,5,-1,-5,-10,951
312,Tyranitar (Mega Tyranitar),20,50,45,-1,15,0,5151
313,Lugia,26,-24,25,-6,49,39,5835
314,Ho-Oh,26,16,-15,14,49,19,4115
315,Celebi,20,-14,-5,4,-5,29,1503
316,Treecko,-40,-69,-70,-31,-50,-1,14723
317,Grovyle,-30,-49,-60,-11,-40,24,9198
318,Sceptile,-10,-29,-40,9,-20,49,5423
319,Sceptile (Mega Sceptile),-10,-4,-30,49,-20,74,9293
320,Torchic,-35,-54,-65,-26,-55,-26,12743
321,Combusken,-20,-29,-45,-11,-45,-16,5668
322,Blaziken,0,6,-35,14,-35,9,2763
323,Blaziken (Mega Blaziken),0,46,-25,34,-25,29,5363
324,Mudkip,-30,-44,-55,-46,-55,-31,11963
325,Marshtomp,-10,-29,-35,-36,-35,-21,5128
326,Swampert,20,-4,-15,-11,-15,-11,1108
327,Swampert (Mega Swampert),20,36,5,-1,5,-1,1748
328,Poochyena,-45,-59,-70,-66,-75,-36,21683
329,Mightyena,-10,-24,-35,-36,-45,-1,5223
330,Zigzagoon,-42,-84,-64,-66,-64,-11,21489
331,Zigzagoon (Galarian Zigzagoon),-42,-84,-64,-66,-64,-11,21489
332,Linoone,-2,-44,-44,-46,-44,29,8769
333,Linoone (Galarian Linoone),-2,-44,-44,-46,-44,29,8769
334,Wurmple,-35,-69,-70,-76,-75,-51,24888
335,Silcoon,-30,-79,-50,-71,-80,-56,24218
336,Beautifly,-20,-44,-55,4,-55,-6,8438
337,Cascoon,-30,-79,-50,-71,-80,-56,24218
338,Dustox,-20,-64,-35,-46,-15,-6,8098
339,Lotad,-40,-84,-75,-56,-55,-41,22123
340,Lombre,-20,-64,-55,-36,-35,-21,10483
341,Ludicolo,0,-44,-35,-6,-5,-1,3223
342,Seedot,-40,-74,-55,-66,-75,-41,21763
343,Nuzleaf,-10,-44,-65,-36,-65,-11,11903
344,Shiftry,10,-14,-45,-6,-45,9,4463
345,Taillow,-40,-59,-75,-66,-75,14,20883
346,Swellow,-20,-29,-45,-21,-55,54,9648
347,Wingull,-40,-84,-75,-41,-75,14,21783
348,Pelipper,-20,-64,-5,-1,-35,-6,5783
349,Ralts,-52,-89,-80,-51,-70,-31,25487
350,Kirlia,-42,-79,-70,-31,-50,-21,16807
351,Gardevoir,-12,-49,-40,29,10,9,5167
352,Gardevoir (Mega Gardevoir),-12,-29,-40,69,30,29,9087
353,Surskit,-40,-84,-73,-46,-53,-6,18946
354,Masquerain,-10,-54,-43,4,-23,9,5491
355,Shroomish,-20,-74,-45,-56,-45,-36,14358
356,Breloom,-20,16,-25,-36,-45,-1,4603
357,Slakoth,-20,-54,-45,-61,-70,-41,15643
358,Vigoroth,0,-34,-25,-41,-50,19,6323
359,Slaking,70,46,-5,-1,-40,29,9483
360,Nincada,-49,-69,-15,-66,-75,-31,18329
361,Ninjask,-19,-24,-60,-46,-55,89,17599
362,Shedinja,-79,-24,-60,-66,-75,-31,21359
363,Whismur,-16,-63,-82,-45,-82,-43,21547
364,Loudred,4,-43,-62,-25,-62,-23,10707
365,Exploud,24,-23,-42,-5,-32,-3,3927
366,Makuhita,-8,-54,-75,-76,-75,-46,22122
367,Hariyama,64,6,-45,-56,-45,-21,11759
368,Azurill,-30,-94,-65,-76,-65,-51,26563
369,Nosepass,-50,-69,30,-51,-15,-41,12668
370,Skitty,-30,-69,-60,-61,-70,-21,18323
371,Delcatty,-10,-49,-40,-41,-50,19,8643
372,Sableye,-30,-39,-30,-31,-40,-21,6323
373,Sableye (Mega Sableye),-30,-29,20,-11,10,-51,4963
374,Mawile,-30,-29,-20,-41,-50,-21,6763
375,Mawile (Mega Mawile),-30,-9,20,-41,-10,-21,3603
376,Aron,-30,-44,-5,-56,-65,-41,11903
377,Lairon,-20,-24,35,-46,-55,-31,8303
378,Aggron,-10,-4,75,-36,-45,-21,9503
379,Aggron (Mega Aggron),-10,26,125,-36,-25,-21,18763
380,Meditite,-50,-74,-50,-56,-50,-11,16233
381,Medicham,-20,-54,-30,-36,-30,9,6493
382,Medicham (Mega Medicham),-20,-14,-20,-16,-20,29,2493
383,Electrike,-40,-69,-65,-31,-65,-6,15808
384,Manectric,-10,-39,-45,9,-45,34,6908
385,Manectric (Mega Manectric),-10,-39,-25,39,-25,64,8488
386,Plusle,-20,-64,-65,-11,-30,24,10318
387,Minun,-20,-74,-55,-21,-20,24,10318
388,Volbeat,-15,-41,-30,-49,-20,14,5803
389,Illumise,-15,-67,-30,-23,-20,14,6739
390,Roselia,-30,-54,-60,4,-25,-6,8093
391,Gulpin,-10,-71,-52,-53,-52,-31,14319
392,Swalot,20,-41,-22,-23,-22,-16,3834
393,Carvanha,-35,-24,-85,-31,-85,-6,17248
394,Sharpedo,-10,6,-65,-1,-65,24,9163
395,Sharpedo (Mega Sharpedo),-10,26,-35,14,-40,34,4953
396,Wailmer,50,-44,-70,-26,-70,-11,15033
397,Wailord,90,-24,-60,-6,-60,-11,16033
398,Numel,-20,-54,-65,-31,-60,-36,13398
399,Camerupt,-10,-14,-35,9,-30,-31,3463
400,Camerupt (Mega Camerupt),-10,6,-5,49,0,-51,5163
401,Torkoal,-10,-29,35,-11,-35,-51,6113
402,Spoink,-20,-89,-70,-26,-25,-11,14643
403,Grumpig,0,-69,-40,-6,5,9,6503
404,Spinda,-20,-54,-45,-36,-45,-11,8783
405,Trapinch,-35,-14,-60,-51,-60,-61,14943
406,Vibrava,-30,-44,-55,-46,-55,-1,11003
407,Flygon,0,-14,-25,-16,-25,29,2543
408,Cacnea,-30,-29,-65,-11,-65,-36,11608
409,Cacturne,-10,1,-45,19,-45,-16,4768
410,Swablu,-35,-74,-45,-56,-30,-21,13203
411,Altaria,-5,-44,-15,-26,0,9,2943
412,Altaria (Mega Altaria),-5,-4,5,14,0,9,343
413,Zangoose,-7,1,-45,-36,-45,19,5757
414,Seviper,-7,-14,-45,4,-45,-6,4347
415,Lunatone,10,-59,-40,-1,-20,-1,5583
416,Solrock,10,-19,-20,-41,-40,-1,4143
417,Barboach,-30,-66,-62,-50,-64,-11,15817
418,Whiscash,30,-36,-32,-20,-34,-11,4897
419,Corphish,-37,-34,-40,-46,-70,-36,12437
420,Crawdaunt,-17,6,-20,-6,-50,-16,3517
421,Baltoy,-40,-74,-50,-56,-35,-16,14193
422,Claydol,-20,-44,0,-26,15,4,3253
423,Lileep,-14,-73,-28,-35,-18,-48,10162
424,Cradily,6,-33,-8,-15,2,-28,2202
425,Anorith,-35,-19,-55,-56,-55,4,10788
426,Armaldo,-5,11,-5,-26,-25,-26,2148
427,Feebas,-60,-99,-85,-86,-50,9,30603
428,Milotic,15,-54,-26,4,20,10,4333
429,Castform,-10,-44,-35,-26,-35,-1,5163
430,Kecleon,-20,-24,-35,-36,15,-31,4683
431,Shuppet,-36,-39,-70,-33,-72,-26,14666
432,Banette,-16,1,-40,-13,-42,-6,3826
433,Banette (Mega Banette),-16,51,-30,-3,-22,4,4266
434,Duskull,-60,-74,-15,-66,-15,-46,15998
435,Dusclops,-40,-44,25,-36,25,-46,8198
436,Tropius,19,-46,-22,-24,-18,-20,4261
437,Chimecho,-5,-64,-25,-1,-15,-6,5008
438,Absol,-15,16,-45,-21,-45,4,4988
439,Absol (Mega Absol),-15,36,-45,19,-45,44,7868
440,Wynaut,15,-91,-57,-73,-57,-48,22637
441,Snorunt,-30,-64,-55,-46,-55,-21,13603
442,Glalie,0,-34,-25,-16,-25,9,2743
443,Glalie (Mega Glalie),0,6,-25,24,-25,29,2703
444,Spheal,-10,-74,-55,-41,-55,-46,15423
445,Sealeo,10,-54,-35,-21,-35,-26,6583
446,Walrein,30,-34,-15,-1,-15,-6,2543
447,Clamperl,-45,-50,-20,-22,-50,-39,9430
448,Huntail,-25,-10,0,-2,-30,-19,1990
449,Gorebyss,-25,-30,0,18,-30,-19,3110
450,Relicanth,20,-24,25,-51,-40,-16,6058
451,Luvdisc,-37,-84,-50,-56,-40,26,16337
452,Bagon,-35,-39,-45,-56,-75,-21,13973
453,Shelgon,-15,-19,-5,-36,-55,-21,5373
454,Salamence,15,21,-25,14,-25,29,2953
455,Salamence (Mega Salamence),15,31,25,24,-15,49,5013
456,Beldum,-40,-59,-25,-61,-45,-41,13133
457,Metang,-20,-39,-5,-41,-25,-21,4693
458,Metagross,0,21,25,-1,-15,-1,1293
459,Metagross (Mega Metagross),0,31,45,9,5,39,4613
460,Regirock,0,-14,95,-46,-5,-21,11803
461,Regice,0,-64,-5,4,95,-21,13603
462,Registeel,0,-39,45,-21,45,-21,6453
463,Latias,0,-34,-15,14,25,39,3723
464,Latias (Mega Latias),0,-14,15,44,45,39,5903
465,Latios,0,-24,-25,34,5,39,3903
466,Latios (Mega Latios),0,16,-5,64,15,39,6123
467,Kyogre,20,-14,-15,54,35,19,5323
468,Kyogre (Primal Kyogre),20,36,-15,84,55,19,12363
469,Groudon,20,36,35,4,-15,19,3523
470,Groudon (Primal Groudon),20,66,55,54,-15,19,11283
471,Rayquaza,25,36,-15,54,-15,24,5863
472,Rayquaza (Mega Rayquaza),25,66,-5,84,-5,44,14023
473,Jirachi,20,-14,-5,4,-5,29,1503
474,Deoxys (Normal Forme),-30,36,-55,54,-55,79,17403
475,Deoxys (Attack Forme),-30,66,-85,84,-85,79,33003
476,Deoxys (Defense Forme),-30,-44,55,-26,55,19,9923
477,Deoxys (Speed Forme),-30,-19,-15,-1,-15,109,13593
478,Turtwig,-25,-46,-41,-51,-50,-40,11123
479,Grotle,-5,-25,-20,-41,-40,-35,5556
480,Torterra,15,-5,0,-21,-20,-15,1316
481,Chimchar,-36,-56,-61,-38,-61,-10,13418
482,Monferno,-16,-36,-53,-18,-53,10,7594
483,Infernape,-4,-10,-34,8,-34,37,3861
484,Piplup,-27,-63,-52,-35,-49,-31,11989
485,Prinplup,-16,-48,-37,-15,-29,-21,5436
486,Empoleon,4,-28,-17,15,-4,-11,1451
487,Starly,-40,-59,-75,-66,-75,-11,20808
488,Staravia,-25,-39,-55,-56,-65,9,12613
489,Staraptor,5,6,-35,-46,-45,29,6268
490,Bidoof,-21,-69,-65,-61,-65,-40,18973
491,Bibarel,-1,-29,-45,-41,-45,0,6573
492,Kricketot,-43,-89,-64,-71,-64,-46,25119
493,Kricketune,-3,-29,-54,-41,-54,-6,8399
494,Shinx,-35,-49,-71,-56,-71,-26,17520
495,Luxio,-20,-29,-56,-36,-56,-11,8930
496,Luxray,0,6,-26,-1,-26,-1,1390
497,Budew,-40,-84,-70,-46,-35,-16,17153
498,Roserade,-20,-44,-40,29,0,19,5138
499,Cranidos,-13,11,-65,-66,-75,-13,14665
500,Rampardos,17,51,-45,-31,-55,-13,9070
501,Shieldon,-50,-72,13,-54,-17,-41,12739
502,Bastiodon,-20,-62,63,-49,33,-41,13384
503,Burmy,-40,-85,-60,-67,-60,-35,21739
504,Wormadam (Plant Cloak),-20,-55,-20,-17,0,-35,5339
505,Wormadam (Sandy Cloak),-20,-35,0,-37,-20,-35,4619
506,Wormadam (Trash Cloak),-20,-45,-10,-27,-10,-35,4579
507,Mothim,-10,-20,-55,-2,-55,-5,6579
508,Combee,-50,-84,-63,-66,-63,-1,21851
509,Vespiquen,-10,-34,-3,-16,-3,-31,2491
510,Pachirisu,-20,-69,-35,-51,-15,24,9788
511,Buizel,-25,-49,-70,-36,-75,14,15043
512,Floatzel,5,-9,-50,-11,-55,44,7688
513,Cherubi,-35,-79,-60,-34,-52,-36,16222
514,Cherrim,-10,-54,-35,-9,-27,14,5247
515,Shellos,-4,-66,-57,-39,-43,-37,12360
516,Gastrodon,31,-31,-37,-4,-23,-32,4860
517,Ambipom,-5,-14,-39,-36,-39,44,6495
518,Drifloon,10,-64,-71,-36,-61,-1,14255
519,Drifblim,70,-34,-61,-6,-51,9,12495
520,Buneary,-25,-48,-61,-52,-49,14,11951
521,Lopunny,-15,-38,-21,-42,-9,34,5111
522,Lopunny (Mega Lopunny),-15,22,-11,-42,-9,64,6771
523,Mismagius,-20,-54,-45,9,0,34,6578
524,Honchkrow,20,11,-53,9,-53,0,6220
525,Glameow,-31,-59,-63,-54,-68,14,16147
526,Purugly,-9,-32,-41,-32,-46,41,7607
527,Chingling,-35,-84,-55,-31,-55,-26,15968
528,Stunky,-17,-51,-58,-55,-64,3,13384
529,Skuntank,23,-21,-38,-25,-44,13,5144
530,Bronzor,-23,-90,-19,-72,-19,-48,16839
531,Bronzong,-13,-25,11,-17,11,-38,2769
532,Bonsly,-30,-34,-10,-86,-60,-61,16873
533,Mime Jr.,-60,-89,-60,-26,-15,-11,16143
534,Happiny,20,-109,-100,-81,-40,-41,32123
535,Chatot,-4,-49,-60,-4,-63,20,10402
536,Spiritomb,-30,-22,3,-4,3,-36,2714
537,Gible,-22,-44,-60,-56,-60,-29,13597
538,Gabite,-12,-24,-40,-46,-50,11,7057
539,Garchomp,28,16,-10,-16,-20,31,2757
540,Garchomp (Mega Garchomp),28,56,10,24,-10,21,5137
541,Munchlax,55,-29,-65,-56,-20,-66,15983
542,Riolu,-40,-44,-65,-61,-65,-11,15828
543,Lucario,-10,-4,-35,19,-35,19,3288
544,Lucario (Mega Lucario),-10,31,-17,44,-35,41,6192
545,Hippopotas,-12,-42,-27,-58,-63,-39,11491
546,Hippowdon,28,-2,13,-28,-33,-24,3406
547,Skorupi,-40,-64,-15,-66,-50,-6,12813
548,Drapion,-10,-24,5,-36,-30,24,3473
549,Croagunk,-32,-53,-65,-35,-65,-21,13949
550,Toxicroak,3,-8,-40,-10,-40,14,3569
551,Carnivine,-6,-14,-33,-6,-33,-25,3071
552,Finneon,-31,-65,-49,-47,-44,-5,11757
553,Lumineon,-11,-45,-29,-27,-19,20,4477
554,Mantyke,-35,-94,-55,-36,15,-21,15048
555,Snover,-20,-52,-55,-34,-45,-31,10271
556,Abomasnow,10,-22,-30,-4,-20,-11,2021
557,Abomasnow (Mega Abomasnow),10,18,0,36,0,-41,3401
558,Weavile,-10,6,-40,-51,-20,54,7653
559,Magnezone,-10,-44,10,34,-15,-11,3638
560,Lickilicky,30,-29,-10,-16,-10,-21,2638
561,Rhyperior,35,26,25,-41,-50,-31,7668
562,Tangrowth,20,-14,20,14,-55,-21,4658
563,Electivire,-5,9,-38,-1,-20,24,2527
564,Magmortar,-5,-19,-38,29,-10,12,2915
565,Togekiss,5,-64,-10,24,10,9,4978
566,Yanmega,6,-38,-19,20,-49,24,5218
567,Leafeon,-15,-4,25,-36,-40,24,4338
568,Glaceon,-15,-54,5,34,-10,-6,4458
569,Gliscor,-5,-19,20,-51,-30,24,4863
570,Mamoswine,30,16,-25,-26,-45,9,4563
571,Porygon-Z,5,-34,-35,39,-30,19,5188
572,Gallade,-12,11,-40,-31,10,9,3007
573,Gallade (Mega Gallade),-12,51,-10,-31,10,39,5427
574,Probopass,-20,-59,40,-21,45,-31,8908
575,Dusknoir,-35,-14,30,-31,30,-26,4858
576,Froslass,-10,-34,-35,-16,-35,39,5483
577,Rotom,-30,-64,-28,-1,-28,20,6965
578,Rotom (Heat Rotom),-30,-49,2,9,2,15,3615
579,Rotom (Wash Rotom),-30,-49,2,9,2,15,3615
580,Rotom (Frost Rotom),-30,-49,2,9,2,15,3615
581,Rotom (Fan Rotom),-30,-49,2,9,2,15,3615
582,Rotom (Mow Rotom),-30,-49,2,9,2,15,3615
583,Uxie,-5,-39,25,-21,25,24,3813
584,Mesprit,0,-9,0,9,0,9,243
585,Azelf,-5,11,-35,29,-35,44,5373
586,Dialga,20,6,15,54,-5,19,3963
587,Dialga (Origin Forme),20,-14,15,54,15,19,4323
588,Palkia,10,6,-5,54,15,29,4143
589,Palkia (Origin Forme),10,-14,-5,54,15,49,5863
590,Heatran,11,-24,1,34,1,6,1891
591,Regigigas,30,46,5,-16,5,29,4163
592,Giratina (Altered Forme),70,-14,15,4,15,19,5923
593,Giratina (Origin Forme),70,6,-5,24,-5,19,5923
594,Cresselia,40,-44,15,-21,25,14,5023
595,Phione,0,-34,-25,-16,-25,9,2743
596,Manaphy,20,-14,-5,4,-5,29,1503
597,Darkrai,-10,-24,-15,39,-15,54,5563
598,Shaymin (Land Forme),20,-14,-5,4,-5,29,1503
599,Shaymin (Sky Forme),20,-11,-30,24,-30,56,6033
600,Arceus,40,6,15,24,15,49,5063
601,Victini,20,-14,-5,4,-5,29,1503
602,Snivy,-35,-69,-50,-51,-50,-8,13651
603,Servine,-20,-54,-30,-36,-30,12,6556
604,Serperior,-5,-39,-10,-21,-10,42,3951
605,Tepig,-15,-51,-60,-51,-60,-26,13303
606,Pignite,10,-21,-50,-26,-50,-16,6473
607,Emboar,30,9,-40,4,-40,-6,4233
608,Oshawott,-25,-59,-60,-33,-60,-26,13071
609,Dewott,-5,-39,-45,-13,-45,-11,5886
610,Samurott,15,-14,-20,12,-35,-1,2191
611,Samurott (Hisuian Samurott),10,-6,-25,4,-40,14,2573
612,Patrat,-35,-59,-66,-61,-66,-29,17980
613,Watchog,-20,-29,-36,-36,-36,6,5165
614,Lillipup,-35,-54,-60,-71,-60,-16,16638
615,Herdier,-15,-34,-40,-61,-40,-11,8423
616,Stoutland,5,-4,-15,-51,-15,9,3173
617,Purrloin,-39,-64,-68,-46,-68,-5,17006
618,Liepard,-16,-26,-55,-8,-55,35,8271
619,Pansage,-30,-61,-57,-43,-57,-7,13017
620,Simisage,-5,-16,-42,2,-42,30,4713
621,Pansear,-30,-61,-57,-43,-57,-7,13017
622,Simisear,-5,-16,-42,2,-42,30,4713
623,Panpour,-30,-61,-57,-43,-57,-7,13017
624,Simipour,-5,-16,-42,2,-42,30,4713
625,Munna,-4,-89,-60,-29,-50,-47,17087
626,Musharna,36,-59,-20,11,-10,-42,7162
627,Pidove,-30,-59,-55,-60,-75,-28,17415
628,Tranquill,-18,-37,-43,-46,-63,-6,9663
629,Unfezant,0,1,-25,-31,-50,22,4571
630,Blitzle,-35,-54,-73,-46,-73,5,16940
631,Zebstrika,-5,-14,-42,-16,-42,45,6030
632,Roggenrola,-25,-39,-20,-71,-80,-56,17123
633,Boldore,-10,-9,0,-46,-65,-51,9123
634,Gigalith,5,21,25,-36,-25,-46,5128
635,Woobat,-15,-69,-62,-41,-62,1,14356
636,Swoobat,-13,-57,-50,-19,-50,43,10628
637,Drilbur,-20,-29,-65,-66,-60,-3,13431
638,Excadrill,30,21,-45,-46,-40,17,7371
639,Audino,23,-54,-19,-36,-19,-21,5904
640,Audino (Mega Audino),23,-54,21,-16,21,-21,5024
641,Timburr,-5,-34,-50,-71,-70,-36,14918
642,Gurdurr,5,-9,-20,-56,-55,-31,7628
643,Conkeldurr,25,26,-10,-41,-40,-26,5358
644,Tympole,-30,-64,-65,-46,-65,-7,15611
645,Palpitoad,-5,-49,-50,-31,-50,-2,8391
646,Seismitoad,25,-19,-30,-11,-30,3,2916
647,Throh,40,-14,-20,-66,-20,-26,7628
648,Sawk,-5,11,-30,-66,-30,14,6498
649,Sewaddle,-35,-61,-35,-56,-45,-29,12173
650,Swadloon,-25,-51,-15,-46,-25,-29,7033
651,Leavanny,-5,-11,-25,-26,-25,21,2513
652,Venipede,-50,-69,-46,-66,-66,-14,18285
653,Whirlipede,-40,-59,-6,-56,-26,-24,9505
654,Scolipede,-20,-14,-16,-41,-36,41,5510
655,Cottonee,-40,-87,-45,-59,-55,-5,17725
656,Whimsicott,-20,-47,-20,-19,-30,45,6295
657,Petilil,-35,-79,-55,-26,-55,-41,15873
658,Lilligant,-10,-54,-30,14,-30,19,5373
659,Lilligant (Hisuian Lilligant),-10,-9,-30,-46,-30,34,5253
660,Basculin,-10,-22,-40,-16,-50,27,5669
661,Sandile,-30,-42,-70,-61,-70,-6,16221
662,Krokorok,-20,-32,-60,-51,-60,3,11234
663,Krookodile,15,3,-25,-31,-35,21,3486
664,Darumaka,-10,-24,-60,-81,-60,-21,14878
665,Darumaka (Galarian Darumaka),-10,-24,-60,-81,-60,-21,14878
666,Darmanitan (Standard Mode),25,26,-50,-66,-50,24,11233
667,Darmanitan (Zen Mode),25,-84,0,44,0,-16,9873
668,Darmanitan (Galarian Standard Mode),25,26,-50,-66,-50,24,11233
669,Darmanitan (Galarian Zen Mode),25,46,-50,-66,-50,64,16193
670,Maractus,-5,-28,-38,10,-38,-11,3918
671,Dwebble,-30,-49,-20,-61,-70,-16,12578
672,Crustle,-10,-9,20,-31,-30,-26,3118
673,Scraggy,-30,-39,-35,-61,-35,-23,9121
674,Scrafty,-15,-24,10,-51,10,-13,3771
675,Sigilyph,-8,-56,-25,7,-25,26,5175
676,Yamask,-42,-84,-20,-41,-40,-41,14182
677,Yamask (Galarian Yamask),-42,-59,-20,-66,-40,-41,13282
678,Cofagrigus,-22,-64,40,-1,0,-41,7862
679,Tirtouga,-26,-36,-2,-43,-60,-49,9826
680,Carracosta,-6,-6,28,-13,-40,-39,4146
681,Archen,-25,-2,-60,-22,-60,-1,8314
682,Archeops,-5,26,-40,16,-40,39,5678
683,Trubbish,-30,-64,-43,-56,-43,-6,11866
684,Garbodor,0,-19,-23,-36,-23,4,2731
685,Zorua,-40,-49,-65,-16,-65,-6,12743
686,Zorua (Hisuian Zorua),-45,-54,-65,-11,-65,-1,13513
687,Zoroark,-20,-9,-45,24,-45,34,6263
688,Zoroark (Hisuian Zoroark),-25,-14,-45,29,-45,39,7233
689,Minccino,-25,-64,-65,-56,-65,4,16323
690,Cinccino,-5,-19,-45,-31,-45,44,7333
691,Gothita,-35,-84,-55,-41,-40,-26,15263
692,Gothorita,-20,-69,-35,-21,-20,-16,7483
693,Gothitelle,-10,-59,-10,-1,5,-6,3743
694,Solosis,-35,-84,-65,9,-55,-51,18213
695,Duosion,-15,-74,-55,29,-45,-41,13273
696,Reuniclus,30,-49,-30,29,-20,-41,7123
697,Ducklett,-18,-70,-55,-52,-55,-16,14234
698,Swanna,-5,-27,-42,-9,-42,27,5092
699,Vanillite,-44,-64,-55,-31,-45,-27,12772
700,Vanillish,-29,-49,-40,-16,-30,-12,6142
701,Vanilluxe,-9,-19,-20,14,-10,8,1202
702,Deerling,-20,-54,-55,-56,-55,4,12518
703,Sawsbuck,0,-14,-35,-36,-35,24,4518
704,Emolga,-25,-39,-45,-21,-45,32,7661
705,Karrablast,-30,-39,-60,-56,-60,-11,12878
706,Escavalier,-10,21,0,-36,0,-51,4438
707,Foongus,-11,-59,-60,-41,-50,-56,14519
708,Amoonguss,34,-29,-35,-11,-25,-41,5649
709,Frillish,-25,-74,-55,-31,-20,-31,11448
710,Jellicent,20,-54,-35,-11,0,-11,4783
711,Alomomola,85,-39,-25,-56,-60,-6,16143
712,Joltik,-30,-67,-55,-39,-55,-6,12996
713,Galvantula,-10,-37,-45,1,-45,37,6889
714,Ferroseed,-36,-64,-14,-72,-19,-61,14854
715,Ferrothorn,-6,-20,26,-42,11,-51,5598
716,Klink,-40,-59,-35,-51,-45,-41,12613
717,Klang,-20,-34,-10,-26,-20,-21,3173
718,Klinklang,-20,-14,10,-26,-20,19,2133
719,Tynamo,-45,-59,-65,-51,-65,-11,16678
720,Eelektrik,-15,-29,-35,-21,-35,-31,4918
721,Eelektross,5,1,-25,9,-25,-21,1798
722,Elgyem,-25,-59,-50,-11,-50,-41,10908
723,Beheeyem,-5,-39,-30,29,-10,-31,4348
724,Litwick,-30,-84,-50,-31,-50,-51,16518
725,Lampent,-20,-74,-45,-1,-45,-16,10183
726,Chandelure,-20,-59,-15,49,-15,9,6813
727,Axew,-34,-27,-45,-66,-65,-14,12687
728,Fraxure,-14,3,-35,-56,-55,-4,7607
729,Haxorus,-4,33,-15,-36,-35,26,4527
730,Cubchoo,-25,-44,-65,-36,-65,-31,13268
731,Beartic,15,16,-25,-26,-25,-21,2848
732,Cryogonal,0,-64,-55,-1,30,34,9178
733,Shelmet,-30,-74,-20,-56,-40,-46,13628
734,Accelgor,0,-44,-65,4,-45,74,13678
735,Stunfisk,29,-48,-21,-15,-6,-39,5368
736,Stunfisk (Galarian Stunfisk),29,-33,-6,-30,-21,-39,4828
737,Mienfoo,-35,-29,-55,-41,-55,-6,9833
738,Mienshao,-15,11,-45,-1,-45,34,5553
739,Druddigon,-3,6,-15,-36,-15,-23,2320
740,Golett,-21,-40,-55,-61,-55,-36,13108
741,Golurk,9,10,-25,-41,-25,-16,3368
742,Pawniard,-35,-29,-35,-56,-65,-11,10773
743,Bisharp,-15,11,-5,-36,-35,-1,2893
744,Bouffalant,15,-4,-10,-56,-10,-16,3833
745,Rufflet,-10,-31,-55,-59,-55,-11,10713
746,Braviary,20,9,-30,-39,-30,9,3883
747,Braviary (Hisuian Braviary),30,-31,-35,16,-35,-6,4603
748,Vullaby,-10,-59,-30,-51,-40,-11,8803
749,Mandibuzz,30,-49,0,-41,-10,9,5163
750,Heatmor,5,-17,-39,9,-39,-6,3473
751,Durant,-22,-5,7,-48,-57,38,7555
752,Deino,-28,-49,-55,-51,-55,-33,12925
753,Zweilous,-8,-29,-35,-31,-35,-13,4485
754,Hydreigon,12,-9,-15,29,-15,27,2245
755,Larvesta,-25,-29,-50,-46,-50,-11,8703
756,Volcarona,5,-54,-40,39,0,29,6903
757,Cobalion,11,-24,24,-6,-33,37,3767
758,Terrakion,11,15,-15,-24,-15,37,2741
759,Virizion,11,-24,-33,-6,24,37,3767
760,Tornadus (Incarnate Forme),-1,1,-35,29,-25,40,4293
761,Tornadus (Therian Forme),-1,-14,-25,14,-15,50,3743
762,Thundurus (Incarnate Forme),-1,1,-35,29,-25,40,4293
763,Thundurus (Therian Forme),-1,-9,-35,49,-25,30,5233
764,Reshiram,20,6,-5,54,15,19,3963
765,Zekrom,20,36,15,24,-5,19,2883
766,Landorus (Incarnate Forme),9,11,-15,19,-25,30,2313
767,Landorus (Therian Forme),9,31,-15,9,-25,20,2373
768,Kyurem,45,16,-15,34,-15,24,4463
769,Kyurem (Black Kyurem),45,56,-5,24,-15,24,6563
770,Kyurem (White Kyurem),45,6,-15,74,-5,24,8363
771,Keldeo,11,-42,-15,33,-15,37,4793
772,Meloetta (Aria Forme),20,-37,-28,32,23,19,4467
773,Meloetta (Pirouette Forme),20,14,-15,-19,-28,57,5215
774,Genesect,-9,6,-10,24,-10,28,1677
775,Chespin,-24,-53,-40,-48,-60,-33,11978
776,Quilladin,-19,-36,-10,-40,-47,-14,5762
777,Chesnaught,8,-7,17,-22,-30,-7,1835
778,Fennekin,-40,-69,-65,-34,-45,-11,13888
779,Braixen,-21,-55,-47,-6,-35,2,6940
780,Delphox,-5,-45,-33,18,-5,33,4577
781,Froakie,-39,-58,-65,-34,-61,0,13987
782,Frogadier,-26,-51,-53,-13,-49,26,9332
783,Greninja,-8,-19,-38,7,-34,51,5675
784,Greninja (Ash-Greninja),-8,31,-38,57,-34,61,10595
785,Bunnelby,-42,-78,-67,-64,-69,-14,21390
786,Diggersby,5,-58,-28,-46,-28,7,7122
787,Fletchling,-35,-64,-62,-56,-67,-9,16871
788,Fletchinder,-18,-41,-50,-40,-53,13,9083
789,Talonflame,-2,-33,-34,-22,-36,55,7054
790,Scatterbug,-42,-79,-65,-69,-80,-36,24687
791,Spewpa,-35,-92,-45,-69,-75,-42,23864
792,Vivillon,0,-62,-55,-6,-55,18,10254
793,Litleo,-18,-64,-47,-23,-51,1,9760
794,Pyroar,6,-46,-33,13,-39,35,6156
795,Flabébé,-36,-76,-66,-35,-26,-29,14170
796,Floette,-26,-69,-58,-21,-7,-19,9652
797,Florges,-2,-49,-37,16,49,4,6447
798,Skiddo,-14,-49,-57,-34,-48,-19,9667
799,Gogoat,43,-14,-43,1,-24,-3,4480
800,Pancham,-13,-32,-43,-50,-57,-28,9575
801,Pangoro,15,10,-27,-27,-34,-13,3108
802,Furfrou,-5,-34,-45,-31,-15,31,5353
803,Espurr,-18,-66,-51,-33,-45,-3,10404
804,Meowstic,-6,-66,-29,-13,-24,33,7067
805,Honedge,-35,-34,-5,-61,-68,-43,12600
806,Doublade,-21,-4,45,-51,-56,-36,9515
807,Aegislash (Shield Forme),-20,-64,35,-46,35,-11,9183
808,Aegislash (Blade Forme),-20,26,-55,44,-55,-11,9183
809,Spritzee,-2,-62,-45,-33,-40,-48,10866
810,Aromatisse,21,-42,-33,3,-16,-42,5323
811,Swirlix,-18,-66,-39,-37,-48,-22,10358
812,Slurpuff,2,-34,-19,-11,-30,1,2543
813,Inkay,-27,-60,-52,-59,-59,-26,14671
814,Malamar,6,-22,-17,-28,-30,2,2497
815,Binacle,-38,-62,-38,-57,-49,-21,12823
816,Barbaracle,-8,-9,10,-42,-19,-3,2379
817,Skrelp,-30,-54,-45,-36,-45,-41,10843
818,Dragalge,-15,-39,-15,1,18,-27,3025
819,Clauncher,-30,-61,-43,-38,-42,-27,10407
820,Clawitzer,-9,-41,-17,24,-16,-12,3027
821,Helioptile,-36,-76,-72,-35,-62,-1,17326
822,Heliolisk,-18,-59,-53,13,-11,38,8348
823,Tyrunt,-22,-25,-28,-51,-60,-23,8623
824,Tyrantrum,2,7,14,-27,-46,0,3094
825,Amaura,-3,-55,-55,-29,-42,-25,9289
826,Aurorus,43,-37,-33,3,-13,-13,4654
827,Sylveon,15,-49,-40,14,25,-11,5168
828,Hawlucha,-2,-22,-30,-22,-42,47,5845
829,Dedenne,-13,-56,-48,-15,-38,30,8178
830,Carbink,-30,-64,45,-46,45,-21,11603
831,Goomy,-35,-64,-70,-41,-30,-31,13763
832,Sliggoo,-12,-39,-52,-13,8,-11,4723
833,Sliggoo (Hisuian Sliggoo),-22,-39,-22,-13,8,-31,3683
834,Goodra,10,-14,-35,14,45,9,3823
835,Goodra (Hisuian Goodra),0,-14,-5,14,45,-11,2563
836,Klefki,-23,-34,-14,-16,-18,4,2477
837,Phantump,-37,-44,-57,-46,-45,-33,11784
838,Trevenant,5,-4,-29,-31,-23,-15,2597
839,Pumpkaboo (Small Size),-36,-48,-35,-52,-50,-15,10254
840,Pumpkaboo (Average Size),-31,-48,-35,-52,-50,-20,10094
841,Pumpkaboo (Large Size),-26,-48,-35,-52,-50,-25,10034
842,Pumpkaboo (Super Size),-21,-48,-35,-52,-50,-30,10074
843,Gourgeist (Small Size),-25,-29,17,-38,-30,28,4883
844,Gourgeist (Average Size),-15,-24,17,-38,-30,13,3603
845,Gourgeist (Large Size),-5,-19,17,-38,-30,-2,3023
846,Gourgeist (Super Size),5,-14,17,-38,-30,-17,3143
847,Bergmite,-25,-45,-20,-64,-70,-43,13895
848,Avalugg,15,3,79,-52,-59,-43,14509
849,Avalugg (Hisuian Avalugg),15,13,79,-62,-69,-33,16329
850,Noibat,-40,-84,-70,-51,-65,-16,20638
851,Noivern,5,-44,-25,1,-25,52,5916
852,Xerneas,46,17,-10,35,-7,28,4563
853,Yveltal,46,17,-10,35,-7,28,4563
854,Zygarde (50% Forme),28,-14,16,-15,-10,24,2137
855,Zygarde (10% Forme),-26,-14,-34,-35,-20,44,5589
856,Zygarde (Complete Forme),136,-14,16,-5,-10,14,19269
857,Diancie,-30,-14,45,4,45,-21,5603
858,Diancie (Mega Diancie),-30,46,5,64,5,39,8683
859,Hoopa (Hoopa Confined),0,-4,-45,54,25,-1,5583
860,Hoopa (Hoopa Unbound),0,46,-45,74,25,9,10323
861,Volcanion,0,-4,15,34,-15,-1,1623
862,Rowlet,-12,-59,-50,-46,-55,-29,12107
863,Dartrix,-2,-39,-30,-26,-35,-19,4687
864,Decidueye,-2,-7,-30,4,-5,-1,995
865,Decidueye (Hisuian Decidueye),8,-2,-25,-1,-10,-11,915
866,Litten,-35,-49,-65,-36,-65,-1,13373
867,Torracat,-15,-29,-55,-16,-55,19,7733
868,Incineroar,15,1,-15,-16,-15,-11,1053
869,Popplio,-30,-60,-51,-30,-49,-31,11363
870,Brionne,-20,-45,-36,-5,-24,-21,4763
871,Primarina,0,-40,-31,30,11,-11,3703
872,Pikipek,-45,-39,-75,-66,-75,-6,19188
873,Trumbeak,-25,-29,-55,-56,-55,4,10668
874,Toucannon,0,6,-30,-21,-30,-11,2398
875,Yungoos,-32,-44,-75,-66,-75,-26,19242
876,Gumshoos,8,-4,-45,-41,-45,-26,6487
877,Grubbin,-33,-52,-60,-41,-60,-25,13299
878,Charjabug,-23,-32,-10,-41,-30,-35,5459
879,Vikavolt,-3,-44,-15,49,-30,-28,6255
880,Crabrawler,-33,-32,-48,-54,-58,-8,10761
881,Crabominable,17,18,-28,-34,-38,-28,4781
882,Oricorio,-5,-44,-35,2,-35,22,4899
883,Cutiefly,-40,-69,-65,-41,-65,13,16661
884,Ribombee,-20,-59,-45,-1,-35,53,9941
885,Rockruff,-35,-49,-65,-66,-65,-11,16553
886,Lycanroc (Midday Form),-5,1,-40,-41,-40,41,6588
887,Lycanroc (Midnight Form),5,1,-30,-41,-30,11,3628
888,Lycanroc (Dusk Form),-5,3,-40,-41,-40,39,6436
889,Wishiwashi (Solo Form),-35,-94,-85,-71,-80,-31,29688
890,Wishiwashi (School Form),-35,26,25,44,30,-41,7043
891,Mareanie,-30,-61,-43,-53,-53,-26,12764
892,Toxapex,-30,-51,47,-43,37,-36,10224
893,Mudbray,-10,-14,-35,-51,-50,-26,7298
894,Mudsdale,20,11,-5,-41,-20,-36,3923
895,Dewpider,-42,-74,-53,-56,-33,-44,16210
896,Araquanid,-12,-44,-13,-46,27,-29,5935
897,Fomantis,-40,-59,-70,-46,-70,-36,18293
898,Lurantis,-10,-9,-15,-16,-15,-26,1563
899,Morelull,-40,-79,-50,-31,-30,-56,15338
900,Shiinotic,-20,-69,-25,-6,-5,-41,7528
901,Salandit,-32,-70,-65,-25,-65,6,15035
902,Salazzle,-12,-50,-45,15,-45,46,9035
903,Stufful,-10,-39,-55,-51,-55,-21,10713
904,Bewear,40,11,-25,-41,-45,-11,6173
905,Bounsweet,-38,-84,-67,-66,-67,-39,23355
906,Steenee,-28,-74,-57,-56,-57,-9,15975
907,Tsareena,-8,6,-7,-46,-7,1,2315
908,Comfey,-29,-62,-15,-14,5,29,5972
909,Oranguru,10,-54,-25,-6,5,-11,3823
910,Passimian,20,6,-15,-56,-45,9,5903
911,Wimpod,-55,-79,-65,-76,-75,9,24973
912,Golisopod,-5,11,35,-36,-15,-31,3853
913,Sandygast,-25,-59,-25,-26,-60,-56,12143
914,Palossand,5,-39,5,4,-30,-36,3783
915,Pyukumuku,-25,-54,25,-66,25,-66,13503
916,Type: Null,15,-19,-10,-1,-10,-12,931
917,Silvally,15,-19,-10,-1,-10,24,1363
918,Minior (Meteor Form),-20,-54,-5,-36,-5,-11,4783
919,Minior (Core),-20,-14,-45,4,-45,49,7063
920,Komala,-15,1,-40,-21,-10,-6,2403
921,Turtonator,-20,-36,30,-5,-20,-35,4246
922,Togedemaru,-15,-16,-42,-56,-32,25,7030
923,Mimikyu,-25,-24,-25,-46,0,25,4567
924,Bruxish,-12,-9,-35,-26,-35,21,3792
925,Drampa,-2,-54,-20,39,-14,-35,6262
926,Dhelmise,-10,17,-5,-10,-15,-31,1700
927,Jangmo-o,-35,-59,-40,-51,-60,-26,13183
928,Hakamo-o,-25,-39,-15,-31,-35,-6,4593
929,Kommo-o,-5,-4,20,4,0,14,653
930,Tapu Koko,-10,1,-20,-1,-30,59,4883
931,Tapu Lele,-10,-29,-30,34,10,24,3673
932,Tapu Bulu,-10,16,10,-11,-10,4,693
933,Tapu Fini,-10,-39,10,-1,25,14,2543
934,Cosmog,-37,-85,-74,-67,-74,-34,25191
935,Cosmoem,-37,-85,26,-67,26,-34,15591
936,Solgaleo,57,23,2,17,-16,26,5003
937,Lunala,57,-1,-16,41,2,26,5867
938,Nihilego,29,-61,-58,31,26,32,10587
939,Buzzwole,27,25,34,-43,-52,8,7127
940,Pheromosa,-9,23,-68,41,-68,80,17939
941,Xurkitree,3,-25,-34,77,-34,12,9019
942,Celesteela,17,-13,-2,11,-4,-10,699
943,Kartana,-21,67,26,-37,-74,38,13895
944,Guzzlord,143,-13,-52,1,-52,-28,26811
945,Necrozma,17,-7,-4,31,-16,8,1635
946,Necrozma (Dusk Mane Necrozma),17,43,22,17,4,6,2963
947,Necrozma (Dawn Wings Necrozma),17,-1,4,61,22,6,4547
948,Necrozma (Ultra Necrozma),17,53,-8,71,-8,58,11631
949,Magearna,0,-19,10,34,10,-6,1753
950,Marshadow,10,11,-25,-6,-15,54,4023
951,Poipole,-13,-41,-38,-23,-38,2,5271
952,Naganadel,-7,-41,-32,31,-32,50,7239
953,Stakataka,-19,17,106,-43,-4,-58,17115
954,Blacephalon,-27,13,-52,55,-26,36,8599
955,Zeraora,8,-2,-30,6,-25,72,6813
956,Meltan,-34,-49,-40,-41,-70,-37,13107
957,Melmetal,55,29,38,-16,-40,-37,8535
958,Grookey,-30,-49,-55,-56,-65,-6,13723
959,Thwackey,-10,-29,-35,-41,-45,9,5953
960,Rillaboom,20,11,-15,-36,-35,14,3463
961,Scorbunny,-30,-43,-65,-56,-65,-2,14339
962,Raboot,-15,-28,-45,-41,-45,23,7269
963,Cinderace,0,2,-30,-31,-30,48,5069
964,Sobble,-30,-74,-65,-26,-65,-1,15503
965,Drizzile,-15,-54,-50,-1,-50,19,8503
966,Inteleon,-10,-29,-40,29,-40,49,7383
967,Skwovet,-10,-59,-50,-61,-70,-46,16818
968,Greedent,40,-19,-10,-41,-30,-51,7243
969,Rookidee,-42,-67,-70,-63,-70,-14,20218
970,Corvisquire,-12,-47,-50,-53,-50,6,10198
971,Corviknight,18,-27,0,-43,-20,-4,3318
972,Blipbug,-55,-94,-85,-71,-60,-26,28403
973,Dottler,-30,-79,-25,-46,-15,-41,11788
974,Orbeetle,-20,-69,5,-16,15,19,6028
975,Nickit,-40,-86,-77,-49,-53,-21,20576
976,Thievul,-10,-56,-47,-9,-13,19,6056
977,Gossifleur,-40,-74,-45,-56,-45,-61,17983
978,Eldegoss,-20,-64,-15,-16,15,-11,5323
979,Wooloo,-38,-74,-50,-56,-60,-23,16685
980,Dubwool,-8,-34,-5,-36,-15,17,3055
981,Chewtle,-30,-50,-55,-58,-67,-27,15007
982,Drednaw,10,1,-15,-48,-37,3,4008
983,Yamper,-21,-69,-55,-56,-55,-45,16413
984,Boltund,-11,-24,-45,-6,-45,50,7283
985,Rolycoly,-50,-74,-55,-56,-55,-41,18843
986,Carkol,0,-54,-15,-36,-35,-21,6103
987,Coalossal,30,-34,15,-16,-15,-41,4443
988,Applin,-40,-74,-25,-56,-65,-51,17663
989,Flapple,-10,-4,-25,-1,-45,-1,2768
990,Appletun,30,-29,-25,4,-25,-41,4688
991,Silicobra,-28,-57,-30,-61,-55,-25,12304
992,Sandaconda,-8,-7,20,-31,-35,0,2699
993,Cramorant,-10,-29,-50,-11,-10,14,3858
994,Arrokuda,-39,-51,-65,-56,-75,-5,17133
995,Barraskewda,-19,9,-45,-36,-55,65,11013
996,Toxel,-40,-76,-70,-42,-70,-31,19901
997,Toxtricity,-5,-16,-35,18,-35,4,3071
998,Sizzlipede,-30,-49,-60,-46,-55,-26,12718
999,Centiskorch,20,1,-40,-6,-15,-6,2298
1000,Clobbopus,-30,-46,-45,-46,-55,-39,11703
1001,Grapploct,0,4,-15,-26,-25,-29,2383
1002,Sinistea,-40,-69,-60,-22,-51,-21,13487
1003,Polteageist,-20,-49,-40,38,9,-1,5927
1004,Hatenna,-38,-84,-60,-40,-52,-32,17428
1005,Hattrem,-23,-74,-40,-10,-32,-22,9213
1006,Hatterene,-23,-24,-10,40,-2,-42,4573
1007,Impidimp,-35,-69,-75,-41,-65,-21,17958
1008,Morgrem,-15,-54,-60,-21,-50,-1,9683
1009,Grimmsnarl,15,6,-40,-1,-30,-11,2883
1010,Obstagoon,13,-24,-4,-36,-24,24,3209
1011,Perrserker,-10,-4,-5,-46,-45,-21,4723
1012,Cursola,-20,-19,-55,49,25,-41,8493
1013,Sirfetch'd,-18,21,-10,-28,-23,-6,2214
1014,Mr. Rime,0,-29,-30,14,-5,-1,1963
1015,Runerigus,-22,-19,40,-46,0,-41,6242
1016,Milcery,-35,-74,-65,-46,-44,-37,16347
1017,Alcremie,-15,-54,-30,14,16,-7,4542
1018,Falinks,-15,-14,-5,-26,-45,4,3163
1019,Pincurchin,-32,-13,-10,-5,-20,-56,4854
1020,Snom,-50,-89,-70,-51,-75,-51,26148
1021,Frosmoth,-10,-49,-45,29,-15,-6,5628
1022,Stonjourner,20,11,30,-76,-85,-1,14423
1023,Eiscue (Ice Face),-5,-34,5,-31,-15,-21,2833
1024,Eiscue (Noice Face),-5,-34,-35,-31,-55,59,9873
1025,Indeedee (Male),-20,-49,-50,9,-10,24,6058
1026,Indeedee (Female),-10,-59,-40,-1,0,14,5378
1027,Morpeko,-22,-19,-47,-26,-47,26,6615
1028,Cufant,-8,-34,-56,-56,-56,-31,11589
1029,Copperajah,42,16,-36,-16,-36,-41,6549
1030,Dracozolt,10,-14,-15,-16,-35,4,2018
1031,Arctozolt,10,-14,-15,-6,-25,-16,1438
1032,Dracovish,10,-24,-5,-26,-25,4,2018
1033,Arctovish,10,-24,-5,-16,-15,-16,1438
1034,Duraludon,-10,-19,10,24,-55,14,4358
1035,Dreepy,-52,-54,-75,-56,-75,11,20127
1036,Drakloak,-12,-34,-55,-36,-55,31,9607
1037,Dragapult,8,6,-30,4,-30,71,6957
1038,Zacian (Hero of Many Battles),12,6,10,-16,10,67,5125
1039,Zacian (Crowned Sword),12,36,10,-16,10,77,7825
1040,Zamazenta (Hero of Many Battles),12,6,10,-16,10,67,5125
1041,Zamazenta (Crowned Shield),12,6,35,-16,35,57,6135
1042,Eternatus,60,-29,-10,49,-10,59,10523
1043,Eternatus (Eternamax Eternatus),175,1,145,29,145,59,76998
1044,Kubfu,-20,-24,-45,-43,-55,1,7876
1045,Urshifu,20,16,-5,-33,-45,26,4471
1046,Zarude,25,6,0,-26,-10,34,2593
1047,Regieleki,0,-14,-55,4,-55,129,22903
1048,Regidrago,120,-14,-55,4,-55,9,20743
1049,Glastrier,20,31,25,-31,5,-41,4653
1050,Spectrier,20,-49,-45,49,-25,59,11333
1051,Calyrex,20,-34,-25,-16,-25,9,3143
1052,Calyrex (Ice Rider Calyrex),20,51,45,-11,25,-21,6213
1053,Calyrex (Shadow Rider Calyrex),20,-29,-25,69,-5,79,12893
1054,Wyrdeer,23,-9,-33,9,-30,-6,2716
1055,Kleavor,-10,21,-10,-51,-35,14,4663
1056,Ursaluna,50,26,0,-51,-25,-21,6843
1057,Basculegion (Male),40,-2,-40,-16,-30,7,4409
1058,Basculegion (Female),40,-22,-40,4,-30,7,4649
1059,Sneasler,0,16,-45,-56,-25,49,8443
1060,Overqwil,5,1,-10,-31,-40,14,2883
1061,Enamorus (Incarnate Forme),-6,1,-35,39,-25,35,4633
1062,Enamorus (Therian Forme),-6,1,5,39,-5,-25,2233
1063,Sprigatito,-40,-53,-51,-51,-60,-6,13247
1064,Floragato,-19,-34,-42,-36,-42,12,6485
1065,Meowscarada,-4,-4,-35,-15,-35,52,5411
1066,Fuecoco,-13,-69,-46,-33,-65,-35,13585
1067,Crocalor,1,-59,-27,-6,-47,-22,6940
1068,Skeledirge,24,-39,-5,14,-30,-5,3243
1069,Quaxly,-25,-49,-60,-46,-60,-21,12783
1070,Quaxwell,-10,-29,-40,-31,-45,-6,5563
1071,Quaquaval,5,6,-25,-11,-30,14,1903
1072,Lechonk,-26,-69,-65,-61,-60,-36,18279
1073,Oinkologne (Male),30,-14,-30,-37,-25,-6,4026
1074,Oinkologne (Female),35,-24,-35,-37,-15,-6,4656
1075,Tarountula,-45,-73,-60,-67,-65,-51,22269
1076,Spidops,-20,-35,-13,-44,-19,-36,5387
1077,Nymble,-47,-68,-65,-75,-80,-26,23759
1078,Lokix,-9,-12,-27,-44,-50,21,5831
1079,Pawmi,-35,-64,-85,-56,-80,-11,22203
1080,Pawmo,-20,-39,-65,-46,-65,14,12683
1081,Pawmot,-10,1,-35,-26,-45,34,5183
1082,Tandemaus,-30,-64,-60,-56,-60,4,15348
1083,Maushold,-6,-39,-35,-31,-30,40,6243
1084,Fidough,-43,-59,-35,-66,-50,-6,13447
1085,Dachsbun,-23,-34,10,-46,-25,24,5102
1086,Smoliv,-39,-79,-60,-38,-54,-41,17403
1087,Dolliv,-28,-61,-45,-18,-27,-38,9027
1088,Arboliva,-2,-45,-15,29,4,-32,4135
1089,Squawkabilly,2,-18,-54,-51,-54,21,9202
1090,Nacli,-25,-59,-30,-61,-70,-46,15743
1091,Naclstack,-20,-54,-5,-61,-40,-36,9958
1092,Garganacl,20,-14,25,-51,-15,-36,5343
1093,Charcadet,-40,-64,-65,-46,-65,-36,17558
1094,Armarouge,5,-54,-5,29,-25,4,4448
1095,Ceruledge,-5,11,-25,-36,-5,14,2288
1096,Tadbulb,-19,-83,-64,-37,-70,-26,18291
1097,Bellibolt,29,-50,-14,7,-22,-26,4746
1098,Wattrel,-40,-74,-70,-41,-65,-1,17883
1099,Kilowattrel,-10,-44,-45,9,-45,54,9083
1100,Maschiff,-20,-36,-45,-56,-54,-20,10173
1101,Mabosstiff,0,6,-15,-36,-35,14,2978
1102,Shroodle,-40,-49,-70,-56,-70,4,16953
1103,Grafaiai,-17,-19,-40,-16,-33,39,5116
1104,Bramblin,-40,-49,-75,-51,-70,-11,17248
1105,Brambleghast,-25,1,-35,-16,-35,19,3693
1106,Toedscool,-40,-74,-70,-46,-5,-1,14118
1107,Toedscruel,0,-44,-40,-16,15,29,4858
1108,Klawf,-10,-14,10,-61,-50,4,6633
1109,Capsakid,-30,-52,-65,-34,-65,-21,13651
1110,Scovillain,-15,-6,-40,12,-40,4,3621
1111,Rellor,-39,-64,-45,-65,-47,-41,15757
1112,Rabsca,-5,-64,-20,19,-5,-26,5583
1113,Flittle,-50,-79,-75,-41,-75,4,21688
1114,Espathra,15,-54,-45,5,-45,34,8372
1115,Tinkatink,-30,-69,-60,-61,-41,-13,14832
1116,Tinkatuff,-15,-59,-50,-51,-23,7,9385
1117,Tinkaton,5,-39,-28,-26,0,23,3535
1118,Wiglett,-70,-59,-80,-61,-80,24,25478
1119,Wugtrio,-45,-14,-55,-46,-35,49,10988
1120,Bombirdier,-10,-11,-20,-36,-20,11,2438
1121,Finizen,-10,-69,-65,-51,-65,4,15928
1122,Palafin,20,-44,-33,-43,-43,29,7964
1123,Palafin,20,46,-8,10,-18,29,3845
1124,Varoom,-35,-44,-42,-66,-60,-24,13457
1125,Revavroom,0,5,-15,-42,-38,19,3819
1126,Cyclizar,-10,-19,-40,-11,-40,50,6282
1127,Orthworm,-10,-29,40,-36,-50,-6,6373
1128,Glimmet,-32,-79,-63,9,-45,-11,13461
1129,Glimmora,3,-59,-15,34,-24,15,5672
1130,Greavard,-30,-53,-45,-66,-50,-37,13959
1131,Houndstone,-8,-13,-5,-46,-8,-3,2447
1132,Flamigo,2,1,-31,-21,-41,19,3449
1133,Cetoddle,28,-46,-60,-66,-65,-28,15865
1134,Cetitan,90,-1,-40,-51,-50,2,14806
1135,Veluza,10,-12,-32,-18,-40,-1,3193
1136,Dondozo,70,-14,10,-31,-40,-36,9053
1137,Tatsugiri,-12,-64,-45,24,-10,11,7062
1138,Annihilape,30,1,-25,-46,-15,19,4228
1139,Clodsire,50,-39,-45,-51,-5,-51,11273
1140,Farigiraf,40,-24,-35,14,-35,-11,4943
1141,Dudunsparce,45,-14,-25,-11,-30,-16,4123
1142,Kingambit,20,21,15,-36,-20,-21,3203
1143,Great Tusk,35,17,26,-43,-52,16,6999
1144,Scream Tail,35,-49,-6,-31,10,40,6323
1145,Brute Bonnet,31,13,-6,-17,-6,-16,1747
1146,Flutter Mane,-25,-59,-50,39,30,64,13123
1147,Slither Wing,5,21,-26,-11,0,10,1363
1148,Sandy Shocks,5,-33,-8,25,-20,30,3103
1149,Iron Treads,10,-2,15,-24,-35,35,3355
1150,Iron Bundle,-24,-34,9,28,-45,65,8847
1151,Iron Hands,74,26,3,-46,-37,-21,10087
1152,Iron Jugulis,14,-34,-19,26,-25,37,4383
1153,Iron Moth,0,-44,-45,44,5,39,7443
1154,Iron Thorns,20,20,5,-26,-21,1,1943
1155,Frigibax,-15,-39,-60,-61,-60,-16,12923
1156,Arctibax,10,-19,-39,-51,-40,-9,6264
1157,Baxcalibur,35,31,-13,-21,-19,16,3413
1158,Gimmighoul (Chest Form),-35,-84,-35,-21,-35,-61,14893
1159,Gimmighoul (Roaming Form),-35,-84,-80,-21,-60,9,18803
1160,Gholdengo,7,-54,-10,37,-14,13,4799
1161,Wo-Chien,5,-29,-5,-1,30,-1,1793
1162,Chien-Pao,0,6,-25,-6,-40,64,6393
1163,Ting-Lu,75,-4,20,-41,-25,-26,9023
1164,Chi-Yu,-25,-34,-25,39,15,29,4993
1165,Roaring Moon,25,25,-34,-41,-4,48,6407
1166,Iron Valiant,-6,16,-15,24,-45,45,5143
1167,Koraidon,20,21,10,-11,-5,64,5183
1168,Miraidon,20,-29,-5,39,10,64,6983
