Sam Carswell-Tellis vs. Pokemon SSE,pokemon,D_HP,D_ATK,D_DEF,D_SPA,D_SPD,D_SPE,SSE
0,Bulbasaur,-15,-11,-11,5,-10,-33,1681
1,Ivysaur,0,2,3,20,5,-18,762
2,Venusaur,20,22,23,40,25,2,3642
3,Venusaur (Mega Venusaur),20,40,63,62,45,2,11842
4,Charmander,-21,-8,-17,0,-25,-13,1588
5,Charmeleon,-2,4,-2,20,-10,2,528
6,Charizard,18,24,18,49,10,22,4209
7,Charizard (Mega Charizard X),18,70,51,70,10,22,13309
8,Charizard (Mega Charizard Y),18,44,18,99,40,22,14469
9,Squirtle,-16,-12,5,-10,-11,-35,1871
10,Wartortle,-1,3,20,5,5,-20,860
11,Blastoise,19,23,40,25,30,0,4015
12,Blastoise (Mega Blastoise),19,43,60,75,40,0,13035
13,Caterpie,-15,-30,-25,-40,-55,-33,7464
14,Metapod,-10,-40,-5,-35,-50,-48,7754
15,Butterfree,0,-15,-10,30,5,-8,1314
16,Weedle,-20,-25,-30,-40,-55,-28,7334
17,Kakuna,-15,-35,-10,-35,-50,-43,7124
18,Beedrill,5,30,-20,-15,5,-3,1584
19,Beedrill (Mega Beedrill),5,90,-20,-45,5,67,15064
20,Pidgey,-20,-15,-20,-25,-40,-22,3734
21,Pidgeotto,3,0,-5,-10,-25,-7,808
22,Pidgeot,23,20,15,10,-5,23,1808
23,Pidgeot (Mega Pidgeot),23,20,20,75,5,43,8828
24,Rattata,-30,-4,-25,-35,-40,-6,4402
25,Rattata (Alolan Rattata),-30,-4,-25,-35,-40,-6,4402
26,Raticate,-5,21,0,-10,-5,19,952
27,Raticate (Alolan Raticate),15,11,10,-20,5,-1,872
28,Spearow,-20,0,-30,-29,-44,-8,4141
29,Fearow,5,30,5,1,-14,22,1631
30,Ekans,-25,0,-16,-20,-21,-23,2251
31,Arbok,0,35,9,5,4,2,1351
32,Pikachu,-25,-5,-20,-10,-25,12,1919
33,Pikachu (Partner Pikachu),-15,20,-10,15,-15,42,2939
34,Raichu,0,30,-5,30,5,32,2874
35,Raichu (Alolan Raichu),0,25,-10,35,10,32,3074
36,Sandshrew,-10,15,25,-40,-45,-38,6019
37,Sandshrew (Alolan Sandshrew),-10,15,30,-50,-40,-38,6769
38,Sandslash,15,40,50,-15,-20,-13,5119
39,Sandslash (Alolan Sandslash),15,40,60,-35,-10,-13,6919
40,Nidoran♀,-5,-13,-8,-20,-35,-37,3252
41,Nidorina,10,2,7,-5,-20,-22,1062
42,Nidoqueen,30,32,27,15,10,-2,2982
43,Nidoran♂,-14,-3,-20,-20,-35,-28,3014
44,Nidorino,1,12,-3,-5,-20,-13,748
45,Nidoking,21,42,17,25,0,7,3168
46,Clefairy,10,-15,-12,0,-10,-43,2418
47,Clefable,35,10,13,35,15,-18,3268
48,Vulpix,-22,-19,-20,-10,-10,-13,1614
49,Vulpix (Alolan Vulpix),-22,-19,-20,-10,-10,-13,1614
50,Ninetales,13,16,15,21,25,22,2200
51,Ninetales (Alolan Ninetales),13,7,15,21,25,31,2470
52,Jigglypuff,55,-15,-40,-15,-50,-58,10939
53,Wigglytuff,80,10,-15,25,-25,-33,9064
54,Zubat,-20,-15,-25,-30,-35,-23,3904
55,Golbat,15,20,10,5,0,12,894
56,Oddish,-15,-10,-5,15,-10,-48,2979
57,Gloom,0,5,10,25,0,-38,2194
58,Vileplume,15,20,25,50,15,-28,4759
59,Paras,-25,10,-5,-15,-20,-53,4184
60,Parasect,0,35,20,0,5,-48,3954
61,Venonat,0,-5,-10,-20,-20,-33,2014
62,Venomoth,10,5,0,30,0,12,1169
63,Diglett,-50,-5,-35,-25,-30,17,5564
64,Diglett (Alolan Diglett),-50,-5,-30,-25,-30,12,5094
65,Dugtrio,-25,40,-10,-10,-5,42,4214
66,Dugtrio (Alolan Dugtrio),-25,40,0,-10,-5,32,3374
67,Meowth,-20,-15,-25,-20,-35,12,3019
68,Meowth (Alolan Meowth),-20,-25,-25,-10,-35,12,3119
69,Meowth (Galarian Meowth),-10,5,-5,-20,-35,-38,3219
70,Persian,5,10,0,5,-10,37,1619
71,Persian (Alolan Persian),5,0,0,15,-10,37,1719
72,Psyduck,-10,-8,-12,5,-25,-23,1487
73,Golduck,20,22,18,35,5,7,2507
74,Mankey,-20,20,-25,-25,-30,-8,3014
75,Primeape,5,45,0,0,-5,17,2364
76,Growlithe,-5,10,-15,10,-25,-18,1399
77,Growlithe (Hisuian Growlithe),0,15,-15,5,-25,-23,1629
78,Arcanine,30,50,20,40,5,17,5714
79,Arcanine (Hisuian Arcanine),35,55,20,35,5,12,6044
80,Poliwag,-20,-10,-20,-20,-35,12,2669
81,Poliwhirl,5,5,5,-10,-25,12,944
82,Poliwrath,30,35,35,10,15,-8,3739
83,Abra,-35,-40,-45,45,-20,12,7419
84,Kadabra,-20,-25,-30,60,-5,27,6279
85,Alakazam,-5,-10,-15,75,20,42,8139
86,Alakazam (Mega Alakazam),-5,-10,5,115,30,72,19459
87,Machop,10,20,-10,-25,-40,-43,4674
88,Machoke,20,40,10,-10,-15,-33,3514
89,Machamp,30,70,20,5,10,-23,6854
90,Bellsprout,-10,15,-25,10,-45,-38,4519
91,Weepinbell,5,30,-10,25,-30,-23,3079
92,Victreebel,20,45,5,40,-5,-8,4139
93,Tentacool,-20,-20,-25,-10,25,-8,2214
94,Tentacruel,20,10,5,20,45,22,3434
95,Geodude,-20,20,40,-30,-45,-58,8689
96,Geodude (Alolan Geodude),-20,20,40,-30,-45,-58,8689
97,Graveler,-5,35,55,-15,-30,-43,7249
98,Graveler (Alolan Graveler),-5,35,55,-15,-30,-43,7249
99,Golem,20,60,70,-5,-10,-33,10114
100,Golem (Alolan Golem),20,60,70,-5,-10,-33,10114
101,Ponyta,-10,25,-5,5,-10,12,1019
102,Ponyta (Galarian Ponyta),-10,25,-5,5,-10,12,1019
103,Rapidash,5,40,10,20,5,27,2879
104,Rapidash (Galarian Rapidash),5,40,10,20,5,27,2879
105,Slowpoke,30,5,5,-20,-35,-63,6544
106,Slowpoke (Galarian Slowpoke),30,5,5,-20,-35,-63,6544
107,Slowbro,35,15,50,40,5,-48,7879
108,Slowbro (Mega Slowbro),35,15,120,70,5,-48,23079
109,Slowbro (Galarian Slowbro),35,40,35,40,-5,-48,7979
110,Magnemite,-35,-25,10,35,-20,-33,4664
111,Magneton,-10,0,35,60,-5,-8,5014
112,Farfetch'd,-8,30,-5,-2,-13,-18,1486
113,Farfetch'd (Galarian Farfetch'd),-8,35,-5,-2,-13,-23,2016
114,Doduo,-25,25,-15,-25,-40,-3,3709
115,Dodrio,0,50,10,0,-15,32,3849
116,Seel,5,-15,-5,-15,-5,-33,1614
117,Dewgong,30,10,20,10,20,-8,1964
118,Grimer,20,20,-10,-20,-25,-53,4734
119,Grimer (Alolan Grimer),20,20,-10,-20,-25,-53,4734
120,Muk,45,45,15,5,25,-28,5709
121,Muk (Alolan Muk),45,45,15,5,25,-28,5709
122,Shellder,-30,5,40,-15,-50,-38,6694
123,Cloyster,-10,35,120,25,-30,-8,17314
124,Gastly,-30,-25,-30,40,-40,2,5629
125,Haunter,-15,-10,-15,55,-20,17,4264
126,Gengar,0,5,0,70,0,32,5949
127,Gengar (Mega Gengar),0,5,20,110,20,52,15629
128,Onix,-25,-15,100,-30,-30,-8,12714
129,Drowzee,0,-12,-15,-17,15,-36,2179
130,Hypno,25,13,10,13,40,-11,2784
131,Krabby,-30,45,30,-35,-50,-28,8334
132,Kingler,-5,70,55,-10,-25,-3,8684
133,Voltorb,-20,-30,-10,-5,-20,22,2309
134,Voltorb (Hisuian Voltorb),-20,-30,-10,-5,-20,22,2309
135,Electrode,0,-10,10,20,5,72,5809
136,Electrode (Hisuian Electrode),0,-10,10,20,5,72,5809
137,Exeggcute,0,-20,20,0,-30,-38,3144
138,Exeggutor,35,35,25,65,0,-23,7829
139,Exeggutor (Alolan Exeggutor),35,45,25,65,0,-33,9189
140,Cubone,-10,-10,35,-20,-25,-43,4299
141,Marowak,0,20,50,-10,5,-33,4114
142,Marowak (Alolan Marowak),0,20,50,-10,5,-33,4114
143,Hitmonlee,-10,60,-7,-25,35,9,5680
144,Hitmonchan,-10,45,19,-25,35,-2,4340
145,Lickitung,30,-5,15,0,0,-48,3454
146,Koffing,-20,5,35,0,-30,-43,4399
147,Weezing,5,30,60,25,-5,-18,5499
148,Weezing (Galarian Weezing),5,30,60,25,-5,-18,5499
149,Rhyhorn,20,25,35,-30,-45,-53,7984
150,Rhydon,45,70,60,-15,-30,-38,13094
151,Chansey,190,-55,-55,-25,30,-28,44459
152,Tangela,5,-5,55,40,-35,-18,6224
153,Kangaskhan,45,35,20,-20,5,12,4219
154,Kangaskhan (Mega Kangaskhan),45,65,40,0,25,22,8959
155,Horsea,-30,-20,10,10,-50,-18,4324
156,Seadra,-5,5,35,35,-30,7,3449
157,Goldeen,-15,7,0,-25,-25,-15,1749
158,Seaking,20,32,5,5,5,-10,1599
159,Staryu,-30,-15,-5,10,-20,7,1699
160,Starmie,0,15,25,40,10,37,3919
161,Mr. Mime,-20,-15,5,40,45,12,4419
162,Mr. Mime (Galarian Mr. Mime),-10,5,5,30,15,22,1759
163,Scyther,10,50,20,-5,5,27,3779
164,Jynx,5,-10,-25,55,20,17,4464
165,Electabuzz,5,23,-3,35,10,27,2617
166,Magmar,5,35,-3,40,10,15,3184
167,Pinsir,5,65,40,-5,-5,7,5949
168,Pinsir (Mega Pinsir),5,95,60,5,15,27,13629
169,Tauros,15,40,35,-20,-5,32,4499
170,Tauros (Paldean Tauros (Combat Breed)),15,50,45,-30,-5,22,6159
171,Tauros (Paldean Tauros (Blaze Breed)),15,50,45,-30,-5,22,6159
172,Tauros (Paldean Tauros (Aqua Breed)),15,50,45,-30,-5,22,6159
173,Magikarp,-40,-50,-5,-45,-55,2,9179
174,Gyarados,35,65,19,0,25,3,6445
175,Gyarados (Mega Gyarados),35,95,49,10,55,3,15785
176,Lapras,70,25,20,25,20,-18,7274
177,Ditto,-12,-12,-12,-12,-27,-30,2205
178,Eevee,-5,-5,-10,-15,-10,-23,1004
179,Eevee (Partner Eevee),5,15,10,5,10,-3,484
180,Vaporeon,70,5,0,50,20,-13,7994
181,Jolteon,5,5,0,50,20,52,5654
182,Flareon,5,70,0,35,35,-13,7544
183,Porygon,5,0,10,25,0,-38,2194
184,Omanyte,-25,-20,40,30,-20,-43,5774
185,Omastar,10,0,65,55,-5,-23,7904
186,Kabuto,-30,20,30,-5,-30,-23,3654
187,Kabutops,0,55,45,5,-5,2,5104
188,Aerodactyl,20,45,5,0,0,52,5154
189,Aerodactyl (Mega Aerodactyl),20,75,25,10,20,72,12334
190,Snorlax,100,50,5,5,35,-48,16079
191,Articuno,30,25,40,35,50,7,6899
192,Articuno (Galarian Articuno),30,25,25,65,25,17,7289
193,Zapdos,30,30,25,65,15,22,7359
194,Zapdos (Galarian Zapdos),30,65,30,25,15,22,7359
195,Moltres,30,40,30,65,10,12,7869
196,Moltres (Galarian Moltres),30,25,30,40,50,12,6669
197,Dratini,-19,4,-15,-10,-25,-28,2111
198,Dragonair,1,24,5,10,-5,-8,791
199,Dragonite,31,74,35,40,25,2,9891
200,Mewtwo,46,50,30,94,15,52,17281
201,Mewtwo (Mega Mewtwo X),46,130,40,94,25,52,32781
202,Mewtwo (Mega Mewtwo Y),46,90,10,134,45,62,34141
203,Mew,40,40,40,40,25,22,7509
204,Chikorita,-15,-11,5,-11,-10,-33,1681
205,Bayleef,0,2,20,3,5,-18,762
206,Meganium,20,22,40,23,25,2,3642
207,Cyndaquil,-21,-8,-17,0,-25,-13,1588
208,Quilava,-2,4,-2,20,-10,2,528
209,Typhlosion,18,24,18,49,10,22,4209
210,Typhlosion (Hisuian Typhlosion),13,24,18,59,10,17,4939
211,Totodile,-10,5,4,-16,-27,-35,2351
212,Croconaw,5,20,20,-1,-12,-20,1370
213,Feraligatr,25,45,40,19,8,0,4675
214,Sentret,-25,-14,-26,-25,-30,-58,6386
215,Furret,25,16,4,-15,-20,12,1666
216,Hoothoot,0,-30,-30,-24,-19,-28,3521
217,Noctowl,40,-10,-10,26,21,-8,2981
218,Ledyba,-20,-40,-30,-20,5,-23,3854
219,Ledian,-5,-25,-10,-5,35,7,2049
220,Spinarak,-20,0,-20,-20,-35,-48,4729
221,Ariados,10,30,10,0,-5,-38,2569
222,Crobat,25,30,20,10,5,52,4754
223,Chinchou,15,-22,-22,-4,-19,-11,1691
224,Lanturn,65,-2,-2,16,1,-11,4611
225,Pichu,-40,-20,-45,-25,-40,-18,6574
226,Cleffa,-10,-35,-32,-15,-20,-63,6943
227,Igglybuff,30,-30,-45,-20,-55,-63,11219
228,Togepi,-25,-40,5,-20,-10,-58,6114
229,Togetic,-5,-20,25,20,30,-38,3794
230,Natu,-20,-10,-15,10,-30,-8,1789
231,Xatu,5,15,10,35,-5,17,1889
232,Mareep,-5,-20,-20,5,-30,-43,3599
233,Flaaffy,10,-5,-5,20,-15,-33,1864
234,Ampharos,30,15,25,55,15,-23,5529
235,Ampharos (Mega Ampharos),30,35,45,105,35,-33,17489
236,Bellossom,15,20,35,30,25,-28,4159
237,Marill,10,-40,-10,-40,-25,-38,5469
238,Azumarill,40,-10,20,0,5,-28,2909
239,Sudowoodo,10,40,55,-30,-10,-48,8029
240,Politoed,30,15,15,30,25,-8,2939
241,Hoppip,-25,-25,-20,-25,-20,-28,3459
242,Skiploom,-5,-15,-10,-15,-10,2,679
243,Jumpluff,15,-5,10,-5,20,32,1799
244,Aipom,-5,10,-5,-20,-20,7,999
245,Sunkern,-30,-30,-30,-30,-45,-48,7929
246,Sunflora,15,15,-5,45,10,-48,4904
247,Yanma,5,5,-15,15,-30,17,1689
248,Wooper,-5,-15,-15,-35,-50,-63,8169
249,Wooper (Paldean Wooper),-5,-15,-15,-35,-50,-63,8169
250,Quagsire,35,25,25,5,-10,-43,4449
251,Espeon,5,5,0,70,20,32,6374
252,Umbreon,35,5,50,0,55,-13,6944
253,Murkrow,0,25,-18,25,-33,13,2832
254,Slowking,35,15,20,40,35,-48,6979
255,Slowking (Galarian Slowking),35,5,20,50,35,-48,7679
256,Misdreavus,0,0,0,25,10,7,774
257,Unown,-12,12,-12,12,-27,-30,2205
258,Wobbuffet,130,-27,-2,-27,-17,-45,20676
259,Girafarig,10,20,5,30,-10,7,1574
260,Pineco,-10,5,30,-25,-40,-63,7219
261,Forretress,15,30,80,0,-15,-38,9194
262,Dunsparce,40,10,10,5,-10,-33,3014
263,Gligar,5,15,45,-25,-10,7,3049
264,Steelix,15,25,140,-5,-10,-48,22879
265,Steelix (Mega Steelix),15,65,170,-5,20,-48,36079
266,Snubbull,0,20,-10,-20,-35,-48,4429
267,Granbull,30,60,15,0,-15,-33,6039
268,Qwilfish,5,35,25,-5,-20,7,2349
269,Qwilfish (Hisuian Qwilfish),5,35,25,-5,-20,7,2349
270,Scizor,10,70,40,-5,5,-13,6819
271,Scizor (Mega Scizor),10,90,80,5,25,-3,15259
272,Shuckle,-40,-50,170,-50,155,-73,64854
273,Heracross,20,65,15,-20,20,7,5699
274,Heracross (Mega Heracross),20,125,55,-20,30,-3,20359
275,Sneasel,-5,35,-5,-25,0,37,3269
276,Sneasel (Hisuian Sneasel),-5,35,-5,-25,0,37,3269
277,Teddiursa,0,20,-10,-10,-25,-38,2669
278,Ursaring,30,70,15,15,0,-23,6779
279,Slugma,-20,-20,-20,10,-35,-58,5889
280,Magcargo,0,-10,60,30,5,-48,6929
281,Swinub,-10,-10,-20,-30,-45,-28,4309
282,Piloswine,40,40,20,0,-15,-28,4609
283,Corsola,5,-5,35,5,20,-43,3549
284,Corsola (Galarian Corsola),0,-5,40,5,25,-48,4579
285,Remoraid,-25,5,-25,5,-40,-13,3069
286,Octillery,15,45,15,45,0,-33,5589
287,Delibird,-15,-5,-15,5,-30,-3,1409
288,Mantine,25,-20,10,20,65,-8,5814
289,Skarmory,5,20,80,-20,-5,-8,7314
290,Houndour,-15,0,-30,20,-25,-13,2319
291,Houndoom,15,30,-10,50,5,17,4039
292,Houndoom (Mega Houndoom),15,30,30,80,15,37,10019
293,Kingdra,15,35,35,35,20,7,4349
294,Phanpy,30,0,0,-20,-35,-38,3969
295,Donphan,30,60,60,0,-15,-28,9109
296,Porygon2,25,20,30,45,20,-18,4674
297,Stantler,13,35,2,25,-10,7,2172
298,Smeargle,-5,-40,-25,-40,-30,-3,4759
299,Tyrogue,-25,-25,-25,-25,-40,-43,5949
300,Hitmontop,-10,35,35,-25,35,-8,4464
301,Smoochum,-15,-30,-45,25,-10,-13,4044
302,Elekid,-15,3,-23,5,-20,17,1477
303,Magby,-15,15,-23,10,-20,5,1504
304,Miltank,35,20,45,-20,-5,22,4559
305,Blissey,195,-50,-50,15,60,-23,47379
306,Raikou,30,25,15,55,25,37,6769
307,Entei,55,55,25,30,0,22,8059
308,Suicune,40,15,55,30,40,7,7399
309,Larvitar,-10,4,-10,-15,-25,-37,2435
310,Pupitar,10,24,10,5,-5,-27,1555
311,Tyranitar,40,74,50,35,25,-17,11715
312,Tyranitar (Mega Tyranitar),40,104,90,35,45,-7,23815
313,Lugia,46,30,70,30,79,32,16081
314,Ho-Oh,46,70,30,50,79,12,16801
315,Celebi,40,40,40,40,25,22,7509
316,Treecko,-20,-15,-25,5,-20,-8,1739
317,Grovyle,-10,5,-15,25,-10,17,1364
318,Sceptile,10,25,5,45,10,42,4639
319,Sceptile (Mega Sceptile),10,50,15,85,10,67,14639
320,Torchic,-15,0,-20,10,-25,-33,2439
321,Combusken,0,25,0,25,-15,-23,2004
322,Blaziken,20,60,10,50,-5,2,6629
323,Blaziken (Mega Blaziken),20,100,20,70,5,22,16209
324,Mudkip,-10,10,-10,-10,-25,-38,2469
325,Marshtomp,10,25,10,0,-5,-28,1634
326,Swampert,40,50,30,25,15,-18,6174
327,Swampert (Mega Swampert),40,90,50,35,35,-8,14714
328,Poochyena,-25,-5,-25,-30,-45,-43,6049
329,Mightyena,10,30,10,0,-15,-8,1389
330,Zigzagoon,-22,-30,-19,-30,-34,-18,4125
331,Zigzagoon (Galarian Zigzagoon),-22,-30,-19,-30,-34,-18,4125
332,Linoone,18,10,1,-10,-14,22,1205
333,Linoone (Galarian Linoone),18,10,1,-10,-14,22,1205
334,Wurmple,-15,-15,-25,-40,-45,-58,8064
335,Silcoon,-10,-25,-5,-35,-50,-63,8444
336,Beautifly,0,10,-10,40,-25,-13,2594
337,Cascoon,-10,-25,-5,-35,-50,-63,8444
338,Dustox,0,-10,10,-10,15,-13,694
339,Lotad,-20,-30,-30,-20,-25,-48,5529
340,Lombre,0,-10,-10,0,-5,-28,1009
341,Ludicolo,20,10,10,30,25,-8,2189
342,Seedot,-20,-20,-10,-30,-45,-48,6129
343,Nuzleaf,10,10,-20,0,-35,-18,2149
344,Shiftry,30,40,0,30,-15,2,3629
345,Taillow,-20,-5,-30,-30,-45,7,4299
346,Swellow,0,25,0,15,-25,47,3684
347,Wingull,-20,-30,-30,-5,-45,7,4299
348,Pelipper,0,-10,40,35,-5,-13,3119
349,Ralts,-32,-35,-35,-15,-40,-38,6743
350,Kirlia,-22,-25,-25,5,-20,-28,2943
351,Gardevoir,8,5,5,65,40,2,5943
352,Gardevoir (Mega Gardevoir),8,25,5,105,60,22,15823
353,Surskit,-20,-30,-28,-10,-23,-13,2882
354,Masquerain,10,0,2,40,7,2,1757
355,Shroomish,0,-20,0,-20,-15,-43,2874
356,Breloom,0,70,20,0,-15,-8,5589
357,Slakoth,0,0,0,-25,-40,-48,4529
358,Vigoroth,20,20,20,-5,-20,12,1769
359,Slaking,90,100,40,35,-10,22,21509
360,Nincada,-29,-15,30,-30,-45,-38,6335
361,Ninjask,1,30,-15,-10,-25,82,8575
362,Shedinja,-59,30,-15,-30,-45,-38,8975
363,Whismur,4,-9,-37,-9,-52,-50,6751
364,Loudred,24,11,-17,11,-32,-30,3031
365,Exploud,44,31,3,31,-2,-10,3971
366,Makuhita,12,0,-30,-40,-45,-53,7478
367,Hariyama,84,60,0,-20,-15,-28,12065
368,Azurill,-10,-40,-20,-40,-35,-58,8289
369,Nosepass,-30,-15,75,-15,15,-48,9504
370,Skitty,-10,-15,-15,-25,-40,-28,3559
371,Delcatty,10,5,5,-5,-20,12,719
372,Sableye,-10,15,15,5,-10,-28,1459
373,Sableye (Mega Sableye),-10,25,65,25,40,-58,10539
374,Mawile,-10,25,25,-5,-20,-28,2559
375,Mawile (Mega Mawile),-10,45,65,-5,20,-28,7559
376,Aron,-10,10,40,-20,-35,-48,5729
377,Lairon,0,30,80,-10,-25,-38,9469
378,Aggron,10,50,120,0,-15,-28,18009
379,Aggron (Mega Aggron),10,80,170,0,5,-28,36209
380,Meditite,-30,-20,-5,-20,-20,-18,2449
381,Medicham,0,0,15,0,0,2,229
382,Medicham (Mega Medicham),0,40,25,20,10,22,3209
383,Electrike,-20,-15,-20,5,-35,-13,2444
384,Manectric,10,15,0,45,-15,27,3304
385,Manectric (Mega Manectric),10,15,20,75,5,57,9624
386,Plusle,0,-10,-20,25,0,17,1414
387,Minun,0,-20,-10,15,10,17,1114
388,Volbeat,5,13,15,-13,10,7,737
389,Illumise,5,-13,15,13,10,7,737
390,Roselia,-10,0,-15,40,5,-13,2119
391,Gulpin,10,-17,-7,-17,-22,-38,2655
392,Swalot,40,13,23,13,8,-23,3060
393,Carvanha,-15,30,-40,5,-55,-13,5944
394,Sharpedo,10,60,-20,35,-35,17,6839
395,Sharpedo (Mega Sharpedo),10,80,10,50,-10,27,9929
396,Wailmer,70,10,-25,10,-40,-18,7649
397,Wailord,110,30,-15,30,-30,-18,15349
398,Numel,0,0,-20,5,-30,-43,3174
399,Camerupt,10,40,10,45,0,-38,5269
400,Camerupt (Mega Camerupt),10,60,40,85,30,-58,16789
401,Torkoal,10,25,80,25,-5,-58,11139
402,Spoink,0,-35,-25,10,5,-18,2299
403,Grumpig,20,-15,5,30,35,2,2779
404,Spinda,0,0,0,0,-15,-18,549
405,Trapinch,-15,40,-15,-15,-30,-68,7799
406,Vibrava,-10,10,-10,-10,-25,-8,1089
407,Flygon,20,40,20,20,5,22,3309
408,Cacnea,-10,25,-20,25,-35,-43,4824
409,Cacturne,10,55,0,55,-15,-23,6904
410,Swablu,-15,-20,0,-20,0,-28,1809
411,Altaria,15,10,30,10,30,2,2229
412,Altaria (Mega Altaria),15,50,50,50,30,2,8629
413,Zangoose,13,55,0,0,-15,12,3563
414,Seviper,13,40,0,40,-15,-13,3763
415,Lunatone,30,-5,5,35,10,-8,2339
416,Solrock,30,35,25,-5,-10,-8,2939
417,Barboach,-10,-12,-17,-14,-34,-18,2209
418,Whiscash,50,18,13,16,-4,-18,3589
419,Corphish,-17,20,5,-10,-40,-43,4263
420,Crawdaunt,3,60,25,30,-20,-23,6063
421,Baltoy,-20,-20,-5,-20,-5,-23,1779
422,Claydol,0,10,45,10,45,-3,4259
423,Lileep,6,-19,17,1,12,-55,3856
424,Cradily,26,21,37,21,32,-35,5176
425,Anorith,-15,35,-10,-20,-25,-3,2584
426,Armaldo,15,65,40,10,5,-33,7264
427,Feebas,-40,-45,-40,-50,-20,2,8129
428,Milotic,35,0,19,40,50,3,5695
429,Castform,10,10,10,10,-5,-8,489
430,Kecleon,0,30,10,0,45,-38,4469
431,Shuppet,-16,15,-25,3,-42,-33,3968
432,Banette,4,55,5,23,-12,-13,3908
433,Banette (Mega Banette),4,105,15,33,8,-3,12428
434,Duskull,-40,-20,30,-30,15,-53,6834
435,Dusclops,-20,10,70,0,55,-53,11234
436,Tropius,39,8,23,12,12,-27,3131
437,Chimecho,15,-10,20,35,15,-13,2344
438,Absol,5,70,0,15,-15,-3,5384
439,Absol (Mega Absol),5,90,0,55,-15,37,12744
440,Wynaut,35,-37,-12,-37,-27,-55,7861
441,Snorunt,-10,-10,-10,-10,-25,-28,1809
442,Glalie,20,20,20,20,5,2,1629
443,Glalie (Mega Glalie),20,60,20,60,5,22,8509
444,Spheal,10,-20,-10,-5,-25,-53,4059
445,Sealeo,30,0,10,15,-5,-33,2339
446,Walrein,50,20,30,35,15,-13,5419
447,Clamperl,-25,4,25,14,-20,-46,3978
448,Huntail,-5,44,45,34,0,-26,5818
449,Gorebyss,-5,24,45,54,0,-26,6218
450,Relicanth,40,30,70,-15,-10,-23,8254
451,Luvdisc,-17,-30,-5,-20,-10,19,2075
452,Bagon,-15,15,0,-20,-45,-28,3659
453,Shelgon,5,35,40,0,-25,-28,4259
454,Salamence,35,75,20,50,5,22,10259
455,Salamence (Mega Salamence),35,85,70,60,15,42,18939
456,Beldum,-20,-5,20,-25,-15,-48,3979
457,Metang,0,15,40,-5,5,-28,2659
458,Metagross,20,75,70,35,15,-8,12439
459,Metagross (Mega Metagross),20,85,90,45,35,32,19999
460,Regirock,20,40,140,-10,25,-28,23109
461,Regice,20,-10,40,40,125,-28,20109
462,Registeel,20,15,90,15,75,-28,15359
463,Latias,20,20,30,50,55,32,8249
464,Latias (Mega Latias),20,40,60,80,75,32,18649
465,Latios,20,30,20,70,35,32,8849
466,Latios (Mega Latios),20,70,40,100,45,32,19949
467,Kyogre,40,40,30,90,65,12,16569
468,Kyogre (Primal Kyogre),40,90,30,120,85,12,32369
469,Groudon,40,90,80,40,15,12,18069
470,Groudon (Primal Groudon),40,120,100,90,15,12,34469
471,Rayquaza,45,90,30,90,15,17,19639
472,Rayquaza (Mega Rayquaza),45,120,40,120,25,37,34419
473,Jirachi,40,40,40,40,25,22,7509
474,Deoxys (Normal Forme),-10,90,-10,90,-25,72,22209
475,Deoxys (Attack Forme),-10,120,-40,120,-55,72,38709
476,Deoxys (Defense Forme),-10,10,100,10,85,12,17669
477,Deoxys (Speed Forme),-10,35,30,35,15,102,14079
478,Turtwig,-5,8,4,-15,-20,-47,2939
479,Grotle,15,29,25,-5,-10,-42,3580
480,Torterra,35,49,45,15,10,-22,6460
481,Chimchar,-16,-2,-16,-2,-31,-17,1770
482,Monferno,4,18,-8,18,-23,3,1266
483,Infernape,16,44,11,44,-4,30,5165
484,Piplup,-7,-9,-7,1,-19,-38,1985
485,Prinplup,4,6,8,21,1,-28,1342
486,Empoleon,24,26,28,51,26,-18,5637
487,Starly,-20,-5,-30,-30,-45,-18,4574
488,Staravia,-5,15,-10,-20,-35,2,1979
489,Staraptor,25,60,10,-10,-15,22,5134
490,Bidoof,-1,-15,-20,-25,-35,-47,4685
491,Bibarel,19,25,0,-5,-15,-7,1285
492,Kricketot,-23,-35,-19,-35,-34,-53,7305
493,Kricketune,17,25,-9,-5,-24,-13,1765
494,Shinx,-15,5,-26,-20,-41,-33,4096
495,Luxio,0,25,-11,0,-26,-18,1746
496,Luxray,20,60,19,35,4,-8,5666
497,Budew,-20,-30,-25,-10,-5,-23,2579
498,Roserade,0,10,5,65,30,12,5394
499,Cranidos,7,65,-20,-30,-45,-20,7999
500,Rampardos,37,105,0,5,-25,-20,13444
501,Shieldon,-30,-18,58,-18,13,-48,7385
502,Bastiodon,0,-8,108,-13,63,-48,18170
503,Burmy,-20,-31,-15,-31,-30,-42,5211
504,Wormadam (Plant Cloak),0,-1,25,19,30,-42,3651
505,Wormadam (Sandy Cloak),0,19,45,-1,10,-42,4251
506,Wormadam (Trash Cloak),0,9,35,9,20,-42,3551
507,Mothim,10,34,-10,34,-25,-12,3281
508,Combee,-30,-30,-18,-30,-33,-8,4177
509,Vespiquen,10,20,42,20,27,-38,4837
510,Pachirisu,0,-15,10,-15,15,17,1064
511,Buizel,-5,5,-25,0,-45,7,2749
512,Floatzel,25,45,-5,25,-25,37,5294
513,Cherubi,-15,-25,-15,2,-22,-43,3412
514,Cherrim,10,0,10,27,3,7,987
515,Shellos,16,-12,-12,-3,-13,-44,2658
516,Gastrodon,51,23,8,32,7,-39,5788
517,Ambipom,15,40,6,0,-9,37,3311
518,Drifloon,30,-10,-26,0,-31,-8,2701
519,Drifblim,90,20,-16,30,-21,2,10101
520,Buneary,-5,6,-16,-16,-19,7,983
521,Lopunny,5,16,24,-6,21,27,2063
522,Lopunny (Mega Lopunny),5,76,34,-6,21,57,10683
523,Mismagius,0,0,0,45,30,27,3654
524,Honchkrow,40,65,-8,45,-23,-7,8492
525,Glameow,-11,-5,-18,-18,-38,7,2287
526,Purugly,11,22,4,4,-16,34,2049
527,Chingling,-15,-30,-10,5,-25,-33,2964
528,Stunky,3,3,-13,-19,-34,-4,1720
529,Skuntank,43,33,7,11,-14,6,3340
530,Bronzor,-3,-36,26,-36,11,-55,6423
531,Bronzong,7,29,56,19,41,-45,8093
532,Bonsly,-10,20,35,-50,-30,-68,9749
533,Mime Jr.,-40,-35,-15,10,15,-18,3699
534,Happiny,40,-55,-55,-45,-10,-48,12079
535,Chatot,16,5,-15,32,-33,13,2788
536,Spiritomb,-10,32,48,32,33,-43,7390
537,Gible,-2,10,-15,-20,-30,-36,2925
538,Gabite,8,30,5,-10,-20,4,1505
539,Garchomp,48,70,35,20,10,24,9505
540,Garchomp (Mega Garchomp),48,110,55,60,20,14,21625
541,Munchlax,75,25,-20,-20,10,-73,12479
542,Riolu,-20,10,-20,-25,-35,-18,3074
543,Lucario,10,50,10,55,-5,12,5894
544,Lucario (Mega Lucario),10,85,28,80,-5,34,15690
545,Hippopotas,8,12,18,-22,-33,-46,4221
546,Hippowdon,48,52,58,8,-3,-31,9406
547,Skorupi,-20,-10,30,-30,-20,-13,2869
548,Drapion,10,30,50,0,0,17,3789
549,Croagunk,-12,1,-20,1,-35,-28,2555
550,Toxicroak,23,46,5,26,-10,7,3495
551,Carnivine,14,40,12,30,-3,-32,3873
552,Finneon,-11,-11,-4,-11,-14,-12,719
553,Lumineon,9,9,16,9,11,13,789
554,Mantyke,-15,-40,-10,0,45,-28,4734
555,Snover,0,2,-10,2,-15,-38,1777
556,Abomasnow,30,32,15,32,10,-18,3597
557,Abomasnow (Mega Abomasnow),30,72,45,72,30,-48,16497
558,Weavile,10,60,5,-15,10,47,6259
559,Magnezone,10,10,55,70,15,-18,8674
560,Lickilicky,50,25,35,20,20,-28,5934
561,Rhyperior,55,80,70,-5,-20,-38,16194
562,Tangrowth,40,40,65,50,-25,-28,11334
563,Electivire,15,63,7,35,10,17,5857
564,Magmortar,15,35,7,65,20,5,6149
565,Togekiss,25,-10,35,60,40,2,7154
566,Yanmega,26,16,26,56,-19,17,5394
567,Leafeon,5,50,70,0,-10,17,7814
568,Glaceon,5,0,50,70,20,-13,7994
569,Gliscor,15,35,65,-15,0,17,6189
570,Mamoswine,50,70,20,10,-15,2,8129
571,Porygon-Z,25,20,10,75,0,12,6894
572,Gallade,8,65,5,5,40,2,5943
573,Gallade (Mega Gallade),8,105,35,5,40,32,14963
574,Probopass,0,-5,85,15,75,-38,14544
575,Dusknoir,-15,40,75,5,60,-33,12164
576,Froslass,10,20,10,20,-5,32,2049
577,Rotom,-10,-10,17,35,2,13,1887
578,Rotom (Heat Rotom),-10,5,47,45,32,8,5447
579,Rotom (Wash Rotom),-10,5,47,45,32,8,5447
580,Rotom (Frost Rotom),-10,5,47,45,32,8,5447
581,Rotom (Fan Rotom),-10,5,47,45,32,8,5447
582,Rotom (Mow Rotom),-10,5,47,45,32,8,5447
583,Uxie,15,15,70,15,55,17,8889
584,Mesprit,20,45,45,45,30,2,7379
585,Azelf,15,65,10,65,-5,37,10169
586,Dialga,40,60,60,90,25,12,17669
587,Dialga (Origin Forme),40,40,60,90,45,12,17069
588,Palkia,30,60,40,90,45,22,16709
589,Palkia (Origin Forme),30,40,40,90,45,42,15989
590,Heatran,31,30,46,70,31,-1,9839
591,Regigigas,50,100,50,20,35,22,17109
592,Giratina (Altered Forme),90,40,60,40,45,12,17069
593,Giratina (Origin Forme),90,60,40,60,25,12,17669
594,Cresselia,60,10,60,15,55,7,10599
595,Phione,20,20,20,20,5,2,1629
596,Manaphy,40,40,40,40,25,22,7509
597,Darkrai,10,30,30,75,15,47,9959
598,Shaymin (Land Forme),40,40,40,40,25,22,7509
599,Shaymin (Sky Forme),40,43,15,60,0,49,9675
600,Arceus,60,60,60,60,45,42,18189
601,Victini,40,40,40,40,25,22,7509
602,Snivy,-15,-15,-5,-15,-20,-15,1325
603,Servine,0,0,15,0,0,5,250
604,Serperior,15,15,35,15,20,35,3525
605,Tepig,5,3,-15,-15,-30,-33,2473
606,Pignite,30,33,-5,10,-20,-23,3043
607,Emboar,50,63,5,40,-10,-13,8363
608,Oshawott,-5,-5,-15,3,-30,-33,2273
609,Dewott,15,15,0,23,-15,-18,1528
610,Samurott,35,40,25,48,-5,-8,5843
611,Samurott (Hisuian Samurott),30,48,20,40,-10,7,5353
612,Patrat,-15,-5,-21,-25,-36,-36,3908
613,Watchog,0,25,9,0,-6,-1,743
614,Lillipup,-15,0,-15,-35,-30,-23,3104
615,Herdier,5,20,5,-25,-10,-18,1499
616,Stoutland,25,50,30,-15,15,2,4479
617,Purrloin,-19,-10,-23,-10,-38,-12,2678
618,Liepard,4,28,-10,28,-25,28,3093
619,Pansage,-10,-7,-12,-7,-27,-14,1267
620,Simisage,15,38,3,38,-12,23,3795
621,Pansear,-10,-7,-12,-7,-27,-14,1267
622,Simisear,15,38,3,38,-12,23,3795
623,Panpour,-10,-7,-12,-7,-27,-14,1267
624,Simipour,15,38,3,38,-12,23,3795
625,Munna,16,-35,-15,7,-20,-54,5071
626,Musharna,56,-5,25,47,20,-49,8796
627,Pidove,-10,-5,-10,-24,-45,-35,4051
628,Tranquill,2,17,2,-10,-33,-13,1655
629,Unfezant,20,55,20,5,-20,15,4475
630,Blitzle,-15,0,-28,-10,-43,-2,2962
631,Zebstrika,15,40,3,20,-12,38,3822
632,Roggenrola,-5,15,25,-35,-50,-63,8569
633,Boldore,10,45,45,-10,-35,-58,8839
634,Gigalith,25,75,70,0,5,-53,13984
635,Woobat,5,-15,-17,-5,-32,-6,1624
636,Swoobat,7,-3,-5,17,-20,36,2068
637,Drilbur,0,25,-20,-30,-30,-10,2925
638,Excadrill,50,75,0,-10,-10,10,8425
639,Audino,43,0,26,0,11,-28,3430
640,Audino (Mega Audino),43,0,66,20,51,-28,9990
641,Timburr,15,20,-5,-35,-40,-43,5324
642,Gurdurr,25,45,25,-20,-25,-38,5744
643,Conkeldurr,45,80,35,-5,-10,-33,10864
644,Tympole,-10,-10,-20,-10,-35,-14,2121
645,Palpitoad,15,5,-5,5,-20,-9,781
646,Seismitoad,45,35,15,25,0,-4,4116
647,Throh,60,40,25,-30,10,-33,7914
648,Sawk,15,65,15,-30,0,7,5624
649,Sewaddle,-15,-7,10,-20,-15,-36,2295
650,Swadloon,-5,3,30,-10,5,-36,2355
651,Leavanny,15,43,20,10,5,14,2795
652,Venipede,-30,-15,-1,-30,-36,-21,3763
653,Whirlipede,-20,-5,39,-20,4,-31,3323
654,Scolipede,0,40,29,-5,-6,34,3658
655,Cottonee,-20,-33,0,-23,-25,-12,2787
656,Whimsicott,0,7,25,17,0,38,2407
657,Petilil,-15,-25,-10,10,-25,-48,3979
658,Lilligant,10,0,15,50,0,12,2969
659,Lilligant (Hisuian Lilligant),10,45,15,-10,0,27,3179
660,Basculin,10,32,5,20,-20,20,2349
661,Sandile,-10,12,-25,-25,-40,-13,3263
662,Krokorok,0,22,-15,-15,-30,-4,1850
663,Krookodile,35,57,20,5,-5,14,5120
664,Darumaka,10,30,-15,-45,-30,-28,4934
665,Darumaka (Galarian Darumaka),10,30,-15,-45,-30,-28,4934
666,Darmanitan (Standard Mode),45,80,-5,-30,-20,17,10039
667,Darmanitan (Zen Mode),45,-30,45,80,30,-23,12779
668,Darmanitan (Galarian Standard Mode),45,80,-5,-30,-20,17,10039
669,Darmanitan (Galarian Zen Mode),45,100,-5,-30,-20,57,16599
670,Maractus,15,26,7,46,-8,-18,3454
671,Dwebble,-10,5,25,-25,-40,-23,3504
672,Crustle,10,45,65,5,0,-33,7464
673,Scraggy,-10,15,10,-25,-5,-30,1975
674,Scrafty,5,30,55,-15,40,-20,6175
675,Sigilyph,12,-2,20,43,5,19,2783
676,Yamask,-22,-30,25,-5,-10,-48,4438
677,Yamask (Galarian Yamask),-22,-5,25,-30,-10,-48,4438
678,Cofagrigus,-2,-10,85,35,30,-48,11758
679,Tirtouga,-6,18,43,-7,-30,-56,6294
680,Carracosta,14,48,73,23,-10,-46,10574
681,Archen,-5,52,-15,14,-30,-8,4114
682,Archeops,15,80,5,52,-10,32,10478
683,Trubbish,-10,-10,2,-20,-13,-13,942
684,Garbodor,20,35,22,0,7,-3,2167
685,Zorua,-20,5,-20,20,-35,-13,2619
686,Zorua (Hisuian Zorua),-25,0,-20,25,-35,-8,2939
687,Zoroark,0,45,0,60,-15,27,6579
688,Zoroark (Hisuian Zoroark),-5,40,0,65,-15,32,7099
689,Minccino,-5,-10,-20,-20,-35,-3,2159
690,Cinccino,15,35,0,5,-15,37,3069
691,Gothita,-15,-30,-10,-5,-10,-33,2439
692,Gothorita,0,-15,10,15,10,-23,1179
693,Gothitelle,10,-5,35,35,35,-13,3969
694,Solosis,-15,-30,-20,45,-25,-58,7539
695,Duosion,5,-20,-10,65,-15,-48,7279
696,Reuniclus,50,5,15,65,10,-48,9379
697,Ducklett,2,-16,-10,-16,-25,-23,1770
698,Swanna,15,27,3,27,-12,20,2236
699,Vanillite,-24,-10,-10,5,-15,-34,2182
700,Vanillish,-9,5,5,20,0,-19,892
701,Vanilluxe,11,35,25,50,20,1,4872
702,Deerling,0,0,-10,-20,-25,-3,1134
703,Sawsbuck,20,40,10,0,-5,17,2414
704,Emolga,-5,15,0,15,-15,25,1325
705,Karrablast,-10,15,-15,-20,-30,-18,2174
706,Escavalier,10,75,45,0,30,-58,12014
707,Foongus,9,-5,-15,-5,-20,-63,4725
708,Amoonguss,54,25,10,25,5,-48,6595
709,Frillish,-5,-20,-10,5,10,-38,2094
710,Jellicent,40,0,10,25,30,-18,3549
711,Alomomola,105,15,20,-20,-30,-13,13119
712,Joltik,-10,-13,-10,-3,-25,-13,1172
713,Galvantula,10,17,0,37,-15,30,2883
714,Ferroseed,-16,-10,31,-36,11,-68,7358
715,Ferrothorn,14,34,71,-6,41,-58,11474
716,Klink,-20,-5,10,-15,-15,-48,3279
717,Klang,0,20,35,10,10,-28,2609
718,Klinklang,0,40,55,10,10,12,4969
719,Tynamo,-25,-5,-20,-15,-35,-18,2824
720,Eelektrik,5,25,10,15,-5,-38,2444
721,Eelektross,25,55,20,45,5,-28,6884
722,Elgyem,-5,-5,-5,25,-20,-48,3404
723,Beheeyem,15,15,15,65,20,-38,6744
724,Litwick,-10,-30,-5,5,-20,-58,4814
725,Lampent,0,-20,0,35,-15,-23,2379
726,Chandelure,0,-5,30,85,15,2,8379
727,Axew,-14,27,0,-30,-35,-21,3491
728,Fraxure,6,57,10,-20,-25,-11,4531
729,Haxorus,16,87,30,0,-5,19,9111
730,Cubchoo,-5,10,-20,0,-35,-38,3194
731,Beartic,35,70,20,10,5,-28,7434
732,Cryogonal,20,-10,-10,35,60,27,6154
733,Shelmet,-10,-20,25,-20,-10,-53,4434
734,Accelgor,20,10,-20,40,-15,67,7214
735,Stunfisk,49,6,24,21,24,-46,6146
736,Stunfisk (Galarian Stunfisk),49,21,39,6,9,-46,6596
737,Mienfoo,-15,25,-10,-5,-25,-13,1769
738,Mienshao,5,65,0,35,-15,27,6429
739,Druddigon,17,60,30,0,15,-30,5914
740,Golett,-1,14,-10,-25,-25,-43,3396
741,Golurk,29,64,20,-5,5,-23,5916
742,Pawniard,-15,25,10,-20,-35,-18,2899
743,Bisharp,5,65,40,0,-5,-8,5939
744,Bouffalant,35,50,35,-20,20,-23,6279
745,Rufflet,10,23,-10,-23,-25,-18,2207
746,Braviary,40,63,15,-3,0,2,5807
747,Braviary (Hisuian Braviary),50,23,10,52,-5,-13,6027
748,Vullaby,10,-5,15,-15,-10,-18,999
749,Mandibuzz,50,5,45,-5,20,2,4979
750,Heatmor,25,37,6,45,-9,-13,4305
751,Durant,-2,49,52,-12,-27,31,6943
752,Deino,-8,5,-10,-15,-25,-40,2639
753,Zweilous,12,25,10,5,-5,-20,1319
754,Hydreigon,32,45,30,65,15,20,8799
755,Larvesta,-5,25,-5,-10,-20,-18,1499
756,Volcarona,25,0,5,75,30,22,7659
757,Cobalion,31,30,69,30,-3,30,8431
758,Terrakion,31,69,30,12,15,30,7891
759,Virizion,31,30,12,30,54,30,6721
760,Tornadus (Incarnate Forme),19,55,10,65,5,33,8825
761,Tornadus (Therian Forme),19,40,20,50,15,43,6935
762,Thundurus (Incarnate Forme),19,55,10,65,5,33,8825
763,Thundurus (Therian Forme),19,45,10,85,5,23,10265
764,Reshiram,40,60,40,90,45,12,17069
765,Zekrom,40,90,60,60,25,12,17669
766,Landorus (Incarnate Forme),29,65,30,55,5,23,9545
767,Landorus (Therian Forme),29,85,30,45,5,13,11185
768,Kyurem,65,70,30,70,15,17,15439
769,Kyurem (Black Kyurem),65,110,40,60,15,17,22039
770,Kyurem (White Kyurem),65,60,30,110,25,17,21739
771,Keldeo,31,12,30,69,15,30,7891
772,Meloetta (Aria Forme),40,17,17,68,53,12,9755
773,Meloetta (Pirouette Forme),40,68,30,17,2,50,9917
774,Genesect,11,60,35,60,20,21,9387
775,Chespin,-4,1,5,-12,-30,-40,2686
776,Quilladin,1,18,35,-4,-17,-21,2296
777,Chesnaught,28,47,62,14,0,-14,7229
778,Fennekin,-20,-15,-20,2,-15,-18,1578
779,Braixen,-1,-1,-2,30,-5,-5,956
780,Delphox,15,9,12,54,25,26,4667
781,Froakie,-19,-4,-20,2,-31,-7,1791
782,Frogadier,-6,3,-8,23,-19,19,1360
783,Greninja,12,35,7,43,-4,44,5219
784,Greninja (Ash-Greninja),12,85,7,93,-4,54,18999
785,Bunnelby,-22,-24,-22,-28,-39,-21,4290
786,Diggersby,25,-4,17,-10,2,0,1034
787,Fletchling,-15,-10,-17,-20,-37,-16,2639
788,Fletchinder,2,13,-5,-4,-23,6,779
789,Talonflame,18,21,11,14,-6,48,3422
790,Scatterbug,-22,-25,-20,-33,-50,-43,6947
791,Spewpa,-15,-38,0,-33,-45,-49,7184
792,Vivillon,20,-8,-10,30,-25,11,2210
793,Litleo,2,-10,-2,13,-21,-6,754
794,Pyroar,26,8,12,49,-9,28,4150
795,Flabébé,-16,-22,-21,1,4,-36,2494
796,Floette,-6,-15,-13,15,23,-26,1860
797,Florges,18,5,8,52,79,-3,9367
798,Skiddo,6,5,-12,2,-18,-26,1209
799,Gogoat,63,40,2,37,6,-10,7078
800,Pancham,7,22,2,-14,-27,-35,2687
801,Pangoro,35,64,18,9,-4,-20,6142
802,Furfrou,15,20,0,5,15,24,1451
803,Espurr,2,-12,-6,3,-15,-10,518
804,Meowstic,14,-12,16,23,6,26,1837
805,Honedge,-15,20,40,-25,-38,-50,6794
806,Doublade,-1,50,90,-15,-26,-43,13351
807,Aegislash (Shield Forme),0,-10,80,-10,65,-18,11149
808,Aegislash (Blade Forme),0,80,-10,80,-25,-18,13849
809,Spritzee,18,-8,0,3,-10,-55,3522
810,Aromatisse,41,12,12,39,14,-49,6087
811,Swirlix,2,-12,6,-1,-18,-29,1350
812,Slurpuff,22,20,26,25,0,-6,2221
813,Inkay,-7,-6,-7,-23,-29,-33,2593
814,Malamar,26,32,28,8,0,-5,2573
815,Binacle,-18,-8,7,-21,-19,-28,2023
816,Barbaracle,12,45,55,-6,11,-10,5451
817,Skrelp,-10,0,0,0,-15,-48,2629
818,Dragalge,5,15,30,37,48,-34,5979
819,Clauncher,-10,-7,2,-2,-12,-34,1457
820,Clawitzer,11,13,28,60,14,-19,5231
821,Helioptile,-16,-22,-27,1,-32,-8,2558
822,Heliolisk,2,-5,-8,49,19,31,3816
823,Tyrunt,-2,29,17,-15,-30,-30,3159
824,Tyrantrum,22,61,59,9,-16,-7,8072
825,Amaura,17,-1,-10,7,-12,-32,1607
826,Aurorus,63,17,12,39,17,-20,6612
827,Sylveon,35,5,5,50,55,-18,7124
828,Hawlucha,18,32,15,14,-12,40,3513
829,Dedenne,7,-2,-3,21,-8,23,1096
830,Carbink,-10,-10,90,-10,75,-28,14809
831,Goomy,-15,-10,-25,-5,0,-38,2419
832,Sliggoo,8,15,-7,23,38,-18,2635
833,Sliggoo (Hisuian Sliggoo),-2,15,23,23,38,-38,4175
834,Goodra,30,40,10,50,75,2,10729
835,Goodra (Hisuian Goodra),20,40,40,50,75,-18,12049
836,Klefki,-3,20,31,20,12,-3,1923
837,Phantump,-17,10,-12,-10,-15,-40,2458
838,Trevenant,25,50,16,5,7,-22,3939
839,Pumpkaboo (Small Size),-16,6,10,-16,-20,-22,1532
840,Pumpkaboo (Average Size),-11,6,10,-16,-20,-27,1642
841,Pumpkaboo (Large Size),-6,6,10,-16,-20,-32,1852
842,Pumpkaboo (Super Size),-1,6,10,-16,-20,-37,2162
843,Gourgeist (Small Size),-5,25,62,-2,0,21,4939
844,Gourgeist (Average Size),5,30,62,-2,0,6,4809
845,Gourgeist (Large Size),15,35,62,-2,0,-9,5379
846,Gourgeist (Super Size),25,40,62,-2,0,-24,6649
847,Bergmite,-5,9,25,-28,-40,-50,5615
848,Avalugg,35,57,124,-16,-29,-50,23447
849,Avalugg (Hisuian Avalugg),35,67,124,-26,-39,-40,24887
850,Noibat,-20,-30,-25,-15,-35,-23,3904
851,Noivern,25,10,20,37,5,45,4544
852,Xerneas,66,71,35,71,23,21,16633
853,Yveltal,66,71,35,71,23,21,16633
854,Zygarde (50% Forme),48,40,61,21,20,17,8755
855,Zygarde (10% Forme),-6,40,11,1,10,37,3227
856,Zygarde (Complete Forme),156,40,61,31,20,7,31067
857,Diancie,-10,40,90,40,75,-28,17809
858,Diancie (Mega Diancie),-10,100,50,100,35,32,24849
859,Hoopa (Hoopa Confined),20,50,0,90,55,-8,14089
860,Hoopa (Hoopa Unbound),20,100,0,110,55,2,25529
861,Volcanion,20,50,60,70,15,-8,11689
862,Rowlet,8,-5,-5,-10,-25,-36,2135
863,Dartrix,18,15,15,10,-5,-26,1575
864,Decidueye,18,47,15,40,25,-8,5047
865,Decidueye (Hisuian Decidueye),28,52,20,35,20,-18,5837
866,Litten,-15,5,-20,0,-35,-8,1939
867,Torracat,5,25,-10,20,-25,12,1919
868,Incineroar,35,55,30,20,15,-18,6099
869,Popplio,-10,-6,-6,6,-19,-38,2013
870,Brionne,0,9,9,31,6,-28,1943
871,Primarina,20,14,14,66,41,-18,7153
872,Pikipek,-25,15,-30,-30,-45,-13,4844
873,Trumbeak,-5,25,-10,-20,-25,-3,1784
874,Toucannon,20,60,15,15,0,-18,4774
875,Yungoos,-12,10,-30,-30,-45,-33,5158
876,Gumshoos,28,50,0,-5,-15,-33,4623
877,Grubbin,-13,2,-15,-5,-30,-32,2347
878,Charjabug,-3,22,35,-5,0,-42,3507
879,Vikavolt,17,10,30,85,0,-35,9739
880,Crabrawler,-13,22,-3,-18,-28,-15,1995
881,Crabominable,37,72,17,2,-8,-35,8135
882,Oricorio,15,10,10,38,-5,15,2119
883,Cutiefly,-20,-15,-20,-5,-35,6,2311
884,Ribombee,0,-5,0,35,-5,46,3391
885,Rockruff,-15,5,-20,-30,-35,-18,3099
886,Lycanroc (Midday Form),15,55,5,-5,-10,34,4556
887,Lycanroc (Midnight Form),25,55,15,-5,0,4,3916
888,Lycanroc (Dusk Form),15,57,5,-5,-10,32,4648
889,Wishiwashi (Solo Form),-15,-40,-40,-35,-50,-38,8594
890,Wishiwashi (School Form),-15,80,70,80,60,-48,23829
891,Mareanie,-10,-7,2,-17,-23,-33,2060
892,Toxapex,-10,3,92,-7,67,-43,14960
893,Mudbray,10,40,10,-15,-20,-33,3514
894,Mudsdale,40,65,40,-5,10,-43,9399
895,Dewpider,-22,-20,-8,-20,-3,-51,3958
896,Araquanid,8,10,32,-10,57,-36,5833
897,Fomantis,-20,-5,-25,-10,-40,-43,4599
898,Lurantis,10,45,30,20,15,-33,4739
899,Morelull,-20,-25,-5,5,0,-63,5044
900,Shiinotic,0,-15,20,30,25,-48,4454
901,Salandit,-12,-16,-20,11,-35,-1,2147
902,Salazzle,8,4,0,51,-15,39,4427
903,Stufful,10,15,-10,-15,-25,-28,2059
904,Bewear,60,65,20,-5,-15,-18,8799
905,Bounsweet,-18,-30,-22,-30,-37,-46,6093
906,Steenee,-8,-20,-12,-20,-27,-16,1993
907,Tsareena,12,60,38,-10,23,-6,5853
908,Comfey,-9,-8,30,22,35,22,3238
909,Oranguru,30,0,20,30,35,-18,3749
910,Passimian,40,60,30,-20,-15,2,6729
911,Wimpod,-35,-25,-20,-40,-45,2,5879
912,Golisopod,15,65,80,0,15,-38,12519
913,Sandygast,-5,-5,20,10,-30,-63,5419
914,Palossand,25,15,50,40,0,-43,6799
915,Pyukumuku,-5,0,70,-30,55,-73,14179
916,Type: Null,35,35,35,35,20,-19,5661
917,Silvally,35,35,35,35,20,17,5589
918,Minior (Meteor Form),0,0,40,0,25,-18,2549
919,Minior (Core),0,40,0,40,-15,42,5189
920,Komala,5,55,5,15,20,-13,3869
921,Turtonator,0,18,75,31,10,-42,8774
922,Togedemaru,5,38,3,-20,-2,18,2206
923,Mimikyu,-5,30,20,-10,30,18,2649
924,Bruxish,8,45,10,10,-5,14,2510
925,Drampa,18,0,25,75,16,-42,8594
926,Dhelmise,10,71,40,26,15,-38,9086
927,Jangmo-o,-15,-5,5,-15,-30,-33,2489
928,Hakamo-o,-5,15,30,5,-5,-13,1369
929,Kommo-o,15,50,65,40,30,7,9499
930,Tapu Koko,10,55,25,35,0,52,7679
931,Tapu Lele,10,25,15,70,40,17,7739
932,Tapu Bulu,10,70,55,25,20,-3,9059
933,Tapu Fini,10,15,55,35,55,7,7649
934,Cosmog,-17,-31,-29,-31,-44,-41,6669
935,Cosmoem,-17,-31,71,-31,56,-41,12069
936,Solgaleo,77,77,47,53,14,19,17433
937,Lunala,77,53,29,77,32,19,16893
938,Nihilego,49,-7,-13,67,56,25,10869
939,Buzzwole,47,79,79,-7,-22,1,15225
940,Pheromosa,11,77,-23,77,-38,73,19281
941,Xurkitree,23,29,11,113,-4,5,14301
942,Celesteela,37,41,43,47,26,-17,8073
943,Kartana,-1,121,71,-1,-44,31,22581
944,Guzzlord,163,41,-7,37,-22,-35,31377
945,Necrozma,37,47,41,67,14,1,9945
946,Necrozma (Dusk Mane Necrozma),37,97,67,53,34,-1,19233
947,Necrozma (Dawn Wings Necrozma),37,53,49,97,52,-1,18693
948,Necrozma (Ultra Necrozma),37,107,37,107,22,51,28721
949,Magearna,20,35,55,70,40,-13,11319
950,Marshadow,30,65,20,30,15,47,8859
951,Poipole,7,13,7,13,-8,-5,525
952,Naganadel,13,13,13,67,-2,43,6849
953,Stakataka,1,71,151,-7,26,-65,32793
954,Blacephalon,-7,67,-7,91,4,29,13725
955,Zeraora,28,52,15,42,5,65,9727
956,Meltan,-14,5,5,-5,-40,-44,3807
957,Melmetal,75,83,83,20,-10,-44,21839
958,Grookey,-10,5,-10,-20,-35,-13,2019
959,Thwackey,10,25,10,-5,-15,2,1079
960,Rillaboom,40,65,30,0,-5,7,6799
961,Scorbunny,-10,11,-20,-20,-35,-9,2327
962,Raboot,5,26,0,-5,-15,16,1207
963,Cinderace,20,56,15,5,0,41,5467
964,Sobble,-10,-20,-20,10,-35,-8,2289
965,Drizzile,5,0,-5,35,-20,12,1819
966,Inteleon,10,25,5,65,-10,42,6839
967,Skwovet,10,-5,-5,-25,-40,-53,5184
968,Greedent,60,35,35,-5,0,-58,9439
969,Rookidee,-22,-13,-25,-27,-40,-21,4048
970,Corvisquire,8,7,-5,-17,-20,-1,828
971,Corviknight,38,27,45,-7,10,-11,4468
972,Blipbug,-35,-40,-40,-35,-30,-33,7639
973,Dottler,-10,-25,20,-10,15,-48,3754
974,Orbeetle,0,-15,50,20,45,12,5294
975,Nickit,-20,-32,-32,-13,-23,-28,3930
976,Thievul,10,-2,-2,27,17,12,1270
977,Gossifleur,-20,-20,0,-20,-15,-68,6049
978,Eldegoss,0,-10,30,20,45,-18,3749
979,Wooloo,-18,-20,-5,-20,-30,-30,2949
980,Dubwool,12,20,40,0,15,10,2469
981,Chewtle,-10,4,-10,-22,-37,-34,3225
982,Drednaw,30,55,30,-12,-7,-4,5034
983,Yamper,-1,-15,-10,-20,-25,-52,4055
984,Boltund,9,30,0,30,-15,43,3955
985,Rolycoly,-30,-20,-10,-20,-25,-48,4729
986,Carkol,20,0,30,0,-5,-28,2109
987,Coalossal,50,20,60,20,15,-48,9429
988,Applin,-20,-20,20,-20,-35,-58,6189
989,Flapple,10,50,20,35,-15,-8,4514
990,Appletun,50,25,20,40,5,-48,7454
991,Silicobra,-8,-3,15,-25,-25,-32,2572
992,Sandaconda,12,47,65,5,-5,-7,6677
993,Cramorant,10,25,-5,25,20,7,1824
994,Arrokuda,-19,3,-20,-20,-45,-12,3339
995,Barraskewda,1,63,0,0,-25,58,7959
996,Toxel,-20,-22,-25,-6,-40,-38,4589
997,Toxtricity,15,38,10,54,-5,-3,4719
998,Sizzlipede,-10,5,-15,-10,-25,-33,2164
999,Centiskorch,40,55,5,30,15,-13,5944
1000,Clobbopus,-10,8,0,-10,-25,-46,3005
1001,Grapploct,20,58,30,10,5,-36,6085
1002,Sinistea,-20,-15,-15,14,-21,-28,2271
1003,Polteageist,0,5,5,74,39,-8,7111
1004,Hatenna,-18,-30,-15,-4,-22,-39,3470
1005,Hattrem,-3,-20,5,26,-2,-29,1955
1006,Hatterene,-3,30,35,76,28,-49,11095
1007,Impidimp,-15,-15,-30,-5,-35,-28,3384
1008,Morgrem,5,0,-15,15,-20,-8,939
1009,Grimmsnarl,35,60,5,35,0,-18,6399
1010,Obstagoon,33,30,41,0,6,17,3995
1011,Perrserker,10,50,40,-10,-15,-28,5309
1012,Cursola,0,35,-10,85,55,-48,13879
1013,Sirfetch'd,2,75,35,8,7,-13,7136
1014,Mr. Rime,20,25,15,50,25,-8,4439
1015,Runerigus,-2,35,85,-10,30,-48,11758
1016,Milcery,-15,-20,-20,-10,-14,-44,3257
1017,Alcremie,5,0,15,50,46,-14,5062
1018,Falinks,5,40,40,10,-15,-3,3559
1019,Pincurchin,-12,41,35,31,10,-63,8080
1020,Snom,-30,-35,-25,-15,-45,-58,8364
1021,Frosmoth,10,5,0,65,15,-13,4744
1022,Stonjourner,40,65,75,-40,-55,-8,16139
1023,Eiscue (Ice Face),15,20,50,5,15,-28,4159
1024,Eiscue (Noice Face),15,20,10,5,-25,52,4079
1025,Indeedee (Male),0,5,-5,45,20,17,2764
1026,Indeedee (Female),10,-5,5,35,30,7,2324
1027,Morpeko,-2,35,-2,10,-17,19,1983
1028,Cufant,12,20,-11,-20,-26,-38,3185
1029,Copperajah,62,70,9,20,-6,-48,11565
1030,Dracozolt,30,40,30,20,-5,-3,3834
1031,Arctozolt,30,40,30,30,5,-23,4854
1032,Dracovish,30,30,40,10,5,-3,3534
1033,Arctovish,30,30,40,20,15,-23,4554
1034,Duraludon,10,35,55,60,-25,7,8624
1035,Dreepy,-32,0,-30,-20,-45,4,4365
1036,Drakloak,8,20,-10,0,-25,24,1765
1037,Dragapult,28,60,15,40,0,64,10305
1038,Zacian (Hero of Many Battles),32,60,55,20,40,60,13249
1039,Zacian (Crowned Sword),32,90,55,20,40,70,19049
1040,Zamazenta (Hero of Many Battles),32,60,55,20,40,60,13249
1041,Zamazenta (Crowned Shield),32,60,80,20,65,50,18149
1042,Eternatus,80,25,35,85,20,52,18579
1043,Eternatus (Eternamax Eternatus),195,55,190,65,175,52,114704
1044,Kubfu,0,30,0,-7,-25,-6,1610
1045,Urshifu,40,70,40,3,-15,19,8695
1046,Zarude,45,60,45,10,20,27,8879
1047,Regieleki,20,40,-10,40,-25,122,19209
1048,Regidrago,140,40,-10,40,-25,2,23529
1049,Glastrier,40,85,70,5,35,-48,17279
1050,Spectrier,40,5,0,85,5,52,11579
1051,Calyrex,40,20,20,20,5,2,2829
1052,Calyrex (Ice Rider Calyrex),40,105,90,25,55,-28,25159
1053,Calyrex (Shadow Rider Calyrex),40,25,20,105,25,72,19459
1054,Wyrdeer,43,45,12,45,0,-13,6212
1055,Kleavor,10,75,35,-15,-5,7,7249
1056,Ursaluna,70,80,45,-15,5,-28,14359
1057,Basculegion (Male),60,52,5,20,0,0,6729
1058,Basculegion (Female),60,32,5,40,0,0,6249
1059,Sneasler,20,70,0,-20,5,42,7489
1060,Overqwil,25,55,35,5,-10,7,5049
1061,Enamorus (Incarnate Forme),14,55,10,75,5,28,9755
1062,Enamorus (Therian Forme),14,55,50,75,25,-32,12995
1063,Sprigatito,-20,1,-6,-15,-30,-13,1731
1064,Floragato,1,20,3,0,-12,5,579
1065,Meowscarada,16,50,10,21,-5,45,5347
1066,Fuecoco,7,-15,-1,3,-35,-42,3273
1067,Crocalor,21,-5,18,30,-17,-29,2820
1068,Skeledirge,44,15,40,50,0,-12,6405
1069,Quaxly,-5,5,-15,-10,-30,-28,2059
1070,Quaxwell,10,25,5,5,-15,-13,1169
1071,Quaquaval,25,60,20,25,0,7,5299
1072,Lechonk,-6,-15,-20,-25,-30,-43,4035
1073,Oinkologne (Male),50,40,15,-1,5,-13,4520
1074,Oinkologne (Female),55,30,10,-1,15,-13,4420
1075,Tarountula,-25,-19,-15,-31,-35,-58,6761
1076,Spidops,0,19,32,-8,11,-43,3419
1077,Nymble,-27,-14,-20,-39,-50,-33,6435
1078,Lokix,11,42,18,-8,-20,14,2869
1079,Pawmi,-15,-10,-40,-20,-50,-18,5149
1080,Pawmo,0,15,-20,-10,-35,7,1999
1081,Pawmot,10,55,10,10,-15,27,4279
1082,Tandemaus,-10,-10,-15,-20,-30,-3,1734
1083,Maushold,14,15,10,5,0,33,1635
1084,Fidough,-23,-5,10,-30,-20,-13,2123
1085,Dachsbun,-3,20,55,-10,5,17,3848
1086,Smoliv,-19,-25,-15,-2,-24,-48,4095
1087,Dolliv,-8,-7,0,18,3,-45,2471
1088,Arboliva,18,9,30,65,34,-39,8207
1089,Squawkabilly,22,36,-9,-15,-24,14,2858
1090,Nacli,-5,-5,15,-25,-40,-53,5309
1091,Naclstack,0,0,40,-25,-10,-43,4174
1092,Garganacl,40,40,70,-15,15,-43,10399
1093,Charcadet,-20,-10,-20,-10,-35,-43,4074
1094,Armarouge,25,0,40,65,5,-3,6484
1095,Ceruledge,15,65,20,0,25,7,5524
1096,Tadbulb,1,-29,-19,-1,-40,-33,3893
1097,Bellibolt,49,4,31,43,8,-33,6380
1098,Wattrel,-20,-20,-25,-5,-35,-8,2739
1099,Kilowattrel,10,10,0,45,-15,47,4659
1100,Maschiff,0,18,0,-20,-24,-27,2029
1101,Mabosstiff,20,60,30,0,-5,7,4974
1102,Shroodle,-20,5,-25,-20,-40,-3,3059
1103,Grafaiai,3,35,5,20,-3,32,2692
1104,Bramblin,-20,5,-30,-15,-40,-18,3474
1105,Brambleghast,-5,55,10,20,-5,12,3719
1106,Toedscool,-20,-20,-25,-10,25,-8,2214
1107,Toedscruel,20,10,5,20,45,22,3434
1108,Klawf,10,40,55,-25,-20,-3,5759
1109,Capsakid,-10,2,-20,2,-35,-28,2517
1110,Scovillain,5,48,5,48,-10,-3,4767
1111,Rellor,-19,-10,0,-29,-17,-48,3895
1112,Rabsca,15,-10,25,55,25,-33,5689
1113,Flittle,-30,-25,-30,-5,-45,-3,4484
1114,Espathra,35,0,0,41,-15,27,3860
1115,Tinkatink,-10,-15,-15,-25,-11,-20,1696
1116,Tinkatuff,5,-5,-5,-15,7,0,349
1117,Tinkaton,25,15,17,10,30,16,2395
1118,Wiglett,-50,-5,-35,-25,-50,17,7164
1119,Wugtrio,-25,40,-10,-10,-5,42,4214
1120,Bombirdier,10,43,25,0,10,4,2690
1121,Finizen,10,-15,-20,-15,-35,-3,2184
1122,Palafin,40,10,12,-7,-13,22,2546
1123,Palafin,40,100,37,46,12,22,15713
1124,Varoom,-15,10,3,-30,-30,-31,3095
1125,Revavroom,20,59,30,-6,-8,12,5025
1126,Cyclizar,10,35,5,25,-10,43,3924
1127,Orthworm,10,25,85,0,-20,-13,8519
1128,Glimmet,-12,-25,-18,45,-15,-18,3667
1129,Glimmora,23,-5,30,70,6,8,6454
1130,Greavard,-10,1,0,-30,-20,-44,3337
1131,Houndstone,12,41,40,-10,22,-10,4109
1132,Flamigo,22,55,14,15,-11,12,4195
1133,Cetoddle,48,8,-15,-30,-35,-35,5943
1134,Cetitan,110,53,5,-15,-20,-5,15584
1135,Veluza,30,42,13,18,-10,-8,3321
1136,Dondozo,90,40,55,5,-10,-43,14699
1137,Tatsugiri,8,-10,0,60,20,4,4180
1138,Annihilape,50,55,20,-10,15,12,6394
1139,Clodsire,70,15,0,-15,25,-58,9339
1140,Farigiraf,60,30,10,50,-5,-18,7449
1141,Dudunsparce,65,40,20,25,0,-23,7379
1142,Kingambit,40,75,60,0,10,-28,11709
1143,Great Tusk,55,71,71,-7,-22,9,13721
1144,Scream Tail,55,5,39,5,40,33,7285
1145,Brute Bonnet,51,67,39,19,24,-23,10077
1146,Flutter Mane,-5,-5,-5,75,60,57,12549
1147,Slither Wing,25,75,19,25,30,3,8145
1148,Sandy Shocks,25,21,37,61,10,23,6785
1149,Iron Treads,30,52,60,12,-5,28,8157
1150,Iron Bundle,-4,20,54,64,-15,58,11017
1151,Iron Hands,94,80,48,-10,-7,-28,18473
1152,Iron Jugulis,34,20,26,62,5,30,7001
1153,Iron Moth,20,10,0,80,35,32,9149
1154,Iron Thorns,40,74,50,10,9,-6,9793
1155,Frigibax,5,15,-15,-25,-30,-23,2529
1156,Arctibax,30,35,6,-15,-10,-16,2742
1157,Baxcalibur,55,85,32,15,11,9,11701
1158,Gimmighoul (Chest Form),-15,-30,10,15,-5,-68,6099
1159,Gimmighoul (Roaming Form),-15,-30,-35,15,-30,2,3479
1160,Gholdengo,27,0,35,73,16,6,7575
1161,Wo-Chien,25,25,40,35,60,-8,7739
1162,Chien-Pao,20,60,20,30,-10,57,8649
1163,Ting-Lu,95,50,65,-5,5,-33,16889
1164,Chi-Yu,-5,20,20,75,45,22,8959
1165,Roaring Moon,45,79,11,-5,26,41,10769
1166,Iron Valiant,14,70,30,60,-15,38,11265
1167,Koraidon,40,75,55,25,25,57,14749
1168,Miraidon,40,25,40,75,40,57,14299
