Gabe Silverstein vs. Pokemon SSE,pokemon,D_HP,D_ATK,D_DEF,D_SPA,D_SPD,D_SPE,SSE
0,Bulbasaur,-39,-58,-55,-54,-34,-64,16078
1,Ivysaur,-24,-45,-41,-39,-19,-49,8565
2,Venusaur,-4,-25,-21,-19,1,-29,2285
3,Venusaur (Mega Venusaur),-4,-7,19,3,21,-29,1717
4,Charmander,-45,-55,-61,-59,-49,-44,16589
5,Charmeleon,-26,-43,-46,-39,-34,-29,8159
6,Charizard,-6,-23,-26,-10,-14,-9,1618
7,Charizard (Mega Charizard X),-6,23,7,11,-14,-9,1012
8,Charizard (Mega Charizard Y),-6,-3,-26,40,16,-9,2658
9,Squirtle,-40,-59,-39,-69,-35,-66,16944
10,Wartortle,-25,-44,-24,-54,-19,-51,9015
11,Blastoise,-5,-24,-4,-34,6,-31,2770
12,Blastoise (Mega Blastoise),-5,-4,16,16,16,-31,1770
13,Caterpie,-39,-77,-69,-99,-79,-64,32349
14,Metapod,-34,-87,-49,-94,-74,-79,31679
15,Butterfree,-24,-62,-54,-29,-19,-39,10059
16,Weedle,-44,-72,-74,-99,-79,-59,32119
17,Kakuna,-39,-82,-54,-94,-74,-74,30949
18,Beedrill,-19,-17,-64,-74,-19,-34,11739
19,Beedrill (Mega Beedrill),-19,43,-64,-104,-19,36,18779
20,Pidgey,-44,-62,-64,-84,-64,-53,23837
21,Pidgeotto,-21,-47,-49,-69,-49,-38,13657
22,Pidgeot,-1,-27,-29,-49,-29,-8,4877
23,Pidgeot (Mega Pidgeot),-1,-27,-24,16,-19,12,2067
24,Rattata,-54,-51,-69,-94,-64,-37,24579
25,Rattata (Alolan Rattata),-54,-51,-69,-94,-64,-37,24579
26,Raticate,-29,-26,-44,-69,-29,-12,9199
27,Raticate (Alolan Raticate),-9,-36,-34,-79,-19,-32,10159
28,Spearow,-44,-47,-74,-88,-68,-39,23510
29,Fearow,-19,-17,-39,-58,-38,-9,7060
30,Ekans,-49,-47,-60,-79,-45,-54,19392
31,Arbok,-24,-12,-35,-54,-20,-29,6102
32,Pikachu,-49,-52,-64,-69,-49,-19,16724
33,Pikachu (Partner Pikachu),-39,-27,-54,-44,-39,11,8744
34,Raichu,-24,-17,-49,-29,-19,1,4469
35,Raichu (Alolan Raichu),-24,-22,-54,-24,-14,1,4749
36,Sandshrew,-34,-32,-19,-99,-69,-69,21864
37,Sandshrew (Alolan Sandshrew),-34,-32,-14,-109,-64,-69,23114
38,Sandslash,-9,-7,6,-74,-44,-44,9514
39,Sandslash (Alolan Sandslash),-9,-7,16,-94,-34,-44,12314
40,Nidoran♀,-29,-60,-52,-79,-59,-68,21491
41,Nidorina,-14,-45,-37,-64,-44,-53,12431
42,Nidoqueen,6,-15,-17,-44,-14,-33,3771
43,Nidoran♂,-38,-50,-64,-79,-59,-59,21243
44,Nidorino,-23,-35,-47,-64,-44,-44,11931
45,Nidoking,-3,-5,-27,-34,-24,-24,3071
46,Clefairy,-14,-62,-56,-59,-34,-74,17289
47,Clefable,11,-37,-31,-24,-9,-49,5509
48,Vulpix,-46,-66,-64,-69,-34,-44,18421
49,Vulpix (Alolan Vulpix),-46,-66,-64,-69,-34,-44,18421
50,Ninetales,-11,-31,-29,-38,1,-9,3449
51,Ninetales (Alolan Ninetales),-11,-40,-29,-38,1,0,4007
52,Jigglypuff,31,-62,-84,-74,-74,-89,30734
53,Wigglytuff,56,-37,-59,-34,-49,-64,15639
54,Zubat,-44,-62,-69,-89,-59,-54,24859
55,Golbat,-9,-27,-34,-54,-24,-19,5819
56,Oddish,-39,-57,-49,-44,-34,-79,16504
57,Gloom,-24,-42,-34,-34,-24,-69,9989
58,Vileplume,-9,-27,-19,-9,-9,-59,4814
59,Paras,-49,-37,-49,-74,-44,-84,20639
60,Parasect,-24,-12,-24,-59,-19,-79,11379
61,Venonat,-24,-52,-54,-79,-44,-64,18469
62,Venomoth,-14,-42,-44,-29,-24,-19,5674
63,Diglett,-74,-52,-79,-84,-54,-14,24589
64,Diglett (Alolan Diglett),-74,-52,-74,-84,-54,-19,23989
65,Dugtrio,-49,-7,-54,-69,-29,11,11089
66,Dugtrio (Alolan Dugtrio),-49,-7,-44,-69,-29,1,9989
67,Meowth,-44,-62,-69,-79,-59,-19,20624
68,Meowth (Alolan Meowth),-44,-72,-69,-69,-59,-19,20484
69,Meowth (Galarian Meowth),-34,-42,-49,-79,-59,-69,19804
70,Persian,-19,-37,-44,-54,-34,6,7774
71,Persian (Alolan Persian),-19,-47,-44,-44,-34,6,7634
72,Psyduck,-34,-55,-56,-54,-49,-54,15550
73,Golduck,-4,-25,-26,-24,-19,-24,2830
74,Mankey,-44,-27,-69,-84,-54,-39,18919
75,Primeape,-19,-2,-44,-59,-29,-14,6819
76,Growlithe,-29,-37,-59,-49,-49,-49,12894
77,Growlithe (Hisuian Growlithe),-24,-32,-59,-54,-49,-54,13314
78,Arcanine,6,3,-24,-19,-19,-14,1539
79,Arcanine (Hisuian Arcanine),11,8,-24,-24,-19,-19,2059
80,Poliwag,-44,-57,-64,-79,-59,-19,19364
81,Poliwhirl,-19,-42,-39,-69,-49,-19,11169
82,Poliwrath,6,-12,-9,-49,-9,-39,4264
83,Abra,-59,-87,-89,-14,-44,-19,21464
84,Kadabra,-44,-72,-74,1,-29,-4,13454
85,Alakazam,-29,-57,-59,16,-4,11,7964
86,Alakazam (Mega Alakazam),-29,-57,-39,56,6,41,10464
87,Machop,-14,-27,-54,-84,-64,-74,20469
88,Machoke,-4,-7,-34,-69,-39,-64,11599
89,Machamp,6,23,-24,-54,-14,-54,7169
90,Bellsprout,-34,-32,-69,-49,-69,-69,18864
91,Weepinbell,-19,-17,-54,-34,-54,-54,10554
92,Victreebel,-4,-2,-39,-19,-29,-39,4264
93,Tentacool,-44,-67,-69,-69,1,-39,17469
94,Tentacruel,-4,-37,-39,-39,21,-9,4949
95,Geodude,-44,-27,-4,-89,-69,-89,23284
96,Geodude (Alolan Geodude),-44,-27,-4,-89,-69,-89,23284
97,Graveler,-29,-12,11,-74,-54,-74,14974
98,Graveler (Alolan Graveler),-29,-12,11,-74,-54,-74,14974
99,Golem,-4,13,26,-64,-34,-64,10209
100,Golem (Alolan Golem),-4,13,26,-64,-34,-64,10209
101,Ponyta,-34,-22,-49,-54,-34,-19,8474
102,Ponyta (Galarian Ponyta),-34,-22,-49,-54,-34,-19,8474
103,Rapidash,-19,-7,-34,-39,-19,-4,3464
104,Rapidash (Galarian Rapidash),-19,-7,-34,-39,-19,-4,3464
105,Slowpoke,6,-42,-39,-79,-59,-94,21879
106,Slowpoke (Galarian Slowpoke),6,-42,-39,-79,-59,-94,21879
107,Slowbro,11,-32,6,-19,-19,-79,8144
108,Slowbro (Mega Slowbro),11,-32,76,11,-19,-79,13644
109,Slowbro (Galarian Slowbro),11,-7,-9,-19,-29,-79,7694
110,Magnemite,-59,-72,-34,-24,-44,-64,16429
111,Magneton,-34,-47,-9,1,-29,-39,5809
112,Farfetch'd,-32,-17,-49,-61,-37,-49,11205
113,Farfetch'd (Galarian Farfetch'd),-32,-12,-49,-61,-37,-54,11575
114,Doduo,-49,-22,-59,-84,-64,-34,18674
115,Dodrio,-24,3,-34,-59,-39,1,6744
116,Seel,-19,-62,-49,-74,-29,-64,17019
117,Dewgong,6,-37,-24,-49,-4,-39,5919
118,Grimer,-4,-27,-54,-79,-49,-84,19359
119,Grimer (Alolan Grimer),-4,-27,-54,-79,-49,-84,19359
120,Muk,21,-2,-29,-54,1,-59,7684
121,Muk (Alolan Muk),21,-2,-29,-54,1,-59,7684
122,Shellder,-54,-42,-4,-74,-74,-69,20409
123,Cloyster,-34,-12,76,-34,-54,-39,12669
124,Gastly,-54,-72,-74,-19,-64,-29,18874
125,Haunter,-39,-57,-59,-4,-44,-14,10399
126,Gengar,-24,-42,-44,11,-24,1,4974
127,Gengar (Mega Gengar),-24,-42,-24,51,-4,21,5974
128,Onix,-49,-62,56,-89,-54,-39,21739
129,Drowzee,-24,-59,-59,-76,-9,-67,17884
130,Hypno,1,-34,-34,-46,16,-42,6449
131,Krabby,-54,-2,-14,-94,-74,-59,20909
132,Kingler,-29,23,11,-69,-49,-34,9809
133,Voltorb,-44,-77,-54,-64,-44,-9,16894
134,Voltorb (Hisuian Voltorb),-44,-77,-54,-64,-44,-9,16894
135,Electrode,-24,-57,-34,-39,-19,41,8544
136,Electrode (Hisuian Electrode),-24,-57,-34,-39,-19,41,8544
137,Exeggcute,-24,-67,-24,-59,-54,-69,16799
138,Exeggutor,11,-12,-19,6,-24,-54,4154
139,Exeggutor (Alolan Exeggutor),11,-2,-19,6,-24,-64,5194
140,Cubone,-34,-57,-9,-79,-49,-74,18604
141,Marowak,-24,-27,6,-69,-19,-64,10559
142,Marowak (Alolan Marowak),-24,-27,6,-69,-19,-64,10559
143,Hitmonlee,-34,13,-51,-84,11,-22,11587
144,Hitmonchan,-34,-2,-25,-84,11,-33,10051
145,Lickitung,6,-52,-29,-59,-24,-79,13879
146,Koffing,-44,-42,-9,-59,-54,-74,15654
147,Weezing,-19,-17,16,-34,-29,-49,5304
148,Weezing (Galarian Weezing),-19,-17,16,-34,-29,-49,5304
149,Rhyhorn,-4,-22,-9,-89,-69,-84,20319
150,Rhydon,21,23,16,-74,-54,-69,14379
151,Chansey,166,-102,-99,-84,6,-59,58334
152,Tangela,-19,-52,11,-19,-59,-49,9429
153,Kangaskhan,21,-12,-24,-79,-19,-19,8124
154,Kangaskhan (Mega Kangaskhan),21,18,-4,-59,1,-9,4344
155,Horsea,-54,-67,-34,-49,-74,-49,18839
156,Seadra,-29,-42,-9,-24,-54,-24,6754
157,Goldeen,-39,-40,-44,-84,-49,-46,16630
158,Seaking,-4,-15,-39,-54,-19,-41,6720
159,Staryu,-54,-62,-49,-49,-44,-24,14074
160,Starmie,-24,-32,-19,-19,-14,6,2554
161,Mr. Mime,-44,-62,-39,-19,21,-19,8464
162,Mr. Mime (Galarian Mr. Mime),-34,-42,-39,-29,-9,-9,5444
163,Scyther,-14,3,-24,-64,-19,-4,5254
164,Jynx,-19,-57,-69,-4,-4,-14,8599
165,Electabuzz,-19,-24,-47,-24,-14,-4,3934
166,Magmar,-19,-12,-47,-19,-14,-16,3527
167,Pinsir,-19,18,-4,-64,-29,-24,6214
168,Pinsir (Mega Pinsir),-19,48,16,-54,-9,-4,5934
169,Tauros,-9,-7,-9,-79,-29,1,7294
170,Tauros (Paldean Tauros (Combat Breed)),-9,3,1,-89,-29,-9,8934
171,Tauros (Paldean Tauros (Blaze Breed)),-9,3,1,-89,-29,-9,8934
172,Tauros (Paldean Tauros (Aqua Breed)),-9,3,1,-89,-29,-9,8934
173,Magikarp,-64,-97,-49,-104,-79,-29,33804
174,Gyarados,11,18,-25,-59,1,-28,5336
175,Gyarados (Mega Gyarados),11,48,5,-49,31,-28,6596
176,Lapras,46,-22,-24,-34,-4,-49,6749
177,Ditto,-36,-59,-56,-71,-51,-61,19276
178,Eevee,-29,-52,-54,-74,-34,-54,16009
179,Eevee (Partner Eevee),-19,-32,-34,-54,-14,-34,6809
180,Vaporeon,46,-42,-44,-9,-4,-44,7849
181,Jolteon,-19,-42,-44,-9,-4,21,4599
182,Flareon,-19,23,-44,-24,11,-44,5459
183,Porygon,-19,-47,-34,-34,-24,-69,10219
184,Omanyte,-49,-67,-4,-29,-44,-74,15159
185,Omastar,-14,-47,21,-4,-29,-54,6619
186,Kabuto,-54,-27,-14,-64,-54,-54,13769
187,Kabutops,-24,8,1,-54,-29,-29,5239
188,Aerodactyl,-4,-2,-39,-59,-24,21,6039
189,Aerodactyl (Mega Aerodactyl),-4,28,-19,-49,-4,41,5259
190,Snorlax,76,3,-39,-54,11,-79,16584
191,Articuno,6,-22,-4,-24,26,-24,2364
192,Articuno (Galarian Articuno),6,-22,-19,6,1,-14,1114
193,Zapdos,6,-17,-19,6,-9,-9,884
194,Zapdos (Galarian Zapdos),6,18,-14,-34,-9,-9,1874
195,Moltres,6,-7,-14,6,-14,-19,874
196,Moltres (Galarian Moltres),6,-22,-14,-19,26,-19,2114
197,Dratini,-43,-43,-59,-69,-49,-59,17822
198,Dragonair,-23,-23,-39,-49,-29,-39,7342
199,Dragonite,7,27,-9,-19,1,-29,2062
200,Mewtwo,22,3,-14,35,-9,21,2436
201,Mewtwo (Mega Mewtwo X),22,83,-4,35,1,21,9056
202,Mewtwo (Mega Mewtwo Y),22,43,-34,75,21,31,10516
203,Mew,16,-7,-4,-19,1,-9,764
204,Chikorita,-39,-58,-39,-70,-34,-64,16558
205,Bayleef,-24,-45,-24,-56,-19,-49,9075
206,Meganium,-4,-25,-4,-36,1,-29,2795
207,Cyndaquil,-45,-55,-61,-59,-49,-44,16589
208,Quilava,-26,-43,-46,-39,-34,-29,8159
209,Typhlosion,-6,-23,-26,-10,-14,-9,1618
210,Typhlosion (Hisuian Typhlosion),-11,-23,-26,0,-14,-14,1718
211,Totodile,-34,-42,-40,-75,-51,-66,17102
212,Croconaw,-19,-27,-24,-60,-36,-51,9163
213,Feraligatr,1,-2,-4,-40,-16,-31,2838
214,Sentret,-49,-61,-70,-84,-54,-89,28915
215,Furret,1,-31,-40,-74,-44,-19,10335
216,Hoothoot,-24,-77,-74,-83,-43,-59,24200
217,Noctowl,16,-57,-54,-33,-3,-39,9040
218,Ledyba,-44,-87,-74,-79,-19,-54,24499
219,Ledian,-29,-72,-54,-64,11,-24,13734
220,Spinarak,-44,-47,-64,-79,-59,-79,24204
221,Ariados,-14,-17,-34,-59,-29,-69,10724
222,Crobat,1,-17,-24,-49,-19,21,4069
223,Chinchou,-9,-69,-66,-63,-43,-42,16780
224,Lanturn,41,-49,-46,-43,-23,-42,10340
225,Pichu,-64,-67,-89,-84,-64,-49,30059
226,Cleffa,-34,-82,-76,-74,-44,-94,29904
227,Igglybuff,6,-77,-89,-79,-79,-94,35204
228,Togepi,-49,-87,-39,-79,-34,-89,26809
229,Togetic,-29,-67,-19,-39,6,-69,12009
230,Natu,-44,-57,-59,-49,-54,-39,15504
231,Xatu,-19,-32,-34,-24,-29,-14,4154
232,Mareep,-29,-67,-64,-54,-54,-74,20734
233,Flaaffy,-14,-52,-49,-39,-39,-64,12439
234,Ampharos,6,-32,-19,-4,-9,-54,4434
235,Ampharos (Mega Ampharos),6,-12,1,46,11,-64,6514
236,Bellossom,-9,-27,-9,-29,1,-59,5214
237,Marill,-14,-87,-54,-99,-49,-69,27644
238,Azumarill,16,-57,-24,-59,-19,-59,11404
239,Sudowoodo,-14,-7,11,-89,-34,-79,15684
240,Politoed,6,-32,-29,-29,1,-39,4264
241,Hoppip,-49,-72,-64,-84,-44,-59,24154
242,Skiploom,-29,-62,-54,-74,-34,-29,15074
243,Jumpluff,-9,-52,-34,-64,-4,1,8054
244,Aipom,-29,-37,-49,-79,-44,-24,13364
245,Sunkern,-54,-77,-74,-89,-69,-79,33244
246,Sunflora,-9,-32,-49,-14,-14,-79,10139
247,Yanma,-19,-42,-59,-44,-54,-14,10654
248,Wooper,-29,-62,-59,-94,-74,-94,31314
249,Wooper (Paldean Wooper),-29,-62,-59,-94,-74,-94,31314
250,Quagsire,11,-22,-19,-54,-34,-74,10514
251,Espeon,-19,-42,-44,11,-4,1,4199
252,Umbreon,11,-42,6,-59,31,-44,8299
253,Murkrow,-24,-22,-62,-34,-57,-18,9633
254,Slowking,11,-32,-24,-19,11,-79,8444
255,Slowking (Galarian Slowking),11,-42,-24,-9,11,-79,8904
256,Misdreavus,-24,-47,-44,-34,-14,-24,6649
257,Unown,-36,-35,-56,-47,-51,-61,14188
258,Wobbuffet,106,-74,-46,-86,-41,-76,33681
259,Girafarig,-14,-27,-39,-29,-34,-24,5019
260,Pineco,-34,-42,-14,-84,-64,-94,23104
261,Forretress,-9,-17,36,-59,-39,-69,11429
262,Dunsparce,16,-37,-34,-54,-34,-64,10949
263,Gligar,-19,-32,1,-84,-34,-24,10174
264,Steelix,-9,-22,96,-64,-34,-79,21274
265,Steelix (Mega Steelix),-9,18,126,-64,-4,-79,26634
266,Snubbull,-24,-27,-54,-79,-59,-79,20184
267,Granbull,6,13,-29,-59,-39,-64,10144
268,Qwilfish,-19,-12,-19,-64,-44,-24,7474
269,Qwilfish (Hisuian Qwilfish),-19,-12,-19,-64,-44,-24,7474
270,Scizor,-14,23,-4,-64,-19,-44,7134
271,Scizor (Mega Scizor),-14,43,36,-54,1,-34,7414
272,Shuckle,-64,-97,126,-109,131,-104,69239
273,Heracross,-4,18,-29,-79,-4,-24,8014
274,Heracross (Mega Heracross),-4,78,11,-79,6,-34,13654
275,Sneasel,-29,-12,-49,-84,-24,6,11054
276,Sneasel (Hisuian Sneasel),-29,-12,-49,-84,-24,6,11054
277,Teddiursa,-24,-27,-54,-69,-49,-69,16144
278,Ursaring,6,23,-29,-44,-24,-54,6834
279,Slugma,-44,-67,-64,-49,-59,-89,24324
280,Magcargo,-24,-57,16,-29,-19,-79,11524
281,Swinub,-34,-57,-64,-89,-69,-59,24664
282,Piloswine,16,-7,-24,-59,-39,-59,9364
283,Corsola,-19,-52,-9,-54,-4,-74,11554
284,Corsola (Galarian Corsola),-24,-52,-4,-54,1,-79,12454
285,Remoraid,-49,-42,-69,-54,-64,-44,17874
286,Octillery,-9,-2,-29,-14,-24,-64,5794
287,Delibird,-39,-52,-59,-54,-54,-34,14694
288,Mantine,1,-67,-34,-39,41,-39,10369
289,Skarmory,-19,-27,36,-79,-29,-39,10989
290,Houndour,-39,-47,-74,-39,-49,-44,15064
291,Houndoom,-9,-17,-54,-9,-19,-14,3924
292,Houndoom (Mega Houndoom),-9,-17,-14,21,-9,6,1124
293,Kingdra,-9,-12,-9,-24,-4,-24,1474
294,Phanpy,6,-47,-44,-79,-59,-69,18664
295,Donphan,6,13,16,-59,-39,-59,8944
296,Porygon2,1,-27,-14,-14,-4,-49,3539
297,Stantler,-11,-12,-42,-34,-34,-24,4917
298,Smeargle,-29,-87,-69,-99,-54,-34,27044
299,Tyrogue,-49,-72,-69,-84,-64,-74,28974
300,Hitmontop,-34,-12,-9,-84,11,-39,10079
301,Smoochum,-39,-77,-89,-34,-34,-44,19619
302,Elekid,-39,-44,-67,-54,-44,-14,12994
303,Magby,-39,-32,-67,-49,-44,-26,12047
304,Miltank,11,-27,1,-79,-29,-9,8014
305,Blissey,171,-97,-94,-44,36,-54,53634
306,Raikou,6,-22,-29,-4,1,6,1414
307,Entei,31,8,-19,-29,-24,-9,2884
308,Suicune,16,-32,11,-29,16,-24,3074
309,Larvitar,-34,-43,-54,-74,-49,-68,18422
310,Pupitar,-14,-23,-34,-54,-29,-58,9002
311,Tyranitar,16,27,6,-24,1,-48,3902
312,Tyranitar (Mega Tyranitar),16,57,46,-24,21,-38,8082
313,Lugia,22,-17,26,-29,55,1,5316
314,Ho-Oh,22,23,-14,-9,55,-19,4676
315,Celebi,16,-7,-4,-19,1,-9,764
316,Treecko,-44,-62,-69,-54,-44,-39,16914
317,Grovyle,-34,-42,-59,-34,-34,-14,8909
318,Sceptile,-14,-22,-39,-14,-14,11,2714
319,Sceptile (Mega Sceptile),-14,3,-29,26,-14,36,3214
320,Torchic,-39,-47,-64,-49,-49,-64,16724
321,Combusken,-24,-22,-44,-34,-39,-54,8589
322,Blaziken,-4,13,-34,-9,-29,-29,3104
323,Blaziken (Mega Blaziken),-4,53,-24,11,-19,-9,3964
324,Mudkip,-34,-37,-54,-69,-49,-69,17364
325,Marshtomp,-14,-22,-34,-59,-29,-59,9639
326,Swampert,16,3,-14,-34,-9,-49,4099
327,Swampert (Mega Swampert),16,43,6,-24,11,-39,4359
328,Poochyena,-49,-52,-69,-89,-69,-74,28024
329,Mightyena,-14,-17,-34,-59,-39,-39,8164
330,Zigzagoon,-46,-77,-63,-89,-58,-49,25700
331,Zigzagoon (Galarian Zigzagoon),-46,-77,-63,-89,-58,-49,25700
332,Linoone,-6,-37,-43,-69,-38,-9,9540
333,Linoone (Galarian Linoone),-6,-37,-43,-69,-38,-9,9540
334,Wurmple,-39,-62,-69,-99,-69,-89,32609
335,Silcoon,-34,-72,-49,-94,-74,-94,31889
336,Beautifly,-24,-37,-54,-19,-49,-44,9559
337,Cascoon,-34,-72,-49,-94,-74,-94,31889
338,Dustox,-24,-57,-34,-69,-9,-44,11759
339,Lotad,-44,-77,-74,-79,-49,-79,28224
340,Lombre,-24,-57,-54,-59,-29,-59,14544
341,Ludicolo,-4,-37,-34,-29,1,-39,4904
342,Seedot,-44,-67,-54,-89,-69,-79,28264
343,Nuzleaf,-14,-37,-64,-59,-59,-49,15024
344,Shiftry,6,-7,-44,-29,-39,-29,5224
345,Taillow,-44,-52,-74,-89,-69,-24,23374
346,Swellow,-24,-22,-44,-44,-49,16,7589
347,Wingull,-44,-77,-74,-64,-69,-24,22774
348,Pelipper,-24,-57,-4,-24,-29,-44,7194
349,Ralts,-56,-82,-79,-74,-64,-69,30434
350,Kirlia,-46,-72,-69,-54,-44,-59,20394
351,Gardevoir,-16,-42,-39,6,16,-29,4674
352,Gardevoir (Mega Gardevoir),-16,-22,-39,46,36,-9,5754
353,Surskit,-44,-77,-72,-69,-47,-44,21955
354,Masquerain,-14,-47,-42,-19,-17,-29,5660
355,Shroomish,-24,-67,-44,-79,-39,-74,20239
356,Breloom,-24,23,-24,-59,-39,-39,8204
357,Slakoth,-24,-47,-44,-84,-64,-79,22114
358,Vigoroth,-4,-27,-24,-64,-44,-19,7714
359,Slaking,66,53,-4,-24,-34,-9,8994
360,Nincada,-53,-62,-14,-89,-69,-69,24292
361,Ninjask,-23,-17,-59,-69,-49,51,14062
362,Shedinja,-83,-17,-59,-89,-69,-69,28102
363,Whismur,-20,-56,-81,-68,-76,-81,27058
364,Loudred,0,-36,-61,-48,-56,-61,14178
365,Exploud,20,-16,-41,-28,-26,-41,5478
366,Makuhita,-12,-47,-74,-99,-69,-84,29447
367,Hariyama,60,13,-44,-79,-39,-59,16948
368,Azurill,-34,-87,-64,-99,-59,-89,34024
369,Nosepass,-54,-62,31,-74,-9,-79,19519
370,Skitty,-34,-62,-59,-84,-64,-59,23114
371,Delcatty,-14,-42,-39,-64,-44,-19,9874
372,Sableye,-34,-32,-29,-54,-34,-59,10574
373,Sableye (Mega Sableye),-34,-22,21,-34,16,-89,11414
374,Mawile,-34,-22,-19,-64,-44,-59,11514
375,Mawile (Mega Mawile),-34,-2,21,-64,-4,-59,9194
376,Aron,-34,-37,-4,-79,-59,-79,18504
377,Lairon,-24,-17,36,-69,-49,-69,14084
378,Aggron,-14,3,76,-59,-39,-59,14464
379,Aggron (Mega Aggron),-14,33,126,-59,-19,-59,24484
380,Meditite,-54,-67,-49,-79,-44,-49,20384
381,Medicham,-24,-47,-29,-59,-24,-29,8524
382,Medicham (Mega Medicham),-24,-7,-19,-39,-14,-9,2784
383,Electrike,-44,-62,-64,-54,-59,-44,18209
384,Manectric,-14,-32,-44,-14,-39,-4,4889
385,Manectric (Mega Manectric),-14,-32,-24,16,-19,26,3089
386,Plusle,-24,-57,-64,-34,-24,-14,9849
387,Minun,-24,-67,-54,-44,-14,-14,10309
388,Volbeat,-19,-34,-29,-72,-14,-24,8314
389,Illumise,-19,-60,-29,-46,-14,-24,7690
390,Roselia,-34,-47,-59,-19,-19,-44,9504
391,Gulpin,-14,-64,-51,-76,-46,-69,19546
392,Swalot,16,-34,-21,-46,-16,-54,7141
393,Carvanha,-39,-17,-84,-54,-79,-44,19959
394,Sharpedo,-14,13,-64,-24,-59,-14,8714
395,Sharpedo (Mega Sharpedo),-14,33,-34,-9,-34,-4,3694
396,Wailmer,46,-37,-69,-49,-64,-49,17144
397,Wailord,86,-17,-59,-29,-54,-49,17324
398,Numel,-24,-47,-64,-54,-54,-74,18189
399,Camerupt,-14,-7,-34,-14,-24,-69,6934
400,Camerupt (Mega Camerupt),-14,13,-4,26,6,-89,9014
401,Torkoal,-14,-22,36,-34,-29,-89,11894
402,Spoink,-24,-82,-69,-49,-19,-49,17224
403,Grumpig,-4,-62,-39,-29,11,-29,7184
404,Spinda,-24,-47,-44,-59,-39,-49,12124
405,Trapinch,-39,-7,-59,-74,-54,-99,23244
406,Vibrava,-34,-37,-54,-69,-49,-39,14124
407,Flygon,-4,-7,-24,-39,-19,-9,2604
408,Cacnea,-34,-22,-64,-34,-59,-74,15849
409,Cacturne,-14,8,-44,-4,-39,-54,6649
410,Swablu,-39,-67,-44,-79,-24,-59,18244
411,Altaria,-9,-37,-14,-49,6,-29,4924
412,Altaria (Mega Altaria),-9,3,6,-9,6,-29,1084
413,Zangoose,-11,8,-44,-59,-39,-19,7484
414,Seviper,-11,-7,-44,-19,-39,-44,5924
415,Lunatone,6,-52,-39,-24,-14,-39,6554
416,Solrock,6,-12,-19,-64,-34,-39,7314
417,Barboach,-34,-59,-61,-73,-58,-49,19452
418,Whiscash,26,-29,-31,-43,-28,-49,7512
419,Corphish,-41,-27,-39,-69,-64,-74,18264
420,Crawdaunt,-21,13,-19,-29,-44,-54,6664
421,Baltoy,-44,-67,-49,-79,-29,-54,18824
422,Claydol,-24,-37,1,-49,21,-34,5944
423,Lileep,-18,-66,-27,-58,-12,-86,16313
424,Cradily,2,-26,-7,-38,8,-66,6593
425,Anorith,-39,-12,-54,-79,-49,-34,14379
426,Armaldo,-9,18,-4,-49,-19,-64,7279
427,Feebas,-64,-92,-84,-109,-44,-29,34274
428,Milotic,11,-47,-25,-19,26,-28,4776
429,Castform,-14,-37,-34,-49,-29,-39,7484
430,Kecleon,-24,-17,-34,-59,21,-69,10704
431,Shuppet,-40,-32,-69,-56,-66,-64,18973
432,Banette,-20,8,-39,-36,-36,-44,6513
433,Banette (Mega Banette),-20,58,-29,-26,-16,-34,6693
434,Duskull,-64,-67,-14,-89,-9,-84,23839
435,Dusclops,-44,-37,26,-59,31,-84,15479
436,Tropius,15,-39,-21,-47,-12,-58,7904
437,Chimecho,-9,-57,-24,-24,-9,-44,6499
438,Absol,-19,23,-44,-44,-39,-34,7439
439,Absol (Mega Absol),-19,43,-44,-4,-39,6,5719
440,Wynaut,11,-84,-56,-96,-51,-86,29526
441,Snorunt,-34,-57,-54,-69,-49,-59,17964
442,Glalie,-4,-27,-24,-39,-19,-29,4044
443,Glalie (Mega Glalie),-4,13,-24,1,-19,-9,1204
444,Spheal,-14,-67,-54,-64,-49,-84,21154
445,Sealeo,6,-47,-34,-44,-29,-64,10274
446,Walrein,26,-27,-14,-24,-9,-44,4194
447,Clamperl,-49,-43,-19,-45,-44,-77,14501
448,Huntail,-29,-3,1,-25,-24,-57,5301
449,Gorebyss,-29,-23,1,-5,-24,-57,5221
450,Relicanth,16,-17,26,-74,-34,-54,10769
451,Luvdisc,-41,-77,-49,-79,-34,-12,17552
452,Bagon,-39,-32,-44,-79,-69,-59,18964
453,Shelgon,-19,-12,-4,-59,-49,-59,9884
454,Salamence,11,28,-24,-9,-19,-9,2004
455,Salamence (Mega Salamence),11,38,26,1,-9,11,2444
456,Beldum,-44,-52,-24,-84,-39,-79,20034
457,Metang,-24,-32,-4,-64,-19,-59,9554
458,Metagross,-4,28,26,-24,-9,-39,3654
459,Metagross (Mega Metagross),-4,38,46,-14,11,1,3894
460,Regirock,-4,-7,96,-69,1,-59,17524
461,Regice,-4,-57,-4,-19,101,-59,17324
462,Registeel,-4,-32,46,-44,51,-59,11174
463,Latias,-4,-27,-14,-9,31,1,1984
464,Latias (Mega Latias),-4,-7,16,21,51,1,3364
465,Latios,-4,-17,-24,11,11,1,1124
466,Latios (Mega Latios),-4,23,-4,41,21,1,2684
467,Kyogre,16,-7,-14,31,41,-19,3504
468,Kyogre (Primal Kyogre),16,43,-14,61,61,-19,10104
469,Groudon,16,43,36,-19,-9,-19,4204
470,Groudon (Primal Groudon),16,73,56,31,-9,-19,10124
471,Rayquaza,21,43,-14,31,-9,-14,3724
472,Rayquaza (Mega Rayquaza),21,73,-4,61,1,6,9544
473,Jirachi,16,-7,-4,-19,1,-9,764
474,Deoxys (Normal Forme),-34,43,-54,31,-49,41,10964
475,Deoxys (Attack Forme),-34,73,-84,61,-79,41,25184
476,Deoxys (Defense Forme),-34,-37,56,-49,61,-19,12144
477,Deoxys (Speed Forme),-34,-12,-14,-24,-9,71,7194
478,Turtwig,-29,-39,-40,-74,-44,-78,17458
479,Grotle,-9,-18,-19,-64,-34,-73,11347
480,Torterra,11,2,1,-44,-14,-53,5067
481,Chimchar,-40,-49,-60,-61,-55,-48,16651
482,Monferno,-20,-29,-52,-41,-47,-28,8619
483,Infernape,-8,-3,-33,-15,-28,-1,2172
484,Piplup,-31,-56,-51,-58,-43,-69,16672
485,Prinplup,-20,-41,-36,-38,-23,-59,8831
486,Empoleon,0,-21,-16,-8,2,-49,3166
487,Starly,-44,-52,-74,-89,-69,-49,25199
488,Staravia,-29,-32,-54,-79,-59,-29,15344
489,Staraptor,1,13,-34,-69,-39,-9,7689
490,Bidoof,-25,-62,-64,-84,-59,-78,25186
491,Bibarel,-5,-22,-44,-64,-39,-38,9506
492,Kricketot,-47,-82,-63,-94,-58,-84,32158
493,Kricketune,-7,-22,-53,-64,-48,-44,11678
494,Shinx,-39,-42,-70,-79,-65,-64,22747
495,Luxio,-24,-22,-55,-59,-50,-49,12467
496,Luxray,-4,13,-25,-24,-20,-39,3307
497,Budew,-44,-77,-69,-69,-29,-54,21144
498,Roserade,-24,-37,-39,6,6,-19,3899
499,Cranidos,-17,18,-64,-89,-69,-51,19992
500,Rampardos,13,58,-44,-54,-49,-51,13387
501,Shieldon,-54,-65,14,-77,-11,-79,19628
502,Bastiodon,-24,-55,64,-72,39,-79,20643
503,Burmy,-44,-78,-59,-90,-54,-73,27846
504,Wormadam (Plant Cloak),-24,-48,-19,-40,6,-73,10206
505,Wormadam (Sandy Cloak),-24,-28,1,-60,-14,-73,10486
506,Wormadam (Trash Cloak),-24,-38,-9,-50,-4,-73,9946
507,Mothim,-14,-13,-54,-25,-49,-43,8156
508,Combee,-54,-77,-62,-89,-57,-39,25380
509,Vespiquen,-14,-27,-2,-39,3,-69,7220
510,Pachirisu,-24,-62,-34,-74,-9,-14,11329
511,Buizel,-29,-42,-69,-59,-69,-24,16184
512,Floatzel,1,-2,-49,-34,-49,6,5999
513,Cherubi,-39,-72,-59,-57,-46,-74,21027
514,Cherrim,-14,-47,-34,-32,-21,-24,5602
515,Shellos,-8,-59,-56,-62,-37,-75,17519
516,Gastrodon,27,-24,-36,-27,-17,-70,8519
517,Ambipom,-9,-7,-38,-59,-33,6,6180
518,Drifloon,6,-57,-70,-59,-55,-39,16212
519,Drifblim,66,-27,-60,-29,-45,-29,12392
520,Buneary,-29,-41,-60,-75,-43,-24,14172
521,Lopunny,-19,-31,-20,-65,-3,-4,5972
522,Lopunny (Mega Lopunny),-19,29,-10,-65,-3,26,6212
523,Mismagius,-24,-47,-44,-14,6,-4,4969
524,Honchkrow,16,18,-52,-14,-47,-38,7133
525,Glameow,-35,-52,-62,-77,-62,-24,18122
526,Purugly,-13,-25,-40,-55,-40,3,7028
527,Chingling,-39,-77,-54,-54,-49,-64,19779
528,Stunky,-21,-44,-57,-78,-58,-35,16299
529,Skuntank,19,-14,-37,-48,-38,-25,6299
530,Bronzor,-27,-83,-18,-95,-13,-86,24532
531,Bronzong,-17,-18,12,-40,17,-76,8422
532,Bonsly,-34,-27,-9,-109,-54,-99,26564
533,Mime Jr.,-64,-82,-59,-49,-9,-49,19184
534,Happiny,16,-102,-99,-104,-34,-79,38674
535,Chatot,-8,-42,-59,-27,-57,-18,9611
536,Spiritomb,-34,-15,4,-27,9,-74,7683
537,Gible,-26,-37,-59,-79,-54,-67,19172
538,Gabite,-16,-17,-39,-69,-44,-27,9492
539,Garchomp,24,23,-9,-39,-14,-7,2952
540,Garchomp (Mega Garchomp),24,63,11,1,-4,-17,4972
541,Munchlax,51,-22,-64,-79,-14,-104,24434
542,Riolu,-44,-37,-64,-84,-59,-49,20339
543,Lucario,-14,3,-34,-4,-29,-19,2579
544,Lucario (Mega Lucario),-14,38,-16,21,-29,3,3187
545,Hippopotas,-16,-35,-26,-81,-57,-77,17896
546,Hippowdon,24,5,14,-51,-27,-62,7971
547,Skorupi,-44,-57,-14,-89,-44,-44,17174
548,Drapion,-14,-17,6,-59,-24,-14,4774
549,Croagunk,-36,-46,-64,-58,-59,-59,17834
550,Toxicroak,-1,-1,-39,-33,-34,-24,4344
551,Carnivine,-10,-7,-32,-29,-27,-63,6712
552,Finneon,-35,-58,-48,-70,-38,-43,15086
553,Lumineon,-15,-38,-28,-50,-13,-18,5446
554,Mantyke,-39,-87,-54,-59,21,-59,19409
555,Snover,-24,-45,-54,-57,-39,-69,15048
556,Abomasnow,6,-15,-29,-27,-14,-49,4428
557,Abomasnow (Mega Abomasnow),6,25,1,13,6,-79,7108
558,Weavile,-14,13,-39,-74,-14,16,7814
559,Magnezone,-14,-37,11,11,-9,-49,4289
560,Lickilicky,26,-22,-9,-39,-4,-59,6259
561,Rhyperior,31,33,26,-64,-44,-69,13519
562,Tangrowth,16,-7,21,-9,-49,-59,6709
563,Electivire,-9,16,-37,-24,-14,-14,2674
564,Magmortar,-9,-12,-37,6,-4,-26,2322
565,Togekiss,1,-57,-9,1,16,-29,4429
566,Yanmega,2,-31,-18,-3,-43,-14,3343
567,Leafeon,-19,3,26,-59,-34,-14,5879
568,Glaceon,-19,-47,6,11,-4,-44,4679
569,Gliscor,-9,-12,21,-74,-24,-14,6914
570,Mamoswine,26,23,-24,-49,-39,-29,6544
571,Porygon-Z,1,-27,-34,16,-24,-19,3079
572,Gallade,-16,18,-39,-54,16,-29,6114
573,Gallade (Mega Gallade),-16,58,-9,-54,16,1,6874
574,Probopass,-24,-52,41,-44,51,-69,14259
575,Dusknoir,-39,-7,31,-54,36,-64,10839
576,Froslass,-14,-27,-34,-39,-29,1,4444
577,Rotom,-34,-57,-27,-24,-22,-18,6518
578,Rotom (Heat Rotom),-34,-42,3,-14,8,-23,3718
579,Rotom (Wash Rotom),-34,-42,3,-14,8,-23,3718
580,Rotom (Frost Rotom),-34,-42,3,-14,8,-23,3718
581,Rotom (Fan Rotom),-34,-42,3,-14,8,-23,3718
582,Rotom (Mow Rotom),-34,-42,3,-14,8,-23,3718
583,Uxie,-9,-32,26,-44,31,-14,4874
584,Mesprit,-4,-2,1,-14,6,-29,1094
585,Azelf,-9,18,-34,6,-29,6,2474
586,Dialga,16,13,16,31,1,-19,2004
587,Dialga (Origin Forme),16,-7,16,31,21,-19,2324
588,Palkia,6,13,-4,31,21,-9,1704
589,Palkia (Origin Forme),6,-7,-4,31,21,11,1624
590,Heatran,7,-17,2,11,7,-32,1536
591,Regigigas,26,53,6,-39,11,-9,5244
592,Giratina (Altered Forme),66,-7,16,-19,21,-19,5824
593,Giratina (Origin Forme),66,13,-4,1,1,-19,4904
594,Cresselia,36,-37,16,-44,31,-24,6394
595,Phione,-4,-27,-24,-39,-19,-29,4044
596,Manaphy,16,-7,-4,-19,1,-9,764
597,Darkrai,-14,-17,-14,16,-9,16,1274
598,Shaymin (Land Forme),16,-7,-4,-19,1,-9,764
599,Shaymin (Sky Forme),16,-4,-29,1,-24,18,2014
600,Arceus,36,13,16,1,21,11,2284
601,Victini,16,-7,-4,-19,1,-9,764
602,Snivy,-39,-62,-49,-74,-44,-46,17294
603,Servine,-24,-47,-29,-59,-24,-26,8359
604,Serperior,-9,-32,-9,-44,-4,4,3154
605,Tepig,-19,-44,-59,-74,-54,-64,18266
606,Pignite,6,-14,-49,-49,-44,-54,9886
607,Emboar,26,16,-39,-19,-34,-44,5906
608,Oshawott,-29,-52,-59,-56,-54,-64,17174
609,Dewott,-9,-32,-44,-36,-39,-49,8259
610,Samurott,11,-7,-19,-11,-29,-39,3014
611,Samurott (Hisuian Samurott),6,1,-24,-19,-34,-24,2706
612,Patrat,-39,-52,-65,-84,-60,-67,23595
613,Watchog,-24,-22,-35,-59,-30,-32,7690
614,Lillipup,-39,-47,-59,-94,-54,-54,21879
615,Herdier,-19,-27,-39,-84,-34,-49,13224
616,Stoutland,1,3,-14,-74,-9,-29,6604
617,Purrloin,-43,-57,-67,-69,-62,-43,20041
618,Liepard,-20,-19,-54,-31,-49,-3,7048
619,Pansage,-34,-54,-56,-66,-51,-45,16190
620,Simisage,-9,-9,-41,-21,-36,-8,3644
621,Pansear,-34,-54,-56,-66,-51,-45,16190
622,Simisear,-9,-9,-41,-21,-36,-8,3644
623,Panpour,-34,-54,-56,-66,-51,-45,16190
624,Simipour,-9,-9,-41,-21,-36,-8,3644
625,Munna,-8,-82,-59,-52,-44,-85,22134
626,Musharna,32,-52,-19,-12,-4,-80,10649
627,Pidove,-34,-52,-54,-83,-69,-66,22782
628,Tranquill,-22,-30,-42,-69,-57,-44,13094
629,Unfezant,-4,8,-24,-54,-44,-16,5764
630,Blitzle,-39,-47,-72,-69,-67,-33,19253
631,Zebstrika,-9,-7,-41,-39,-36,7,4677
632,Roggenrola,-29,-32,-19,-94,-74,-94,25374
633,Boldore,-14,-2,1,-69,-59,-89,16364
634,Gigalith,1,28,26,-59,-19,-84,12359
635,Woobat,-19,-62,-61,-64,-56,-37,16527
636,Swoobat,-17,-50,-49,-42,-44,5,8915
637,Drilbur,-24,-22,-64,-89,-54,-41,17674
638,Excadrill,26,28,-44,-69,-34,-21,9754
639,Audino,19,-47,-18,-59,-13,-59,10025
640,Audino (Mega Audino),19,-47,22,-39,27,-59,8785
641,Timburr,-9,-27,-49,-94,-64,-74,21619
642,Gurdurr,1,-2,-19,-79,-49,-69,13769
643,Conkeldurr,21,33,-9,-64,-34,-64,10959
644,Tympole,-34,-57,-64,-69,-59,-45,18768
645,Palpitoad,-9,-42,-49,-54,-44,-40,10698
646,Seismitoad,21,-12,-29,-34,-24,-35,4383
647,Throh,36,-7,-19,-89,-14,-64,13919
648,Sawk,-9,18,-29,-89,-24,-24,10319
649,Sewaddle,-39,-54,-34,-79,-39,-67,17844
650,Swadloon,-29,-44,-14,-69,-19,-67,12584
651,Leavanny,-9,-4,-24,-49,-19,-17,3724
652,Venipede,-54,-62,-45,-89,-60,-52,23010
653,Whirlipede,-44,-52,-5,-79,-20,-62,15150
654,Scolipede,-24,-7,-15,-64,-30,3,5855
655,Cottonee,-44,-80,-44,-82,-49,-43,21246
656,Whimsicott,-24,-40,-19,-42,-24,7,4926
657,Petilil,-39,-72,-54,-49,-49,-79,20664
658,Lilligant,-14,-47,-29,-9,-24,-19,4264
659,Lilligant (Hisuian Lilligant),-14,-2,-29,-69,-24,-4,6394
660,Basculin,-14,-15,-39,-39,-44,-11,5520
661,Sandile,-34,-35,-69,-84,-64,-44,20230
662,Krokorok,-24,-25,-59,-74,-54,-35,14299
663,Krookodile,11,10,-24,-54,-29,-17,4843
664,Darumaka,-14,-17,-59,-104,-54,-59,21179
665,Darumaka (Galarian Darumaka),-14,-17,-59,-104,-54,-59,21179
666,Darmanitan (Standard Mode),21,33,-49,-89,-44,-14,13984
667,Darmanitan (Zen Mode),21,-77,1,21,6,-54,9764
668,Darmanitan (Galarian Standard Mode),21,33,-49,-89,-44,-14,13984
669,Darmanitan (Galarian Zen Mode),21,53,-49,-89,-44,26,16184
670,Maractus,-9,-21,-37,-13,-32,-49,5485
671,Dwebble,-34,-42,-19,-84,-64,-54,17349
672,Crustle,-14,-2,21,-54,-24,-64,8229
673,Scraggy,-34,-32,-34,-84,-29,-61,14954
674,Scrafty,-19,-17,11,-74,16,-51,9104
675,Sigilyph,-12,-49,-24,-16,-19,-12,3882
676,Yamask,-46,-77,-19,-64,-34,-79,19899
677,Yamask (Galarian Yamask),-46,-52,-19,-89,-34,-79,20499
678,Cofagrigus,-26,-57,41,-24,6,-79,12459
679,Tirtouga,-30,-29,-1,-66,-54,-87,16583
680,Carracosta,-10,1,29,-36,-34,-77,9323
681,Archen,-29,5,-59,-45,-54,-39,10809
682,Archeops,-9,33,-39,-7,-34,1,3897
683,Trubbish,-34,-57,-42,-79,-37,-44,15715
684,Garbodor,-4,-12,-22,-59,-17,-34,5570
685,Zorua,-44,-42,-64,-39,-59,-44,14734
686,Zorua (Hisuian Zorua),-49,-47,-64,-34,-59,-39,14864
687,Zoroark,-24,-2,-44,1,-39,-4,4054
688,Zoroark (Hisuian Zoroark),-29,-7,-44,6,-39,1,4384
689,Minccino,-29,-57,-64,-79,-59,-34,19064
690,Cinccino,-9,-12,-44,-54,-39,6,6634
691,Gothita,-39,-77,-54,-64,-34,-64,19714
692,Gothorita,-24,-62,-34,-44,-14,-54,10624
693,Gothitelle,-14,-52,-9,-24,11,-44,5614
694,Solosis,-39,-77,-64,-14,-49,-89,22064
695,Duosion,-19,-67,-54,6,-39,-79,15564
696,Reuniclus,26,-42,-29,6,-14,-79,9754
697,Ducklett,-22,-63,-54,-75,-49,-54,18311
698,Swanna,-9,-20,-41,-32,-36,-11,4603
699,Vanillite,-48,-57,-54,-54,-39,-65,17131
700,Vanillish,-33,-42,-39,-39,-24,-50,8971
701,Vanilluxe,-13,-12,-19,-9,-4,-30,1671
702,Deerling,-24,-47,-54,-79,-49,-34,15499
703,Sawsbuck,-4,-7,-34,-59,-29,-14,5739
704,Emolga,-29,-32,-44,-44,-39,-6,7294
705,Karrablast,-34,-32,-59,-79,-54,-49,17219
706,Escavalier,-14,28,1,-59,6,-89,12419
707,Foongus,-15,-52,-59,-64,-44,-94,21278
708,Amoonguss,30,-22,-34,-34,-19,-79,10298
709,Frillish,-29,-67,-54,-54,-14,-69,16119
710,Jellicent,16,-47,-34,-34,6,-49,7214
711,Alomomola,81,-32,-24,-79,-54,-44,19254
712,Joltik,-34,-60,-54,-62,-49,-44,15853
713,Galvantula,-14,-30,-44,-22,-39,-1,5038
714,Ferroseed,-40,-57,-13,-95,-13,-99,24013
715,Ferrothorn,-10,-13,27,-65,17,-89,13433
716,Klink,-44,-52,-34,-74,-39,-79,19034
717,Klang,-24,-27,-9,-49,-14,-59,7464
718,Klinklang,-24,-7,11,-49,-14,-19,3704
719,Tynamo,-49,-52,-64,-74,-59,-49,20559
720,Eelektrik,-19,-22,-34,-44,-29,-69,9539
721,Eelektross,1,8,-24,-14,-19,-59,4679
722,Elgyem,-29,-52,-49,-34,-44,-79,15279
723,Beheeyem,-9,-32,-29,6,-4,-69,6759
724,Litwick,-34,-77,-49,-54,-44,-89,22259
725,Lampent,-24,-67,-44,-24,-39,-54,12014
726,Chandelure,-24,-52,-14,26,-9,-29,5074
727,Axew,-38,-20,-44,-89,-59,-52,17886
728,Fraxure,-18,10,-34,-79,-49,-42,11986
729,Haxorus,-8,40,-14,-59,-29,-12,6326
730,Cubchoo,-29,-37,-64,-59,-59,-69,18029
731,Beartic,11,23,-24,-49,-19,-59,7469
732,Cryogonal,-4,-57,-54,-24,36,-4,8069
733,Shelmet,-34,-67,-19,-79,-34,-84,20459
734,Accelgor,-4,-37,-64,-19,-39,36,8659
735,Stunfisk,25,-41,-20,-38,0,-77,10079
736,Stunfisk (Galarian Stunfisk),25,-26,-5,-53,-15,-77,10289
737,Mienfoo,-39,-22,-54,-64,-49,-44,13354
738,Mienshao,-19,18,-44,-24,-39,-4,4734
739,Druddigon,-7,13,-14,-59,-9,-61,7697
740,Golett,-25,-33,-54,-84,-49,-74,19563
741,Golurk,5,17,-24,-64,-19,-54,8263
742,Pawniard,-39,-22,-34,-79,-59,-49,15284
743,Bisharp,-19,18,-4,-59,-29,-39,6544
744,Bouffalant,11,3,-9,-79,-4,-54,9384
745,Rufflet,-14,-24,-54,-82,-49,-49,15214
746,Braviary,16,16,-29,-62,-24,-29,6614
747,Braviary (Hisuian Braviary),26,-24,-34,-7,-29,-44,5234
748,Vullaby,-14,-52,-29,-74,-34,-49,12774
749,Mandibuzz,26,-42,1,-64,-4,-29,7394
750,Heatmor,1,-10,-38,-14,-33,-44,4766
751,Durant,-26,2,8,-71,-51,0,8386
752,Deino,-32,-42,-54,-74,-49,-71,18622
753,Zweilous,-12,-22,-34,-54,-29,-51,8142
754,Hydreigon,8,-2,-14,6,-9,-11,502
755,Larvesta,-29,-22,-49,-69,-44,-49,12824
756,Volcarona,1,-47,-39,16,6,-9,4104
757,Cobalion,7,-17,25,-29,-27,-1,2534
758,Terrakion,7,22,-14,-47,-9,-1,3020
759,Virizion,7,-17,-32,-29,30,-1,3104
760,Tornadus (Incarnate Forme),-5,8,-34,6,-19,2,1646
761,Tornadus (Therian Forme),-5,-7,-24,-9,-9,12,956
762,Thundurus (Incarnate Forme),-5,8,-34,6,-19,2,1646
763,Thundurus (Therian Forme),-5,-2,-34,26,-19,-8,2286
764,Reshiram,16,13,-4,31,21,-19,2204
765,Zekrom,16,43,16,1,1,-19,2724
766,Landorus (Incarnate Forme),5,18,-14,-4,-19,-8,986
767,Landorus (Therian Forme),5,38,-14,-14,-19,-18,2546
768,Kyurem,41,23,-14,11,-9,-14,2804
769,Kyurem (Black Kyurem),41,63,-4,1,-9,-14,5944
770,Kyurem (White Kyurem),41,13,-14,51,1,-14,4844
771,Keldeo,7,-35,-14,10,-9,-1,1652
772,Meloetta (Aria Forme),16,-30,-27,9,29,-19,3168
773,Meloetta (Pirouette Forme),16,21,-14,-42,-22,19,3502
774,Genesect,-13,13,-9,1,-4,-10,536
775,Chespin,-28,-46,-39,-71,-54,-71,17419
776,Quilladin,-23,-29,-9,-63,-41,-52,9805
777,Chesnaught,4,0,18,-45,-24,-45,4966
778,Fennekin,-44,-62,-64,-57,-39,-49,17047
779,Braixen,-25,-48,-46,-29,-29,-36,8023
780,Delphox,-9,-38,-32,-5,1,-5,2600
781,Froakie,-43,-51,-64,-57,-55,-38,16264
782,Frogadier,-30,-44,-52,-36,-43,-12,8829
783,Greninja,-12,-12,-37,-16,-28,13,2866
784,Greninja (Ash-Greninja),-12,38,-37,34,-28,23,5426
785,Bunnelby,-46,-71,-66,-87,-63,-52,25755
786,Diggersby,1,-51,-27,-69,-22,-31,9537
787,Fletchling,-39,-57,-61,-79,-61,-47,20662
788,Fletchinder,-22,-34,-49,-63,-47,-25,10844
789,Talonflame,-6,-26,-33,-45,-30,17,5015
790,Scatterbug,-46,-72,-64,-92,-74,-74,30812
791,Spewpa,-39,-85,-44,-92,-69,-80,30307
792,Vivillon,-4,-55,-54,-29,-49,-20,9599
793,Litleo,-22,-57,-46,-46,-45,-37,11359
794,Pyroar,2,-39,-32,-10,-33,-3,3747
795,Flabébé,-40,-69,-65,-58,-20,-67,18839
796,Floette,-30,-62,-57,-44,-1,-57,13179
797,Florges,-6,-42,-36,-7,55,-34,7326
798,Skiddo,-18,-42,-56,-57,-42,-57,13486
799,Gogoat,39,-7,-42,-22,-18,-41,5823
800,Pancham,-17,-25,-42,-73,-51,-66,14964
801,Pangoro,11,17,-26,-50,-28,-51,6971
802,Furfrou,-9,-27,-44,-54,-9,-7,5792
803,Espurr,-22,-59,-50,-56,-39,-41,12803
804,Meowstic,-10,-59,-28,-36,-18,-5,6010
805,Honedge,-39,-27,-4,-84,-62,-81,19727
806,Doublade,-25,3,46,-74,-50,-74,16202
807,Aegislash (Shield Forme),-24,-57,36,-69,41,-49,13964
808,Aegislash (Blade Forme),-24,33,-54,21,-49,-49,9824
809,Spritzee,-6,-55,-44,-56,-34,-86,16685
810,Aromatisse,17,-35,-32,-20,-10,-80,9438
811,Swirlix,-22,-59,-38,-60,-42,-60,14373
812,Slurpuff,-2,-27,-18,-34,-24,-37,4158
813,Inkay,-31,-53,-51,-82,-53,-64,20000
814,Malamar,2,-15,-16,-51,-24,-36,4958
815,Binacle,-42,-55,-37,-80,-43,-59,17888
816,Barbaracle,-12,-2,11,-65,-13,-41,6344
817,Skrelp,-34,-47,-44,-59,-39,-79,16544
818,Dragalge,-19,-32,-14,-22,24,-65,6866
819,Clauncher,-34,-54,-42,-61,-36,-65,15078
820,Clawitzer,-13,-34,-16,1,-10,-50,4182
821,Helioptile,-40,-69,-71,-58,-56,-39,19423
822,Heliolisk,-22,-52,-52,-10,-5,0,6017
823,Tyrunt,-26,-18,-27,-74,-54,-61,13842
824,Tyrantrum,-2,14,15,-50,-40,-38,5969
825,Amaura,-7,-48,-54,-52,-36,-63,13238
826,Aurorus,39,-30,-32,-20,-7,-51,6495
827,Sylveon,11,-42,-39,-9,31,-49,6849
828,Hawlucha,-6,-15,-29,-45,-36,9,4504
829,Dedenne,-17,-49,-47,-38,-32,-8,7431
830,Carbink,-34,-57,46,-69,51,-59,17364
831,Goomy,-39,-57,-69,-64,-24,-69,18964
832,Sliggoo,-16,-32,-51,-36,14,-49,7774
833,Sliggoo (Hisuian Sliggoo),-26,-32,-21,-36,14,-69,8394
834,Goodra,6,-7,-34,-9,51,-29,4764
835,Goodra (Hisuian Goodra),-4,-7,-4,-9,51,-49,5164
836,Klefki,-27,-27,-13,-39,-12,-34,4448
837,Phantump,-41,-37,-56,-69,-39,-71,17509
838,Trevenant,1,3,-28,-54,-17,-53,6808
839,Pumpkaboo (Small Size),-40,-41,-34,-75,-44,-53,14807
840,Pumpkaboo (Average Size),-35,-41,-34,-75,-44,-58,14987
841,Pumpkaboo (Large Size),-30,-41,-34,-75,-44,-63,15267
842,Pumpkaboo (Super Size),-25,-41,-34,-75,-44,-68,15647
843,Gourgeist (Small Size),-29,-22,18,-61,-24,-10,6046
844,Gourgeist (Average Size),-19,-17,18,-61,-24,-25,5896
845,Gourgeist (Large Size),-9,-12,18,-61,-24,-40,6446
846,Gourgeist (Super Size),1,-7,18,-61,-24,-55,7696
847,Bergmite,-29,-38,-19,-87,-64,-81,20872
848,Avalugg,11,10,80,-75,-53,-81,21616
849,Avalugg (Hisuian Avalugg),11,20,80,-85,-63,-71,23156
850,Noibat,-44,-77,-69,-74,-59,-54,24499
851,Noivern,1,-37,-24,-22,-19,14,2987
852,Xerneas,42,24,-9,12,-1,-10,2666
853,Yveltal,42,24,-9,12,-1,-10,2666
854,Zygarde (50% Forme),24,-7,17,-38,-4,-14,2570
855,Zygarde (10% Forme),-30,-7,-33,-58,-14,6,5634
856,Zygarde (Complete Forme),132,-7,17,-28,-4,-24,19138
857,Diancie,-34,-7,46,-19,51,-59,9764
858,Diancie (Mega Diancie),-34,53,6,41,11,1,5804
859,Hoopa (Hoopa Confined),-4,3,-44,31,31,-39,5404
860,Hoopa (Hoopa Unbound),-4,53,-44,51,31,-29,9164
861,Volcanion,-4,3,16,11,-9,-39,2004
862,Rowlet,-16,-52,-49,-69,-49,-67,17012
863,Dartrix,-6,-32,-29,-49,-29,-57,8392
864,Decidueye,-6,0,-29,-19,1,-39,2760
865,Decidueye (Hisuian Decidueye),4,5,-24,-24,-4,-49,3610
866,Litten,-39,-42,-64,-59,-59,-39,15864
867,Torracat,-19,-22,-54,-39,-49,-19,8044
868,Incineroar,11,8,-14,-39,-9,-49,4384
869,Popplio,-34,-53,-50,-53,-43,-69,15884
870,Brionne,-24,-38,-35,-28,-18,-59,7834
871,Primarina,-4,-33,-30,7,17,-49,4744
872,Pikipek,-49,-32,-74,-89,-69,-44,23519
873,Trumbeak,-29,-22,-54,-79,-49,-34,14039
874,Toucannon,-4,13,-29,-44,-24,-49,5939
875,Yungoos,-36,-37,-74,-89,-69,-64,24919
876,Gumshoos,4,3,-44,-64,-39,-64,11674
877,Grubbin,-37,-45,-59,-64,-54,-63,17856
878,Charjabug,-27,-25,-9,-64,-24,-73,11436
879,Vikavolt,-7,-37,-14,26,-24,-66,7222
880,Crabrawler,-37,-25,-47,-77,-52,-46,14952
881,Crabominable,13,25,-27,-57,-32,-66,10152
882,Oricorio,-9,-37,-34,-21,-29,-16,4144
883,Cutiefly,-44,-62,-64,-64,-59,-25,18078
884,Ribombee,-24,-52,-44,-24,-29,15,6858
885,Rockruff,-39,-42,-64,-89,-59,-49,21184
886,Lycanroc (Midday Form),-9,8,-39,-64,-34,3,6927
887,Lycanroc (Midnight Form),1,8,-29,-64,-24,-27,6307
888,Lycanroc (Dusk Form),-9,10,-39,-64,-34,1,6955
889,Wishiwashi (Solo Form),-39,-87,-84,-94,-74,-69,35219
890,Wishiwashi (School Form),-39,33,26,21,36,-79,11264
891,Mareanie,-34,-54,-42,-76,-47,-64,17917
892,Toxapex,-34,-44,48,-66,43,-74,17077
893,Mudbray,-14,-7,-34,-74,-44,-64,12909
894,Mudsdale,16,18,-4,-64,-14,-74,10364
895,Dewpider,-46,-67,-52,-79,-27,-82,23003
896,Araquanid,-16,-37,-12,-69,33,-67,12108
897,Fomantis,-44,-52,-69,-69,-64,-74,23734
898,Lurantis,-14,-2,-14,-39,-9,-64,6094
899,Morelull,-44,-72,-49,-54,-24,-94,21849
900,Shiinotic,-24,-62,-24,-29,1,-79,12079
901,Salandit,-36,-63,-64,-48,-59,-32,16170
902,Salazzle,-16,-43,-44,-8,-39,8,5690
903,Stufful,-14,-32,-54,-74,-49,-59,15494
904,Bewear,36,18,-24,-64,-39,-49,10214
905,Bounsweet,-42,-77,-66,-89,-61,-77,29620
906,Steenee,-32,-67,-56,-79,-51,-47,19700
907,Tsareena,-12,13,-6,-69,-1,-37,6480
908,Comfey,-33,-55,-14,-37,11,-9,5881
909,Oranguru,6,-47,-24,-29,11,-49,6184
910,Passimian,16,13,-14,-79,-39,-29,9224
911,Wimpod,-59,-72,-64,-99,-69,-29,28164
912,Golisopod,-9,18,36,-59,-9,-69,10024
913,Sandygast,-29,-52,-24,-49,-54,-94,18274
914,Palossand,1,-32,6,-19,-24,-74,7474
915,Pyukumuku,-29,-47,26,-89,31,-104,23424
916,Type: Null,11,-12,-9,-24,-4,-50,3438
917,Silvally,11,-12,-9,-24,-4,-14,1134
918,Minior (Meteor Form),-24,-47,-4,-59,1,-49,8684
919,Minior (Core),-24,-7,-44,-19,-39,11,4564
920,Komala,-19,8,-39,-44,-4,-44,5834
921,Turtonator,-24,-29,31,-28,-14,-73,8687
922,Togedemaru,-19,-9,-41,-79,-26,-13,9209
923,Mimikyu,-29,-17,-24,-69,6,-13,6672
924,Bruxish,-16,-2,-34,-49,-29,-17,4947
925,Drampa,-6,-47,-19,16,-8,-73,8255
926,Dhelmise,-14,24,-4,-33,-9,-69,6719
927,Jangmo-o,-39,-52,-39,-74,-54,-64,18234
928,Hakamo-o,-29,-32,-14,-54,-29,-44,7754
929,Kommo-o,-9,3,21,-19,6,-24,1504
930,Tapu Koko,-14,8,-19,-24,-24,21,2214
931,Tapu Lele,-14,-22,-29,11,16,-14,2094
932,Tapu Bulu,-14,23,11,-34,-4,-34,3174
933,Tapu Fini,-14,-32,11,-24,31,-24,3454
934,Cosmog,-41,-78,-73,-90,-68,-72,31002
935,Cosmoem,-41,-78,27,-90,32,-72,22802
936,Solgaleo,53,30,3,-6,-10,-12,3998
937,Lunala,53,6,-15,18,8,-12,3602
938,Nihilego,25,-54,-57,8,32,-6,7914
939,Buzzwole,23,32,35,-66,-46,-30,10150
940,Pheromosa,-13,30,-67,18,-62,42,11490
941,Xurkitree,-1,-18,-33,54,-28,-26,5790
942,Celesteela,13,-6,-1,-12,2,-48,2658
943,Kartana,-25,74,27,-60,-68,0,15054
944,Guzzlord,139,-6,-51,-22,-46,-66,28914
945,Necrozma,13,0,-3,8,-10,-30,1242
946,Necrozma (Dusk Mane Necrozma),13,50,23,-6,10,-32,4358
947,Necrozma (Dawn Wings Necrozma),13,6,5,38,28,-32,3482
948,Necrozma (Ultra Necrozma),13,60,-7,48,-2,20,6526
949,Magearna,-4,-12,11,11,16,-44,2594
950,Marshadow,6,18,-24,-29,-9,16,2114
951,Poipole,-17,-34,-37,-46,-32,-36,7250
952,Naganadel,-11,-34,-31,8,-26,12,3122
953,Stakataka,-23,24,107,-66,2,-96,26130
954,Blacephalon,-31,20,-51,32,-20,-2,5390
955,Zeraora,4,5,-29,-17,-19,34,2688
956,Meltan,-38,-42,-39,-64,-64,-75,18546
957,Melmetal,51,36,39,-39,-34,-75,13720
958,Grookey,-34,-42,-54,-79,-59,-44,17494
959,Thwackey,-14,-22,-34,-64,-39,-29,8294
960,Rillaboom,16,18,-14,-59,-29,-24,5674
961,Scorbunny,-34,-36,-64,-79,-59,-40,17870
962,Raboot,-19,-21,-44,-64,-39,-15,8580
963,Cinderace,-4,9,-29,-54,-24,10,4530
964,Sobble,-34,-67,-64,-49,-59,-39,17144
965,Drizzile,-19,-47,-49,-24,-44,-19,7844
966,Inteleon,-14,-22,-39,6,-34,11,3514
967,Skwovet,-14,-52,-49,-84,-64,-84,23509
968,Greedent,36,-12,-9,-64,-24,-89,14114
969,Rookidee,-46,-60,-69,-86,-64,-52,24673
970,Corvisquire,-16,-40,-49,-76,-44,-32,12993
971,Corviknight,14,-20,1,-66,-14,-42,6913
972,Blipbug,-59,-87,-84,-94,-54,-64,33954
973,Dottler,-34,-72,-24,-69,-9,-79,17999
974,Orbeetle,-24,-62,6,-39,21,-19,6779
975,Nickit,-44,-79,-76,-72,-47,-59,24827
976,Thievul,-14,-49,-46,-32,-7,-19,6147
977,Gossifleur,-44,-67,-44,-79,-39,-99,25924
978,Eldegoss,-24,-57,-14,-39,21,-49,8384
979,Wooloo,-42,-67,-49,-79,-54,-61,21532
980,Dubwool,-12,-27,-4,-59,-9,-21,4892
981,Chewtle,-34,-43,-54,-81,-61,-65,20428
982,Drednaw,6,8,-14,-71,-31,-35,7523
983,Yamper,-25,-62,-54,-79,-49,-83,22916
984,Boltund,-15,-17,-44,-29,-39,12,4956
985,Rolycoly,-54,-67,-54,-79,-49,-79,25204
986,Carkol,-4,-47,-14,-59,-29,-59,10224
987,Coalossal,26,-27,16,-39,-9,-79,9504
988,Applin,-44,-67,-24,-79,-59,-89,24644
989,Flapple,-14,3,-24,-24,-39,-39,4399
990,Appletun,26,-22,-24,-19,-19,-79,8699
991,Silicobra,-32,-50,-29,-84,-49,-63,17791
992,Sandaconda,-12,0,21,-54,-29,-38,5786
993,Cramorant,-14,-22,-49,-34,-4,-24,4829
994,Arrokuda,-43,-44,-64,-79,-69,-43,20732
995,Barraskewda,-23,16,-44,-59,-49,27,9332
996,Toxel,-44,-69,-69,-65,-64,-69,24540
997,Toxtricity,-9,-9,-34,-5,-29,-34,3340
998,Sizzlipede,-34,-42,-59,-69,-49,-64,17659
999,Centiskorch,16,8,-39,-29,-9,-44,4699
1000,Clobbopus,-34,-39,-44,-69,-49,-77,17704
1001,Grapploct,-4,11,-14,-49,-19,-67,7584
1002,Sinistea,-44,-62,-59,-45,-45,-59,16792
1003,Polteageist,-24,-42,-39,15,15,-39,5832
1004,Hatenna,-42,-77,-59,-63,-46,-70,22159
1005,Hattrem,-27,-67,-39,-33,-26,-60,12104
1006,Hatterene,-27,-17,-9,17,4,-80,7804
1007,Impidimp,-39,-62,-74,-64,-59,-59,21899
1008,Morgrem,-19,-47,-59,-44,-44,-39,11444
1009,Grimmsnarl,11,13,-39,-24,-24,-49,5364
1010,Obstagoon,9,-17,-3,-59,-18,-14,4380
1011,Perrserker,-14,3,-4,-69,-39,-59,9984
1012,Cursola,-24,-12,-54,26,31,-79,11514
1013,Sirfetch'd,-22,28,-9,-51,-17,-44,6175
1014,Mr. Rime,-4,-22,-29,-9,1,-39,2944
1015,Runerigus,-26,-12,41,-69,6,-79,13539
1016,Milcery,-39,-67,-64,-69,-38,-75,21936
1017,Alcremie,-19,-47,-29,-9,22,-45,6001
1018,Falinks,-19,-7,-4,-49,-39,-34,5504
1019,Pincurchin,-36,-6,-9,-28,-14,-94,11229
1020,Snom,-54,-82,-69,-74,-69,-89,32559
1021,Frosmoth,-14,-42,-44,6,-9,-44,5949
1022,Stonjourner,16,18,31,-99,-79,-39,19104
1023,Eiscue (Ice Face),-9,-27,6,-54,-9,-59,7324
1024,Eiscue (Noice Face),-9,-27,-34,-54,-49,21,7724
1025,Indeedee (Male),-24,-42,-49,-14,-4,-14,5149
1026,Indeedee (Female),-14,-52,-39,-24,6,-24,5609
1027,Morpeko,-26,-12,-46,-49,-41,-12,7162
1028,Cufant,-12,-27,-55,-79,-50,-69,17400
1029,Copperajah,38,23,-35,-39,-30,-79,11860
1030,Dracozolt,6,-7,-14,-39,-29,-34,3799
1031,Arctozolt,6,-7,-14,-29,-19,-54,4399
1032,Dracovish,6,-17,-4,-49,-19,-34,4259
1033,Arctovish,6,-17,-4,-39,-9,-54,4859
1034,Duraludon,-14,-12,11,1,-49,-24,3439
1035,Dreepy,-56,-47,-74,-79,-69,-27,22552
1036,Drakloak,-16,-27,-54,-59,-49,-7,9832
1037,Dragapult,4,13,-29,-19,-24,33,3052
1038,Zacian (Hero of Many Battles),8,13,11,-39,16,29,2972
1039,Zacian (Crowned Sword),8,43,11,-39,16,39,5332
1040,Zamazenta (Hero of Many Battles),8,13,11,-39,16,29,2972
1041,Zamazenta (Crowned Shield),8,13,36,-39,41,19,5092
1042,Eternatus,56,-22,-9,26,-4,21,4834
1043,Eternatus (Eternamax Eternatus),171,8,146,6,151,21,73899
1044,Kubfu,-24,-17,-44,-66,-49,-37,10927
1045,Urshifu,16,23,-4,-56,-39,-12,5602
1046,Zarude,21,13,1,-49,-4,-4,3044
1047,Regieleki,-4,-7,-54,-19,-49,91,14024
1048,Regidrago,116,-7,-54,-19,-49,-29,20024
1049,Glastrier,16,38,26,-54,11,-79,11654
1050,Spectrier,16,-42,-44,26,-19,21,5434
1051,Calyrex,16,-27,-24,-39,-19,-29,4284
1052,Calyrex (Ice Rider Calyrex),16,58,46,-34,31,-59,11334
1053,Calyrex (Shadow Rider Calyrex),16,-22,-24,46,1,41,5114
1054,Wyrdeer,19,-2,-32,-14,-24,-44,4097
1055,Kleavor,-14,28,-9,-74,-29,-24,7954
1056,Ursaluna,46,33,1,-74,-19,-59,12524
1057,Basculegion (Male),36,5,-39,-39,-24,-31,5900
1058,Basculegion (Female),36,-15,-39,-19,-24,-31,4940
1059,Sneasler,-4,23,-44,-79,-19,11,9204
1060,Overqwil,1,8,-9,-54,-34,-24,4794
1061,Enamorus (Incarnate Forme),-10,8,-34,16,-19,-3,1946
1062,Enamorus (Therian Forme),-10,8,6,16,1,-63,4426
1063,Sprigatito,-44,-46,-50,-74,-54,-44,16880
1064,Floragato,-23,-27,-41,-59,-36,-26,8392
1065,Meowscarada,-8,3,-34,-38,-29,14,3710
1066,Fuecoco,-17,-62,-45,-56,-59,-73,18104
1067,Crocalor,-3,-52,-26,-29,-41,-60,9511
1068,Skeledirge,20,-32,-4,-9,-24,-43,3946
1069,Quaxly,-29,-42,-59,-69,-54,-59,17244
1070,Quaxwell,-14,-22,-39,-54,-39,-44,8574
1071,Quaquaval,1,13,-24,-34,-24,-24,3054
1072,Lechonk,-30,-62,-64,-84,-54,-74,24288
1073,Oinkologne (Male),26,-7,-29,-60,-19,-44,7463
1074,Oinkologne (Female),31,-17,-34,-60,-9,-44,8023
1075,Tarountula,-49,-66,-59,-90,-59,-89,29740
1076,Spidops,-24,-28,-12,-67,-13,-74,11638
1077,Nymble,-51,-61,-64,-98,-74,-64,29594
1078,Lokix,-13,-5,-26,-67,-44,-17,7584
1079,Pawmi,-39,-57,-84,-79,-74,-49,25944
1080,Pawmo,-24,-32,-64,-69,-59,-24,14514
1081,Pawmot,-14,8,-34,-49,-39,-4,5354
1082,Tandemaus,-34,-57,-59,-79,-54,-34,18199
1083,Maushold,-10,-32,-34,-54,-24,2,5776
1084,Fidough,-47,-52,-34,-89,-44,-44,17862
1085,Dachsbun,-27,-27,11,-69,-19,-14,6897
1086,Smoliv,-43,-72,-59,-61,-48,-79,22780
1087,Dolliv,-32,-54,-44,-41,-21,-76,13774
1088,Arboliva,-6,-38,-14,6,10,-70,6712
1089,Squawkabilly,-2,-11,-53,-74,-48,-17,11003
1090,Nacli,-29,-52,-29,-84,-64,-84,22594
1091,Naclstack,-24,-47,-4,-84,-34,-74,16489
1092,Garganacl,16,-7,26,-74,-9,-74,12014
1093,Charcadet,-44,-57,-64,-69,-59,-74,22999
1094,Armarouge,1,-47,-4,6,-19,-34,3779
1095,Ceruledge,-9,18,-24,-59,1,-24,5039
1096,Tadbulb,-23,-76,-63,-60,-64,-64,22066
1097,Bellibolt,25,-43,-13,-16,-16,-64,7251
1098,Wattrel,-44,-67,-69,-64,-59,-39,20284
1099,Kilowattrel,-14,-37,-44,-14,-39,16,5474
1100,Maschiff,-24,-29,-44,-79,-48,-58,15262
1101,Mabosstiff,-4,13,-14,-59,-29,-24,5279
1102,Shroodle,-44,-42,-69,-79,-64,-34,19954
1103,Grafaiai,-21,-12,-39,-39,-27,1,4357
1104,Bramblin,-44,-42,-74,-74,-64,-49,21149
1105,Brambleghast,-29,8,-34,-39,-29,-19,4784
1106,Toedscool,-44,-67,-69,-69,1,-39,17469
1107,Toedscruel,-4,-37,-39,-39,21,-9,4949
1108,Klawf,-14,-7,11,-84,-44,-34,10514
1109,Capsakid,-34,-45,-64,-57,-59,-59,17488
1110,Scovillain,-19,1,-39,-11,-34,-34,4316
1111,Rellor,-43,-57,-44,-88,-41,-79,22700
1112,Rabsca,-9,-57,-19,-4,1,-64,7804
1113,Flittle,-54,-72,-74,-64,-69,-34,23589
1114,Espathra,11,-47,-44,-18,-39,-4,6127
1115,Tinkatink,-34,-62,-59,-84,-35,-51,19363
1116,Tinkatuff,-19,-52,-49,-74,-17,-31,12192
1117,Tinkaton,1,-32,-27,-49,6,-15,4416
1118,Wiglett,-74,-52,-79,-84,-74,-14,27149
1119,Wugtrio,-49,-7,-54,-69,-29,11,11089
1120,Bombirdier,-14,-4,-19,-59,-14,-27,4979
1121,Finizen,-14,-62,-64,-74,-59,-34,18249
1122,Palafin,16,-37,-32,-66,-37,-9,8455
1123,Palafin,16,53,-7,-13,-12,-9,3508
1124,Varoom,-39,-37,-41,-89,-54,-62,19252
1125,Revavroom,-4,12,-14,-65,-32,-19,5966
1126,Cyclizar,-14,-12,-39,-34,-34,12,4317
1127,Orthworm,-14,-22,41,-59,-44,-44,9714
1128,Glimmet,-36,-72,-62,-14,-39,-49,14442
1129,Glimmora,-1,-52,-14,11,-18,-23,3875
1130,Greavard,-34,-46,-44,-89,-44,-75,20690
1131,Houndstone,-12,-6,-4,-69,-2,-41,6642
1132,Flamigo,-2,8,-30,-44,-35,-19,4490
1133,Cetoddle,24,-39,-59,-89,-59,-66,21336
1134,Cetitan,86,6,-39,-74,-44,-36,17661
1135,Veluza,6,-5,-31,-41,-34,-39,5380
1136,Dondozo,66,-7,11,-54,-34,-74,14074
1137,Tatsugiri,-16,-57,-44,1,-4,-27,6187
1138,Annihilape,26,8,-24,-69,-9,-19,6519
1139,Clodsire,46,-32,-44,-74,1,-89,18474
1140,Farigiraf,36,-17,-34,-9,-29,-49,6064
1141,Dudunsparce,41,-7,-24,-34,-24,-54,6954
1142,Kingambit,16,28,16,-59,-14,-59,8454
1143,Great Tusk,31,24,27,-66,-46,-22,9222
1144,Scream Tail,31,-42,-5,-54,16,2,5926
1145,Brute Bonnet,27,20,-5,-40,0,-54,5670
1146,Flutter Mane,-29,-52,-49,16,36,26,8174
1147,Slither Wing,1,28,-25,-34,6,-28,3386
1148,Sandy Shocks,1,-26,-7,2,-14,-8,990
1149,Iron Treads,6,5,16,-47,-29,-3,3376
1150,Iron Bundle,-28,-27,10,5,-39,27,3888
1151,Iron Hands,70,33,4,-69,-31,-59,15208
1152,Iron Jugulis,10,-27,-18,3,-19,-1,1524
1153,Iron Moth,-4,-37,-44,21,11,1,3884
1154,Iron Thorns,16,27,6,-49,-15,-37,5016
1155,Frigibax,-19,-32,-59,-84,-54,-54,17754
1156,Arctibax,6,-12,-38,-74,-34,-47,10465
1157,Baxcalibur,31,38,-12,-44,-13,-22,5138
1158,Gimmighoul (Chest Form),-39,-77,-34,-44,-29,-99,21184
1159,Gimmighoul (Roaming Form),-39,-77,-79,-44,-54,-29,19384
1160,Gholdengo,3,-47,-9,14,-8,-25,3184
1161,Wo-Chien,1,-22,-4,-24,36,-39,3894
1162,Chien-Pao,-4,13,-24,-29,-34,26,3434
1163,Ting-Lu,71,3,21,-64,-19,-64,14044
1164,Chi-Yu,-29,-27,-24,16,21,-9,2924
1165,Roaring Moon,21,32,-33,-64,2,10,6754
1166,Iron Valiant,-10,23,-14,1,-39,7,2396
1167,Koraidon,16,28,11,-34,1,26,2994
1168,Miraidon,16,-22,-4,16,16,26,1944
