Cassie Deering vs. Pokemon SSE,pokemon,D_HP,D_ATK,D_DEF,D_SPA,D_SPD,D_SPE,SSE
0,Bulbasaur,-27,-25,-11,5,-8,-45,3589
1,Ivysaur,-12,-12,3,20,7,-30,1646
2,Venusaur,8,8,23,40,27,-10,3086
3,Venusaur (Mega Venusaur),8,26,63,62,47,-10,10862
4,Charmander,-33,-22,-17,0,-23,-25,3016
5,Charmeleon,-14,-10,-2,20,-8,-10,864
6,Charizard,6,10,18,49,12,10,3105
7,Charizard (Mega Charizard X),6,56,51,70,12,10,10917
8,Charizard (Mega Charizard Y),6,30,18,99,42,10,12925
9,Squirtle,-28,-26,5,-10,-9,-47,3875
10,Wartortle,-13,-11,20,5,7,-32,1788
11,Blastoise,7,9,40,25,32,-12,3523
12,Blastoise (Mega Blastoise),7,29,60,75,42,-12,12023
13,Caterpie,-27,-44,-25,-40,-53,-45,9724
14,Metapod,-22,-54,-5,-35,-48,-60,10554
15,Butterfree,-12,-29,-10,30,7,-20,2434
16,Weedle,-32,-39,-30,-40,-53,-40,9454
17,Kakuna,-27,-49,-10,-35,-48,-55,9784
18,Beedrill,-7,16,-20,-15,7,-15,1204
19,Beedrill (Mega Beedrill),-7,76,-20,-45,7,55,11324
20,Pidgey,-32,-29,-20,-25,-38,-34,5490
21,Pidgeotto,-9,-14,-5,-10,-23,-19,1292
22,Pidgeot,11,6,15,10,-3,11,612
23,Pidgeot (Mega Pidgeot),11,6,20,75,7,31,7192
24,Rattata,-42,-18,-25,-35,-38,-18,5706
25,Rattata (Alolan Rattata),-42,-18,-25,-35,-38,-18,5706
26,Raticate,-17,7,0,-10,-3,7,496
27,Raticate (Alolan Raticate),3,-3,10,-20,7,-13,736
28,Spearow,-32,-14,-30,-29,-42,-20,5125
29,Fearow,-7,16,5,1,-12,10,575
30,Ekans,-37,-14,-16,-20,-19,-35,3807
31,Arbok,-12,21,9,5,6,-10,827
32,Pikachu,-37,-19,-20,-10,-23,0,2759
33,Pikachu (Partner Pikachu),-27,6,-10,15,-13,30,2159
34,Raichu,-12,16,-5,30,7,20,1774
35,Raichu (Alolan Raichu),-12,11,-10,35,12,20,2134
36,Sandshrew,-22,1,25,-40,-43,-50,7059
37,Sandshrew (Alolan Sandshrew),-22,1,30,-50,-38,-50,7829
38,Sandslash,3,26,50,-15,-18,-25,4359
39,Sandslash (Alolan Sandslash),3,26,60,-35,-8,-25,6199
40,Nidoran♀,-17,-27,-8,-20,-33,-49,4972
41,Nidorina,-2,-12,7,-5,-18,-34,1702
42,Nidoqueen,18,18,27,15,12,-14,1942
43,Nidoran♂,-26,-17,-20,-20,-33,-40,4454
44,Nidorino,-11,-2,-3,-5,-18,-25,1108
45,Nidoking,9,28,17,25,2,-5,1808
46,Clefairy,-2,-29,-12,0,-8,-55,4078
47,Clefable,23,-4,13,35,17,-30,3128
48,Vulpix,-34,-33,-20,-10,-8,-25,3434
49,Vulpix (Alolan Vulpix),-34,-33,-20,-10,-8,-25,3434
50,Ninetales,1,2,15,21,27,10,1500
51,Ninetales (Alolan Ninetales),1,-7,15,21,27,19,1806
52,Jigglypuff,43,-29,-40,-15,-48,-70,11719
53,Wigglytuff,68,-4,-15,25,-23,-45,8044
54,Zubat,-32,-29,-25,-30,-33,-35,5704
55,Golbat,3,6,10,5,2,0,174
56,Oddish,-27,-24,-5,15,-8,-60,5219
57,Gloom,-12,-9,10,25,2,-50,3454
58,Vileplume,3,6,25,50,17,-40,5059
59,Paras,-37,-4,-5,-15,-18,-65,6184
60,Parasect,-12,21,20,0,7,-60,4634
61,Venonat,-12,-19,-10,-20,-18,-45,3354
62,Venomoth,-2,-9,0,30,2,0,989
63,Diglett,-62,-19,-35,-25,-28,5,6864
64,Diglett (Alolan Diglett),-62,-19,-30,-25,-28,0,6514
65,Dugtrio,-37,26,-10,-10,-3,30,3154
66,Dugtrio (Alolan Dugtrio),-37,26,0,-10,-3,20,2554
67,Meowth,-32,-29,-25,-20,-33,0,3979
68,Meowth (Alolan Meowth),-32,-39,-25,-10,-33,0,4359
69,Meowth (Galarian Meowth),-22,-9,-5,-20,-33,-50,4579
70,Persian,-7,-4,0,5,-8,25,779
71,Persian (Alolan Persian),-7,-14,0,15,-8,25,1159
72,Psyduck,-22,-22,-12,5,-23,-35,2891
73,Golduck,8,8,18,35,7,-5,1751
74,Mankey,-32,6,-25,-25,-28,-20,3494
75,Primeape,-7,31,0,0,-3,5,1044
76,Growlithe,-17,-4,-15,10,-23,-30,2059
77,Growlithe (Hisuian Growlithe),-12,1,-15,5,-23,-35,2149
78,Arcanine,18,36,20,40,7,5,3694
79,Arcanine (Hisuian Arcanine),23,41,20,35,7,0,3884
80,Poliwag,-32,-24,-20,-20,-33,0,3489
81,Poliwhirl,-7,-9,5,-10,-23,0,784
82,Poliwrath,18,21,35,10,17,-20,2779
83,Abra,-47,-54,-45,45,-18,0,9499
84,Kadabra,-32,-39,-30,60,-3,15,7279
85,Alakazam,-17,-24,-15,75,22,30,8099
86,Alakazam (Mega Alakazam),-17,-24,5,115,32,60,18739
87,Machop,-2,6,-10,-25,-38,-55,5234
88,Machoke,8,26,10,-10,-13,-45,3134
89,Machamp,18,56,20,5,12,-35,5254
90,Bellsprout,-22,1,-25,10,-43,-50,5559
91,Weepinbell,-7,16,-10,25,-28,-35,3039
92,Victreebel,8,31,5,40,-3,-20,3059
93,Tentacool,-32,-34,-25,-10,27,-20,4034
94,Tentacruel,8,-4,5,20,47,10,2814
95,Geodude,-32,6,40,-30,-43,-70,10309
96,Geodude (Alolan Geodude),-32,6,40,-30,-43,-70,10309
97,Graveler,-17,21,55,-15,-28,-55,7789
98,Graveler (Alolan Graveler),-17,21,55,-15,-28,-55,7789
99,Golem,8,46,70,-5,-8,-45,9194
100,Golem (Alolan Golem),8,46,70,-5,-8,-45,9194
101,Ponyta,-22,11,-5,5,-8,0,719
102,Ponyta (Galarian Ponyta),-22,11,-5,5,-8,0,719
103,Rapidash,-7,26,10,20,7,15,1499
104,Rapidash (Galarian Rapidash),-7,26,10,20,7,15,1499
105,Slowpoke,18,-9,5,-20,-33,-75,7544
106,Slowpoke (Galarian Slowpoke),18,-9,5,-20,-33,-75,7544
107,Slowbro,23,1,50,40,7,-60,8279
108,Slowbro (Mega Slowbro),23,1,120,70,7,-60,23479
109,Slowbro (Galarian Slowbro),23,26,35,40,-3,-60,7639
110,Magnemite,-47,-39,10,35,-18,-45,7404
111,Magneton,-22,-14,35,60,-3,-20,5914
112,Farfetch'd,-20,16,-5,-2,-11,-30,1706
113,Farfetch'd (Galarian Farfetch'd),-20,21,-5,-2,-11,-35,2216
114,Doduo,-37,11,-15,-25,-38,-15,4009
115,Dodrio,-12,36,10,0,-13,20,2109
116,Seel,-7,-29,-5,-15,-3,-45,3174
117,Dewgong,18,-4,20,10,22,-20,1724
118,Grimer,8,6,-10,-20,-23,-65,5354
119,Grimer (Alolan Grimer),8,6,-10,-20,-23,-65,5354
120,Muk,33,31,15,5,27,-40,4629
121,Muk (Alolan Muk),33,31,15,5,27,-40,4629
122,Shellder,-42,-9,40,-15,-48,-50,8474
123,Cloyster,-22,21,120,25,-28,-20,17134
124,Gastly,-42,-39,-30,40,-38,-10,7329
125,Haunter,-27,-24,-15,55,-18,5,4904
126,Gengar,-12,-9,0,70,2,20,5529
127,Gengar (Mega Gengar),-12,-9,20,110,22,40,14809
128,Onix,-37,-29,100,-30,-28,-20,14294
129,Drowzee,-12,-26,-15,-17,17,-48,3927
130,Hypno,13,-1,10,13,42,-23,2732
131,Krabby,-42,31,30,-35,-48,-40,8754
132,Kingler,-17,56,55,-10,-23,-15,7304
133,Voltorb,-32,-44,-10,-5,-18,10,3509
134,Voltorb (Hisuian Voltorb),-32,-44,-10,-5,-18,10,3509
135,Electrode,-12,-24,10,20,7,60,4869
136,Electrode (Hisuian Electrode),-12,-24,10,20,7,60,4869
137,Exeggcute,-12,-34,20,0,-28,-50,4984
138,Exeggutor,23,21,25,65,2,-35,7049
139,Exeggutor (Alolan Exeggutor),23,31,25,65,2,-45,8369
140,Cubone,-22,-24,35,-20,-23,-55,6239
141,Marowak,-12,6,50,-10,7,-45,4854
142,Marowak (Alolan Marowak),-12,6,50,-10,7,-45,4854
143,Hitmonlee,-22,46,-7,-25,37,-3,4652
144,Hitmonchan,-22,31,19,-25,37,-14,3996
145,Lickitung,18,-19,15,0,2,-60,4514
146,Koffing,-32,-9,35,0,-28,-55,6139
147,Weezing,-7,16,60,25,-3,-30,5439
148,Weezing (Galarian Weezing),-7,16,60,25,-3,-30,5439
149,Rhyhorn,8,11,35,-30,-43,-65,8384
150,Rhydon,33,56,60,-15,-28,-50,11334
151,Chansey,178,-69,-55,-25,32,-40,42719
152,Tangela,-7,-19,55,40,-33,-30,7024
153,Kangaskhan,33,21,20,-20,7,0,2379
154,Kangaskhan (Mega Kangaskhan),33,51,40,0,27,10,6119
155,Horsea,-42,-34,10,10,-48,-30,6324
156,Seadra,-17,-9,35,35,-28,-5,3629
157,Goldeen,-27,-7,0,-25,-23,-27,2661
158,Seaking,8,18,5,5,7,-22,971
159,Staryu,-42,-29,-5,10,-18,-5,3079
160,Starmie,-12,1,25,40,12,25,3139
161,Mr. Mime,-32,-29,5,40,47,0,5699
162,Mr. Mime (Galarian Mr. Mime),-22,-9,5,30,17,10,1879
163,Scyther,-2,36,20,-5,7,15,1999
164,Jynx,-7,-24,-25,55,22,5,4784
165,Electabuzz,-7,9,-3,35,12,15,1733
166,Magmar,-7,21,-3,40,12,3,2252
167,Pinsir,-7,51,40,-5,-3,-5,4309
168,Pinsir (Mega Pinsir),-7,81,60,5,17,15,10749
169,Tauros,3,26,35,-20,-3,20,2719
170,Tauros (Paldean Tauros (Combat Breed)),3,36,45,-30,-3,10,4339
171,Tauros (Paldean Tauros (Blaze Breed)),3,36,45,-30,-3,10,4339
172,Tauros (Paldean Tauros (Aqua Breed)),3,36,45,-30,-3,10,4339
173,Magikarp,-52,-64,-5,-45,-53,-10,11759
174,Gyarados,23,51,19,0,27,-9,4301
175,Gyarados (Mega Gyarados),23,81,49,10,57,-9,12921
176,Lapras,58,11,20,25,22,-30,5894
177,Ditto,-24,-26,-12,-12,-25,-42,3929
178,Eevee,-17,-19,-10,-15,-8,-35,2264
179,Eevee (Partner Eevee),-7,1,10,5,12,-15,544
180,Vaporeon,58,-9,0,50,22,-25,7054
181,Jolteon,-7,-9,0,50,22,40,4714
182,Flareon,-7,56,0,35,37,-25,6404
183,Porygon,-7,-14,10,25,2,-50,3474
184,Omanyte,-37,-34,40,30,-18,-55,8374
185,Omastar,-2,-14,65,55,-3,-35,8684
186,Kabuto,-42,6,30,-5,-28,-35,4734
187,Kabutops,-12,41,45,5,-3,-10,3984
188,Aerodactyl,8,31,5,0,2,40,2654
189,Aerodactyl (Mega Aerodactyl),8,61,25,10,22,60,8594
190,Snorlax,88,36,5,5,37,-60,14059
191,Articuno,18,11,40,35,52,-5,5999
192,Articuno (Galarian Articuno),18,11,25,65,27,5,6049
193,Zapdos,18,16,25,65,17,10,5819
194,Zapdos (Galarian Zapdos),18,51,30,25,17,10,4839
195,Moltres,18,26,30,65,12,0,6269
196,Moltres (Galarian Moltres),18,11,30,40,52,0,5649
197,Dratini,-31,-10,-15,-10,-23,-40,3515
198,Dragonair,-11,10,5,10,-3,-20,755
199,Dragonite,19,60,35,40,27,-10,7615
200,Mewtwo,34,36,30,94,17,40,14077
201,Mewtwo (Mega Mewtwo X),34,116,40,94,27,40,27377
202,Mewtwo (Mega Mewtwo Y),34,76,10,134,47,50,29697
203,Mew,28,26,40,40,27,10,5489
204,Chikorita,-27,-25,5,-11,-8,-45,3589
205,Bayleef,-12,-12,20,3,7,-30,1646
206,Meganium,8,8,40,23,27,-10,3086
207,Cyndaquil,-33,-22,-17,0,-23,-25,3016
208,Quilava,-14,-10,-2,20,-8,-10,864
209,Typhlosion,6,10,18,49,12,10,3105
210,Typhlosion (Hisuian Typhlosion),1,10,18,59,12,5,4075
211,Totodile,-22,-9,4,-16,-25,-47,3671
212,Croconaw,-7,6,20,-1,-10,-32,1610
213,Feraligatr,13,31,40,19,10,-12,3335
214,Sentret,-37,-28,-26,-25,-28,-70,9138
215,Furret,13,2,4,-15,-18,0,738
216,Hoothoot,-12,-44,-30,-24,-17,-40,5445
217,Noctowl,28,-24,-10,26,23,-20,3065
218,Ledyba,-32,-54,-30,-20,7,-35,6514
219,Ledian,-17,-39,-10,-5,37,-5,3329
220,Spinarak,-32,-14,-20,-20,-33,-60,6709
221,Ariados,-2,16,10,0,-3,-50,2869
222,Crobat,13,16,20,10,7,40,2574
223,Chinchou,3,-36,-22,-4,-17,-23,2623
224,Lanturn,53,-16,-2,16,3,-23,3863
225,Pichu,-52,-34,-45,-25,-38,-30,8854
226,Cleffa,-22,-49,-32,-15,-18,-75,10083
227,Igglybuff,18,-44,-45,-20,-53,-75,13119
228,Togepi,-37,-54,5,-20,-8,-70,9674
229,Togetic,-17,-34,25,20,32,-50,5994
230,Natu,-32,-24,-15,10,-28,-20,3109
231,Xatu,-7,1,10,35,-3,5,1409
232,Mareep,-17,-34,-20,5,-28,-55,5679
233,Flaaffy,-2,-19,-5,20,-13,-45,2984
234,Ampharos,18,1,25,55,17,-35,5489
235,Ampharos (Mega Ampharos),18,21,45,105,37,-45,17209
236,Bellossom,3,6,35,30,27,-40,4499
237,Marill,-2,-54,-10,-40,-23,-50,7649
238,Azumarill,28,-24,20,0,7,-40,3409
239,Sudowoodo,-2,26,55,-30,-8,-60,8269
240,Politoed,18,1,15,30,27,-20,2579
241,Hoppip,-37,-39,-20,-25,-18,-40,5839
242,Skiploom,-17,-29,-10,-15,-8,-10,1619
243,Jumpluff,3,-19,10,-5,22,20,1379
244,Aipom,-17,-4,-5,-20,-18,-5,1079
245,Sunkern,-42,-44,-30,-30,-43,-60,10949
246,Sunflora,3,1,-5,45,12,-60,5804
247,Yanma,-7,-9,-15,15,-28,5,1389
248,Wooper,-17,-29,-15,-35,-48,-75,10509
249,Wooper (Paldean Wooper),-17,-29,-15,-35,-48,-75,10509
250,Quagsire,23,11,25,5,-8,-55,4389
251,Espeon,-7,-9,0,70,22,20,5914
252,Umbreon,23,-9,50,0,57,-25,6984
253,Murkrow,-12,11,-18,25,-31,1,2176
254,Slowking,23,1,20,40,37,-60,7499
255,Slowking (Galarian Slowking),23,-9,20,50,37,-60,8479
256,Misdreavus,-12,-14,0,25,12,-5,1134
257,Unown,-24,-2,-12,12,-25,-42,3257
258,Wobbuffet,118,-41,-2,-27,-15,-57,19812
259,Girafarig,-2,6,5,30,-8,-5,1054
260,Pineco,-22,-9,30,-25,-38,-75,9159
261,Forretress,3,16,80,0,-13,-50,9334
262,Dunsparce,28,-4,10,5,-8,-45,3014
263,Gligar,-7,1,45,-25,-8,-5,2789
264,Steelix,3,11,140,-5,-8,-60,23419
265,Steelix (Mega Steelix),3,51,170,-5,22,-60,35619
266,Snubbull,-12,6,-10,-20,-33,-60,5369
267,Granbull,18,46,15,0,-13,-45,4859
268,Qwilfish,-7,21,25,-5,-18,-5,1489
269,Qwilfish (Hisuian Qwilfish),-7,21,25,-5,-18,-5,1489
270,Scizor,-2,56,40,-5,7,-25,5439
271,Scizor (Mega Scizor),-2,76,80,5,27,-15,13159
272,Shuckle,-52,-64,170,-50,157,-85,70074
273,Heracross,8,51,15,-20,22,-5,3799
274,Heracross (Mega Heracross),8,111,55,-20,32,-15,17059
275,Sneasel,-17,21,-5,-25,2,25,2009
276,Sneasel (Hisuian Sneasel),-17,21,-5,-25,2,25,2009
277,Teddiursa,-12,6,-10,-10,-23,-50,3409
278,Ursaring,18,56,15,15,2,-35,5139
279,Slugma,-32,-34,-20,10,-33,-70,8669
280,Magcargo,-12,-24,60,30,7,-60,8869
281,Swinub,-22,-24,-20,-30,-43,-40,5809
282,Piloswine,28,26,20,0,-13,-40,3629
283,Corsola,-7,-19,35,5,22,-55,5169
284,Corsola (Galarian Corsola),-12,-19,40,5,27,-60,6459
285,Remoraid,-37,-9,-25,5,-38,-25,4169
286,Octillery,3,31,15,45,2,-45,5249
287,Delibird,-27,-19,-15,5,-28,-15,2349
288,Mantine,13,-34,10,20,67,-20,6714
289,Skarmory,-7,6,80,-20,-3,-20,7294
290,Houndour,-27,-14,-30,20,-23,-25,3379
291,Houndoom,3,16,-10,50,7,5,2939
292,Houndoom (Mega Houndoom),3,16,30,80,17,25,8479
293,Kingdra,3,21,35,35,22,-5,3409
294,Phanpy,18,-14,0,-20,-33,-50,4509
295,Donphan,18,46,60,0,-13,-40,7809
296,Porygon2,13,6,30,45,22,-30,4514
297,Stantler,1,21,2,25,-8,-5,1160
298,Smeargle,-17,-54,-25,-40,-28,-15,6439
299,Tyrogue,-37,-39,-25,-25,-38,-55,8609
300,Hitmontop,-22,21,35,-25,37,-20,4544
301,Smoochum,-27,-44,-45,25,-8,-25,6004
302,Elekid,-27,-11,-23,5,-18,5,1753
303,Magby,-27,1,-23,10,-18,-7,1732
304,Miltank,23,6,45,-20,-3,10,3099
305,Blissey,183,-64,-50,15,62,-35,45379
306,Raikou,18,11,15,55,27,25,5049
307,Entei,43,41,25,30,2,10,5159
308,Suicune,28,1,55,30,42,-5,6499
309,Larvitar,-22,-10,-10,-15,-23,-49,3839
310,Pupitar,-2,10,10,5,-3,-39,1759
311,Tyranitar,28,60,50,35,27,-29,9679
312,Tyranitar (Mega Tyranitar),28,90,90,35,47,-19,20779
313,Lugia,34,16,70,30,81,20,14173
314,Ho-Oh,34,56,30,50,81,0,14253
315,Celebi,28,26,40,40,27,10,5489
316,Treecko,-32,-29,-25,5,-18,-20,3239
317,Grovyle,-22,-9,-15,25,-8,5,1504
318,Sceptile,-2,11,5,45,12,30,3219
319,Sceptile (Mega Sceptile),-2,36,15,85,12,55,11919
320,Torchic,-27,-14,-20,10,-23,-45,3979
321,Combusken,-12,11,0,25,-13,-35,2284
322,Blaziken,8,46,10,50,-3,-10,4889
323,Blaziken (Mega Blaziken),8,86,20,70,7,10,12909
324,Mudkip,-22,-4,-10,-10,-23,-50,3729
325,Marshtomp,-2,11,10,0,-3,-40,1834
326,Swampert,28,36,30,25,17,-30,4794
327,Swampert (Mega Swampert),28,76,50,35,37,-20,12054
328,Poochyena,-37,-19,-25,-30,-43,-55,8129
329,Mightyena,-2,16,10,0,-13,-20,929
330,Zigzagoon,-34,-44,-19,-30,-32,-30,6277
331,Zigzagoon (Galarian Zigzagoon),-34,-44,-19,-30,-32,-30,6277
332,Linoone,6,-4,1,-10,-12,10,397
333,Linoone (Galarian Linoone),6,-4,1,-10,-12,10,397
334,Wurmple,-27,-29,-25,-40,-43,-70,10544
335,Silcoon,-22,-39,-5,-35,-48,-75,11184
336,Beautifly,-12,-4,-10,40,-23,-25,3014
337,Cascoon,-22,-39,-5,-35,-48,-75,11184
338,Dustox,-12,-24,10,-10,17,-25,1834
339,Lotad,-32,-44,-30,-20,-23,-60,8389
340,Lombre,-12,-24,-10,0,-3,-40,2429
341,Ludicolo,8,-4,10,30,27,-20,2209
342,Seedot,-32,-34,-10,-30,-43,-60,8629
343,Nuzleaf,-2,-4,-20,0,-33,-30,2409
344,Shiftry,18,26,0,30,-13,-10,2169
345,Taillow,-32,-19,-30,-30,-43,-5,5059
346,Swellow,-12,11,0,15,-23,35,2244
347,Wingull,-32,-44,-30,-5,-43,-5,5759
348,Pelipper,-12,-24,40,35,-3,-25,4179
349,Ralts,-44,-49,-35,-15,-38,-50,9731
350,Kirlia,-34,-39,-25,5,-18,-40,5251
351,Gardevoir,-4,-9,5,65,42,-10,6211
352,Gardevoir (Mega Gardevoir),-4,11,5,105,62,10,15131
353,Surskit,-32,-44,-28,-10,-21,-25,4910
354,Masquerain,-2,-14,2,40,9,-10,1985
355,Shroomish,-12,-34,0,-20,-13,-55,4894
356,Breloom,-12,56,20,0,-13,-20,4249
357,Slakoth,-12,-14,0,-25,-38,-60,6009
358,Vigoroth,8,6,20,-5,-18,0,849
359,Slaking,78,86,40,35,-8,10,16469
360,Nincada,-41,-29,30,-30,-43,-50,8671
361,Ninjask,-11,16,-15,-10,-23,70,6131
362,Shedinja,-71,16,-15,-30,-43,-50,10771
363,Whismur,-8,-23,-37,-9,-50,-62,8387
364,Loudred,12,-3,-17,11,-30,-42,3227
365,Exploud,32,17,3,31,0,-22,2767
366,Makuhita,0,-14,-30,-40,-43,-65,8770
367,Hariyama,72,46,0,-20,-13,-40,9469
368,Azurill,-22,-54,-20,-40,-33,-70,11389
369,Nosepass,-42,-29,75,-15,17,-60,12344
370,Skitty,-22,-29,-15,-25,-38,-40,5219
371,Delcatty,-2,-9,5,-5,-18,0,459
372,Sableye,-22,1,15,5,-8,-40,2399
373,Sableye (Mega Sableye),-22,11,65,25,42,-70,12119
374,Mawile,-22,11,25,-5,-18,-40,3179
375,Mawile (Mega Mawile),-22,31,65,-5,22,-40,7779
376,Aron,-22,-4,40,-20,-33,-60,7189
377,Lairon,-12,16,80,-10,-23,-50,9929
378,Aggron,-2,36,120,0,-13,-40,17469
379,Aggron (Mega Aggron),-2,66,170,0,7,-40,34909
380,Meditite,-42,-34,-5,-20,-18,-30,4569
381,Medicham,-12,-14,15,0,2,-10,669
382,Medicham (Mega Medicham),-12,26,25,20,12,10,2089
383,Electrike,-32,-29,-20,5,-33,-25,4004
384,Manectric,-2,1,0,45,-13,15,2424
385,Manectric (Mega Manectric),-2,1,20,75,7,45,8104
386,Plusle,-12,-24,-20,25,2,5,1774
387,Minun,-12,-34,-10,15,12,5,1794
388,Volbeat,-7,-1,15,-13,12,-5,613
389,Illumise,-7,-27,15,13,12,-5,1341
390,Roselia,-22,-14,-15,40,7,-25,3179
391,Gulpin,-2,-31,-7,-17,-20,-50,4203
392,Swalot,28,-1,23,13,10,-35,2808
393,Carvanha,-27,16,-40,5,-53,-25,6044
394,Sharpedo,-2,46,-20,35,-33,5,4859
395,Sharpedo (Mega Sharpedo),-2,66,10,50,-8,15,7249
396,Wailmer,58,-4,-25,10,-38,-30,6449
397,Wailord,98,16,-15,30,-28,-30,12669
398,Numel,-12,-14,-20,5,-28,-55,4574
399,Camerupt,-2,26,10,45,2,-50,5309
400,Camerupt (Mega Camerupt),-2,46,40,85,32,-70,16869
401,Torkoal,-2,11,80,25,-3,-70,12059
402,Spoink,-12,-49,-25,10,7,-30,4219
403,Grumpig,8,-29,5,30,37,-10,3299
404,Spinda,-12,-14,0,0,-13,-30,1409
405,Trapinch,-27,26,-15,-15,-28,-80,9039
406,Vibrava,-22,-4,-10,-10,-23,-20,1629
407,Flygon,8,26,20,20,7,10,1689
408,Cacnea,-22,11,-20,25,-33,-55,5744
409,Cacturne,-2,41,0,55,-13,-35,6104
410,Swablu,-27,-34,0,-20,2,-40,3889
411,Altaria,3,-4,30,10,32,-10,2149
412,Altaria (Mega Altaria),3,36,50,50,32,-10,7429
413,Zangoose,1,41,0,0,-13,0,1851
414,Seviper,1,26,0,40,-13,-25,3071
415,Lunatone,18,-19,5,35,12,-20,2479
416,Solrock,18,21,25,-5,-8,-20,1879
417,Barboach,-22,-26,-17,-14,-32,-30,3569
418,Whiscash,38,4,13,16,-2,-30,2789
419,Corphish,-29,6,5,-10,-38,-55,5471
420,Crawdaunt,-9,46,25,30,-18,-35,5271
421,Baltoy,-32,-34,-5,-20,-3,-35,3839
422,Claydol,-12,-4,45,10,47,-15,4719
423,Lileep,-6,-33,17,1,14,-67,6100
424,Cradily,14,7,37,21,34,-47,5420
425,Anorith,-27,21,-10,-20,-23,-15,2424
426,Armaldo,3,51,40,10,7,-45,6384
427,Feebas,-52,-59,-40,-50,-18,-10,10709
428,Milotic,23,-14,19,40,52,-9,5471
429,Castform,-2,-4,10,10,-3,-20,629
430,Kecleon,-12,16,10,0,47,-50,5209
431,Shuppet,-28,1,-25,3,-40,-45,5044
432,Banette,-8,41,5,23,-10,-25,3024
433,Banette (Mega Banette),-8,91,15,33,10,-15,9984
434,Duskull,-52,-34,30,-30,17,-65,10174
435,Dusclops,-32,-4,70,0,57,-65,13414
436,Tropius,27,-6,23,12,14,-39,3155
437,Chimecho,3,-24,20,35,17,-25,3124
438,Absol,-7,56,0,15,-13,-15,3804
439,Absol (Mega Absol),-7,76,0,55,-13,25,9644
440,Wynaut,23,-51,-12,-37,-25,-67,9757
441,Snorunt,-22,-24,-10,-10,-23,-40,3389
442,Glalie,8,6,20,20,7,-10,1049
443,Glalie (Mega Glalie),8,46,20,60,7,10,6329
444,Spheal,-2,-34,-10,-5,-23,-65,6039
445,Sealeo,18,-14,10,15,-3,-45,2879
446,Walrein,38,6,30,35,17,-25,4519
447,Clamperl,-37,-10,25,14,-18,-58,5978
448,Huntail,-17,30,45,34,2,-38,5818
449,Gorebyss,-17,10,45,54,2,-38,6778
450,Relicanth,28,16,70,-15,-8,-35,7454
451,Luvdisc,-29,-44,-5,-20,-8,7,3315
452,Bagon,-27,1,0,-20,-43,-40,4579
453,Shelgon,-7,21,40,0,-23,-40,4219
454,Salamence,23,61,20,50,7,10,7299
455,Salamence (Mega Salamence),23,71,70,60,17,30,15259
456,Beldum,-32,-19,20,-25,-13,-60,6179
457,Metang,-12,1,40,-5,7,-40,3419
458,Metagross,8,61,70,35,17,-20,10599
459,Metagross (Mega Metagross),8,71,90,45,37,20,16999
460,Regirock,8,26,140,-10,27,-40,22769
461,Regice,8,-24,40,40,127,-40,21569
462,Registeel,8,1,90,15,77,-40,15919
463,Latias,8,6,30,50,57,20,7149
464,Latias (Mega Latias),8,26,60,80,77,20,17069
465,Latios,8,16,20,70,37,20,7389
466,Latios (Mega Latios),8,56,40,100,47,20,17409
467,Kyogre,28,26,30,90,67,0,14949
468,Kyogre (Primal Kyogre),28,76,30,120,87,0,29429
469,Groudon,28,76,80,40,17,0,14849
470,Groudon (Primal Groudon),28,106,100,90,17,0,30409
471,Rayquaza,33,76,30,90,17,5,16179
472,Rayquaza (Mega Rayquaza),33,106,40,120,27,25,29679
473,Jirachi,28,26,40,40,27,10,5489
474,Deoxys (Normal Forme),-22,76,-10,90,-23,60,18589
475,Deoxys (Attack Forme),-22,106,-40,120,-53,60,34129
476,Deoxys (Defense Forme),-22,-4,100,10,87,0,18169
477,Deoxys (Speed Forme),-22,21,30,35,17,90,11439
478,Turtwig,-17,-6,4,-15,-18,-59,4371
479,Grotle,3,15,25,-5,-8,-54,3864
480,Torterra,23,35,45,15,12,-34,5304
481,Chimchar,-28,-16,-16,-2,-29,-29,2982
482,Monferno,-8,4,-8,18,-21,-9,990
483,Infernape,4,30,11,44,-2,18,3301
484,Piplup,-19,-23,-7,1,-17,-50,3729
485,Prinplup,-8,-8,8,21,3,-40,2242
486,Empoleon,12,12,28,51,28,-30,5357
487,Starly,-32,-19,-30,-30,-43,-30,5934
488,Staravia,-17,1,-10,-20,-33,-10,1979
489,Staraptor,13,46,10,-10,-13,10,2754
490,Bidoof,-13,-29,-20,-25,-33,-59,6605
491,Bibarel,7,11,0,-5,-13,-19,725
492,Kricketot,-35,-49,-19,-35,-32,-65,10461
493,Kricketune,5,11,-9,-5,-22,-25,1361
494,Shinx,-27,-9,-26,-20,-39,-45,5432
495,Luxio,-12,11,-11,0,-24,-30,1862
496,Luxray,8,46,19,35,6,-20,4202
497,Budew,-32,-44,-25,-10,-3,-35,4919
498,Roserade,-12,-4,5,65,32,0,5434
499,Cranidos,-5,51,-20,-30,-43,-32,6799
500,Rampardos,25,91,0,5,-23,-32,10484
501,Shieldon,-42,-32,58,-18,15,-60,10301
502,Bastiodon,-12,-22,108,-13,65,-60,20286
503,Burmy,-32,-45,-15,-31,-28,-54,7935
504,Wormadam (Plant Cloak),-12,-15,25,19,32,-54,5295
505,Wormadam (Sandy Cloak),-12,5,45,-1,12,-54,5255
506,Wormadam (Trash Cloak),-12,-5,35,9,22,-54,4875
507,Mothim,-2,20,-10,34,-23,-24,2765
508,Combee,-42,-44,-18,-30,-31,-20,6285
509,Vespiquen,-2,6,42,20,29,-50,5545
510,Pachirisu,-12,-29,10,-15,17,5,1624
511,Buizel,-17,-9,-25,0,-43,-5,2869
512,Floatzel,13,31,-5,25,-23,25,2934
513,Cherubi,-27,-39,-15,2,-20,-55,5904
514,Cherrim,-2,-14,10,27,5,-5,1079
515,Shellos,4,-26,-12,-3,-11,-56,4102
516,Gastrodon,39,9,8,32,9,-51,5372
517,Ambipom,3,26,6,0,-7,25,1395
518,Drifloon,18,-24,-26,0,-29,-20,2817
519,Drifblim,78,6,-16,30,-19,-10,7737
520,Buneary,-17,-8,-16,-16,-17,-5,1179
521,Lopunny,-7,2,24,-6,23,15,1419
522,Lopunny (Mega Lopunny),-7,62,34,-6,23,45,7639
523,Mismagius,-12,-14,0,45,32,15,3614
524,Honchkrow,28,51,-8,45,-21,-19,6276
525,Glameow,-23,-19,-18,-18,-36,-5,2859
526,Purugly,-1,8,4,4,-14,22,777
527,Chingling,-27,-44,-10,5,-23,-45,5344
528,Stunky,-9,-11,-13,-19,-32,-16,2012
529,Skuntank,31,19,7,11,-12,-6,1672
530,Bronzor,-15,-50,26,-36,13,-67,9355
531,Bronzong,-5,15,56,19,43,-57,8845
532,Bonsly,-22,6,35,-50,-28,-80,11429
533,Mime Jr.,-52,-49,-15,10,17,-30,6619
534,Happiny,28,-69,-55,-45,-8,-60,14259
535,Chatot,4,-9,-15,32,-31,1,2308
536,Spiritomb,-22,18,48,32,35,-55,8386
537,Gible,-14,-4,-15,-20,-28,-48,3925
538,Gabite,-4,16,5,-10,-18,-8,785
539,Garchomp,36,56,35,20,12,12,6345
540,Garchomp (Mega Garchomp),36,96,55,60,22,2,17625
541,Munchlax,63,11,-20,-20,12,-85,12259
542,Riolu,-32,-4,-20,-25,-33,-30,4054
543,Lucario,-2,36,10,55,-3,0,4434
544,Lucario (Mega Lucario),-2,71,28,80,-3,22,12722
545,Hippopotas,-4,-2,18,-22,-31,-58,5153
546,Hippowdon,36,38,58,8,-1,-43,8018
547,Skorupi,-32,-24,30,-30,-18,-25,4349
548,Drapion,-2,16,50,0,2,5,2789
549,Croagunk,-24,-13,-20,1,-33,-40,3835
550,Toxicroak,11,32,5,26,-8,-5,1935
551,Carnivine,2,26,12,30,-1,-44,3661
552,Finneon,-23,-25,-4,-11,-12,-24,2011
553,Lumineon,-3,-5,16,9,13,1,541
554,Mantyke,-27,-54,-10,0,47,-40,7554
555,Snover,-12,-12,-10,2,-13,-50,3061
556,Abomasnow,18,18,15,32,12,-30,2941
557,Abomasnow (Mega Abomasnow),18,58,45,72,32,-60,15521
558,Weavile,-2,46,5,-15,12,35,3739
559,Magnezone,-2,-4,55,70,17,-30,9134
560,Lickilicky,38,11,35,20,22,-40,5274
561,Rhyperior,43,66,70,-5,-18,-50,13954
562,Tangrowth,28,26,65,50,-23,-40,10314
563,Electivire,3,49,7,35,12,5,3853
564,Magmortar,3,21,7,65,22,-7,5257
565,Togekiss,13,-24,35,60,42,-10,7434
566,Yanmega,14,2,26,56,-17,5,4326
567,Leafeon,-7,36,70,0,-8,5,6334
568,Glaceon,-7,-14,50,70,22,-25,8754
569,Gliscor,3,21,65,-15,2,5,4929
570,Mamoswine,38,56,20,10,-13,-10,5349
571,Porygon-Z,13,6,10,75,2,0,5934
572,Gallade,-4,51,5,5,42,-10,4531
573,Gallade (Mega Gallade),-4,91,35,5,42,20,11711
574,Probopass,-12,-19,85,15,77,-50,16384
575,Dusknoir,-27,26,75,5,62,-45,12924
576,Froslass,-2,6,10,20,-3,20,949
577,Rotom,-22,-24,17,35,4,1,2591
578,Rotom (Heat Rotom),-22,-9,47,45,34,-4,5971
579,Rotom (Wash Rotom),-22,-9,47,45,34,-4,5971
580,Rotom (Frost Rotom),-22,-9,47,45,34,-4,5971
581,Rotom (Fan Rotom),-22,-9,47,45,34,-4,5971
582,Rotom (Mow Rotom),-22,-9,47,45,34,-4,5971
583,Uxie,3,1,70,15,57,5,8409
584,Mesprit,8,31,45,45,32,-10,6199
585,Azelf,3,51,10,65,-3,25,7569
586,Dialga,28,46,60,90,27,0,15329
587,Dialga (Origin Forme),28,26,60,90,47,0,15369
588,Palkia,18,46,40,90,47,10,14449
589,Palkia (Origin Forme),18,26,40,90,47,30,13809
590,Heatran,19,16,46,70,33,-13,8891
591,Regigigas,38,86,50,20,37,10,13209
592,Giratina (Altered Forme),78,26,60,40,47,0,14169
593,Giratina (Origin Forme),78,46,40,60,27,0,14129
594,Cresselia,48,-4,60,15,57,-5,9419
595,Phione,8,6,20,20,7,-10,1049
596,Manaphy,28,26,40,40,27,10,5489
597,Darkrai,-2,16,30,75,17,35,8299
598,Shaymin (Land Forme),28,26,40,40,27,10,5489
599,Shaymin (Sky Forme),28,29,15,60,2,37,6823
600,Arceus,48,46,60,60,47,30,14729
601,Victini,28,26,40,40,27,10,5489
602,Snivy,-27,-29,-5,-15,-18,-27,2873
603,Servine,-12,-14,15,0,2,-7,618
604,Serperior,3,1,35,15,22,23,2473
605,Tepig,-7,-11,-15,-15,-28,-45,3429
606,Pignite,18,19,-5,10,-18,-35,2359
607,Emboar,38,49,5,40,-8,-25,6159
608,Oshawott,-17,-19,-15,3,-28,-45,3693
609,Dewott,3,1,0,23,-13,-30,1608
610,Samurott,23,26,25,48,-3,-20,4543
611,Samurott (Hisuian Samurott),18,34,20,40,-8,-5,3569
612,Patrat,-27,-19,-21,-25,-34,-48,5616
613,Watchog,-12,11,9,0,-4,-13,531
614,Lillipup,-27,-14,-15,-35,-28,-35,4384
615,Herdier,-7,6,5,-25,-8,-30,1699
616,Stoutland,13,36,30,-15,17,-10,2979
617,Purrloin,-31,-24,-23,-10,-36,-24,4038
618,Liepard,-8,14,-10,28,-23,16,1929
619,Pansage,-22,-21,-12,-7,-25,-26,2419
620,Simisage,3,24,3,38,-10,11,2259
621,Pansear,-22,-21,-12,-7,-25,-26,2419
622,Simisear,3,24,3,38,-10,11,2259
623,Panpour,-22,-21,-12,-7,-25,-26,2419
624,Simipour,3,24,3,38,-10,11,2259
625,Munna,4,-49,-15,7,-18,-66,7371
626,Musharna,44,-19,25,47,22,-61,9336
627,Pidove,-22,-19,-10,-24,-43,-47,5579
628,Tranquill,-10,3,2,-10,-31,-25,1799
629,Unfezant,8,41,20,5,-18,3,2503
630,Blitzle,-27,-14,-28,-10,-41,-14,3686
631,Zebstrika,3,26,3,20,-10,26,1870
632,Roggenrola,-17,1,25,-35,-48,-75,10069
633,Boldore,-2,31,45,-10,-33,-70,9079
634,Gigalith,13,61,70,0,7,-65,13064
635,Woobat,-7,-29,-17,-5,-30,-18,2428
636,Swoobat,-5,-17,-5,17,-18,24,1528
637,Drilbur,-12,11,-20,-30,-28,-22,2833
638,Excadrill,38,61,0,-10,-8,-2,5333
639,Audino,31,-14,26,0,13,-40,3602
640,Audino (Mega Audino),31,-14,66,20,53,-40,10322
641,Timburr,3,6,-5,-35,-38,-55,5764
642,Gurdurr,13,31,25,-20,-23,-50,5184
643,Conkeldurr,33,66,35,-5,-8,-45,8784
644,Tympole,-22,-24,-20,-10,-33,-26,3325
645,Palpitoad,3,-9,-5,5,-18,-21,905
646,Seismitoad,33,21,15,25,2,-16,2640
647,Throh,48,26,25,-30,12,-45,6674
648,Sawk,3,51,15,-30,2,-5,3764
649,Sewaddle,-27,-21,10,-20,-13,-48,4143
650,Swadloon,-17,-11,30,-10,7,-48,3763
651,Leavanny,3,29,20,10,7,2,1403
652,Venipede,-42,-29,-1,-30,-34,-33,5751
653,Whirlipede,-32,-19,39,-20,6,-43,5191
654,Scolipede,-12,26,29,-5,-4,22,2186
655,Cottonee,-32,-47,0,-23,-23,-24,4867
656,Whimsicott,-12,-7,25,17,2,26,1787
657,Petilil,-27,-39,-10,10,-23,-60,6579
658,Lilligant,-2,-14,15,50,2,0,2929
659,Lilligant (Hisuian Lilligant),-2,31,15,-10,2,15,1519
660,Basculin,-2,18,5,20,-18,8,1141
661,Sandile,-22,-2,-25,-25,-38,-25,3807
662,Krokorok,-12,8,-15,-15,-28,-16,1698
663,Krookodile,23,43,20,5,-3,2,2816
664,Darumaka,-2,16,-15,-45,-28,-40,4894
665,Darumaka (Galarian Darumaka),-2,16,-15,-45,-28,-40,4894
666,Darmanitan (Standard Mode),33,66,-5,-30,-18,5,6719
667,Darmanitan (Zen Mode),33,-44,45,80,32,-35,13699
668,Darmanitan (Galarian Standard Mode),33,66,-5,-30,-18,5,6719
669,Darmanitan (Galarian Zen Mode),33,86,-5,-30,-18,45,11759
670,Maractus,3,12,7,46,-6,-30,3254
671,Dwebble,-22,-9,25,-25,-38,-35,4484
672,Crustle,-2,31,65,5,2,-45,7244
673,Scraggy,-22,1,10,-25,-3,-42,2983
674,Scrafty,-7,16,55,-15,42,-32,6343
675,Sigilyph,0,-16,20,43,7,7,2603
676,Yamask,-34,-44,25,-5,-8,-60,7406
677,Yamask (Galarian Yamask),-34,-19,25,-30,-8,-60,6706
678,Cofagrigus,-14,-24,85,35,32,-60,13846
679,Tirtouga,-18,4,43,-7,-28,-68,7646
680,Carracosta,2,34,73,23,-8,-58,10446
681,Archen,-17,38,-15,14,-28,-20,3338
682,Archeops,3,66,5,52,-8,20,7558
683,Trubbish,-22,-24,2,-20,-11,-25,2210
684,Garbodor,8,21,22,0,9,-15,1295
685,Zorua,-32,-9,-20,20,-33,-25,3619
686,Zorua (Hisuian Zorua),-37,-14,-20,25,-33,-20,4079
687,Zoroark,-12,31,0,60,-13,15,5099
688,Zoroark (Hisuian Zoroark),-17,26,0,65,-13,20,5759
689,Minccino,-17,-24,-20,-20,-33,-15,2979
690,Cinccino,3,21,0,5,-13,25,1269
691,Gothita,-27,-44,-10,-5,-8,-45,4879
692,Gothorita,-12,-29,10,15,12,-35,2679
693,Gothitelle,-2,-19,35,35,37,-25,4809
694,Solosis,-27,-44,-20,45,-23,-70,10519
695,Duosion,-7,-34,-10,65,-13,-60,9299
696,Reuniclus,38,-9,15,65,12,-60,9719
697,Ducklett,-10,-30,-10,-16,-23,-35,3110
698,Swanna,3,13,3,27,-10,8,1080
699,Vanillite,-36,-24,-10,5,-13,-46,4282
700,Vanillish,-21,-9,5,20,2,-31,1912
701,Vanilluxe,-1,21,25,50,22,-11,4172
702,Deerling,-12,-14,-10,-20,-23,-15,1594
703,Sawsbuck,8,26,10,0,-3,5,874
704,Emolga,-17,1,0,15,-13,13,853
705,Karrablast,-22,1,-15,-20,-28,-30,2794
706,Escavalier,-2,61,45,0,32,-70,11674
707,Foongus,-3,-19,-15,-5,-18,-75,6569
708,Amoonguss,42,11,10,25,7,-60,6259
709,Frillish,-17,-34,-10,5,12,-50,4214
710,Jellicent,28,-14,10,25,32,-30,3629
711,Alomomola,93,1,20,-20,-28,-25,10859
712,Joltik,-22,-27,-10,-3,-23,-25,2476
713,Galvantula,-2,3,0,37,-13,18,1875
714,Ferroseed,-28,-24,31,-36,13,-80,10186
715,Ferrothorn,2,20,71,-6,43,-70,12230
716,Klink,-32,-19,10,-15,-13,-60,5479
717,Klang,-12,6,35,10,12,-40,3249
718,Klinklang,-12,26,55,10,12,0,4089
719,Tynamo,-37,-19,-20,-15,-33,-30,4344
720,Eelektrik,-7,11,10,15,-3,-50,3004
721,Eelektross,13,41,20,45,7,-40,5924
722,Elgyem,-17,-19,-5,25,-18,-60,5224
723,Beheeyem,3,1,15,65,22,-50,7444
724,Litwick,-22,-44,-5,5,-18,-70,7694
725,Lampent,-12,-34,0,35,-13,-35,3919
726,Chandelure,-12,-19,30,85,17,-10,9019
727,Axew,-26,13,0,-30,-33,-33,3923
728,Fraxure,-6,43,10,-20,-23,-23,3443
729,Haxorus,4,73,30,0,-3,7,6303
730,Cubchoo,-17,-4,-20,0,-33,-50,4294
731,Beartic,23,56,20,10,7,-40,5814
732,Cryogonal,8,-24,-10,35,62,15,6034
733,Shelmet,-22,-34,25,-20,-8,-65,6954
734,Accelgor,8,-4,-20,40,-13,55,5274
735,Stunfisk,37,-8,24,21,26,-58,6490
736,Stunfisk (Galarian Stunfisk),37,7,39,6,11,-58,6460
737,Mienfoo,-27,11,-10,-5,-23,-25,2129
738,Mienshao,-7,51,0,35,-13,15,4269
739,Druddigon,5,46,30,0,17,-42,5094
740,Golett,-13,0,-10,-25,-23,-55,4448
741,Golurk,17,50,20,-5,7,-35,4488
742,Pawniard,-27,11,10,-20,-33,-30,3339
743,Bisharp,-7,51,40,0,-3,-20,4659
744,Bouffalant,23,36,35,-20,22,-35,5159
745,Rufflet,-2,9,-10,-23,-23,-30,2143
746,Braviary,28,49,15,-3,2,-10,3523
747,Braviary (Hisuian Braviary),38,9,10,52,-3,-25,4963
748,Vullaby,-2,-19,15,-15,-8,-30,1779
749,Mandibuzz,38,-9,45,-5,22,-10,4159
750,Heatmor,13,23,6,45,-7,-25,3433
751,Durant,-14,35,52,-12,-25,19,5255
752,Deino,-20,-9,-10,-15,-23,-52,4039
753,Zweilous,0,11,10,5,-3,-32,1279
754,Hydreigon,20,31,30,65,17,8,6839
755,Larvesta,-17,11,-5,-10,-18,-30,1759
756,Volcarona,13,-14,5,75,32,10,7139
757,Cobalion,19,16,69,30,-1,18,6603
758,Terrakion,19,55,30,12,17,18,5043
759,Virizion,19,16,12,30,56,18,5121
760,Tornadus (Incarnate Forme),7,41,10,65,7,21,6545
761,Tornadus (Therian Forme),7,26,20,50,17,31,4875
762,Thundurus (Incarnate Forme),7,41,10,65,7,21,6545
763,Thundurus (Therian Forme),7,31,10,85,7,11,8505
764,Reshiram,28,46,40,90,47,0,14809
765,Zekrom,28,76,60,60,27,0,14489
766,Landorus (Incarnate Forme),17,51,30,55,7,11,6985
767,Landorus (Therian Forme),17,71,30,45,7,1,8305
768,Kyurem,53,56,30,70,17,5,12059
769,Kyurem (Black Kyurem),53,96,40,60,17,5,17539
770,Kyurem (White Kyurem),53,46,30,110,27,5,18679
771,Keldeo,19,-2,30,69,17,18,6639
772,Meloetta (Aria Forme),28,3,17,68,55,0,8731
773,Meloetta (Pirouette Forme),28,54,30,17,4,38,6349
774,Genesect,-1,46,35,60,22,9,7507
775,Chespin,-16,-13,5,-12,-28,-52,4082
776,Quilladin,-11,4,35,-4,-15,-33,2692
777,Chesnaught,16,33,62,14,2,-26,6065
778,Fennekin,-32,-29,-20,2,-13,-30,3338
779,Braixen,-13,-15,-2,30,-3,-17,1596
780,Delphox,3,-5,12,54,27,14,4019
781,Froakie,-31,-18,-20,2,-29,-19,2891
782,Frogadier,-18,-11,-8,23,-17,7,1376
783,Greninja,0,21,7,43,-2,32,3367
784,Greninja (Ash-Greninja),0,71,7,93,-2,42,15507
785,Bunnelby,-34,-38,-22,-28,-37,-33,6326
786,Diggersby,13,-18,17,-10,4,-12,1042
787,Fletchling,-27,-24,-17,-20,-35,-28,4003
788,Fletchinder,-10,-1,-5,-4,-21,-6,619
789,Talonflame,6,7,11,14,-4,36,1714
790,Scatterbug,-34,-39,-20,-33,-48,-55,9495
791,Spewpa,-27,-52,0,-33,-43,-61,10092
792,Vivillon,8,-22,-10,30,-23,-1,2078
793,Litleo,-10,-24,-2,13,-19,-18,1534
794,Pyroar,14,-6,12,49,-7,16,3082
795,Flabébé,-28,-36,-21,1,6,-48,4862
796,Floette,-18,-29,-13,15,25,-38,3628
797,Florges,6,-9,8,52,81,-15,9671
798,Skiddo,-6,-9,-12,2,-16,-38,1965
799,Gogoat,51,26,2,37,8,-22,5198
800,Pancham,-5,8,2,-14,-25,-47,3123
801,Pangoro,23,50,18,9,-2,-32,4462
802,Furfrou,3,6,0,5,17,12,503
803,Espurr,-10,-26,-6,3,-13,-22,1474
804,Meowstic,2,-26,16,23,8,14,1725
805,Honedge,-27,6,40,-25,-36,-62,8130
806,Doublade,-13,36,90,-15,-24,-55,13391
807,Aegislash (Shield Forme),-12,-24,80,-10,67,-30,12609
808,Aegislash (Blade Forme),-12,66,-10,80,-23,-30,12429
809,Spritzee,6,-22,0,3,-8,-67,5082
810,Aromatisse,29,-2,12,39,16,-61,6487
811,Swirlix,-10,-26,6,-1,-16,-41,2750
812,Slurpuff,10,6,26,25,2,-18,1765
813,Inkay,-19,-20,-7,-23,-27,-45,4093
814,Malamar,14,18,28,8,2,-17,1661
815,Binacle,-30,-22,7,-21,-17,-40,3763
816,Barbaracle,0,31,55,-6,13,-22,4675
817,Skrelp,-22,-14,0,0,-13,-60,4449
818,Dragalge,-7,1,30,37,50,-46,6935
819,Clauncher,-22,-21,2,-2,-10,-46,3149
820,Clawitzer,-1,-1,28,60,16,-31,5603
821,Helioptile,-28,-36,-27,1,-30,-20,4110
822,Heliolisk,-10,-19,-8,49,21,19,3728
823,Tyrunt,-14,15,17,-15,-28,-42,3483
824,Tyrantrum,10,47,59,9,-14,-19,6428
825,Amaura,5,-15,-10,7,-10,-44,2435
826,Aurorus,51,3,12,39,19,-32,5660
827,Sylveon,23,-9,5,50,57,-30,7284
828,Hawlucha,6,18,15,14,-10,28,1665
829,Dedenne,-5,-16,-3,21,-6,11,888
830,Carbink,-22,-24,90,-10,77,-40,16789
831,Goomy,-27,-24,-25,-5,2,-50,4459
832,Sliggoo,-4,1,-7,23,40,-30,3095
833,Sliggoo (Hisuian Sliggoo),-14,1,23,23,40,-50,5355
834,Goodra,18,26,10,50,77,-10,9629
835,Goodra (Hisuian Goodra),8,26,40,50,77,-30,11669
836,Klefki,-15,6,31,20,14,-15,2043
837,Phantump,-29,-4,-12,-10,-13,-52,3974
838,Trevenant,13,36,16,5,9,-34,2983
839,Pumpkaboo (Small Size),-28,-8,10,-16,-18,-34,2684
840,Pumpkaboo (Average Size),-23,-8,10,-16,-18,-39,2794
841,Pumpkaboo (Large Size),-18,-8,10,-16,-18,-44,3004
842,Pumpkaboo (Super Size),-13,-8,10,-16,-18,-49,3314
843,Gourgeist (Small Size),-17,11,62,-2,2,9,4343
844,Gourgeist (Average Size),-7,16,62,-2,2,-6,4193
845,Gourgeist (Large Size),3,21,62,-2,2,-21,4743
846,Gourgeist (Super Size),13,26,62,-2,2,-36,5993
847,Bergmite,-17,-5,25,-28,-38,-62,7011
848,Avalugg,23,43,124,-16,-27,-62,22583
849,Avalugg (Hisuian Avalugg),23,53,124,-26,-37,-52,23463
850,Noibat,-32,-44,-25,-15,-33,-35,6124
851,Noivern,13,-4,20,37,7,33,3092
852,Xerneas,54,57,35,71,25,9,13137
853,Yveltal,54,57,35,71,25,9,13137
854,Zygarde (50% Forme),36,26,61,21,22,5,6643
855,Zygarde (10% Forme),-18,26,11,1,12,25,1891
856,Zygarde (Complete Forme),144,26,61,31,22,-5,26603
857,Diancie,-22,26,90,40,77,-40,18389
858,Diancie (Mega Diancie),-22,86,50,100,37,20,22149
859,Hoopa (Hoopa Confined),8,36,0,90,57,-20,13109
860,Hoopa (Hoopa Unbound),8,86,0,110,57,-10,22909
861,Volcanion,8,36,60,70,17,-20,10549
862,Rowlet,-4,-19,-5,-10,-23,-48,3335
863,Dartrix,6,1,15,10,-3,-38,1815
864,Decidueye,6,33,15,40,27,-20,4079
865,Decidueye (Hisuian Decidueye),16,38,20,35,22,-30,4709
866,Litten,-27,-9,-20,0,-33,-20,2699
867,Torracat,-7,11,-10,20,-23,0,1199
868,Incineroar,23,41,30,20,17,-30,4699
869,Popplio,-22,-20,-6,6,-17,-50,3745
870,Brionne,-12,-5,9,31,8,-40,2875
871,Primarina,8,0,14,66,43,-30,7365
872,Pikipek,-37,1,-30,-30,-43,-25,5644
873,Trumbeak,-17,11,-10,-20,-23,-15,1664
874,Toucannon,8,46,15,15,2,-30,3534
875,Yungoos,-24,-4,-30,-30,-43,-45,6266
876,Gumshoos,16,36,0,-5,-13,-45,3771
877,Grubbin,-25,-12,-15,-5,-28,-44,3739
878,Charjabug,-15,8,35,-5,2,-54,4459
879,Vikavolt,5,-4,30,85,2,-47,10379
880,Crabrawler,-25,8,-3,-18,-26,-27,2427
881,Crabominable,25,58,17,2,-6,-47,6527
882,Oricorio,3,-4,10,38,-3,3,1587
883,Cutiefly,-32,-29,-20,-5,-33,-6,3415
884,Ribombee,-12,-19,0,35,-3,34,2895
885,Rockruff,-27,-9,-20,-30,-33,-30,4099
886,Lycanroc (Midday Form),3,41,5,-5,-8,22,2288
887,Lycanroc (Midnight Form),13,41,15,-5,2,-8,2168
888,Lycanroc (Dusk Form),3,43,5,-5,-8,20,2372
889,Wishiwashi (Solo Form),-27,-54,-40,-35,-48,-50,11274
890,Wishiwashi (School Form),-27,66,70,80,62,-60,23829
891,Mareanie,-22,-21,2,-17,-21,-45,3684
892,Toxapex,-22,-11,92,-7,69,-55,16904
893,Mudbray,-2,26,10,-15,-18,-45,3354
894,Mudsdale,28,51,40,-5,12,-55,8179
895,Dewpider,-34,-34,-8,-20,-1,-63,6746
896,Araquanid,-4,-4,32,-10,59,-48,6941
897,Fomantis,-32,-19,-25,-10,-38,-55,6579
898,Lurantis,-2,31,30,20,17,-45,4579
899,Morelull,-32,-39,-5,5,2,-75,8224
900,Shiinotic,-12,-29,20,30,27,-60,6614
901,Salandit,-24,-30,-20,11,-33,-13,3255
902,Salazzle,-4,-10,0,51,-13,27,3615
903,Stufful,-2,1,-10,-15,-23,-40,2459
904,Bewear,48,51,20,-5,-13,-30,6399
905,Bounsweet,-30,-44,-22,-30,-35,-58,8809
906,Steenee,-20,-34,-12,-20,-25,-28,3509
907,Tsareena,0,46,38,-10,25,-18,4609
908,Comfey,-21,-22,30,22,37,10,3778
909,Oranguru,18,-14,20,30,37,-30,4089
910,Passimian,28,46,30,-20,-13,-10,4469
911,Wimpod,-47,-39,-20,-40,-43,-10,7679
912,Golisopod,3,51,80,0,17,-50,11799
913,Sandygast,-17,-19,20,10,-28,-75,7559
914,Palossand,13,1,50,40,2,-55,7299
915,Pyukumuku,-17,-14,70,-30,57,-85,16759
916,Type: Null,23,21,35,35,22,-31,4865
917,Silvally,23,21,35,35,22,5,3929
918,Minior (Meteor Form),-12,-14,40,0,27,-30,3569
919,Minior (Core),-12,26,0,40,-13,30,3489
920,Komala,-7,41,5,15,22,-25,3089
921,Turtonator,-12,4,75,31,12,-54,9806
922,Togedemaru,-7,24,3,-20,0,6,1070
923,Mimikyu,-17,16,20,-10,32,6,2105
924,Bruxish,-4,31,10,10,-3,2,1190
925,Drampa,6,-14,25,75,18,-54,9722
926,Dhelmise,-2,57,40,26,17,-50,8318
927,Jangmo-o,-27,-19,5,-15,-28,-45,4149
928,Hakamo-o,-17,1,30,5,-3,-25,1849
929,Kommo-o,3,36,65,40,32,-5,8179
930,Tapu Koko,-2,41,25,35,2,40,5139
931,Tapu Lele,-2,11,15,70,42,5,7039
932,Tapu Bulu,-2,56,55,25,22,-15,7499
933,Tapu Fini,-2,1,55,35,57,-5,7529
934,Cosmog,-29,-45,-29,-31,-42,-53,9241
935,Cosmoem,-29,-45,71,-31,58,-53,15041
936,Solgaleo,65,63,47,53,16,7,13517
937,Lunala,65,39,29,77,34,7,13721
938,Nihilego,37,-21,-13,67,58,13,10001
939,Buzzwole,35,65,79,-7,-20,-11,12261
940,Pheromosa,-1,63,-23,77,-36,61,15445
941,Xurkitree,11,15,11,113,-2,-7,13289
942,Celesteela,25,27,43,47,28,-29,7037
943,Kartana,-13,107,71,-1,-42,19,18785
944,Guzzlord,151,27,-7,37,-20,-47,27557
945,Necrozma,25,33,41,67,16,-11,8261
946,Necrozma (Dusk Mane Necrozma),25,83,67,53,36,-13,16277
947,Necrozma (Dawn Wings Necrozma),25,39,49,97,54,-13,17041
948,Necrozma (Ultra Necrozma),25,93,37,107,24,39,24189
949,Magearna,8,21,55,70,42,-25,10819
950,Marshadow,18,51,20,30,17,35,5739
951,Poipole,-5,-1,7,13,-6,-17,569
952,Naganadel,1,-1,13,67,0,31,5621
953,Stakataka,-11,57,151,-7,28,-77,32933
954,Blacephalon,-19,53,-7,91,6,17,11825
955,Zeraora,16,38,15,42,7,53,6547
956,Meltan,-26,-9,5,-5,-38,-56,5387
957,Melmetal,63,69,83,20,-8,-56,19219
958,Grookey,-22,-9,-10,-20,-33,-25,2779
959,Thwackey,-2,11,10,-5,-13,-10,519
960,Rillaboom,28,51,30,0,-3,-5,4319
961,Scorbunny,-22,-3,-20,-20,-33,-21,2823
962,Raboot,-7,12,0,-5,-13,4,403
963,Cinderace,8,42,15,5,2,29,2923
964,Sobble,-22,-34,-20,10,-33,-20,3629
965,Drizzile,-7,-14,-5,35,-18,0,1819
966,Inteleon,-2,11,5,65,-8,30,5339
967,Skwovet,-2,-19,-5,-25,-38,-65,6684
968,Greedent,48,21,35,-5,2,-70,8899
969,Rookidee,-34,-27,-25,-27,-38,-33,5772
970,Corvisquire,-4,-7,-5,-17,-18,-13,872
971,Corviknight,26,13,45,-7,12,-23,3592
972,Blipbug,-47,-54,-40,-35,-28,-45,10759
973,Dottler,-22,-39,20,-10,17,-60,6394
974,Orbeetle,-12,-29,50,20,47,0,6094
975,Nickit,-32,-46,-32,-13,-21,-40,6374
976,Thievul,-2,-16,-2,27,19,0,1354
977,Gossifleur,-32,-34,0,-20,-13,-80,9149
978,Eldegoss,-12,-24,30,20,47,-30,5129
979,Wooloo,-30,-34,-5,-20,-28,-42,5029
980,Dubwool,0,6,40,0,17,-2,1929
981,Chewtle,-22,-10,-10,-22,-35,-46,4509
982,Drednaw,18,41,30,-12,-5,-16,3330
983,Yamper,-13,-29,-10,-20,-23,-64,6135
984,Boltund,-3,16,0,30,-13,31,2295
985,Rolycoly,-42,-34,-10,-20,-23,-60,7549
986,Carkol,8,-14,30,0,-3,-40,2769
987,Coalossal,38,6,60,20,17,-60,9369
988,Applin,-32,-34,20,-20,-33,-70,8969
989,Flapple,-2,36,20,35,-13,-20,3494
990,Appletun,38,11,20,40,7,-60,7214
991,Silicobra,-20,-17,15,-25,-23,-44,4004
992,Sandaconda,0,33,65,5,-3,-19,5709
993,Cramorant,-2,11,-5,25,22,-5,1284
994,Arrokuda,-31,-11,-20,-20,-43,-24,4307
995,Barraskewda,-11,49,0,0,-23,46,5167
996,Toxel,-32,-36,-25,-6,-38,-50,6925
997,Toxtricity,3,24,10,54,-3,-15,3835
998,Sizzlipede,-22,-9,-15,-10,-23,-45,3444
999,Centiskorch,28,41,5,30,17,-25,4304
1000,Clobbopus,-22,-6,0,-10,-23,-58,4513
1001,Grapploct,8,44,30,10,7,-48,5353
1002,Sinistea,-32,-29,-15,14,-19,-40,4247
1003,Polteageist,-12,-9,5,74,41,-20,7807
1004,Hatenna,-30,-44,-15,-4,-20,-51,6078
1005,Hattrem,-15,-34,5,26,0,-41,3763
1006,Hatterene,-15,16,35,76,30,-61,12103
1007,Impidimp,-27,-29,-30,-5,-33,-40,5184
1008,Morgrem,-7,-14,-15,15,-18,-20,1419
1009,Grimmsnarl,23,46,5,35,2,-30,4799
1010,Obstagoon,21,16,41,0,8,5,2467
1011,Perrserker,-2,36,40,-10,-13,-40,4769
1012,Cursola,-12,21,-10,85,57,-60,14759
1013,Sirfetch'd,-10,61,35,8,9,-25,5816
1014,Mr. Rime,8,11,15,50,27,-20,4039
1015,Runerigus,-14,21,85,-10,32,-60,12586
1016,Milcery,-27,-34,-20,-10,-12,-56,5665
1017,Alcremie,-7,-14,15,50,48,-26,5950
1018,Falinks,-7,26,40,10,-13,-15,2819
1019,Pincurchin,-24,27,35,31,12,-75,9260
1020,Snom,-42,-49,-25,-15,-43,-70,11764
1021,Frosmoth,-2,-9,0,65,17,-25,5224
1022,Stonjourner,28,51,75,-40,-53,-20,13819
1023,Eiscue (Ice Face),3,6,50,5,17,-40,4459
1024,Eiscue (Noice Face),3,6,10,5,-23,40,2299
1025,Indeedee (Male),-12,-9,-5,45,22,5,2784
1026,Indeedee (Female),-2,-19,5,35,32,-5,2664
1027,Morpeko,-14,21,-2,10,-15,7,1015
1028,Cufant,0,6,-11,-20,-24,-50,3633
1029,Copperajah,50,56,9,20,-4,-60,9733
1030,Dracozolt,18,26,30,20,-3,-15,2534
1031,Arctozolt,18,26,30,30,7,-35,4074
1032,Dracovish,18,16,40,10,7,-15,2554
1033,Arctovish,18,16,40,20,17,-35,4094
1034,Duraludon,-2,21,55,60,-23,-5,7624
1035,Dreepy,-44,-14,-30,-20,-43,-8,5345
1036,Drakloak,-4,6,-10,0,-23,12,825
1037,Dragapult,16,46,15,40,2,52,6905
1038,Zacian (Hero of Many Battles),20,46,55,20,42,48,10009
1039,Zacian (Crowned Sword),20,76,55,20,42,58,14729
1040,Zamazenta (Hero of Many Battles),20,46,55,20,42,48,10009
1041,Zamazenta (Crowned Shield),20,46,80,20,67,38,15249
1042,Eternatus,68,11,35,85,22,40,15279
1043,Eternatus (Eternamax Eternatus),183,41,190,65,177,40,108424
1044,Kubfu,-12,16,0,-7,-23,-18,1302
1045,Urshifu,28,56,40,3,-13,7,5747
1046,Zarude,33,46,45,10,22,15,6039
1047,Regieleki,8,26,-10,40,-23,110,15069
1048,Regidrago,128,26,-10,40,-23,-10,19389
1049,Glastrier,28,71,70,5,37,-60,15719
1050,Spectrier,28,-9,0,85,7,40,9739
1051,Calyrex,28,6,20,20,7,-10,1769
1052,Calyrex (Ice Rider Calyrex),28,91,90,25,57,-40,22639
1053,Calyrex (Shadow Rider Calyrex),28,11,20,105,27,60,16659
1054,Wyrdeer,31,31,12,45,2,-25,4720
1055,Kleavor,-2,61,35,-15,-3,-5,5209
1056,Ursaluna,58,66,45,-15,7,-40,11619
1057,Basculegion (Male),48,38,5,20,2,-12,4321
1058,Basculegion (Female),48,18,5,40,2,-12,4401
1059,Sneasler,8,56,0,-20,7,30,4549
1060,Overqwil,13,41,35,5,-8,-5,3189
1061,Enamorus (Incarnate Forme),2,41,10,75,7,16,7715
1062,Enamorus (Therian Forme),2,41,50,75,27,-44,12475
1063,Sprigatito,-32,-13,-6,-15,-28,-25,2863
1064,Floragato,-11,6,3,0,-10,-7,315
1065,Meowscarada,4,36,10,21,-3,33,2951
1066,Fuecoco,-5,-29,-1,3,-33,-54,4881
1067,Crocalor,9,-19,18,30,-15,-41,3572
1068,Skeledirge,32,1,40,50,2,-24,5705
1069,Quaxly,-17,-9,-15,-10,-28,-40,3079
1070,Quaxwell,-2,11,5,5,-13,-25,969
1071,Quaquaval,13,46,20,25,2,-5,3339
1072,Lechonk,-18,-29,-20,-25,-28,-55,5999
1073,Oinkologne (Male),38,26,15,-1,7,-25,3020
1074,Oinkologne (Female),43,16,10,-1,17,-25,3120
1075,Tarountula,-37,-33,-15,-31,-33,-70,9633
1076,Spidops,-12,5,32,-8,13,-55,4451
1077,Nymble,-39,-28,-20,-39,-48,-45,8555
1078,Lokix,-1,28,18,-8,-18,2,1501
1079,Pawmi,-27,-24,-40,-20,-48,-30,6509
1080,Pawmo,-12,1,-20,-10,-33,-5,1759
1081,Pawmot,-2,41,10,10,-13,15,2279
1082,Tandemaus,-22,-24,-15,-20,-28,-15,2694
1083,Maushold,2,1,10,5,2,21,575
1084,Fidough,-35,-19,10,-30,-18,-25,3535
1085,Dachsbun,-15,6,55,-10,7,5,3460
1086,Smoliv,-31,-39,-15,-2,-22,-60,6795
1087,Dolliv,-20,-21,0,18,5,-57,4439
1088,Arboliva,6,-5,30,65,36,-51,9083
1089,Squawkabilly,10,22,-9,-15,-22,2,1378
1090,Nacli,-17,-19,15,-25,-38,-65,7169
1091,Naclstack,-12,-14,40,-25,-8,-55,5654
1092,Garganacl,28,26,70,-15,17,-55,9899
1093,Charcadet,-32,-24,-20,-10,-33,-55,6214
1094,Armarouge,13,-14,40,65,7,-15,6464
1095,Ceruledge,3,51,20,0,27,-5,3764
1096,Tadbulb,-11,-43,-19,-1,-38,-45,5801
1097,Bellibolt,37,-10,31,43,10,-45,6404
1098,Wattrel,-32,-34,-25,-5,-33,-20,4319
1099,Kilowattrel,-2,-4,0,45,-13,35,3439
1100,Maschiff,-12,4,0,-20,-22,-39,2565
1101,Mabosstiff,8,46,30,0,-3,-5,3114
1102,Shroodle,-32,-9,-25,-20,-38,-15,3799
1103,Grafaiai,-9,21,5,20,-1,20,1348
1104,Bramblin,-32,-9,-30,-15,-38,-30,4574
1105,Brambleghast,-17,41,10,20,-3,0,2479
1106,Toedscool,-32,-34,-25,-10,27,-20,4034
1107,Toedscruel,8,-4,5,20,47,10,2814
1108,Klawf,-2,26,55,-25,-18,-15,4879
1109,Capsakid,-22,-12,-20,2,-33,-40,3721
1110,Scovillain,-7,34,5,48,-8,-15,3823
1111,Rellor,-31,-24,0,-29,-15,-60,6203
1112,Rabsca,3,-24,25,55,27,-45,6989
1113,Flittle,-42,-39,-30,-5,-43,-15,6284
1114,Espathra,23,-14,0,41,-13,15,2800
1115,Tinkatink,-22,-29,-15,-25,-9,-32,3280
1116,Tinkatuff,-7,-19,-5,-15,9,-12,885
1117,Tinkaton,13,1,17,10,32,4,1599
1118,Wiglett,-62,-19,-35,-25,-48,5,8384
1119,Wugtrio,-37,26,-10,-10,-3,30,3154
1120,Bombirdier,-2,29,25,0,12,-8,1678
1121,Finizen,-2,-29,-20,-15,-33,-15,2784
1122,Palafin,28,-4,12,-7,-11,10,1214
1123,Palafin,28,86,37,46,14,10,11961
1124,Varoom,-27,-4,3,-30,-28,-43,4287
1125,Revavroom,8,45,30,-6,-6,0,3061
1126,Cyclizar,-2,21,5,25,-8,31,2120
1127,Orthworm,-2,11,85,0,-18,-25,8299
1128,Glimmet,-24,-39,-18,45,-13,-30,5515
1129,Glimmora,11,-19,30,70,8,-4,6362
1130,Greavard,-22,-13,0,-30,-18,-56,5013
1131,Houndstone,0,27,40,-10,24,-22,3489
1132,Flamigo,10,41,14,15,-9,0,2283
1133,Cetoddle,36,-6,-15,-30,-33,-47,5755
1134,Cetitan,98,39,5,-15,-18,-17,11988
1135,Veluza,18,28,13,18,-8,-20,2065
1136,Dondozo,78,26,55,5,-8,-55,12899
1137,Tatsugiri,-4,-24,0,60,22,-8,4740
1138,Annihilape,38,41,20,-10,17,0,3914
1139,Clodsire,58,1,0,-15,27,-70,9219
1140,Farigiraf,48,16,10,50,-3,-30,6069
1141,Dudunsparce,53,26,20,25,2,-35,5739
1142,Kingambit,28,61,60,0,12,-40,9849
1143,Great Tusk,43,57,71,-7,-20,-3,10597
1144,Scream Tail,43,-9,39,5,42,21,5681
1145,Brute Bonnet,39,53,39,19,26,-35,8113
1146,Flutter Mane,-17,-19,-5,75,62,45,12169
1147,Slither Wing,13,61,19,25,32,-9,5981
1148,Sandy Shocks,13,7,37,61,12,11,5573
1149,Iron Treads,18,38,60,12,-3,16,5777
1150,Iron Bundle,-16,6,54,64,-13,46,9589
1151,Iron Hands,82,66,48,-10,-5,-40,15109
1152,Iron Jugulis,22,6,26,62,7,18,5413
1153,Iron Moth,8,-4,0,80,37,20,8249
1154,Iron Thorns,28,60,50,10,11,-18,7429
1155,Frigibax,-7,1,-15,-25,-28,-35,2909
1156,Arctibax,18,21,6,-15,-8,-28,1874
1157,Baxcalibur,43,71,32,15,13,-3,8317
1158,Gimmighoul (Chest Form),-27,-44,10,15,-3,-80,9399
1159,Gimmighoul (Roaming Form),-27,-44,-35,15,-28,-10,4999
1160,Gholdengo,15,-14,35,73,18,-6,7335
1161,Wo-Chien,13,11,40,35,62,-20,7359
1162,Chien-Pao,8,46,20,30,-8,45,5569
1163,Ting-Lu,83,36,65,-5,7,-45,14509
1164,Chi-Yu,-17,6,20,75,47,10,8659
1165,Roaring Moon,33,65,11,-5,28,29,7085
1166,Iron Valiant,2,56,30,60,-13,26,8485
1167,Koraidon,28,61,55,25,27,45,10909
1168,Miraidon,28,11,40,75,42,45,11919
