Autumn Hong vs. Pokemon SSE,pokemon,D_HP,D_ATK,D_DEF,D_SPA,D_SPD,D_SPE,SSE
0,Bulbasaur,-47,-57,-36,-5,-55,-67,14293
1,Ivysaur,-32,-44,-22,10,-40,-52,7848
2,Venusaur,-12,-24,-2,30,-20,-32,3048
3,Venusaur (Mega Venusaur),-12,-6,38,52,0,-32,5352
4,Charmander,-53,-54,-42,-10,-70,-47,14698
5,Charmeleon,-34,-42,-27,10,-55,-32,7798
6,Charizard,-14,-22,-7,39,-35,-12,3619
7,Charizard (Mega Charizard X),-14,24,26,60,-35,-12,6417
8,Charizard (Mega Charizard Y),-14,-2,-7,89,-5,-12,8339
9,Squirtle,-48,-58,-20,-20,-56,-69,14365
10,Wartortle,-33,-43,-5,-5,-40,-54,7504
11,Blastoise,-13,-23,15,15,-15,-34,2529
12,Blastoise (Mega Blastoise),-13,-3,35,65,-5,-34,6809
13,Caterpie,-47,-76,-50,-50,-100,-67,27474
14,Metapod,-42,-86,-30,-45,-95,-82,27834
15,Butterfree,-32,-61,-35,20,-40,-42,9734
16,Weedle,-52,-71,-55,-50,-100,-62,27114
17,Kakuna,-47,-81,-35,-45,-95,-77,26974
18,Beedrill,-27,-16,-45,-25,-40,-37,6604
19,Beedrill (Mega Beedrill),-27,44,-45,-55,-40,33,10404
20,Pidgey,-52,-61,-45,-35,-85,-56,20036
21,Pidgeotto,-29,-46,-30,-20,-70,-41,10838
22,Pidgeot,-9,-26,-10,0,-50,-11,3478
23,Pidgeot (Mega Pidgeot),-9,-26,-5,65,-40,9,6688
24,Rattata,-62,-50,-50,-45,-85,-40,19694
25,Rattata (Alolan Rattata),-62,-50,-50,-45,-85,-40,19694
26,Raticate,-37,-25,-25,-20,-50,-15,5744
27,Raticate (Alolan Raticate),-17,-35,-15,-30,-40,-35,5464
28,Spearow,-52,-46,-55,-39,-89,-42,19051
29,Fearow,-27,-16,-20,-9,-59,-12,5091
30,Ekans,-57,-46,-41,-30,-66,-57,15551
31,Arbok,-32,-11,-16,-5,-41,-32,4131
32,Pikachu,-57,-51,-45,-20,-70,-22,13659
33,Pikachu (Partner Pikachu),-47,-26,-35,5,-60,8,7799
34,Raichu,-32,-16,-30,20,-40,-2,4184
35,Raichu (Alolan Raichu),-32,-21,-35,25,-35,-2,4544
36,Sandshrew,-42,-31,0,-50,-90,-72,18509
37,Sandshrew (Alolan Sandshrew),-42,-31,5,-60,-85,-72,18759
38,Sandslash,-17,-6,25,-25,-65,-47,8009
39,Sandslash (Alolan Sandslash),-17,-6,35,-45,-55,-47,8809
40,Nidoran♀,-37,-59,-33,-30,-80,-71,18280
41,Nidorina,-22,-44,-18,-15,-65,-56,10330
42,Nidoqueen,-2,-14,2,5,-35,-36,2750
43,Nidoran♂,-46,-49,-45,-30,-80,-62,17686
44,Nidorino,-31,-34,-28,-15,-65,-47,9560
45,Nidoking,-11,-4,-8,15,-45,-27,3180
46,Clefairy,-22,-61,-37,-10,-55,-77,14628
47,Clefable,3,-36,-12,25,-30,-52,5678
48,Vulpix,-54,-65,-45,-20,-55,-47,14800
49,Vulpix (Alolan Vulpix),-54,-65,-45,-20,-55,-47,14800
50,Ninetales,-19,-30,-10,11,-20,-12,2026
51,Ninetales (Alolan Ninetales),-19,-39,-10,11,-20,-3,2512
52,Jigglypuff,23,-61,-65,-25,-95,-92,26589
53,Wigglytuff,48,-36,-40,15,-70,-67,14814
54,Zubat,-52,-61,-50,-40,-80,-57,20174
55,Golbat,-17,-26,-15,-5,-45,-22,3724
56,Oddish,-47,-56,-30,5,-55,-82,16019
57,Gloom,-32,-41,-15,15,-45,-72,10364
58,Vileplume,-17,-26,0,40,-30,-62,7309
59,Paras,-57,-36,-30,-25,-65,-87,17864
60,Parasect,-32,-11,-5,-10,-40,-82,9594
61,Venonat,-32,-51,-35,-30,-65,-67,14464
62,Venomoth,-22,-41,-25,20,-45,-22,5699
63,Diglett,-82,-51,-60,-35,-75,-17,20064
64,Diglett (Alolan Diglett),-82,-51,-55,-35,-75,-22,19684
65,Dugtrio,-57,-6,-35,-20,-50,8,7474
66,Dugtrio (Alolan Dugtrio),-57,-6,-25,-20,-50,-2,6814
67,Meowth,-52,-61,-50,-30,-80,-22,16709
68,Meowth (Alolan Meowth),-52,-71,-50,-20,-80,-22,17529
69,Meowth (Galarian Meowth),-42,-41,-30,-30,-80,-72,16829
70,Persian,-27,-36,-25,-5,-55,3,5709
71,Persian (Alolan Persian),-27,-46,-25,5,-55,3,6529
72,Psyduck,-42,-54,-37,-5,-70,-57,14223
73,Golduck,-12,-24,-7,25,-40,-27,3723
74,Mankey,-52,-26,-50,-35,-75,-42,14494
75,Primeape,-27,-1,-25,-10,-50,-17,4244
76,Growlithe,-37,-36,-40,0,-70,-52,11869
77,Growlithe (Hisuian Growlithe),-32,-31,-40,-5,-70,-57,11759
78,Arcanine,-2,4,-5,30,-40,-17,2834
79,Arcanine (Hisuian Arcanine),3,9,-5,25,-40,-22,2824
80,Poliwag,-52,-56,-45,-30,-80,-22,15649
81,Poliwhirl,-27,-41,-20,-20,-70,-22,8594
82,Poliwrath,-2,-11,10,0,-30,-42,2889
83,Abra,-67,-86,-70,35,-65,-22,22719
84,Kadabra,-52,-71,-55,50,-50,-7,15819
85,Alakazam,-37,-56,-40,65,-25,8,11019
86,Alakazam (Mega Alakazam),-37,-56,-20,105,-15,38,17599
87,Machop,-22,-26,-35,-35,-85,-77,16764
88,Machoke,-12,-6,-15,-20,-60,-67,8894
89,Machamp,-2,24,-5,-5,-35,-57,5104
90,Bellsprout,-42,-31,-50,0,-90,-72,18509
91,Weepinbell,-27,-16,-35,15,-75,-57,11309
92,Victreebel,-12,-1,-20,30,-50,-42,5709
93,Tentacool,-52,-66,-50,-20,-20,-42,12124
94,Tentacruel,-12,-36,-20,10,0,-12,2084
95,Geodude,-52,-26,15,-40,-90,-92,21769
96,Geodude (Alolan Geodude),-52,-26,15,-40,-90,-92,21769
97,Graveler,-37,-11,30,-25,-75,-77,14569
98,Graveler (Alolan Graveler),-37,-11,30,-25,-75,-77,14569
99,Golem,-12,14,45,-15,-55,-67,10104
100,Golem (Alolan Golem),-12,14,45,-15,-55,-67,10104
101,Ponyta,-42,-21,-30,-5,-55,-22,6639
102,Ponyta (Galarian Ponyta),-42,-21,-30,-5,-55,-22,6639
103,Rapidash,-27,-6,-15,10,-40,-7,2739
104,Rapidash (Galarian Rapidash),-27,-6,-15,10,-40,-7,2739
105,Slowpoke,-2,-41,-20,-30,-80,-97,18794
106,Slowpoke (Galarian Slowpoke),-2,-41,-20,-30,-80,-97,18794
107,Slowbro,3,-31,25,30,-40,-82,10819
108,Slowbro (Mega Slowbro),3,-31,95,60,-40,-82,21919
109,Slowbro (Galarian Slowbro),3,-6,10,30,-50,-82,10269
110,Magnemite,-67,-71,-15,25,-65,-67,19094
111,Magneton,-42,-46,10,50,-50,-42,10744
112,Farfetch'd,-40,-16,-30,-12,-58,-52,8968
113,Farfetch'd (Galarian Farfetch'd),-40,-11,-30,-12,-58,-57,9378
114,Doduo,-57,-21,-40,-35,-85,-37,15109
115,Dodrio,-32,4,-15,-10,-60,-2,4969
116,Seel,-27,-61,-30,-25,-50,-67,12964
117,Dewgong,-2,-36,-5,0,-25,-42,3714
118,Grimer,-12,-26,-35,-30,-70,-87,15414
119,Grimer (Alolan Grimer),-12,-26,-35,-30,-70,-87,15414
120,Muk,13,-1,-10,-5,-20,-62,4539
121,Muk (Alolan Muk),13,-1,-10,-5,-20,-62,4539
122,Shellder,-62,-41,15,-25,-95,-72,20584
123,Cloyster,-42,-11,95,15,-75,-42,18524
124,Gastly,-62,-71,-55,30,-85,-32,21059
125,Haunter,-47,-56,-40,45,-65,-17,13484
126,Gengar,-32,-41,-25,60,-45,-2,8959
127,Gengar (Mega Gengar),-32,-41,-5,100,-25,18,13679
128,Onix,-57,-61,75,-40,-75,-42,21584
129,Drowzee,-32,-58,-40,-27,-30,-70,12517
130,Hypno,-7,-33,-15,3,-5,-45,3422
131,Krabby,-62,-1,5,-45,-95,-62,18764
132,Kingler,-37,24,30,-20,-70,-37,9514
133,Voltorb,-52,-76,-35,-15,-65,-12,14299
134,Voltorb (Hisuian Voltorb),-52,-76,-35,-15,-65,-12,14299
135,Electrode,-32,-56,-15,10,-40,38,7529
136,Electrode (Hisuian Electrode),-32,-56,-15,10,-40,38,7529
137,Exeggcute,-32,-66,-5,-10,-75,-72,16314
138,Exeggutor,3,-11,0,55,-45,-57,8429
139,Exeggutor (Alolan Exeggutor),3,-1,0,55,-45,-67,9549
140,Cubone,-42,-56,10,-30,-70,-77,16729
141,Marowak,-32,-26,25,-20,-40,-67,8814
142,Marowak (Alolan Marowak),-32,-26,25,-20,-40,-67,8814
143,Hitmonlee,-42,14,-32,-35,-10,-25,4934
144,Hitmonchan,-42,-1,-6,-35,-10,-36,4422
145,Lickitung,-2,-51,-10,-10,-45,-82,11554
146,Koffing,-52,-41,10,-10,-75,-77,16139
147,Weezing,-27,-16,35,15,-50,-52,7639
148,Weezing (Galarian Weezing),-27,-16,35,15,-50,-52,7639
149,Rhyhorn,-12,-21,10,-40,-90,-87,17954
150,Rhydon,13,24,35,-25,-75,-72,13404
151,Chansey,158,-101,-80,-35,-15,-62,46859
152,Tangela,-27,-51,30,30,-80,-52,14234
153,Kangaskhan,13,-11,-5,-30,-40,-22,3299
154,Kangaskhan (Mega Kangaskhan),13,19,15,-10,-20,-12,1399
155,Horsea,-62,-66,-15,0,-95,-52,20154
156,Seadra,-37,-41,10,25,-75,-27,10129
157,Goldeen,-47,-39,-25,-35,-70,-49,12881
158,Seaking,-12,-14,-20,-5,-40,-44,4301
159,Staryu,-62,-61,-30,0,-65,-27,13419
160,Starmie,-32,-31,0,30,-35,3,4119
161,Mr. Mime,-52,-61,-20,30,0,-22,8209
162,Mr. Mime (Galarian Mr. Mime),-42,-41,-20,20,-30,-12,5289
163,Scyther,-22,4,-5,-15,-40,-7,2399
164,Jynx,-27,-56,-50,45,-25,-17,9304
165,Electabuzz,-27,-23,-28,25,-35,-7,3941
166,Magmar,-27,-11,-28,30,-35,-19,4120
167,Pinsir,-27,19,15,-15,-50,-27,4769
168,Pinsir (Mega Pinsir),-27,49,35,-5,-30,-7,5329
169,Tauros,-17,-6,10,-30,-50,-2,3829
170,Tauros (Paldean Tauros (Combat Breed)),-17,4,20,-40,-50,-12,4949
171,Tauros (Paldean Tauros (Blaze Breed)),-17,4,20,-40,-50,-12,4949
172,Tauros (Paldean Tauros (Aqua Breed)),-17,4,20,-40,-50,-12,4949
173,Magikarp,-72,-96,-30,-55,-100,-32,29349
174,Gyarados,3,19,-6,-10,-20,-31,1867
175,Gyarados (Mega Gyarados),3,49,24,0,10,-31,4047
176,Lapras,38,-21,-5,15,-25,-52,5464
177,Ditto,-44,-58,-37,-22,-72,-64,16433
178,Eevee,-37,-51,-35,-25,-55,-57,12094
179,Eevee (Partner Eevee),-27,-31,-15,-5,-35,-37,4534
180,Vaporeon,38,-41,-25,40,-25,-47,8184
181,Jolteon,-27,-41,-25,40,-25,18,5584
182,Flareon,-27,24,-25,25,-10,-47,4864
183,Porygon,-27,-46,-15,15,-45,-72,10504
184,Omanyte,-57,-66,15,20,-65,-77,18384
185,Omastar,-22,-46,40,45,-50,-57,11974
186,Kabuto,-62,-26,5,-15,-75,-57,13644
187,Kabutops,-32,9,20,-5,-50,-32,5054
188,Aerodactyl,-12,-1,-20,-10,-45,18,2994
189,Aerodactyl (Mega Aerodactyl),-12,29,0,0,-25,38,3054
190,Snorlax,68,4,-20,-5,-10,-82,11889
191,Articuno,-2,-21,15,25,5,-27,2049
192,Articuno (Galarian Articuno),-2,-21,0,55,-20,-17,4159
193,Zapdos,-2,-16,0,55,-30,-12,4329
194,Zapdos (Galarian Zapdos),-2,19,5,15,-30,-12,1659
195,Moltres,-2,-6,5,55,-35,-22,4799
196,Moltres (Galarian Moltres),-2,-21,5,30,5,-22,1879
197,Dratini,-51,-42,-40,-20,-70,-62,15109
198,Dragonair,-31,-22,-20,0,-50,-42,6109
199,Dragonite,-1,28,10,30,-20,-32,3209
200,Mewtwo,14,4,5,84,-30,18,8517
201,Mewtwo (Mega Mewtwo X),14,84,15,84,-20,18,15257
202,Mewtwo (Mega Mewtwo Y),14,44,-15,124,0,28,18517
203,Mew,8,-6,15,30,-20,-12,1769
204,Chikorita,-47,-57,-20,-21,-55,-67,13813
205,Bayleef,-32,-44,-5,-7,-40,-52,7338
206,Meganium,-12,-24,15,13,-20,-32,2538
207,Cyndaquil,-53,-54,-42,-10,-70,-47,14698
208,Quilava,-34,-42,-27,10,-55,-32,7798
209,Typhlosion,-14,-22,-7,39,-35,-12,3619
210,Typhlosion (Hisuian Typhlosion),-19,-22,-7,49,-35,-17,4809
211,Totodile,-42,-41,-21,-26,-72,-69,14507
212,Croconaw,-27,-26,-5,-11,-57,-54,7716
213,Feraligatr,-7,-1,15,9,-37,-34,2881
214,Sentret,-57,-60,-51,-35,-75,-92,24764
215,Furret,-7,-30,-21,-25,-65,-22,6724
216,Hoothoot,-32,-76,-55,-34,-64,-62,18921
217,Noctowl,8,-56,-35,16,-24,-42,7021
218,Ledyba,-52,-86,-55,-30,-40,-57,18874
219,Ledian,-37,-71,-35,-15,-10,-27,8689
220,Spinarak,-52,-46,-45,-30,-80,-82,20869
221,Ariados,-22,-16,-15,-10,-50,-72,8749
222,Crobat,-7,-16,-5,0,-40,18,2254
223,Chinchou,-17,-68,-47,-14,-64,-45,13439
224,Lanturn,33,-48,-27,6,-44,-45,8119
225,Pichu,-72,-66,-70,-35,-85,-52,25594
226,Cleffa,-42,-81,-57,-25,-65,-97,25833
227,Igglybuff,-2,-76,-70,-30,-100,-97,30989
228,Togepi,-57,-86,-20,-30,-55,-92,23434
229,Togetic,-37,-66,0,10,-15,-72,11234
230,Natu,-52,-56,-40,0,-75,-42,14829
231,Xatu,-27,-31,-15,25,-50,-17,5329
232,Mareep,-37,-66,-45,-5,-75,-77,19329
233,Flaaffy,-22,-51,-30,10,-60,-67,12174
234,Ampharos,-2,-31,0,45,-30,-57,7139
235,Ampharos (Mega Ampharos),-2,-11,20,95,-10,-67,14139
236,Bellossom,-17,-26,10,20,-20,-62,5709
237,Marill,-22,-86,-35,-50,-70,-72,21689
238,Azumarill,8,-56,-5,-10,-40,-62,8769
239,Sudowoodo,-22,-6,30,-40,-55,-82,12769
240,Politoed,-2,-31,-10,20,-20,-42,3629
241,Hoppip,-57,-71,-45,-35,-65,-62,19609
242,Skiploom,-37,-61,-35,-25,-55,-32,10989
243,Jumpluff,-17,-51,-15,-15,-25,-2,3969
244,Aipom,-37,-36,-30,-30,-65,-27,9419
245,Sunkern,-62,-76,-55,-40,-90,-82,29069
246,Sunflora,-17,-31,-30,35,-35,-82,11324
247,Yanma,-27,-41,-40,5,-75,-17,9949
248,Wooper,-37,-61,-40,-45,-95,-97,27149
249,Wooper (Paldean Wooper),-37,-61,-40,-45,-95,-97,27149
250,Quagsire,3,-21,0,-5,-55,-77,9429
251,Espeon,-27,-41,-25,60,-25,-2,7264
252,Umbreon,3,-41,25,-10,10,-47,4724
253,Murkrow,-32,-21,-43,15,-78,-21,10064
254,Slowking,3,-31,-5,30,-10,-82,8719
255,Slowking (Galarian Slowking),3,-41,-5,40,-10,-82,10139
256,Misdreavus,-32,-46,-25,15,-35,-27,5944
257,Unown,-44,-34,-37,2,-72,-64,13745
258,Wobbuffet,98,-73,-27,-37,-62,-79,27116
259,Girafarig,-22,-26,-20,20,-55,-27,5714
260,Pineco,-42,-41,5,-35,-85,-97,21329
261,Forretress,-17,-16,55,-10,-60,-72,12454
262,Dunsparce,8,-36,-15,-5,-55,-67,9124
263,Gligar,-27,-31,20,-35,-55,-27,7069
264,Steelix,-17,-21,115,-15,-55,-82,23929
265,Steelix (Mega Steelix),-17,19,145,-15,-25,-82,29249
266,Snubbull,-32,-26,-35,-30,-80,-82,16949
267,Granbull,-2,14,-10,-10,-60,-67,8489
268,Qwilfish,-27,-11,0,-15,-65,-27,6029
269,Qwilfish (Hisuian Qwilfish),-27,-11,0,-15,-65,-27,6029
270,Scizor,-22,24,15,-15,-40,-47,5319
271,Scizor (Mega Scizor),-22,44,55,-5,-20,-37,7239
272,Shuckle,-72,-96,145,-60,110,-107,62574
273,Heracross,-12,19,-10,-30,-25,-27,2859
274,Heracross (Mega Heracross),-12,79,30,-30,-15,-37,9779
275,Sneasel,-37,-11,-30,-35,-45,3,5649
276,Sneasel (Hisuian Sneasel),-37,-11,-30,-35,-45,3,5649
277,Teddiursa,-32,-26,-35,-20,-70,-72,13409
278,Ursaring,-2,24,-10,5,-45,-57,5979
279,Slugma,-52,-66,-45,0,-80,-92,23949
280,Magcargo,-32,-56,35,20,-40,-82,14109
281,Swinub,-42,-56,-45,-40,-90,-62,20469
282,Piloswine,8,-6,-5,-10,-60,-62,7669
283,Corsola,-27,-51,10,-5,-25,-77,10009
284,Corsola (Galarian Corsola),-32,-51,15,-5,-20,-82,10999
285,Remoraid,-57,-41,-50,-5,-85,-47,16889
286,Octillery,-17,-1,-10,35,-45,-67,8129
287,Delibird,-47,-51,-40,-5,-75,-37,13429
288,Mantine,-7,-66,-15,10,20,-42,6894
289,Skarmory,-27,-26,55,-30,-50,-42,9594
290,Houndour,-47,-46,-55,10,-70,-47,14559
291,Houndoom,-17,-16,-35,40,-40,-17,5259
292,Houndoom (Mega Houndoom),-17,-16,5,70,-30,3,6379
293,Kingdra,-17,-11,10,25,-25,-27,2489
294,Phanpy,-2,-46,-25,-30,-80,-72,15229
295,Donphan,-2,14,35,-10,-60,-62,8969
296,Porygon2,-7,-26,5,35,-25,-52,5304
297,Stantler,-19,-11,-23,15,-55,-27,4990
298,Smeargle,-37,-86,-50,-50,-75,-37,20759
299,Tyrogue,-57,-71,-50,-35,-85,-77,25169
300,Hitmontop,-42,-11,10,-35,-10,-42,5074
301,Smoochum,-47,-76,-70,15,-55,-47,18344
302,Elekid,-47,-43,-48,-5,-65,-17,10901
303,Magby,-47,-31,-48,0,-65,-29,10540
304,Miltank,3,-26,20,-30,-50,-12,4629
305,Blissey,163,-96,-75,5,15,-57,44909
306,Raikou,-2,-21,-10,45,-20,3,2979
307,Entei,23,9,0,20,-45,-12,3179
308,Suicune,8,-31,30,20,-5,-27,3079
309,Larvitar,-42,-42,-35,-25,-70,-71,15319
310,Pupitar,-22,-22,-15,-5,-50,-61,7439
311,Tyranitar,8,28,25,25,-20,-51,5099
312,Tyranitar (Mega Tyranitar),8,58,65,25,0,-41,9959
313,Lugia,14,-16,45,20,34,-2,4037
314,Ho-Oh,14,24,5,40,34,-22,4037
315,Celebi,8,-6,15,30,-20,-12,1769
316,Treecko,-52,-61,-50,-5,-65,-42,14939
317,Grovyle,-42,-41,-40,15,-55,-17,8584
318,Sceptile,-22,-21,-20,35,-35,8,3839
319,Sceptile (Mega Sceptile),-22,4,-10,75,-35,33,8539
320,Torchic,-47,-46,-45,0,-70,-67,15739
321,Combusken,-32,-21,-25,15,-60,-57,9164
322,Blaziken,-12,14,-15,40,-50,-32,5689
323,Blaziken (Mega Blaziken),-12,54,-5,60,-40,-12,8429
324,Mudkip,-42,-36,-35,-20,-70,-72,14769
325,Marshtomp,-22,-21,-15,-10,-50,-62,7594
326,Swampert,8,4,5,15,-30,-52,3934
327,Swampert (Mega Swampert),8,44,25,25,-10,-42,5114
328,Poochyena,-57,-51,-50,-40,-90,-77,23979
329,Mightyena,-22,-16,-15,-10,-60,-42,6429
330,Zigzagoon,-54,-76,-44,-40,-79,-52,21173
331,Zigzagoon (Galarian Zigzagoon),-54,-76,-44,-40,-79,-52,21173
332,Linoone,-14,-36,-24,-20,-59,-12,6093
333,Linoone (Galarian Linoone),-14,-36,-24,-20,-59,-12,6093
334,Wurmple,-47,-61,-50,-50,-90,-92,27494
335,Silcoon,-42,-71,-30,-45,-95,-97,28164
336,Beautifly,-32,-36,-35,30,-70,-47,11554
337,Cascoon,-42,-71,-30,-45,-95,-97,28164
338,Dustox,-32,-56,-15,-20,-30,-47,7894
339,Lotad,-52,-76,-55,-30,-70,-82,24029
340,Lombre,-32,-56,-35,-10,-50,-62,11829
341,Ludicolo,-12,-36,-15,20,-20,-42,4229
342,Seedot,-52,-66,-35,-40,-90,-82,24709
343,Nuzleaf,-22,-36,-45,-10,-80,-52,13009
344,Shiftry,-2,-6,-25,20,-60,-32,5689
345,Taillow,-52,-51,-55,-40,-90,-27,18759
346,Swellow,-32,-21,-25,5,-70,13,7184
347,Wingull,-52,-76,-55,-15,-90,-27,20559
348,Pelipper,-32,-56,15,25,-50,-47,9719
349,Ralts,-64,-81,-60,-25,-85,-72,27291
350,Kirlia,-54,-71,-50,-5,-65,-62,18551
351,Gardevoir,-24,-41,-20,55,-5,-32,6731
352,Gardevoir (Mega Gardevoir),-24,-21,-20,95,15,-12,10811
353,Surskit,-52,-76,-53,-20,-68,-47,18522
354,Masquerain,-22,-46,-23,30,-38,-32,6497
355,Shroomish,-32,-66,-25,-30,-60,-77,16434
356,Breloom,-32,24,-5,-10,-60,-42,7089
357,Slakoth,-32,-46,-25,-35,-85,-82,18939
358,Vigoroth,-12,-26,-5,-15,-65,-22,5779
359,Slaking,58,54,15,25,-55,-12,10299
360,Nincada,-61,-61,5,-40,-90,-72,22351
361,Ninjask,-31,-16,-40,-20,-70,48,10421
362,Shedinja,-91,-16,-40,-40,-90,-72,25021
363,Whismur,-28,-55,-62,-19,-97,-84,24479
364,Loudred,-8,-35,-42,1,-77,-64,13079
365,Exploud,12,-15,-22,21,-47,-44,5439
366,Makuhita,-20,-46,-55,-50,-90,-87,23710
367,Hariyama,52,14,-25,-30,-60,-62,11869
368,Azurill,-42,-86,-45,-50,-80,-92,28549
369,Nosepass,-62,-61,50,-25,-30,-82,18314
370,Skitty,-42,-61,-40,-35,-85,-62,19379
371,Delcatty,-22,-41,-20,-15,-65,-22,7499
372,Sableye,-42,-31,-10,-5,-55,-62,9719
373,Sableye (Mega Sableye),-42,-21,40,15,-5,-92,12519
374,Mawile,-42,-21,0,-15,-65,-62,10499
375,Mawile (Mega Mawile),-42,-1,40,-15,-25,-62,8059
376,Aron,-42,-36,15,-30,-80,-82,17309
377,Lairon,-32,-16,55,-20,-70,-72,14789
378,Aggron,-22,4,95,-10,-60,-62,17069
379,Aggron (Mega Aggron),-22,34,145,-10,-40,-62,28209
380,Meditite,-62,-66,-30,-30,-65,-52,16929
381,Medicham,-32,-46,-10,-10,-45,-32,6389
382,Medicham (Mega Medicham),-32,-6,0,10,-35,-12,2529
383,Electrike,-52,-61,-45,-5,-80,-47,17084
384,Manectric,-22,-31,-25,35,-60,-7,6944
385,Manectric (Mega Manectric),-22,-31,-5,65,-40,23,7824
386,Plusle,-32,-56,-45,15,-45,-17,8724
387,Minun,-32,-66,-35,5,-35,-17,8144
388,Volbeat,-27,-33,-10,-23,-35,-27,4401
389,Illumise,-27,-59,-10,3,-35,-27,6273
390,Roselia,-42,-46,-40,30,-40,-47,10189
391,Gulpin,-22,-63,-32,-27,-67,-72,15879
392,Swalot,8,-33,-2,3,-37,-57,5784
393,Carvanha,-47,-16,-65,-5,-100,-47,18924
394,Sharpedo,-22,14,-45,25,-80,-17,10019
395,Sharpedo (Mega Sharpedo),-22,34,-15,40,-55,-7,6539
396,Wailmer,38,-36,-50,0,-85,-52,15169
397,Wailord,78,-16,-40,20,-75,-52,16669
398,Numel,-32,-46,-45,-5,-75,-77,16744
399,Camerupt,-22,-6,-15,35,-45,-72,9179
400,Camerupt (Mega Camerupt),-22,14,15,75,-15,-92,15219
401,Torkoal,-22,-21,55,15,-50,-92,15139
402,Spoink,-32,-81,-50,0,-40,-52,14389
403,Grumpig,-12,-61,-20,20,-10,-32,5789
404,Spinda,-32,-46,-25,-10,-60,-52,10169
405,Trapinch,-47,-6,-40,-25,-75,-102,20499
406,Vibrava,-42,-36,-35,-20,-70,-42,11349
407,Flygon,-12,-6,-5,10,-40,-12,2049
408,Cacnea,-42,-21,-45,15,-80,-77,16784
409,Cacturne,-22,9,-25,45,-60,-57,10064
410,Swablu,-47,-66,-25,-30,-45,-62,13959
411,Altaria,-17,-36,5,0,-15,-32,2859
412,Altaria (Mega Altaria),-17,4,25,40,-15,-32,3779
413,Zangoose,-19,9,-25,-10,-60,-22,5251
414,Seviper,-19,-6,-25,30,-60,-47,7731
415,Lunatone,-2,-51,-20,25,-35,-42,6619
416,Solrock,-2,-11,0,-15,-55,-42,5139
417,Barboach,-42,-58,-42,-24,-79,-52,16413
418,Whiscash,18,-28,-12,6,-49,-52,6393
419,Corphish,-49,-26,-20,-20,-85,-77,17031
420,Crawdaunt,-29,14,0,20,-65,-57,8911
421,Baltoy,-52,-66,-30,-30,-50,-57,14609
422,Claydol,-32,-36,20,0,0,-37,4089
423,Lileep,-26,-65,-8,-9,-33,-89,14056
424,Cradily,-6,-25,12,11,-13,-69,5856
425,Anorith,-47,-11,-35,-30,-70,-37,10724
426,Armaldo,-17,19,15,0,-40,-67,6964
427,Feebas,-72,-91,-65,-60,-65,-32,26539
428,Milotic,3,-46,-6,30,5,-31,4047
429,Castform,-22,-36,-15,0,-50,-42,6269
430,Kecleon,-32,-16,-15,-10,0,-72,6789
431,Shuppet,-48,-31,-50,-7,-87,-67,17872
432,Banette,-28,9,-20,13,-57,-47,6892
433,Banette (Mega Banette),-28,59,-10,23,-37,-37,7632
434,Duskull,-72,-66,5,-40,-30,-87,19634
435,Dusclops,-52,-36,45,-10,10,-87,13794
436,Tropius,7,-38,-2,2,-33,-61,6311
437,Chimecho,-17,-56,-5,25,-30,-47,7184
438,Absol,-27,24,-25,5,-60,-37,6924
439,Absol (Mega Absol),-27,44,-25,45,-60,3,8924
440,Wynaut,3,-83,-37,-47,-72,-89,23581
441,Snorunt,-42,-56,-35,-20,-70,-62,15269
442,Glalie,-12,-26,-5,10,-40,-32,3569
443,Glalie (Mega Glalie),-12,14,-5,50,-40,-12,4609
444,Spheal,-22,-66,-35,-15,-70,-87,18759
445,Sealeo,-2,-46,-15,5,-50,-67,9359
446,Walrein,18,-26,5,25,-30,-47,4759
447,Clamperl,-57,-42,0,4,-65,-80,15654
448,Huntail,-37,-2,20,24,-45,-60,7974
449,Gorebyss,-37,-22,20,44,-45,-60,9814
450,Relicanth,8,-16,45,-25,-55,-57,9244
451,Luvdisc,-49,-76,-30,-30,-55,-15,13227
452,Bagon,-47,-31,-25,-30,-90,-62,16639
453,Shelgon,-27,-11,15,-10,-70,-62,9919
454,Salamence,3,29,-5,40,-40,-12,4219
455,Salamence (Mega Salamence),3,39,45,50,-30,8,7019
456,Beldum,-52,-51,-5,-35,-60,-82,16879
457,Metang,-32,-31,15,-15,-40,-62,7879
458,Metagross,-12,29,45,25,-30,-42,6299
459,Metagross (Mega Metagross),-12,39,65,35,-10,-2,7219
460,Regirock,-12,-6,115,-20,-20,-62,18049
461,Regice,-12,-56,15,30,80,-62,14649
462,Registeel,-12,-31,65,5,30,-62,10099
463,Latias,-12,-26,5,40,10,-2,2549
464,Latias (Mega Latias),-12,-6,35,70,30,-2,7209
465,Latios,-12,-16,-5,60,-10,-2,4129
466,Latios (Mega Latios),-12,24,15,90,0,-2,9049
467,Kyogre,8,-6,5,80,20,-22,7409
468,Kyogre (Primal Kyogre),8,44,5,110,40,-22,16209
469,Groudon,8,44,55,30,-30,-22,7309
470,Groudon (Primal Groudon),8,74,75,80,-30,-22,18949
471,Rayquaza,13,44,5,80,-30,-17,9719
472,Rayquaza (Mega Rayquaza),13,74,15,110,-20,3,18379
473,Jirachi,8,-6,15,30,-20,-12,1769
474,Deoxys (Normal Forme),-42,44,-35,80,-70,38,17669
475,Deoxys (Attack Forme),-42,74,-65,110,-100,38,35009
476,Deoxys (Defense Forme),-42,-36,75,0,40,-22,10769
477,Deoxys (Speed Forme),-42,-11,5,25,-30,68,8059
478,Turtwig,-37,-38,-21,-25,-65,-81,14665
479,Grotle,-17,-17,0,-15,-55,-76,9604
480,Torterra,3,3,20,5,-35,-56,4804
481,Chimchar,-48,-48,-41,-12,-76,-51,14810
482,Monferno,-28,-28,-33,8,-68,-31,8306
483,Infernape,-16,-2,-14,34,-49,-4,4029
484,Piplup,-39,-55,-32,-9,-64,-72,14931
485,Prinplup,-28,-40,-17,11,-44,-62,8574
486,Empoleon,-8,-20,3,41,-19,-52,5219
487,Starly,-52,-51,-55,-40,-90,-52,20734
488,Staravia,-37,-31,-35,-30,-80,-32,11879
489,Staraptor,-7,14,-15,-20,-60,-12,4614
490,Bidoof,-33,-61,-45,-35,-80,-81,21021
491,Bibarel,-13,-21,-25,-15,-60,-41,6741
492,Kricketot,-55,-81,-44,-45,-79,-87,27357
493,Kricketune,-15,-21,-34,-15,-69,-47,9017
494,Shinx,-47,-41,-51,-30,-86,-67,19276
495,Luxio,-32,-21,-36,-10,-71,-52,10606
496,Luxray,-12,14,-6,25,-41,-42,4446
497,Budew,-52,-76,-50,-20,-50,-57,17129
498,Roserade,-32,-36,-20,55,-15,-22,6454
499,Cranidos,-25,19,-45,-40,-90,-54,15627
500,Rampardos,5,59,-25,-5,-70,-54,11972
501,Shieldon,-62,-64,33,-28,-32,-82,17561
502,Bastiodon,-32,-54,83,-23,18,-82,18406
503,Burmy,-52,-77,-40,-41,-75,-76,23315
504,Wormadam (Plant Cloak),-32,-47,0,9,-15,-76,9315
505,Wormadam (Sandy Cloak),-32,-27,20,-11,-35,-76,9275
506,Wormadam (Trash Cloak),-32,-37,10,-1,-25,-76,8895
507,Mothim,-22,-12,-35,24,-70,-46,9445
508,Combee,-62,-76,-43,-40,-78,-42,20917
509,Vespiquen,-22,-26,17,10,-18,-72,7057
510,Pachirisu,-32,-61,-15,-25,-30,-17,6784
511,Buizel,-37,-41,-50,-10,-90,-27,14479
512,Floatzel,-7,-1,-30,15,-70,3,6084
513,Cherubi,-47,-71,-40,-8,-67,-77,19332
514,Cherrim,-22,-46,-15,17,-42,-27,5607
515,Shellos,-16,-58,-37,-13,-58,-78,14606
516,Gastrodon,19,-23,-17,22,-38,-73,8436
517,Ambipom,-17,-6,-19,-10,-54,3,3711
518,Drifloon,-2,-56,-51,-10,-76,-42,13381
519,Drifblim,58,-26,-41,20,-66,-32,11501
520,Buneary,-37,-40,-41,-26,-64,-27,10151
521,Lopunny,-27,-30,-1,-16,-24,-7,2511
522,Lopunny (Mega Lopunny),-27,30,9,-16,-24,23,3071
523,Mismagius,-32,-46,-25,35,-15,-7,5264
524,Honchkrow,8,19,-33,35,-68,-41,9044
525,Glameow,-43,-51,-43,-28,-83,-27,14701
526,Purugly,-21,-24,-21,-6,-61,0,5215
527,Chingling,-47,-76,-35,-5,-70,-67,18624
528,Stunky,-29,-43,-38,-29,-79,-38,12660
529,Skuntank,11,-13,-18,1,-59,-28,4880
530,Bronzor,-35,-82,1,-46,-34,-89,19143
531,Bronzong,-25,-17,31,9,-4,-79,8213
532,Bonsly,-42,-26,10,-60,-75,-102,22169
533,Mime Jr.,-72,-81,-40,0,-30,-52,16949
534,Happiny,8,-101,-80,-55,-55,-82,29439
535,Chatot,-16,-41,-40,22,-78,-21,10546
536,Spiritomb,-42,-14,23,22,-12,-77,9046
537,Gible,-34,-36,-40,-30,-75,-70,15477
538,Gabite,-24,-16,-20,-20,-65,-30,6757
539,Garchomp,16,24,10,10,-35,-10,2357
540,Garchomp (Mega Garchomp),16,64,30,50,-25,-20,8777
541,Munchlax,43,-21,-45,-30,-35,-107,17889
542,Riolu,-52,-36,-45,-35,-80,-52,16354
543,Lucario,-22,4,-15,45,-50,-22,5734
544,Lucario (Mega Lucario),-22,39,3,70,-50,0,9414
545,Hippopotas,-24,-34,-7,-32,-78,-80,15289
546,Hippowdon,16,6,33,-2,-48,-65,7914
547,Skorupi,-52,-56,5,-40,-65,-47,13899
548,Drapion,-22,-16,25,-10,-45,-17,3779
549,Croagunk,-44,-45,-45,-9,-80,-62,16311
550,Toxicroak,-9,0,-20,16,-55,-27,4491
551,Carnivine,-18,-6,-13,20,-48,-66,7589
552,Finneon,-43,-57,-29,-21,-59,-46,11977
553,Lumineon,-23,-37,-9,-1,-34,-21,3577
554,Mantyke,-47,-86,-35,-10,0,-62,14774
555,Snover,-32,-44,-35,-8,-60,-72,13033
556,Abomasnow,-2,-14,-10,22,-35,-52,4713
557,Abomasnow (Mega Abomasnow),-2,26,20,62,-15,-82,11873
558,Weavile,-22,14,-20,-25,-35,13,3099
559,Magnezone,-22,-36,30,60,-30,-52,9884
560,Lickilicky,18,-21,10,10,-25,-62,5434
561,Rhyperior,23,34,45,-15,-65,-72,13344
562,Tangrowth,8,-6,40,40,-70,-62,12044
563,Electivire,-17,17,-18,25,-35,-17,3041
564,Magmortar,-17,-11,-18,55,-25,-29,5225
565,Togekiss,-7,-56,10,50,-5,-32,6834
566,Yanmega,-6,-30,1,46,-64,-17,7438
567,Leafeon,-27,4,45,-10,-55,-17,6184
568,Glaceon,-27,-46,25,60,-25,-47,9904
569,Gliscor,-17,-11,40,-25,-45,-17,4949
570,Mamoswine,18,24,-5,0,-60,-32,5549
571,Porygon-Z,-7,-26,-15,65,-45,-22,7684
572,Gallade,-24,19,-20,-5,-5,-32,2411
573,Gallade (Mega Gallade),-24,59,10,-5,-5,-2,4211
574,Probopass,-32,-51,60,5,30,-72,13334
575,Dusknoir,-47,-6,50,-5,15,-67,9484
576,Froslass,-22,-26,-15,10,-50,-2,3989
577,Rotom,-42,-56,-8,25,-43,-21,7879
578,Rotom (Heat Rotom),-42,-41,22,35,-13,-26,5999
579,Rotom (Wash Rotom),-42,-41,22,35,-13,-26,5999
580,Rotom (Frost Rotom),-42,-41,22,35,-13,-26,5999
581,Rotom (Fan Rotom),-42,-41,22,35,-13,-26,5999
582,Rotom (Mow Rotom),-42,-41,22,35,-13,-26,5999
583,Uxie,-17,-31,45,5,10,-17,3689
584,Mesprit,-12,-1,20,35,-15,-32,3019
585,Azelf,-17,19,-15,55,-50,3,6409
586,Dialga,8,14,35,80,-20,-22,8769
587,Dialga (Origin Forme),8,-6,35,80,0,-22,8209
588,Palkia,-2,14,15,80,0,-12,6969
589,Palkia (Origin Forme),-2,-6,15,80,0,8,6729
590,Heatran,-1,-16,21,60,-14,-35,5719
591,Regigigas,18,54,25,10,-10,-12,4209
592,Giratina (Altered Forme),58,-6,35,30,0,-22,6009
593,Giratina (Origin Forme),58,14,15,50,-20,-22,7169
594,Cresselia,28,-36,35,5,10,-27,4159
595,Phione,-12,-26,-5,10,-40,-32,3569
596,Manaphy,8,-6,15,30,-20,-12,1769
597,Darkrai,-22,-16,5,65,-30,13,6059
598,Shaymin (Land Forme),8,-6,15,30,-20,-12,1769
599,Shaymin (Sky Forme),8,-3,-10,50,-45,15,4923
600,Arceus,28,14,35,50,0,8,4769
601,Victini,8,-6,15,30,-20,-12,1769
602,Snivy,-47,-61,-30,-25,-65,-49,14081
603,Servine,-32,-46,-10,-10,-45,-29,6206
604,Serperior,-17,-31,10,5,-25,1,2001
605,Tepig,-27,-43,-40,-25,-75,-67,14917
606,Pignite,-2,-13,-30,0,-65,-57,8547
607,Emboar,18,17,-20,30,-55,-47,7147
608,Oshawott,-37,-51,-40,-7,-75,-67,15733
609,Dewott,-17,-31,-25,13,-60,-52,8348
610,Samurott,3,-6,0,38,-50,-42,5753
611,Samurott (Hisuian Samurott),-2,2,-5,30,-55,-27,4687
612,Patrat,-47,-51,-46,-35,-81,-70,19612
613,Watchog,-32,-21,-16,-10,-51,-35,5647
614,Lillipup,-47,-46,-40,-45,-75,-57,16824
615,Herdier,-27,-26,-20,-35,-55,-52,8759
616,Stoutland,-7,4,5,-25,-30,-32,2639
617,Purrloin,-51,-56,-48,-20,-83,-46,17446
618,Liepard,-28,-18,-35,18,-70,-6,7593
619,Pansage,-42,-53,-37,-17,-72,-48,13719
620,Simisage,-17,-8,-22,28,-57,-11,4991
621,Pansear,-42,-53,-37,-17,-72,-48,13719
622,Simisear,-17,-8,-22,28,-57,-11,4991
623,Panpour,-42,-53,-37,-17,-72,-48,13719
624,Simipour,-17,-8,-22,28,-57,-11,4991
625,Munna,-16,-81,-40,-3,-65,-88,20395
626,Musharna,24,-51,0,37,-25,-83,12060
627,Pidove,-42,-51,-35,-34,-90,-69,19607
628,Tranquill,-30,-29,-23,-20,-78,-47,10963
629,Unfezant,-12,9,-5,-5,-65,-19,4861
630,Blitzle,-47,-46,-53,-20,-88,-36,16574
631,Zebstrika,-17,-6,-22,10,-57,4,4174
632,Roggenrola,-37,-31,0,-45,-95,-97,22789
633,Boldore,-22,-1,20,-20,-80,-92,16149
634,Gigalith,-7,29,45,-10,-40,-87,12184
635,Woobat,-27,-61,-42,-15,-77,-40,13968
636,Swoobat,-25,-49,-30,7,-65,2,8204
637,Drilbur,-32,-21,-45,-40,-75,-44,12651
638,Excadrill,18,29,-25,-20,-55,-24,5791
639,Audino,11,-46,1,-10,-34,-62,7338
640,Audino (Mega Audino),11,-46,41,10,6,-62,7898
641,Timburr,-17,-26,-30,-45,-85,-77,17044
642,Gurdurr,-7,-1,0,-30,-70,-72,11034
643,Conkeldurr,13,34,10,-15,-55,-67,9164
644,Tympole,-42,-56,-45,-20,-80,-48,16029
645,Palpitoad,-17,-41,-30,-5,-65,-43,8969
646,Seismitoad,13,-11,-10,15,-45,-38,4084
647,Throh,28,-6,0,-40,-35,-67,8134
648,Sawk,-17,19,-10,-40,-45,-27,5104
649,Sewaddle,-47,-53,-15,-30,-60,-70,14643
650,Swadloon,-37,-43,5,-20,-40,-70,10143
651,Leavanny,-17,-3,-5,0,-40,-20,2323
652,Venipede,-62,-61,-26,-40,-81,-55,19427
653,Whirlipede,-52,-51,14,-30,-41,-65,12307
654,Scolipede,-32,-6,4,-15,-51,0,3902
655,Cottonee,-52,-79,-25,-33,-70,-46,17675
656,Whimsicott,-32,-39,0,7,-45,4,4635
657,Petilil,-47,-71,-35,0,-70,-82,20099
658,Lilligant,-22,-46,-10,40,-45,-22,6809
659,Lilligant (Hisuian Lilligant),-22,-1,-10,-20,-45,-7,3059
660,Basculin,-22,-14,-20,10,-65,-14,5601
661,Sandile,-42,-34,-50,-35,-85,-47,16079
662,Krokorok,-32,-24,-40,-25,-75,-38,10894
663,Krookodile,3,11,-5,-5,-50,-20,3080
664,Darumaka,-22,-16,-40,-55,-75,-62,14834
665,Darumaka (Galarian Darumaka),-22,-16,-40,-55,-75,-62,14834
666,Darmanitan (Standard Mode),13,34,-30,-40,-65,-17,8339
667,Darmanitan (Zen Mode),13,-76,20,70,-15,-57,14719
668,Darmanitan (Galarian Standard Mode),13,34,-30,-40,-65,-17,8339
669,Darmanitan (Galarian Zen Mode),13,54,-30,-40,-65,23,10339
670,Maractus,-17,-20,-18,36,-53,-52,7822
671,Dwebble,-42,-41,0,-35,-85,-57,15144
672,Crustle,-22,-1,40,-5,-45,-67,8624
673,Scraggy,-42,-31,-15,-35,-50,-64,10771
674,Scrafty,-27,-16,30,-25,-5,-54,5451
675,Sigilyph,-20,-48,-5,33,-40,-15,5643
676,Yamask,-54,-76,0,-15,-55,-82,18666
677,Yamask (Galarian Yamask),-54,-51,0,-40,-55,-82,16866
678,Cofagrigus,-34,-56,60,25,-15,-82,15466
679,Tirtouga,-38,-28,18,-17,-75,-90,16566
680,Carracosta,-18,2,48,13,-55,-80,12226
681,Archen,-37,6,-40,4,-75,-42,10410
682,Archeops,-17,34,-20,42,-55,-2,6638
683,Trubbish,-42,-56,-23,-30,-58,-47,11902
684,Garbodor,-12,-11,-3,-10,-38,-37,3187
685,Zorua,-52,-41,-45,10,-80,-47,15119
686,Zorua (Hisuian Zorua),-57,-46,-45,15,-80,-42,15779
687,Zoroark,-32,-1,-25,50,-60,-7,7799
688,Zoroark (Hisuian Zoroark),-37,-6,-25,55,-60,-2,8659
689,Minccino,-37,-56,-45,-30,-80,-37,15199
690,Cinccino,-17,-11,-25,-5,-60,3,4669
691,Gothita,-47,-76,-35,-15,-55,-67,16949
692,Gothorita,-32,-61,-15,5,-35,-57,9469
693,Gothitelle,-22,-51,10,25,-10,-47,6119
694,Solosis,-47,-76,-45,35,-70,-92,24599
695,Duosion,-27,-66,-35,55,-60,-82,19659
696,Reuniclus,18,-41,-10,55,-35,-82,13079
697,Ducklett,-30,-62,-35,-26,-70,-57,14794
698,Swanna,-17,-19,-22,17,-57,-14,4868
699,Vanillite,-56,-56,-35,-5,-60,-68,15746
700,Vanillish,-41,-41,-20,10,-45,-53,8696
701,Vanilluxe,-21,-11,0,40,-25,-33,3876
702,Deerling,-32,-46,-35,-30,-70,-37,11534
703,Sawsbuck,-12,-6,-15,-10,-50,-17,3294
704,Emolga,-37,-31,-25,5,-60,-9,6661
705,Karrablast,-42,-31,-40,-30,-75,-52,13554
706,Escavalier,-22,29,20,-10,-15,-92,10514
707,Foongus,-23,-51,-40,-15,-65,-97,18589
708,Amoonguss,22,-21,-15,15,-40,-82,9699
709,Frillish,-37,-66,-35,-5,-35,-72,13384
710,Jellicent,8,-46,-15,15,-15,-52,5559
711,Alomomola,73,-31,-5,-30,-75,-47,15049
712,Joltik,-42,-59,-35,-13,-70,-47,13748
713,Galvantula,-22,-29,-25,27,-60,-4,6295
714,Ferroseed,-48,-56,6,-46,-34,-102,19152
715,Ferrothorn,-18,-12,46,-16,-4,-92,11320
716,Klink,-52,-51,-15,-25,-60,-82,16479
717,Klang,-32,-26,10,0,-35,-62,6869
718,Klinklang,-32,-6,30,0,-35,-22,3669
719,Tynamo,-57,-51,-45,-25,-80,-52,17604
720,Eelektrik,-27,-21,-15,5,-50,-72,9104
721,Eelektross,-7,9,-5,35,-40,-62,6824
722,Elgyem,-37,-51,-30,15,-65,-82,16044
723,Beheeyem,-17,-31,-10,55,-25,-72,10184
724,Litwick,-42,-76,-30,-5,-65,-92,21154
725,Lampent,-32,-66,-25,25,-60,-57,13479
726,Chandelure,-32,-51,5,75,-30,-32,11199
727,Axew,-46,-19,-25,-40,-80,-55,14127
728,Fraxure,-26,11,-15,-30,-70,-45,8847
729,Haxorus,-16,41,5,-10,-50,-15,4787
730,Cubchoo,-37,-36,-45,-10,-80,-72,16374
731,Beartic,3,24,-5,0,-40,-62,6054
732,Cryogonal,-12,-56,-35,25,15,-7,5404
733,Shelmet,-42,-66,0,-30,-55,-87,17614
734,Accelgor,-12,-36,-45,30,-60,33,9054
735,Stunfisk,17,-40,-1,11,-21,-80,8852
736,Stunfisk (Galarian Stunfisk),17,-25,14,-4,-36,-80,8822
737,Mienfoo,-47,-21,-35,-15,-70,-47,11209
738,Mienshao,-27,19,-25,25,-60,-7,5989
739,Druddigon,-15,14,5,-10,-30,-64,5542
740,Golett,-33,-32,-35,-35,-70,-77,15392
741,Golurk,-3,18,-5,-15,-40,-57,5432
742,Pawniard,-47,-21,-15,-30,-80,-52,12879
743,Bisharp,-27,19,15,-10,-50,-42,5679
744,Bouffalant,3,4,10,-30,-25,-57,4899
745,Rufflet,-22,-23,-35,-33,-70,-52,10931
746,Braviary,8,17,-10,-13,-45,-32,3671
747,Braviary (Hisuian Braviary),18,-23,-15,42,-50,-47,7551
748,Vullaby,-22,-51,-10,-25,-55,-52,9539
749,Mandibuzz,18,-41,20,-15,-25,-32,4279
750,Heatmor,-7,-9,-19,35,-54,-47,6841
751,Durant,-34,3,27,-22,-72,-3,7571
752,Deino,-40,-41,-35,-25,-70,-74,15507
753,Zweilous,-20,-21,-15,-5,-50,-54,6507
754,Hydreigon,0,-1,5,55,-30,-14,4147
755,Larvesta,-37,-21,-30,-20,-65,-52,10039
756,Volcarona,-7,-46,-20,65,-15,-12,7159
757,Cobalion,-1,-16,44,20,-48,-4,4913
758,Terrakion,-1,23,5,2,-30,-4,1475
759,Virizion,-1,-16,-13,20,9,-4,923
760,Tornadus (Incarnate Forme),-13,9,-15,55,-40,-1,5101
761,Tornadus (Therian Forme),-13,-6,-5,40,-30,9,2811
762,Thundurus (Incarnate Forme),-13,9,-15,55,-40,-1,5101
763,Thundurus (Therian Forme),-13,-1,-15,75,-40,-11,7741
764,Reshiram,8,14,15,80,0,-22,7369
765,Zekrom,8,44,35,50,-20,-22,6609
766,Landorus (Incarnate Forme),-3,19,5,45,-40,-11,4141
767,Landorus (Therian Forme),-3,39,5,35,-40,-21,4821
768,Kyurem,33,24,5,60,-30,-17,6479
769,Kyurem (Black Kyurem),33,64,15,50,-30,-17,9099
770,Kyurem (White Kyurem),33,14,5,100,-20,-17,11999
771,Keldeo,-1,-34,5,59,-30,-4,5579
772,Meloetta (Aria Forme),8,-29,-8,58,8,-22,4881
773,Meloetta (Pirouette Forme),8,22,5,7,-43,16,2727
774,Genesect,-21,14,10,50,-25,-13,4031
775,Chespin,-36,-45,-20,-22,-75,-74,15306
776,Quilladin,-31,-28,10,-14,-62,-55,8910
777,Chesnaught,-4,1,37,4,-45,-48,5731
778,Fennekin,-52,-61,-45,-8,-60,-52,14818
779,Braixen,-33,-47,-27,20,-50,-39,8448
780,Delphox,-17,-37,-13,44,-20,-8,4227
781,Froakie,-51,-50,-45,-8,-76,-41,14647
782,Frogadier,-38,-43,-33,13,-64,-15,8872
783,Greninja,-20,-11,-18,33,-49,10,4435
784,Greninja (Ash-Greninja),-20,39,-18,83,-49,20,11935
785,Bunnelby,-54,-70,-47,-38,-84,-55,21550
786,Diggersby,-7,-50,-8,-20,-43,-34,6018
787,Fletchling,-47,-56,-42,-30,-82,-50,17233
788,Fletchinder,-30,-33,-30,-14,-68,-28,8493
789,Talonflame,-14,-25,-14,4,-51,14,3830
790,Scatterbug,-54,-71,-45,-43,-95,-77,26785
791,Spewpa,-47,-84,-25,-43,-90,-83,26728
792,Vivillon,-12,-54,-35,20,-70,-23,10114
793,Litleo,-30,-56,-27,3,-66,-40,10730
794,Pyroar,-6,-38,-13,39,-54,-6,6122
795,Flabébé,-48,-68,-46,-9,-41,-70,15706
796,Floette,-38,-61,-38,5,-22,-60,10718
797,Florges,-14,-41,-17,42,34,-37,6455
798,Skiddo,-26,-41,-37,-8,-63,-60,11359
799,Gogoat,31,-6,-23,27,-39,-44,5712
800,Pancham,-25,-24,-23,-24,-72,-69,12251
801,Pangoro,3,18,-7,-1,-49,-54,5700
802,Furfrou,-17,-26,-25,-5,-30,-10,2615
803,Espurr,-30,-58,-31,-7,-60,-44,10810
804,Meowstic,-18,-58,-9,13,-39,-8,5523
805,Honedge,-47,-26,15,-35,-83,-84,18280
806,Doublade,-33,4,65,-25,-71,-77,16925
807,Aegislash (Shield Forme),-32,-56,55,-20,20,-52,10689
808,Aegislash (Blade Forme),-32,34,-35,70,-70,-52,15909
809,Spritzee,-14,-54,-25,-7,-55,-89,14732
810,Aromatisse,9,-34,-13,29,-31,-83,10097
811,Swirlix,-30,-58,-19,-11,-63,-63,12684
812,Slurpuff,-10,-26,1,15,-45,-40,4627
813,Inkay,-39,-52,-32,-33,-74,-67,16303
814,Malamar,-6,-14,3,-2,-45,-39,3791
815,Binacle,-50,-54,-18,-31,-64,-62,14641
816,Barbaracle,-20,-1,30,-16,-34,-44,4649
817,Skrelp,-42,-46,-25,-10,-60,-82,14929
818,Dragalge,-27,-31,5,27,3,-68,7077
819,Clauncher,-42,-53,-23,-12,-57,-68,13119
820,Clawitzer,-21,-33,3,50,-31,-53,7809
821,Helioptile,-48,-68,-52,-9,-77,-42,17406
822,Heliolisk,-30,-51,-33,39,-26,-3,6796
823,Tyrunt,-34,-17,-8,-25,-75,-64,11855
824,Tyrantrum,-10,15,34,-1,-61,-41,6884
825,Amaura,-15,-47,-35,-3,-57,-66,11273
826,Aurorus,31,-29,-13,29,-28,-54,6512
827,Sylveon,3,-41,-20,40,10,-52,6494
828,Hawlucha,-14,-14,-10,4,-57,6,3793
829,Dedenne,-25,-48,-28,11,-53,-11,6764
830,Carbink,-42,-56,65,-20,30,-62,14269
831,Goomy,-47,-56,-50,-15,-45,-72,15279
832,Sliggoo,-24,-31,-32,13,-7,-52,5483
833,Sliggoo (Hisuian Sliggoo),-34,-31,-2,13,-7,-72,7523
834,Goodra,-2,-6,-15,40,30,-32,3789
835,Goodra (Hisuian Goodra),-12,-6,15,40,30,-52,5609
836,Klefki,-35,-26,6,10,-33,-37,4495
837,Phantump,-49,-36,-37,-20,-60,-74,14542
838,Trevenant,-7,4,-9,-5,-38,-56,4751
839,Pumpkaboo (Small Size),-48,-40,-15,-26,-65,-56,12166
840,Pumpkaboo (Average Size),-43,-40,-15,-26,-65,-61,12296
841,Pumpkaboo (Large Size),-38,-40,-15,-26,-65,-66,12526
842,Pumpkaboo (Super Size),-33,-40,-15,-26,-65,-71,12856
843,Gourgeist (Small Size),-37,-21,37,-12,-45,-13,5517
844,Gourgeist (Average Size),-27,-16,37,-12,-45,-28,5307
845,Gourgeist (Large Size),-17,-11,37,-12,-45,-43,5797
846,Gourgeist (Super Size),-7,-6,37,-12,-45,-58,6987
847,Bergmite,-37,-37,0,-38,-85,-84,18463
848,Avalugg,3,11,99,-26,-74,-84,23139
849,Avalugg (Hisuian Avalugg),3,21,99,-36,-84,-74,24079
850,Noibat,-52,-76,-50,-25,-80,-57,21254
851,Noivern,-7,-36,-5,27,-40,11,3820
852,Xerneas,34,25,10,61,-22,-13,6255
853,Yveltal,34,25,10,61,-22,-13,6255
854,Zygarde (50% Forme),16,-6,36,11,-25,-17,2623
855,Zygarde (10% Forme),-38,-6,-14,-9,-35,3,2991
856,Zygarde (Complete Forme),124,-6,36,21,-25,-27,18503
857,Diancie,-42,-6,65,30,30,-62,11669
858,Diancie (Mega Diancie),-42,54,25,90,-10,-2,13509
859,Hoopa (Hoopa Confined),-12,4,-25,80,10,-42,9049
860,Hoopa (Hoopa Unbound),-12,54,-25,100,10,-32,14809
861,Volcanion,-12,4,35,60,-30,-42,7649
862,Rowlet,-24,-51,-30,-20,-70,-70,14277
863,Dartrix,-14,-31,-10,0,-50,-60,7357
864,Decidueye,-14,1,-10,30,-20,-42,3361
865,Decidueye (Hisuian Decidueye),-4,6,-5,25,-25,-52,4031
866,Litten,-47,-41,-45,-10,-80,-42,14179
867,Torracat,-27,-21,-35,10,-70,-22,7879
868,Incineroar,3,9,5,10,-30,-52,3819
869,Popplio,-42,-52,-31,-4,-64,-72,14725
870,Brionne,-32,-37,-16,21,-39,-62,8455
871,Primarina,-12,-32,-11,56,-4,-52,7145
872,Pikipek,-57,-31,-55,-40,-90,-47,19144
873,Trumbeak,-37,-21,-35,-30,-70,-37,10204
874,Toucannon,-12,14,-10,5,-45,-52,5194
875,Yungoos,-44,-36,-55,-40,-90,-67,20446
876,Gumshoos,-4,4,-25,-15,-60,-67,8971
877,Grubbin,-45,-44,-40,-15,-75,-66,15767
878,Charjabug,-35,-24,10,-15,-45,-76,9927
879,Vikavolt,-15,-36,5,75,-45,-69,13957
880,Crabrawler,-45,-24,-28,-28,-73,-49,11899
881,Crabominable,5,26,-8,-8,-53,-69,8399
882,Oricorio,-17,-36,-15,28,-50,-19,5455
883,Cutiefly,-52,-61,-45,-15,-80,-28,15859
884,Ribombee,-32,-51,-25,25,-50,12,7519
885,Rockruff,-47,-41,-45,-40,-80,-52,16619
886,Lycanroc (Midday Form),-17,9,-20,-15,-55,0,4020
887,Lycanroc (Midnight Form),-7,9,-10,-15,-45,-30,3380
888,Lycanroc (Dusk Form),-17,11,-20,-15,-55,-2,4064
889,Wishiwashi (Solo Form),-47,-86,-65,-45,-95,-72,30064
890,Wishiwashi (School Form),-47,34,45,70,15,-82,17239
891,Mareanie,-42,-53,-23,-27,-68,-67,14944
892,Toxapex,-42,-43,67,-17,22,-77,14804
893,Mudbray,-22,-6,-15,-25,-65,-67,10084
894,Mudsdale,8,19,15,-15,-35,-77,8029
895,Dewpider,-54,-66,-33,-30,-48,-85,18790
896,Araquanid,-24,-36,7,-20,12,-70,7365
897,Fomantis,-52,-51,-50,-20,-85,-77,21359
898,Lurantis,-22,-1,5,10,-30,-67,5999
899,Morelull,-52,-71,-30,-5,-45,-97,20104
900,Shiinotic,-32,-61,-5,20,-20,-82,12294
901,Salandit,-44,-62,-45,1,-80,-35,15431
902,Salazzle,-24,-42,-25,41,-60,5,8271
903,Stufful,-22,-31,-35,-25,-70,-62,12039
904,Bewear,28,19,-5,-15,-60,-52,7699
905,Bounsweet,-50,-76,-47,-40,-82,-80,25209
906,Steenee,-40,-66,-37,-30,-72,-50,15909
907,Tsareena,-20,14,13,-20,-22,-40,3249
908,Comfey,-41,-54,5,12,-10,-12,5010
909,Oranguru,-2,-46,-5,20,-10,-52,5349
910,Passimian,8,14,5,-30,-60,-32,5809
911,Wimpod,-67,-71,-45,-50,-90,-32,23179
912,Golisopod,-17,19,55,-10,-30,-72,9859
913,Sandygast,-37,-51,-5,0,-75,-97,19029
914,Palossand,-7,-31,25,30,-45,-77,10489
915,Pyukumuku,-37,-46,45,-40,10,-107,18659
916,Type: Null,3,-11,10,25,-25,-53,4289
917,Silvally,3,-11,10,25,-25,-17,1769
918,Minior (Meteor Form),-32,-46,15,-10,-20,-52,6569
919,Minior (Core),-32,-6,-25,30,-60,8,6249
920,Komala,-27,9,-20,5,-25,-47,4069
921,Turtonator,-32,-28,50,21,-35,-76,11750
922,Togedemaru,-27,-8,-22,-30,-47,-16,4642
923,Mimikyu,-37,-16,-5,-20,-15,-16,2531
924,Bruxish,-24,-1,-15,0,-50,-20,3702
925,Drampa,-14,-46,0,65,-29,-76,13154
926,Dhelmise,-22,25,15,16,-30,-72,7674
927,Jangmo-o,-47,-51,-20,-25,-75,-67,15949
928,Hakamo-o,-37,-31,5,-5,-50,-47,7089
929,Kommo-o,-17,4,40,30,-15,-27,3759
930,Tapu Koko,-22,9,0,25,-45,18,3539
931,Tapu Lele,-22,-21,-10,60,-5,-17,4939
932,Tapu Bulu,-22,24,30,15,-25,-37,4179
933,Tapu Fini,-22,-31,30,25,10,-27,3799
934,Cosmog,-49,-77,-54,-41,-89,-75,26473
935,Cosmoem,-49,-77,46,-41,11,-75,17873
936,Solgaleo,45,31,22,43,-31,-15,6505
937,Lunala,45,7,4,67,-13,-15,6973
938,Nihilego,17,-53,-38,57,11,-9,7993
939,Buzzwole,15,33,54,-17,-67,-33,10097
940,Pheromosa,-21,31,-48,67,-83,39,16605
941,Xurkitree,-9,-17,-14,103,-49,-29,14417
942,Celesteela,5,-5,18,37,-19,-51,4705
943,Kartana,-33,75,46,-11,-89,-3,16881
944,Guzzlord,131,-5,-32,27,-67,-69,28189
945,Necrozma,5,1,16,57,-31,-33,5581
946,Necrozma (Dusk Mane Necrozma),5,51,42,43,-11,-35,7585
947,Necrozma (Dawn Wings Necrozma),5,7,24,87,7,-35,9493
948,Necrozma (Ultra Necrozma),5,61,12,97,-23,17,14117
949,Magearna,-12,-11,30,60,-5,-47,6999
950,Marshadow,-2,19,-5,20,-30,13,1859
951,Poipole,-25,-33,-18,3,-53,-39,6377
952,Naganadel,-19,-33,-12,57,-47,9,7133
953,Stakataka,-31,25,126,-17,-19,-99,27913
954,Blacephalon,-39,21,-32,81,-41,-5,11253
955,Zeraora,-4,6,-10,32,-40,31,3737
956,Meltan,-46,-41,-20,-15,-85,-78,17731
957,Melmetal,43,37,58,10,-55,-78,15791
958,Grookey,-42,-41,-35,-30,-80,-47,14179
959,Thwackey,-22,-21,-15,-15,-60,-32,5999
960,Rillaboom,8,19,5,-10,-50,-27,3779
961,Scorbunny,-42,-35,-45,-30,-80,-43,14163
962,Raboot,-27,-20,-25,-15,-60,-18,5903
963,Cinderace,-12,10,-10,-5,-45,7,2443
964,Sobble,-42,-66,-45,0,-80,-42,16309
965,Drizzile,-27,-46,-30,25,-65,-22,9079
966,Inteleon,-22,-21,-20,55,-55,8,7439
967,Skwovet,-22,-51,-30,-35,-85,-87,20004
968,Greedent,28,-11,10,-15,-45,-92,11719
969,Rookidee,-54,-59,-50,-37,-85,-55,20516
970,Corvisquire,-24,-39,-30,-27,-65,-35,9176
971,Corviknight,6,-19,20,-17,-35,-45,4336
972,Blipbug,-67,-86,-65,-45,-75,-67,28249
973,Dottler,-42,-71,-5,-20,-30,-82,14854
974,Orbeetle,-32,-61,25,10,0,-22,5954
975,Nickit,-52,-78,-57,-23,-68,-62,21034
976,Thievul,-22,-48,-27,17,-28,-22,5074
977,Gossifleur,-52,-66,-25,-30,-60,-102,22589
978,Eldegoss,-32,-56,5,10,0,-52,6989
979,Wooloo,-50,-66,-30,-30,-75,-64,18377
980,Dubwool,-20,-26,15,-10,-30,-24,2877
981,Chewtle,-42,-42,-35,-32,-82,-68,17125
982,Drednaw,-2,9,5,-22,-52,-38,4742
983,Yamper,-33,-61,-35,-30,-70,-86,19231
984,Boltund,-23,-16,-25,20,-60,9,5491
985,Rolycoly,-62,-66,-35,-30,-70,-82,21949
986,Carkol,-12,-46,5,-10,-50,-62,8729
987,Coalossal,18,-26,35,10,-30,-82,9949
988,Applin,-52,-66,-5,-30,-80,-92,22849
989,Flapple,-22,4,-5,25,-60,-42,6514
990,Appletun,18,-21,-5,30,-40,-82,10014
991,Silicobra,-40,-49,-10,-35,-70,-66,14582
992,Sandaconda,-20,1,40,-5,-50,-41,6207
993,Cramorant,-22,-21,-30,15,-25,-27,3404
994,Arrokuda,-51,-43,-45,-30,-90,-46,17591
995,Barraskewda,-31,17,-25,-10,-70,24,7451
996,Toxel,-52,-68,-50,-16,-85,-72,22493
997,Toxtricity,-17,-8,-15,44,-50,-37,6383
998,Sizzlipede,-42,-41,-40,-20,-70,-67,14834
999,Centiskorch,8,9,-20,20,-30,-47,4054
1000,Clobbopus,-42,-38,-25,-20,-70,-80,15533
1001,Grapploct,-12,12,5,0,-40,-70,6813
1002,Sinistea,-52,-61,-40,4,-66,-62,16241
1003,Polteageist,-32,-41,-20,64,-6,-42,9001
1004,Hatenna,-50,-76,-40,-14,-67,-73,19890
1005,Hattrem,-35,-66,-20,16,-47,-63,12415
1006,Hatterene,-35,-16,10,66,-17,-83,13115
1007,Impidimp,-47,-61,-55,-15,-80,-62,19424
1008,Morgrem,-27,-46,-40,5,-65,-42,10459
1009,Grimmsnarl,3,14,-20,25,-45,-52,5959
1010,Obstagoon,1,-16,16,-10,-39,-17,2423
1011,Perrserker,-22,4,15,-20,-60,-62,8569
1012,Cursola,-32,-11,-35,75,10,-82,14819
1013,Sirfetch'd,-30,29,10,-2,-38,-47,5498
1014,Mr. Rime,-12,-21,-10,40,-20,-42,4449
1015,Runerigus,-34,-11,60,-20,-15,-82,12226
1016,Milcery,-47,-66,-45,-20,-59,-78,18555
1017,Alcremie,-27,-46,-10,40,1,-48,6850
1018,Falinks,-27,-6,15,0,-60,-37,5959
1019,Pincurchin,-44,-5,10,21,-35,-97,13136
1020,Snom,-62,-81,-50,-25,-90,-92,30094
1021,Frosmoth,-22,-41,-25,55,-30,-47,8924
1022,Stonjourner,8,19,50,-50,-100,-42,17189
1023,Eiscue (Ice Face),-17,-26,25,-5,-30,-62,6359
1024,Eiscue (Noice Face),-17,-26,-15,-5,-70,18,6439
1025,Indeedee (Male),-32,-41,-30,35,-25,-17,5744
1026,Indeedee (Female),-22,-51,-20,25,-15,-27,5064
1027,Morpeko,-34,-11,-27,0,-62,-15,6075
1028,Cufant,-20,-26,-36,-30,-71,-72,13497
1029,Copperajah,30,24,-16,10,-51,-82,11157
1030,Dracozolt,-2,-6,5,10,-50,-37,4034
1031,Arctozolt,-2,-6,5,20,-40,-57,5314
1032,Dracovish,-2,-16,15,0,-40,-37,3454
1033,Arctovish,-2,-16,15,10,-30,-57,4734
1034,Duraludon,-22,-11,30,50,-70,-27,9634
1035,Dreepy,-64,-46,-55,-30,-90,-30,19137
1036,Drakloak,-24,-26,-35,-10,-70,-10,7577
1037,Dragapult,-4,14,-10,30,-45,30,4137
1038,Zacian (Hero of Many Battles),0,14,30,10,-5,26,1897
1039,Zacian (Crowned Sword),0,44,30,10,-5,36,4257
1040,Zamazenta (Hero of Many Battles),0,14,30,10,-5,26,1897
1041,Zamazenta (Crowned Shield),0,14,55,10,20,16,3977
1042,Eternatus,48,-21,10,75,-25,18,9419
1043,Eternatus (Eternamax Eternatus),163,9,165,55,130,18,74124
1044,Kubfu,-32,-16,-25,-17,-70,-40,8694
1045,Urshifu,8,24,15,-7,-60,-15,4739
1046,Zarude,13,14,20,0,-25,-7,1439
1047,Regieleki,-12,-6,-35,30,-70,88,14949
1048,Regidrago,108,-6,-35,30,-70,-32,19749
1049,Glastrier,8,39,45,-5,-10,-82,10459
1050,Spectrier,8,-41,-25,75,-40,18,9919
1051,Calyrex,8,-26,-5,10,-40,-32,3489
1052,Calyrex (Ice Rider Calyrex),8,59,65,15,10,-62,11939
1053,Calyrex (Shadow Rider Calyrex),8,-21,-5,95,-20,38,11399
1054,Wyrdeer,11,-1,-13,35,-45,-47,5750
1055,Kleavor,-22,29,10,-25,-50,-27,5279
1056,Ursaluna,38,34,20,-25,-40,-62,9069
1057,Basculegion (Male),28,6,-20,10,-45,-34,4501
1058,Basculegion (Female),28,-14,-20,30,-45,-34,5461
1059,Sneasler,-12,24,-25,-30,-40,8,3909
1060,Overqwil,-7,9,10,-5,-55,-27,4009
1061,Enamorus (Incarnate Forme),-18,9,-15,65,-40,-6,6491
1062,Enamorus (Therian Forme),-18,9,25,65,-20,-66,10011
1063,Sprigatito,-52,-45,-31,-25,-75,-47,14149
1064,Floragato,-31,-26,-22,-10,-57,-29,6311
1065,Meowscarada,-16,4,-15,11,-50,11,3239
1066,Fuecoco,-25,-61,-26,-7,-80,-76,17247
1067,Crocalor,-11,-51,-7,20,-62,-63,10984
1068,Skeledirge,12,-31,15,40,-45,-46,7071
1069,Quaxly,-37,-41,-40,-20,-75,-62,14519
1070,Quaxwell,-22,-21,-20,-5,-60,-47,7159
1071,Quaquaval,-7,14,-5,15,-45,-27,3249
1072,Lechonk,-38,-61,-45,-35,-75,-77,19969
1073,Oinkologne (Male),18,-6,-10,-11,-40,-47,4390
1074,Oinkologne (Female),23,-16,-15,-11,-30,-47,4240
1075,Tarountula,-57,-65,-40,-41,-80,-92,25619
1076,Spidops,-32,-27,7,-18,-34,-77,9211
1077,Nymble,-59,-60,-45,-49,-95,-67,25021
1078,Lokix,-21,-4,-7,-18,-65,-20,5455
1079,Pawmi,-47,-56,-65,-30,-95,-52,22199
1080,Pawmo,-32,-31,-45,-20,-80,-27,11539
1081,Pawmot,-22,9,-15,0,-60,-7,4439
1082,Tandemaus,-42,-56,-40,-30,-75,-37,14394
1083,Maushold,-18,-31,-15,-5,-45,-1,3561
1084,Fidough,-55,-51,-15,-40,-65,-47,13885
1085,Dachsbun,-35,-26,30,-20,-40,-17,5090
1086,Smoliv,-51,-71,-40,-12,-69,-82,20871
1087,Dolliv,-40,-53,-25,8,-42,-79,13103
1088,Arboliva,-14,-37,5,55,-11,-73,10065
1089,Squawkabilly,-10,-10,-34,-25,-69,-20,7142
1090,Nacli,-37,-51,-10,-35,-85,-87,20089
1091,Naclstack,-32,-46,15,-35,-55,-77,13544
1092,Garganacl,8,-6,45,-25,-30,-77,9579
1093,Charcadet,-52,-56,-45,-20,-80,-77,20594
1094,Armarouge,-7,-46,15,55,-40,-37,8384
1095,Ceruledge,-17,19,-5,-10,-20,-27,1904
1096,Tadbulb,-31,-75,-44,-11,-85,-67,20357
1097,Bellibolt,17,-42,6,33,-37,-67,9036
1098,Wattrel,-52,-66,-50,-15,-80,-42,17949
1099,Kilowattrel,-22,-36,-25,35,-60,13,7399
1100,Maschiff,-32,-28,-25,-30,-69,-61,11815
1101,Mabosstiff,-12,14,5,-10,-50,-27,3694
1102,Shroodle,-52,-41,-50,-30,-85,-37,16379
1103,Grafaiai,-29,-11,-20,10,-48,-2,3770
1104,Bramblin,-52,-41,-55,-25,-85,-52,17964
1105,Brambleghast,-37,9,-15,10,-50,-22,4759
1106,Toedscool,-52,-66,-50,-20,-20,-42,12124
1107,Toedscruel,-12,-36,-20,10,0,-12,2084
1108,Klawf,-22,-6,30,-35,-65,-37,8239
1109,Capsakid,-42,-44,-45,-8,-80,-62,16033
1110,Scovillain,-27,2,-20,38,-55,-37,6971
1111,Rellor,-51,-56,-25,-39,-62,-82,18451
1112,Rabsca,-17,-56,0,45,-20,-67,10339
1113,Flittle,-62,-71,-55,-15,-90,-37,21604
1114,Espathra,3,-46,-25,31,-60,-7,7360
1115,Tinkatink,-42,-61,-40,-35,-56,-54,14362
1116,Tinkatuff,-27,-51,-30,-25,-38,-34,7455
1117,Tinkaton,-7,-31,-8,0,-15,-18,1623
1118,Wiglett,-82,-51,-60,-35,-95,-17,23464
1119,Wugtrio,-57,-6,-35,-20,-50,8,7474
1120,Bombirdier,-22,-3,0,-10,-35,-30,2718
1121,Finizen,-22,-61,-45,-25,-80,-37,14624
1122,Palafin,8,-36,-13,-17,-58,-12,5326
1123,Palafin,8,54,12,36,-33,-12,5653
1124,Varoom,-47,-36,-22,-40,-75,-65,15439
1125,Revavroom,-12,13,5,-16,-53,-22,3887
1126,Cyclizar,-22,-11,-20,15,-55,9,4336
1127,Orthworm,-22,-21,60,-10,-65,-47,11059
1128,Glimmet,-44,-71,-43,35,-60,-52,16355
1129,Glimmora,-9,-51,5,60,-39,-26,8504
1130,Greavard,-42,-45,-25,-40,-65,-78,16323
1131,Houndstone,-20,-5,15,-20,-23,-44,3515
1132,Flamigo,-10,9,-11,5,-56,-22,3947
1133,Cetoddle,16,-38,-40,-40,-80,-69,16061
1134,Cetitan,78,7,-20,-25,-65,-39,12904
1135,Veluza,-2,-4,-12,8,-55,-42,5017
1136,Dondozo,58,-6,30,-5,-55,-77,13279
1137,Tatsugiri,-24,-56,-25,50,-25,-30,8362
1138,Annihilape,18,9,-5,-20,-30,-22,2214
1139,Clodsire,38,-31,-25,-25,-20,-92,12519
1140,Farigiraf,28,-16,-15,40,-50,-52,8069
1141,Dudunsparce,33,-6,-5,15,-45,-57,6649
1142,Kingambit,8,29,35,-10,-35,-62,7299
1143,Great Tusk,23,25,46,-17,-67,-25,8673
1144,Scream Tail,23,-41,14,-5,-5,-1,2457
1145,Brute Bonnet,19,21,14,9,-21,-57,4769
1146,Flutter Mane,-37,-51,-30,65,15,23,9849
1147,Slither Wing,-7,29,-6,15,-15,-31,2337
1148,Sandy Shocks,-7,-25,12,51,-35,-11,4765
1149,Iron Treads,-2,6,35,2,-50,-6,3805
1150,Iron Bundle,-36,-26,29,54,-60,24,9905
1151,Iron Hands,62,34,23,-20,-52,-62,12477
1152,Iron Jugulis,2,-26,1,52,-40,-4,5001
1153,Iron Moth,-12,-36,-25,70,-10,-2,7069
1154,Iron Thorns,8,28,25,0,-36,-40,4369
1155,Frigibax,-27,-31,-40,-35,-75,-57,13389
1156,Arctibax,-2,-11,-19,-25,-55,-50,6636
1157,Baxcalibur,23,39,7,5,-34,-25,3905
1158,Gimmighoul (Chest Form),-47,-76,-15,5,-50,-102,21139
1159,Gimmighoul (Roaming Form),-47,-76,-60,5,-75,-32,18259
1160,Gholdengo,-5,-46,10,63,-29,-28,7835
1161,Wo-Chien,-7,-21,15,25,15,-42,3329
1162,Chien-Pao,-12,14,-5,20,-55,23,4319
1163,Ting-Lu,63,4,40,-15,-40,-67,11899
1164,Chi-Yu,-37,-26,-5,65,0,-12,6439
1165,Roaring Moon,13,33,-14,-15,-19,7,2089
1166,Iron Valiant,-18,24,5,50,-60,4,7041
1167,Koraidon,8,29,30,15,-20,23,2959
1168,Miraidon,8,-21,15,65,-5,23,5509
