Helen Dunn vs. Pokemon SSE,pokemon,D_HP,D_ATK,D_DEF,D_SPA,D_SPD,D_SPE,SSE
0,Bulbasaur,-40,-44,-48,0,-25,-59,9946
1,Ivysaur,-25,-31,-34,15,-10,-44,5003
2,Venusaur,-5,-11,-14,35,10,-24,2243
3,Venusaur (Mega Venusaur),-5,7,26,57,30,-24,5475
4,Charmander,-46,-41,-54,-5,-40,-39,9859
5,Charmeleon,-27,-29,-39,15,-25,-24,4517
6,Charizard,-7,-9,-19,44,-5,-4,2468
7,Charizard (Mega Charizard X),-7,37,14,65,-5,-4,5880
8,Charizard (Mega Charizard Y),-7,11,-19,94,25,-4,10008
9,Squirtle,-41,-45,-32,-15,-26,-61,9352
10,Wartortle,-26,-30,-17,0,-10,-46,4081
11,Blastoise,-6,-10,3,20,15,-26,1446
12,Blastoise (Mega Blastoise),-6,10,23,70,25,-26,6866
13,Caterpie,-40,-63,-62,-45,-70,-59,19819
14,Metapod,-35,-73,-42,-40,-65,-74,19619
15,Butterfree,-25,-48,-47,25,-10,-34,7019
16,Weedle,-45,-58,-67,-45,-70,-54,19719
17,Kakuna,-40,-68,-47,-40,-65,-69,19019
18,Beedrill,-20,-3,-57,-20,-10,-29,4999
19,Beedrill (Mega Beedrill),-20,57,-57,-50,-10,41,11179
20,Pidgey,-45,-48,-57,-30,-55,-48,13807
21,Pidgeotto,-22,-33,-42,-15,-40,-33,6251
22,Pidgeot,-2,-13,-22,5,-20,-3,1091
23,Pidgeot (Mega Pidgeot),-2,-13,-17,70,-10,17,5751
24,Rattata,-55,-37,-62,-40,-55,-32,13887
25,Rattata (Alolan Rattata),-55,-37,-62,-40,-55,-32,13887
26,Raticate,-30,-12,-37,-15,-20,-7,3087
27,Raticate (Alolan Raticate),-10,-22,-27,-25,-10,-27,2767
28,Spearow,-45,-33,-67,-34,-59,-34,13396
29,Fearow,-20,-3,-32,-4,-29,-4,2306
30,Ekans,-50,-33,-53,-25,-36,-49,10720
31,Arbok,-25,2,-28,0,-11,-24,2110
32,Pikachu,-50,-38,-57,-15,-40,-14,9214
33,Pikachu (Partner Pikachu),-40,-13,-47,10,-30,16,5234
34,Raichu,-25,-3,-42,25,-10,6,3159
35,Raichu (Alolan Raichu),-25,-8,-47,30,-5,6,3859
36,Sandshrew,-35,-18,-12,-45,-60,-64,11414
37,Sandshrew (Alolan Sandshrew),-35,-18,-7,-55,-55,-64,11744
38,Sandslash,-10,7,13,-20,-35,-39,3464
39,Sandslash (Alolan Sandslash),-10,7,23,-40,-25,-39,4424
40,Nidoran♀,-30,-46,-45,-25,-50,-63,12135
41,Nidorina,-15,-31,-30,-10,-35,-48,5715
42,Nidoqueen,5,-1,-10,10,-5,-28,1035
43,Nidoran♂,-39,-36,-57,-25,-50,-54,12107
44,Nidorino,-24,-21,-40,-10,-35,-39,5463
45,Nidoking,-4,9,-20,20,-15,-19,1483
46,Clefairy,-15,-48,-49,-5,-25,-69,10341
47,Clefable,10,-23,-24,30,0,-44,4041
48,Vulpix,-47,-52,-57,-15,-25,-39,10533
49,Vulpix (Alolan Vulpix),-47,-52,-57,-15,-25,-39,10533
50,Ninetales,-12,-17,-22,16,10,-4,1289
51,Ninetales (Alolan Ninetales),-12,-26,-22,16,10,5,1685
52,Jigglypuff,30,-48,-77,-20,-65,-84,20814
53,Wigglytuff,55,-23,-52,20,-40,-59,11739
54,Zubat,-45,-48,-62,-35,-50,-49,14299
55,Golbat,-10,-13,-27,0,-15,-14,1419
56,Oddish,-40,-43,-42,10,-25,-74,11414
57,Gloom,-25,-28,-27,20,-15,-64,6859
58,Vileplume,-10,-13,-12,45,0,-54,5354
59,Paras,-50,-23,-42,-20,-35,-79,12659
60,Parasect,-25,2,-17,-5,-10,-74,6519
61,Venonat,-25,-38,-47,-25,-35,-59,9609
62,Venomoth,-15,-28,-37,25,-15,-14,3424
63,Diglett,-75,-38,-72,-30,-45,-9,15259
64,Diglett (Alolan Diglett),-75,-38,-67,-30,-45,-14,14679
65,Dugtrio,-50,7,-47,-15,-20,16,5639
66,Dugtrio (Alolan Dugtrio),-50,7,-37,-15,-20,6,4579
67,Meowth,-45,-48,-62,-25,-50,-14,11494
68,Meowth (Alolan Meowth),-45,-58,-62,-15,-50,-14,12154
69,Meowth (Galarian Meowth),-35,-28,-42,-25,-50,-64,10994
70,Persian,-20,-23,-37,0,-25,11,3044
71,Persian (Alolan Persian),-20,-33,-37,10,-25,11,3704
72,Psyduck,-35,-41,-49,0,-40,-49,9308
73,Golduck,-5,-11,-19,30,-10,-19,1868
74,Mankey,-45,-13,-62,-30,-45,-34,10119
75,Primeape,-20,12,-37,-5,-20,-9,2419
76,Growlithe,-30,-23,-52,5,-40,-44,7694
77,Growlithe (Hisuian Growlithe),-25,-18,-52,0,-40,-49,7654
78,Arcanine,5,17,-17,35,-10,-9,2009
79,Arcanine (Hisuian Arcanine),10,22,-17,30,-10,-14,2069
80,Poliwag,-45,-43,-57,-25,-50,-14,10444
81,Poliwhirl,-20,-28,-32,-15,-40,-14,4229
82,Poliwrath,5,2,-2,5,0,-34,1214
83,Abra,-60,-73,-82,40,-35,-14,18674
84,Kadabra,-45,-58,-67,55,-20,1,13304
85,Alakazam,-30,-43,-52,70,5,16,10634
86,Alakazam (Mega Alakazam),-30,-43,-32,110,15,46,18214
87,Machop,-15,-13,-47,-30,-55,-69,11289
88,Machoke,-5,7,-27,-15,-30,-59,5409
89,Machamp,5,37,-17,0,-5,-49,4109
90,Bellsprout,-35,-18,-62,5,-60,-64,13114
91,Weepinbell,-20,-3,-47,20,-45,-49,7444
92,Victreebel,-5,12,-32,35,-20,-34,3974
93,Tentacool,-45,-53,-62,-15,10,-34,10159
94,Tentacruel,-5,-23,-32,15,30,-4,2719
95,Geodude,-45,-13,3,-35,-60,-84,14084
96,Geodude (Alolan Geodude),-45,-13,3,-35,-60,-84,14084
97,Graveler,-30,2,18,-20,-45,-69,8414
98,Graveler (Alolan Graveler),-30,2,18,-20,-45,-69,8414
99,Golem,-5,27,33,-10,-25,-59,6049
100,Golem (Alolan Golem),-5,27,33,-10,-25,-59,6049
101,Ponyta,-35,-8,-42,0,-25,-14,3874
102,Ponyta (Galarian Ponyta),-35,-8,-42,0,-25,-14,3874
103,Rapidash,-20,7,-27,15,-10,1,1504
104,Rapidash (Galarian Rapidash),-20,7,-27,15,-10,1,1504
105,Slowpoke,5,-28,-32,-25,-50,-89,12879
106,Slowpoke (Galarian Slowpoke),5,-28,-32,-25,-50,-89,12879
107,Slowbro,10,-18,13,35,-10,-74,7394
108,Slowbro (Mega Slowbro),10,-18,83,65,-10,-74,17114
109,Slowbro (Galarian Slowbro),10,7,-2,35,-20,-74,7254
110,Magnemite,-60,-58,-27,30,-35,-59,13299
111,Magneton,-35,-33,-2,55,-20,-34,6899
112,Farfetch'd,-33,-3,-42,-7,-28,-44,5631
113,Farfetch'd (Galarian Farfetch'd),-33,2,-42,-7,-28,-49,6091
114,Doduo,-50,-8,-52,-30,-55,-29,10034
115,Dodrio,-25,17,-27,-5,-30,6,2604
116,Seel,-20,-48,-42,-20,-20,-59,8749
117,Dewgong,5,-23,-17,5,5,-34,2049
118,Grimer,-5,-13,-47,-25,-40,-79,10869
119,Grimer (Alolan Grimer),-5,-13,-47,-25,-40,-79,10869
120,Muk,20,12,-22,0,10,-54,4044
121,Muk (Alolan Muk),20,12,-22,0,10,-54,4044
122,Shellder,-55,-28,3,-20,-65,-64,12539
123,Cloyster,-35,2,83,20,-45,-34,11699
124,Gastly,-55,-58,-67,35,-55,-24,15704
125,Haunter,-40,-43,-52,50,-35,-9,9959
126,Gengar,-25,-28,-37,65,-15,6,7264
127,Gengar (Mega Gengar),-25,-28,-17,105,5,26,13424
128,Onix,-50,-48,63,-35,-45,-34,13179
129,Drowzee,-25,-45,-52,-22,0,-62,9682
130,Hypno,0,-20,-27,8,25,-37,3187
131,Krabby,-55,12,-7,-40,-65,-54,11959
132,Kingler,-30,37,18,-15,-40,-29,5259
133,Voltorb,-45,-63,-47,-10,-35,-4,9544
134,Voltorb (Hisuian Voltorb),-45,-63,-47,-10,-35,-4,9544
135,Electrode,-25,-43,-27,15,-10,46,5644
136,Electrode (Hisuian Electrode),-25,-43,-27,15,-10,46,5644
137,Exeggcute,-25,-53,-17,-5,-45,-64,9869
138,Exeggutor,10,2,-12,60,-15,-49,6474
139,Exeggutor (Alolan Exeggutor),10,12,-12,60,-15,-59,7694
140,Cubone,-35,-43,-2,-25,-40,-69,10064
141,Marowak,-25,-13,13,-15,-10,-59,4769
142,Marowak (Alolan Marowak),-25,-13,13,-15,-10,-59,4769
143,Hitmonlee,-35,27,-44,-30,20,-17,5479
144,Hitmonchan,-35,12,-18,-30,20,-28,3777
145,Lickitung,5,-38,-22,-5,-15,-74,7679
146,Koffing,-45,-28,-2,-5,-45,-69,9624
147,Weezing,-20,-3,23,20,-20,-44,3674
148,Weezing (Galarian Weezing),-20,-3,23,20,-20,-44,3674
149,Rhyhorn,-5,-8,-2,-35,-60,-79,11159
150,Rhydon,20,37,23,-20,-45,-64,8819
151,Chansey,165,-88,-92,-30,15,-54,47474
152,Tangela,-20,-38,18,35,-50,-44,7829
153,Kangaskhan,20,2,-17,-25,-10,-14,1614
154,Kangaskhan (Mega Kangaskhan),20,32,3,-5,10,-4,1574
155,Horsea,-55,-53,-27,5,-65,-44,12749
156,Seadra,-30,-28,-2,30,-45,-19,4974
157,Goldeen,-40,-26,-37,-30,-40,-41,7826
158,Seaking,-5,-1,-32,0,-10,-36,2446
159,Staryu,-55,-48,-42,5,-35,-19,8704
160,Starmie,-25,-18,-12,35,-5,11,2464
161,Mr. Mime,-45,-48,-32,35,30,-14,7674
162,Mr. Mime (Galarian Mr. Mime),-35,-28,-32,25,0,-4,3674
163,Scyther,-15,17,-17,-10,-10,1,1004
164,Jynx,-20,-43,-62,50,5,-9,8699
165,Electabuzz,-20,-10,-40,30,-5,1,3026
166,Magmar,-20,2,-40,35,-5,-11,3375
167,Pinsir,-20,32,3,-10,-20,-19,2294
168,Pinsir (Mega Pinsir),-20,62,23,0,0,1,4774
169,Tauros,-10,7,-2,-25,-20,6,1214
170,Tauros (Paldean Tauros (Combat Breed)),-10,17,8,-35,-20,-4,2094
171,Tauros (Paldean Tauros (Blaze Breed)),-10,17,8,-35,-20,-4,2094
172,Tauros (Paldean Tauros (Aqua Breed)),-10,17,8,-35,-20,-4,2094
173,Magikarp,-65,-83,-42,-50,-70,-24,20854
174,Gyarados,10,32,-18,-5,10,-23,2102
175,Gyarados (Mega Gyarados),10,62,12,5,40,-23,6242
176,Lapras,45,-8,-17,20,5,-44,4739
177,Ditto,-37,-45,-49,-17,-42,-56,10984
178,Eevee,-30,-38,-47,-20,-25,-49,7979
179,Eevee (Partner Eevee),-20,-18,-27,0,-5,-29,2319
180,Vaporeon,45,-28,-37,45,5,-39,7749
181,Jolteon,-20,-28,-37,45,5,26,5279
182,Flareon,-20,37,-37,30,20,-39,5959
183,Porygon,-20,-33,-27,20,-15,-64,6939
184,Omanyte,-50,-53,3,25,-35,-69,11929
185,Omastar,-15,-33,28,50,-20,-49,7399
186,Kabuto,-55,-13,-7,-10,-45,-49,7769
187,Kabutops,-25,22,8,0,-20,-24,2149
188,Aerodactyl,-5,12,-32,-5,-15,26,2119
189,Aerodactyl (Mega Aerodactyl),-5,42,-12,5,5,46,4099
190,Snorlax,75,17,-32,0,20,-74,12814
191,Articuno,5,-8,3,30,35,-19,2584
192,Articuno (Galarian Articuno),5,-8,-12,60,10,-9,4014
193,Zapdos,5,-3,-12,60,0,-4,3794
194,Zapdos (Galarian Zapdos),5,32,-7,20,0,-4,1514
195,Moltres,5,7,-7,60,-5,-14,3944
196,Moltres (Galarian Moltres),5,-8,-7,35,35,-14,2784
197,Dratini,-44,-29,-52,-15,-40,-54,10222
198,Dragonair,-24,-9,-32,5,-20,-34,3262
199,Dragonite,6,41,-2,35,10,-24,3622
200,Mewtwo,21,17,-7,89,0,26,9376
201,Mewtwo (Mega Mewtwo X),21,97,3,89,10,26,18556
202,Mewtwo (Mega Mewtwo Y),21,57,-27,129,30,36,23256
203,Mew,15,7,3,35,10,-4,1624
204,Chikorita,-40,-44,-32,-16,-25,-59,8922
205,Bayleef,-25,-31,-17,-2,-10,-44,3915
206,Meganium,-5,-11,3,18,10,-24,1155
207,Cyndaquil,-46,-41,-54,-5,-40,-39,9859
208,Quilava,-27,-29,-39,15,-25,-24,4517
209,Typhlosion,-7,-9,-19,44,-5,-4,2468
210,Typhlosion (Hisuian Typhlosion),-12,-9,-19,54,-5,-9,3608
211,Totodile,-35,-28,-33,-21,-42,-61,9024
212,Croconaw,-20,-13,-17,-6,-27,-46,3739
213,Feraligatr,0,12,3,14,-7,-26,1074
214,Sentret,-50,-47,-63,-30,-45,-84,18659
215,Furret,0,-17,-33,-20,-35,-14,3199
216,Hoothoot,-25,-63,-67,-29,-34,-54,13996
217,Noctowl,15,-43,-47,21,6,-34,5916
218,Ledyba,-45,-73,-67,-25,-10,-49,14969
219,Ledian,-30,-58,-47,-10,20,-19,7334
220,Spinarak,-45,-33,-57,-25,-50,-74,14964
221,Ariados,-15,-3,-27,-5,-20,-64,5484
222,Crobat,0,-3,-17,5,-10,26,1099
223,Chinchou,-10,-55,-59,-9,-34,-37,9212
224,Lanturn,40,-35,-39,11,-14,-37,6032
225,Pichu,-65,-53,-82,-30,-55,-44,19619
226,Cleffa,-35,-68,-69,-20,-35,-89,20156
227,Igglybuff,5,-63,-82,-25,-70,-89,24164
228,Togepi,-50,-73,-32,-25,-25,-84,17159
229,Togetic,-30,-53,-12,15,15,-64,8399
230,Natu,-45,-43,-52,5,-45,-34,9784
231,Xatu,-20,-18,-27,30,-20,-9,2834
232,Mareep,-30,-53,-57,0,-45,-69,13744
233,Flaaffy,-15,-38,-42,15,-30,-59,8039
234,Ampharos,5,-18,-12,50,0,-49,5394
235,Ampharos (Mega Ampharos),5,2,8,100,20,-59,13974
236,Bellossom,-10,-13,-2,25,10,-54,3914
237,Marill,-15,-73,-47,-45,-40,-64,15484
238,Azumarill,15,-43,-17,-5,-10,-54,5404
239,Sudowoodo,-15,7,18,-35,-25,-74,7924
240,Politoed,5,-18,-22,25,10,-34,2714
241,Hoppip,-50,-58,-57,-30,-35,-54,14154
242,Skiploom,-30,-48,-47,-20,-25,-24,7014
243,Jumpluff,-10,-38,-27,-10,5,6,2434
244,Aipom,-30,-23,-42,-25,-35,-19,5404
245,Sunkern,-55,-63,-67,-35,-60,-74,21784
246,Sunflora,-10,-18,-42,40,-5,-74,9289
247,Yanma,-20,-28,-52,10,-45,-9,6094
248,Wooper,-30,-48,-52,-40,-65,-89,19654
249,Wooper (Paldean Wooper),-30,-48,-52,-40,-65,-89,19654
250,Quagsire,10,-8,-12,0,-25,-69,5694
251,Espeon,-20,-28,-37,65,5,6,6839
252,Umbreon,10,-28,13,-5,40,-39,4199
253,Murkrow,-25,-8,-55,20,-48,-13,6587
254,Slowking,10,-18,-17,35,20,-74,7814
255,Slowking (Galarian Slowking),10,-28,-17,45,20,-74,9074
256,Misdreavus,-25,-33,-37,20,-5,-19,3869
257,Unown,-37,-21,-49,7,-42,-56,9160
258,Wobbuffet,105,-60,-39,-32,-32,-71,23235
259,Girafarig,-15,-13,-32,25,-25,-19,3029
260,Pineco,-35,-28,-7,-30,-55,-89,13904
261,Forretress,-10,-3,43,-5,-30,-64,6979
262,Dunsparce,15,-23,-27,0,-25,-59,5589
263,Gligar,-20,-18,8,-30,-25,-19,2674
264,Steelix,-10,-8,103,-10,-25,-74,16974
265,Steelix (Mega Steelix),-10,32,133,-10,5,-74,24414
266,Snubbull,-25,-13,-47,-25,-50,-74,11604
267,Granbull,5,27,-22,-5,-30,-59,5644
268,Qwilfish,-20,2,-12,-10,-35,-19,2234
269,Qwilfish (Hisuian Qwilfish),-20,2,-12,-10,-35,-19,2234
270,Scizor,-15,37,3,-10,-10,-39,3324
271,Scizor (Mega Scizor),-15,57,43,0,10,-29,6264
272,Shuckle,-65,-83,133,-55,140,-99,61229
273,Heracross,-5,32,-22,-25,5,-19,2544
274,Heracross (Mega Heracross),-5,92,18,-25,15,-29,10504
275,Sneasel,-30,2,-42,-30,-15,11,3914
276,Sneasel (Hisuian Sneasel),-30,2,-42,-30,-15,11,3914
277,Teddiursa,-25,-13,-47,-15,-40,-64,8924
278,Ursaring,5,37,-22,10,-15,-49,4604
279,Slugma,-45,-53,-57,5,-50,-84,17664
280,Magcargo,-25,-43,23,25,-10,-74,9204
281,Swinub,-35,-43,-57,-35,-60,-54,14064
282,Piloswine,15,7,-17,-5,-30,-54,4404
283,Corsola,-20,-38,-2,0,5,-69,6634
284,Corsola (Galarian Corsola),-25,-38,3,0,10,-74,7654
285,Remoraid,-50,-28,-62,0,-55,-39,11674
286,Octillery,-10,12,-22,40,-15,-59,6034
287,Delibird,-40,-38,-52,0,-45,-29,8614
288,Mantine,0,-53,-27,15,50,-34,7419
289,Skarmory,-20,-13,43,-25,-20,-34,4599
290,Houndour,-40,-33,-67,15,-40,-39,10524
291,Houndoom,-10,-3,-47,45,-10,-9,4524
292,Houndoom (Mega Houndoom),-10,-3,-7,75,0,11,5904
293,Kingdra,-10,2,-2,30,5,-19,1394
294,Phanpy,5,-33,-37,-25,-50,-64,9704
295,Donphan,5,27,23,-5,-30,-54,5124
296,Porygon2,0,-13,-7,40,5,-44,3779
297,Stantler,-12,2,-35,20,-25,-19,2759
298,Smeargle,-30,-73,-62,-45,-45,-29,14964
299,Tyrogue,-50,-58,-62,-30,-55,-69,18394
300,Hitmontop,-35,2,-2,-30,20,-34,3689
301,Smoochum,-40,-63,-82,20,-25,-39,14839
302,Elekid,-40,-30,-60,0,-35,-9,7406
303,Magby,-40,-18,-60,5,-35,-21,7215
304,Miltank,10,-13,8,-25,-20,-4,1374
305,Blissey,170,-83,-87,10,45,-49,47884
306,Raikou,5,-8,-22,50,10,11,3294
307,Entei,30,22,-12,25,-15,-4,2394
308,Suicune,15,-18,18,25,25,-19,2484
309,Larvitar,-35,-29,-47,-20,-40,-63,10244
310,Pupitar,-15,-9,-27,0,-20,-53,4244
311,Tyranitar,15,41,13,30,10,-43,4924
312,Tyranitar (Mega Tyranitar),15,71,53,30,30,-33,10964
313,Lugia,21,-3,33,25,64,6,6296
314,Ho-Oh,21,37,-7,45,64,-14,8176
315,Celebi,15,7,3,35,10,-4,1624
316,Treecko,-45,-48,-62,0,-35,-34,10554
317,Grovyle,-35,-28,-52,20,-25,-9,5819
318,Sceptile,-15,-8,-32,40,-5,16,3194
319,Sceptile (Mega Sceptile),-15,17,-22,80,-5,41,9104
320,Torchic,-40,-33,-57,5,-40,-59,11044
321,Combusken,-25,-8,-37,20,-30,-49,5759
322,Blaziken,-5,27,-27,45,-20,-24,4484
323,Blaziken (Mega Blaziken),-5,67,-17,65,-10,-4,9144
324,Mudkip,-35,-23,-47,-15,-40,-64,9884
325,Marshtomp,-15,-8,-27,-5,-20,-54,4359
326,Swampert,15,17,-7,20,0,-44,2899
327,Swampert (Mega Swampert),15,57,13,30,20,-34,6099
328,Poochyena,-50,-38,-62,-35,-60,-69,17374
329,Mightyena,-15,-3,-27,-5,-30,-34,3044
330,Zigzagoon,-47,-63,-56,-35,-49,-44,14876
331,Zigzagoon (Galarian Zigzagoon),-47,-63,-56,-35,-49,-44,14876
332,Linoone,-7,-23,-36,-15,-29,-4,2956
333,Linoone (Galarian Linoone),-7,-23,-36,-15,-29,-4,2956
334,Wurmple,-40,-48,-62,-45,-60,-84,20429
335,Silcoon,-35,-58,-42,-40,-65,-89,20099
336,Beautifly,-25,-23,-47,35,-40,-39,7709
337,Cascoon,-35,-58,-42,-40,-65,-89,20099
338,Dustox,-25,-43,-27,-15,0,-39,4949
339,Lotad,-45,-63,-67,-25,-40,-74,18184
340,Lombre,-25,-43,-47,-5,-20,-54,8024
341,Ludicolo,-5,-23,-27,25,10,-34,3164
342,Seedot,-45,-53,-47,-35,-60,-74,17344
343,Nuzleaf,-15,-23,-57,-5,-50,-44,8464
344,Shiftry,5,7,-37,25,-30,-24,3544
345,Taillow,-45,-38,-67,-35,-60,-19,13144
346,Swellow,-25,-8,-37,10,-40,21,4199
347,Wingull,-45,-63,-67,-10,-60,-19,14544
348,Pelipper,-25,-43,3,30,-20,-39,5304
349,Ralts,-57,-68,-72,-20,-55,-64,20578
350,Kirlia,-47,-58,-62,0,-35,-54,13558
351,Gardevoir,-17,-28,-32,60,25,-24,6898
352,Gardevoir (Mega Gardevoir),-17,-8,-32,100,45,-4,13418
353,Surskit,-45,-63,-65,-15,-38,-39,13409
354,Masquerain,-15,-33,-35,35,-8,-24,4404
355,Shroomish,-25,-53,-37,-25,-30,-69,11089
356,Breloom,-25,37,-17,-5,-30,-34,4364
357,Slakoth,-25,-33,-37,-30,-55,-74,12484
358,Vigoroth,-5,-13,-17,-10,-35,-14,2004
359,Slaking,65,67,3,30,-25,-4,10264
360,Nincada,-54,-48,-7,-35,-60,-64,14190
361,Ninjask,-24,-3,-52,-15,-40,56,8250
362,Shedinja,-84,-3,-52,-35,-60,-64,18690
363,Whismur,-21,-42,-74,-14,-67,-76,18142
364,Loudred,-1,-22,-54,6,-47,-56,8782
365,Exploud,19,-2,-34,26,-17,-36,3782
366,Makuhita,-13,-33,-67,-45,-60,-79,17613
367,Hariyama,59,27,-37,-25,-30,-54,10020
368,Azurill,-35,-73,-57,-45,-50,-84,21384
369,Nosepass,-55,-48,38,-20,0,-74,12649
370,Skitty,-35,-48,-52,-30,-55,-54,13074
371,Delcatty,-15,-28,-32,-10,-35,-14,3554
372,Sableye,-35,-18,-22,0,-25,-54,5574
373,Sableye (Mega Sableye),-35,-8,28,20,25,-84,10154
374,Mawile,-35,-8,-12,-10,-35,-54,5674
375,Mawile (Mega Mawile),-35,12,28,-10,5,-54,5194
376,Aron,-35,-23,3,-25,-50,-74,10364
377,Lairon,-25,-3,43,-15,-40,-64,8404
378,Aggron,-15,17,83,-5,-30,-54,11244
379,Aggron (Mega Aggron),-15,47,133,-5,-10,-54,23164
380,Meditite,-55,-53,-42,-25,-35,-44,11384
381,Medicham,-25,-33,-22,-5,-15,-24,3024
382,Medicham (Mega Medicham),-25,7,-12,15,-5,-4,1084
383,Electrike,-45,-48,-57,0,-50,-39,11599
384,Manectric,-15,-18,-37,40,-30,1,4419
385,Manectric (Mega Manectric),-15,-18,-17,70,-10,31,6799
386,Plusle,-25,-43,-57,20,-15,-9,6429
387,Minun,-25,-53,-47,10,-5,-9,5849
388,Volbeat,-20,-20,-22,-18,-5,-19,1994
389,Illumise,-20,-46,-22,8,-5,-19,3450
390,Roselia,-35,-33,-52,35,-10,-39,7864
391,Gulpin,-15,-50,-44,-22,-37,-64,10610
392,Swalot,15,-20,-14,8,-7,-49,3335
393,Carvanha,-40,-3,-77,0,-70,-39,13959
394,Sharpedo,-15,27,-57,30,-50,-9,7684
395,Sharpedo (Mega Sharpedo),-15,47,-27,45,-25,1,5814
396,Wailmer,45,-23,-62,5,-55,-44,11384
397,Wailord,85,-3,-52,25,-45,-44,14524
398,Numel,-25,-33,-57,0,-45,-69,11749
399,Camerupt,-15,7,-27,40,-15,-64,6924
400,Camerupt (Mega Camerupt),-15,27,3,80,15,-84,14644
401,Torkoal,-15,-8,43,20,-20,-84,9994
402,Spoink,-25,-68,-62,5,-10,-44,11154
403,Grumpig,-5,-48,-32,25,20,-24,4954
404,Spinda,-25,-33,-37,-5,-30,-44,5944
405,Trapinch,-40,7,-52,-20,-45,-94,15614
406,Vibrava,-35,-23,-47,-15,-40,-34,6944
407,Flygon,-5,7,-17,15,-10,-4,704
408,Cacnea,-35,-8,-57,20,-50,-69,12199
409,Cacturne,-15,22,-37,50,-30,-49,7879
410,Swablu,-40,-53,-37,-25,-15,-54,9544
411,Altaria,-10,-23,-7,5,15,-24,1504
412,Altaria (Mega Altaria),-10,17,13,45,15,-24,3384
413,Zangoose,-12,22,-37,-5,-30,-14,3118
414,Seviper,-12,7,-37,35,-30,-39,5208
415,Lunatone,5,-38,-32,30,-5,-34,4574
416,Solrock,5,2,-12,-10,-25,-34,2054
417,Barboach,-35,-45,-54,-19,-49,-44,10864
418,Whiscash,25,-15,-24,11,-19,-44,3844
419,Corphish,-42,-13,-32,-15,-55,-69,10968
420,Crawdaunt,-22,27,-12,25,-35,-49,5608
421,Baltoy,-45,-53,-42,-25,-20,-49,10024
422,Claydol,-25,-23,8,5,30,-29,2984
423,Lileep,-19,-52,-20,-4,-3,-81,10051
424,Cradily,1,-12,0,16,17,-61,4411
425,Anorith,-40,2,-47,-25,-40,-29,6879
426,Armaldo,-10,32,3,5,-10,-59,4739
427,Feebas,-65,-78,-77,-55,-35,-24,21064
428,Milotic,10,-33,-18,35,35,-23,4492
429,Castform,-15,-23,-27,5,-20,-34,3064
430,Kecleon,-25,-3,-27,-5,30,-64,6384
431,Shuppet,-41,-18,-62,-2,-57,-59,12583
432,Banette,-21,22,-32,18,-27,-39,4523
433,Banette (Mega Banette),-21,72,-22,28,-7,-29,7783
434,Duskull,-65,-53,-7,-35,0,-79,14549
435,Dusclops,-45,-23,33,-5,40,-79,11509
436,Tropius,14,-25,-14,7,-3,-53,3884
437,Chimecho,-10,-43,-17,30,0,-39,4659
438,Absol,-20,37,-37,10,-30,-29,4979
439,Absol (Mega Absol),-20,57,-37,50,-30,11,8539
440,Wynaut,10,-70,-49,-42,-42,-81,17490
441,Snorunt,-35,-43,-47,-15,-40,-54,10024
442,Glalie,-5,-13,-17,15,-10,-24,1384
443,Glalie (Mega Glalie),-5,27,-17,55,-10,-4,4184
444,Spheal,-15,-53,-47,-10,-40,-79,13184
445,Sealeo,5,-33,-27,10,-20,-59,5824
446,Walrein,25,-13,-7,30,0,-39,3264
447,Clamperl,-50,-29,-12,9,-35,-72,9975
448,Huntail,-30,11,8,29,-15,-52,4855
449,Gorebyss,-30,-9,8,49,-15,-52,6375
450,Relicanth,15,-3,33,-20,-25,-49,4749
451,Luvdisc,-42,-63,-42,-25,-25,-7,8796
452,Bagon,-40,-18,-37,-25,-60,-54,10434
453,Shelgon,-20,2,3,-5,-40,-54,4954
454,Salamence,10,42,-17,45,-10,-4,4294
455,Salamence (Mega Salamence),10,52,33,55,0,16,7174
456,Beldum,-45,-38,-17,-30,-30,-74,11034
457,Metang,-25,-18,3,-10,-10,-54,4074
458,Metagross,-5,42,33,30,0,-34,4934
459,Metagross (Mega Metagross),-5,52,53,40,20,6,7574
460,Regirock,-5,7,103,-15,10,-54,13924
461,Regice,-5,-43,3,35,110,-54,18124
462,Registeel,-5,-18,53,10,60,-54,9774
463,Latias,-5,-13,-7,45,40,6,3904
464,Latias (Mega Latias),-5,7,23,75,60,6,9864
465,Latios,-5,-3,-17,65,20,6,4984
466,Latios (Mega Latios),-5,37,3,95,30,6,11364
467,Kyogre,15,7,-7,85,50,-14,10244
468,Kyogre (Primal Kyogre),15,57,-7,115,70,-14,21844
469,Groudon,15,57,43,35,0,-14,6744
470,Groudon (Primal Groudon),15,87,63,85,0,-14,19184
471,Rayquaza,20,57,-7,85,0,-9,11004
472,Rayquaza (Mega Rayquaza),20,87,3,115,10,11,21424
473,Jirachi,15,7,3,35,10,-4,1624
474,Deoxys (Normal Forme),-35,57,-47,85,-40,46,17624
475,Deoxys (Attack Forme),-35,87,-77,115,-70,46,34964
476,Deoxys (Defense Forme),-35,-23,63,5,70,-14,10844
477,Deoxys (Speed Forme),-35,2,-7,30,0,76,7954
478,Turtwig,-30,-25,-33,-20,-35,-73,9568
479,Grotle,-10,-4,-12,-10,-25,-68,5609
480,Torterra,10,16,8,10,-5,-48,2849
481,Chimchar,-41,-35,-53,-7,-46,-43,9729
482,Monferno,-21,-15,-45,13,-38,-23,4833
483,Infernape,-9,11,-26,39,-19,4,2776
484,Piplup,-32,-42,-44,-4,-34,-64,9992
485,Prinplup,-21,-27,-29,16,-14,-54,5379
486,Empoleon,-1,-7,-9,46,11,-44,4304
487,Starly,-45,-38,-67,-35,-60,-44,14719
488,Staravia,-30,-18,-47,-25,-50,-24,7134
489,Staraptor,0,27,-27,-15,-30,-4,2599
490,Bidoof,-26,-48,-57,-30,-50,-73,14958
491,Bibarel,-6,-8,-37,-10,-30,-33,3558
492,Kricketot,-48,-68,-56,-40,-49,-79,20306
493,Kricketune,-8,-8,-46,-10,-39,-39,5386
494,Shinx,-40,-28,-63,-25,-56,-59,13595
495,Luxio,-25,-8,-48,-5,-41,-44,6635
496,Luxray,-5,27,-18,30,-11,-34,3255
497,Budew,-45,-63,-62,-15,-20,-49,12864
498,Roserade,-25,-23,-32,60,15,-14,6199
499,Cranidos,-18,32,-57,-35,-60,-46,11538
500,Rampardos,12,72,-37,0,-40,-46,10413
501,Shieldon,-55,-51,21,-23,-2,-74,12076
502,Bastiodon,-25,-41,71,-18,48,-74,15451
503,Burmy,-45,-64,-52,-36,-45,-68,16770
504,Wormadam (Plant Cloak),-25,-34,-12,14,15,-68,6970
505,Wormadam (Sandy Cloak),-25,-14,8,-6,-5,-68,5570
506,Wormadam (Trash Cloak),-25,-24,-2,4,5,-68,5870
507,Mothim,-15,1,-47,29,-40,-38,6320
508,Combee,-55,-63,-55,-35,-48,-34,14704
509,Vespiquen,-15,-13,5,15,12,-64,4884
510,Pachirisu,-25,-48,-27,-20,0,-9,4139
511,Buizel,-30,-28,-62,-5,-60,-19,9514
512,Floatzel,0,12,-42,20,-40,11,4029
513,Cherubi,-40,-58,-52,-3,-37,-69,13807
514,Cherrim,-15,-33,-27,22,-12,-19,3032
515,Shellos,-9,-45,-49,-8,-28,-70,10255
516,Gastrodon,26,-10,-29,27,-8,-65,6635
517,Ambipom,-10,7,-31,-5,-24,11,1832
518,Drifloon,5,-43,-63,-5,-46,-34,9140
519,Drifblim,65,-13,-53,25,-36,-24,9700
520,Buneary,-30,-27,-53,-21,-34,-19,6396
521,Lopunny,-20,-17,-13,-11,6,1,1016
522,Lopunny (Mega Lopunny),-20,43,-3,-11,6,31,3376
523,Mismagius,-25,-33,-37,40,15,1,4909
524,Honchkrow,15,32,-45,40,-38,-33,7407
525,Glameow,-36,-38,-55,-23,-53,-19,9464
526,Purugly,-14,-11,-33,-1,-31,8,2432
527,Chingling,-40,-63,-47,0,-40,-59,12859
528,Stunky,-22,-30,-50,-24,-49,-30,7761
529,Skuntank,18,0,-30,6,-29,-20,2501
530,Bronzor,-28,-69,-11,-41,-4,-81,13924
531,Bronzong,-18,-4,19,14,26,-71,6614
532,Bonsly,-35,-13,-2,-55,-45,-94,15284
533,Mime Jr.,-65,-68,-52,5,0,-44,13514
534,Happiny,15,-88,-92,-50,-25,-74,25034
535,Chatot,-9,-28,-52,27,-48,-13,6771
536,Spiritomb,-35,-1,11,27,18,-69,7161
537,Gible,-27,-23,-52,-25,-45,-62,10456
538,Gabite,-17,-3,-32,-15,-35,-22,3256
539,Garchomp,23,37,-2,15,-5,-2,2156
540,Garchomp (Mega Garchomp),23,77,18,55,5,-12,9976
541,Munchlax,50,-8,-57,-25,-5,-99,16264
542,Riolu,-45,-23,-57,-30,-50,-44,11139
543,Lucario,-15,17,-27,50,-20,-14,4339
544,Lucario (Mega Lucario),-15,52,-9,75,-20,8,9099
545,Hippopotas,-17,-21,-19,-27,-48,-72,9308
546,Hippowdon,23,19,21,3,-18,-57,4913
547,Skorupi,-45,-43,-7,-35,-35,-39,7894
548,Drapion,-15,-3,13,-5,-15,-9,734
549,Croagunk,-37,-32,-57,-4,-50,-54,11074
550,Toxicroak,-2,13,-32,21,-25,-19,2624
551,Carnivine,-11,7,-25,25,-18,-58,5108
552,Finneon,-36,-44,-41,-16,-29,-38,7454
553,Lumineon,-16,-24,-21,4,-4,-13,1474
554,Mantyke,-40,-73,-47,-5,30,-54,12979
555,Snover,-25,-31,-47,-3,-30,-64,8800
556,Abomasnow,5,-1,-22,27,-5,-44,3200
557,Abomasnow (Mega Abomasnow),5,39,8,67,15,-74,11800
558,Weavile,-15,27,-32,-20,-5,21,2844
559,Magnezone,-15,-23,18,65,0,-44,7239
560,Lickilicky,25,-8,-2,15,5,-54,3859
561,Rhyperior,30,47,33,-10,-35,-64,9619
562,Tangrowth,15,7,28,45,-40,-54,7599
563,Electivire,-10,30,-30,30,-5,-9,2906
564,Magmortar,-10,2,-30,60,5,-21,5070
565,Togekiss,0,-43,-2,55,25,-24,6079
566,Yanmega,1,-17,-11,51,-34,-9,4249
567,Leafeon,-20,17,33,-5,-25,-9,2509
568,Glaceon,-20,-33,13,65,5,-39,7429
569,Gliscor,-10,2,28,-20,-15,-9,1594
570,Mamoswine,25,37,-17,5,-30,-24,3784
571,Porygon-Z,0,-13,-27,70,-15,-14,6219
572,Gallade,-17,32,-32,0,25,-24,3538
573,Gallade (Mega Gallade),-17,72,-2,0,25,6,6138
574,Probopass,-25,-38,48,10,60,-64,12169
575,Dusknoir,-40,7,38,0,45,-59,8599
576,Froslass,-15,-13,-27,15,-20,6,1784
577,Rotom,-35,-43,-20,30,-13,-13,4712
578,Rotom (Heat Rotom),-35,-28,10,40,17,-18,4322
579,Rotom (Wash Rotom),-35,-28,10,40,17,-18,4322
580,Rotom (Frost Rotom),-35,-28,10,40,17,-18,4322
581,Rotom (Fan Rotom),-35,-28,10,40,17,-18,4322
582,Rotom (Mow Rotom),-35,-28,10,40,17,-18,4322
583,Uxie,-10,-18,33,10,40,-9,3294
584,Mesprit,-5,12,8,40,15,-24,2634
585,Azelf,-10,32,-27,60,-20,11,5974
586,Dialga,15,27,23,85,10,-14,9004
587,Dialga (Origin Forme),15,7,23,85,30,-14,9124
588,Palkia,5,27,3,85,30,-4,8904
589,Palkia (Origin Forme),5,7,3,85,30,16,8464
590,Heatran,6,-3,9,65,16,-27,5336
591,Regigigas,25,67,13,15,20,-4,5924
592,Giratina (Altered Forme),65,7,23,35,30,-14,7124
593,Giratina (Origin Forme),65,27,3,55,10,-14,8284
594,Cresselia,35,-23,23,10,40,-19,4344
595,Phione,-5,-13,-17,15,-10,-24,1384
596,Manaphy,15,7,3,35,10,-4,1624
597,Darkrai,-15,-3,-7,70,0,21,5624
598,Shaymin (Land Forme),15,7,3,35,10,-4,1624
599,Shaymin (Sky Forme),15,10,-22,55,-15,23,4588
600,Arceus,35,27,23,55,30,16,6664
601,Victini,15,7,3,35,10,-4,1624
602,Snivy,-40,-48,-42,-20,-35,-41,8974
603,Servine,-25,-33,-22,-5,-15,-21,2889
604,Serperior,-10,-18,-2,10,5,9,634
605,Tepig,-20,-30,-52,-20,-45,-59,9910
606,Pignite,5,0,-42,5,-35,-49,5440
607,Emboar,25,30,-32,35,-25,-39,5920
608,Oshawott,-30,-38,-52,-2,-45,-59,10558
609,Dewott,-10,-18,-37,18,-30,-44,4953
610,Samurott,10,7,-12,43,-20,-34,3698
611,Samurott (Hisuian Samurott),5,15,-17,35,-25,-19,2750
612,Patrat,-40,-38,-58,-30,-51,-62,13753
613,Watchog,-25,-8,-28,-5,-21,-27,2668
614,Lillipup,-40,-33,-52,-40,-45,-49,11419
615,Herdier,-20,-13,-32,-30,-25,-44,5054
616,Stoutland,0,17,-7,-20,0,-24,1314
617,Purrloin,-44,-43,-60,-15,-53,-38,11863
618,Liepard,-21,-5,-47,23,-40,2,4808
619,Pansage,-35,-40,-49,-12,-42,-40,8734
620,Simisage,-10,5,-34,33,-27,-3,3108
621,Pansear,-35,-40,-49,-12,-42,-40,8734
622,Simisear,-10,5,-34,33,-27,-3,3108
623,Panpour,-35,-40,-49,-12,-42,-40,8734
624,Simipour,-10,5,-34,33,-27,-3,3108
625,Munna,-9,-68,-52,2,-35,-80,15038
626,Musharna,31,-38,-12,42,5,-75,9963
627,Pidove,-35,-38,-47,-29,-60,-61,13040
628,Tranquill,-23,-16,-35,-15,-48,-39,6060
629,Unfezant,-5,22,-17,0,-35,-11,2144
630,Blitzle,-40,-33,-65,-15,-58,-28,11287
631,Zebstrika,-10,7,-34,15,-27,12,2403
632,Roggenrola,-30,-18,-12,-40,-65,-89,15114
633,Boldore,-15,12,8,-15,-50,-84,10214
634,Gigalith,0,42,33,-5,-10,-79,9219
635,Woobat,-20,-48,-54,-10,-47,-32,8953
636,Swoobat,-18,-36,-42,12,-35,10,4853
637,Drilbur,-25,-8,-57,-35,-45,-36,8484
638,Excadrill,25,42,-37,-15,-25,-16,4864
639,Audino,18,-33,-11,-5,-4,-54,4491
640,Audino (Mega Audino),18,-33,29,15,36,-54,6691
641,Timburr,-10,-13,-42,-40,-55,-69,11419
642,Gurdurr,0,12,-12,-25,-40,-64,6609
643,Conkeldurr,20,47,-2,-10,-25,-59,6819
644,Tympole,-35,-43,-57,-15,-50,-40,10648
645,Palpitoad,-10,-28,-42,0,-35,-35,5098
646,Seismitoad,20,2,-22,20,-15,-30,2413
647,Throh,35,7,-12,-35,-5,-59,6149
648,Sawk,-10,32,-22,-35,-15,-19,3419
649,Sewaddle,-40,-40,-27,-25,-30,-62,9298
650,Swadloon,-30,-30,-7,-15,-10,-62,6018
651,Leavanny,-10,10,-17,5,-10,-12,758
652,Venipede,-55,-48,-38,-35,-51,-47,12808
653,Whirlipede,-45,-38,2,-25,-11,-57,7468
654,Scolipede,-25,7,-8,-10,-21,8,1343
655,Cottonee,-45,-66,-37,-28,-40,-38,11578
656,Whimsicott,-25,-26,-12,12,-15,12,1958
657,Petilil,-40,-58,-47,5,-40,-74,14274
658,Lilligant,-15,-33,-22,45,-15,-14,4244
659,Lilligant (Hisuian Lilligant),-15,12,-22,-15,-15,1,1304
660,Basculin,-15,-1,-32,15,-35,-6,2736
661,Sandile,-35,-21,-62,-30,-55,-39,10956
662,Krokorok,-25,-11,-52,-20,-45,-30,6775
663,Krookodile,10,24,-17,0,-20,-12,1509
664,Darumaka,-15,-3,-52,-50,-45,-54,10379
665,Darumaka (Galarian Darumaka),-15,-3,-52,-50,-45,-54,10379
666,Darmanitan (Standard Mode),20,47,-42,-35,-35,-9,6904
667,Darmanitan (Zen Mode),20,-63,8,75,15,-49,12684
668,Darmanitan (Galarian Standard Mode),20,47,-42,-35,-35,-9,6904
669,Darmanitan (Galarian Zen Mode),20,67,-42,-35,-35,31,10064
670,Maractus,-10,-7,-30,41,-23,-44,5195
671,Dwebble,-35,-28,-12,-30,-55,-49,8479
672,Crustle,-15,12,28,0,-15,-59,4859
673,Scraggy,-35,-18,-27,-30,-20,-56,6714
674,Scrafty,-20,-3,18,-20,25,-46,3874
675,Sigilyph,-13,-35,-17,38,-10,-7,3276
676,Yamask,-47,-63,-12,-10,-25,-74,12523
677,Yamask (Galarian Yamask),-47,-38,-12,-35,-25,-74,11123
678,Cofagrigus,-27,-43,48,30,15,-74,11483
679,Tirtouga,-31,-15,6,-12,-45,-82,10115
680,Carracosta,-11,15,36,18,-25,-72,7775
681,Archen,-30,19,-52,9,-45,-34,7227
682,Archeops,-10,47,-32,47,-25,6,6203
683,Trubbish,-35,-43,-35,-25,-28,-39,7229
684,Garbodor,-5,2,-15,-5,-8,-29,1184
685,Zorua,-45,-28,-57,15,-50,-39,10304
686,Zorua (Hisuian Zorua),-50,-33,-57,20,-50,-34,10894
687,Zoroark,-25,12,-37,55,-30,1,6064
688,Zoroark (Hisuian Zoroark),-30,7,-37,60,-30,6,6854
689,Minccino,-30,-43,-57,-25,-50,-29,9964
690,Cinccino,-10,2,-37,0,-30,11,2494
691,Gothita,-40,-63,-47,-10,-25,-59,11984
692,Gothorita,-25,-48,-27,10,-5,-49,6184
693,Gothitelle,-15,-38,-2,30,20,-39,4494
694,Solosis,-40,-63,-57,40,-40,-84,19074
695,Duosion,-20,-53,-47,60,-30,-74,15394
696,Reuniclus,25,-28,-22,60,-5,-74,10994
697,Ducklett,-23,-49,-47,-21,-40,-49,9581
698,Swanna,-10,-6,-34,22,-27,-6,2541
699,Vanillite,-49,-43,-47,0,-30,-60,10959
700,Vanillish,-34,-28,-32,15,-15,-45,5439
701,Vanilluxe,-14,2,-12,45,5,-25,3019
702,Deerling,-25,-33,-47,-25,-40,-29,6989
703,Sawsbuck,-5,7,-27,-5,-20,-9,1309
704,Emolga,-30,-18,-37,10,-30,-1,3594
705,Karrablast,-35,-18,-52,-25,-45,-44,8839
706,Escavalier,-15,42,8,-5,15,-84,9359
707,Foongus,-16,-38,-52,-10,-35,-89,13650
708,Amoonguss,29,-8,-27,20,-10,-74,7610
709,Frillish,-30,-53,-47,0,-5,-64,10039
710,Jellicent,15,-33,-27,20,15,-44,4604
711,Alomomola,80,-18,-17,-25,-45,-39,11184
712,Joltik,-35,-46,-47,-8,-40,-39,8735
713,Galvantula,-15,-16,-37,32,-30,4,3790
714,Ferroseed,-41,-43,-6,-41,-4,-94,14099
715,Ferrothorn,-11,1,34,-11,26,-84,9131
716,Klink,-45,-38,-27,-20,-30,-74,10974
717,Klang,-25,-13,-2,5,-5,-54,3764
718,Klinklang,-25,7,18,5,-5,-14,1244
719,Tynamo,-50,-38,-57,-20,-50,-44,12029
720,Eelektrik,-20,-8,-27,10,-20,-64,5789
721,Eelektross,0,22,-17,40,-10,-54,5389
722,Elgyem,-30,-38,-42,20,-35,-74,11209
723,Beheeyem,-10,-18,-22,60,5,-64,8629
724,Litwick,-35,-63,-42,0,-35,-84,15239
725,Lampent,-25,-53,-37,30,-30,-49,9004
726,Chandelure,-25,-38,-7,80,0,-24,9094
727,Axew,-39,-6,-37,-35,-50,-47,8860
728,Fraxure,-19,24,-27,-25,-40,-37,5260
729,Haxorus,-9,54,-7,-5,-20,-7,3520
730,Cubchoo,-30,-23,-57,-5,-50,-64,11299
731,Beartic,10,37,-17,5,-10,-54,4799
732,Cryogonal,-5,-43,-47,30,45,1,7009
733,Shelmet,-35,-53,-12,-25,-25,-79,11669
734,Accelgor,-5,-23,-57,35,-30,41,7609
735,Stunfisk,24,-27,-13,16,9,-72,6995
736,Stunfisk (Galarian Stunfisk),24,-12,2,1,-6,-72,5945
737,Mienfoo,-40,-8,-47,-10,-40,-39,7094
738,Mienshao,-20,32,-37,30,-30,1,4594
739,Druddigon,-8,27,-7,-5,0,-56,4003
740,Golett,-26,-19,-47,-30,-40,-69,10507
741,Golurk,4,31,-17,-10,-10,-49,3867
742,Pawniard,-40,-8,-27,-25,-50,-44,7454
743,Bisharp,-20,32,3,-5,-20,-34,3014
744,Bouffalant,10,17,-2,-25,5,-49,3444
745,Rufflet,-15,-10,-47,-28,-40,-44,6854
746,Braviary,15,30,-22,-8,-15,-24,2474
747,Braviary (Hisuian Braviary),25,-10,-27,47,-20,-39,5584
748,Vullaby,-15,-38,-22,-20,-25,-44,5114
749,Mandibuzz,25,-28,8,-10,5,-24,2174
750,Heatmor,0,4,-31,40,-24,-39,4674
751,Durant,-27,16,15,-17,-42,5,3288
752,Deino,-33,-28,-47,-20,-40,-66,10438
753,Zweilous,-13,-8,-27,0,-20,-46,3478
754,Hydreigon,7,12,-7,60,0,-6,3878
755,Larvesta,-30,-8,-42,-15,-35,-44,6114
756,Volcarona,0,-33,-32,70,15,-4,7254
757,Cobalion,6,-3,32,25,-18,4,2034
758,Terrakion,6,36,-7,7,0,4,1446
759,Virizion,6,-3,-25,25,39,4,2832
760,Tornadus (Incarnate Forme),-6,22,-27,60,-10,7,4998
761,Tornadus (Therian Forme),-6,7,-17,45,0,17,2688
762,Thundurus (Incarnate Forme),-6,22,-27,60,-10,7,4998
763,Thundurus (Therian Forme),-6,12,-27,80,-10,-3,7418
764,Reshiram,15,27,3,85,30,-14,9284
765,Zekrom,15,57,23,55,10,-14,7324
766,Landorus (Incarnate Forme),4,32,-7,50,-10,-3,3698
767,Landorus (Therian Forme),4,52,-7,40,-10,-13,4638
768,Kyurem,40,37,-7,65,0,-9,7324
769,Kyurem (Black Kyurem),40,77,3,55,0,-9,10644
770,Kyurem (White Kyurem),40,27,-7,105,10,-9,13584
771,Keldeo,6,-21,-7,64,0,4,4638
772,Meloetta (Aria Forme),15,-16,-20,63,38,-14,6490
773,Meloetta (Pirouette Forme),15,35,-7,12,-13,24,2388
774,Genesect,-14,27,-2,55,5,-5,4004
775,Chespin,-29,-32,-32,-17,-45,-66,9559
776,Quilladin,-24,-15,-2,-9,-32,-47,4119
777,Chesnaught,3,14,25,9,-15,-40,2736
778,Fennekin,-45,-48,-57,-3,-30,-44,10423
779,Braixen,-26,-34,-39,25,-20,-31,5339
780,Delphox,-10,-24,-25,49,10,0,3802
781,Froakie,-44,-37,-57,-3,-46,-33,9768
782,Frogadier,-31,-30,-45,18,-34,-7,5415
783,Greninja,-13,2,-30,38,-19,18,3202
784,Greninja (Ash-Greninja),-13,52,-30,88,-19,28,12662
785,Bunnelby,-47,-57,-59,-33,-54,-47,15153
786,Diggersby,0,-37,-20,-15,-13,-26,2839
787,Fletchling,-40,-43,-54,-25,-52,-42,11458
788,Fletchinder,-23,-20,-42,-9,-38,-20,4618
789,Talonflame,-7,-12,-26,9,-21,22,1875
790,Scatterbug,-47,-58,-57,-38,-65,-69,19252
791,Spewpa,-40,-71,-37,-38,-60,-75,18679
792,Vivillon,-5,-41,-47,25,-40,-15,6365
793,Litleo,-23,-43,-39,8,-36,-32,6283
794,Pyroar,1,-25,-25,44,-24,2,3767
795,Flabébé,-41,-55,-58,-4,-11,-62,12051
796,Floette,-31,-48,-50,10,8,-52,8633
797,Florges,-7,-28,-29,47,64,-29,8820
798,Skiddo,-19,-28,-49,-3,-33,-52,7348
799,Gogoat,38,7,-35,32,-9,-36,5119
800,Pancham,-18,-11,-35,-19,-42,-61,7516
801,Pangoro,10,31,-19,4,-19,-46,3915
802,Furfrou,-10,-13,-37,0,0,-2,1642
803,Espurr,-23,-45,-43,-2,-30,-36,6603
804,Meowstic,-11,-45,-21,18,-9,0,2992
805,Honedge,-40,-13,3,-30,-53,-76,11263
806,Doublade,-26,17,53,-20,-41,-69,10616
807,Aegislash (Shield Forme),-25,-43,43,-15,50,-44,8984
808,Aegislash (Blade Forme),-25,47,-47,75,-40,-44,14204
809,Spritzee,-7,-41,-37,-2,-25,-81,10289
810,Aromatisse,16,-21,-25,34,-1,-75,8104
811,Swirlix,-23,-45,-31,-6,-33,-55,7665
812,Slurpuff,-3,-13,-11,20,-15,-32,1948
813,Inkay,-32,-39,-44,-28,-44,-59,10682
814,Malamar,1,-1,-9,3,-15,-31,1278
815,Binacle,-43,-41,-30,-26,-34,-54,9178
816,Barbaracle,-13,12,18,-11,-4,-36,2070
817,Skrelp,-35,-33,-37,-5,-30,-74,10084
818,Dragalge,-20,-18,-7,32,33,-60,6486
819,Clauncher,-35,-40,-35,-7,-27,-60,8428
820,Clawitzer,-14,-20,-9,55,-1,-45,5728
821,Helioptile,-41,-55,-64,-4,-47,-34,12183
822,Heliolisk,-23,-38,-45,44,4,5,5975
823,Tyrunt,-27,-4,-20,-20,-45,-56,6706
824,Tyrantrum,-3,28,22,4,-31,-33,3343
825,Amaura,-8,-34,-47,2,-27,-58,7526
826,Aurorus,38,-16,-25,34,2,-46,5601
827,Sylveon,10,-28,-32,45,40,-44,7469
828,Hawlucha,-7,-1,-22,9,-27,14,1540
829,Dedenne,-18,-35,-40,16,-23,-3,3943
830,Carbink,-35,-43,53,-15,60,-54,12624
831,Goomy,-40,-43,-62,-10,-15,-64,11714
832,Sliggoo,-17,-18,-44,18,23,-44,5338
833,Sliggoo (Hisuian Sliggoo),-27,-18,-14,18,23,-64,6198
834,Goodra,5,7,-27,45,60,-24,7004
835,Goodra (Hisuian Goodra),-5,7,3,45,60,-44,7644
836,Klefki,-28,-13,-6,15,-3,-29,2064
837,Phantump,-42,-23,-49,-15,-30,-66,10175
838,Trevenant,0,17,-21,0,-8,-48,3098
839,Pumpkaboo (Small Size),-41,-27,-27,-21,-35,-48,7109
840,Pumpkaboo (Average Size),-36,-27,-27,-21,-35,-53,7229
841,Pumpkaboo (Large Size),-31,-27,-27,-21,-35,-58,7449
842,Pumpkaboo (Super Size),-26,-27,-27,-21,-35,-63,7769
843,Gourgeist (Small Size),-30,-8,25,-7,-15,-5,1888
844,Gourgeist (Average Size),-20,-3,25,-7,-15,-20,1708
845,Gourgeist (Large Size),-10,2,25,-7,-15,-35,2228
846,Gourgeist (Super Size),0,7,25,-7,-15,-50,3448
847,Bergmite,-30,-24,-12,-33,-55,-76,11510
848,Avalugg,10,24,87,-21,-44,-76,16398
849,Avalugg (Hisuian Avalugg),10,34,87,-31,-54,-66,17058
850,Noibat,-45,-63,-62,-20,-50,-49,15139
851,Noivern,0,-23,-17,32,-10,19,2303
852,Xerneas,41,38,-2,66,8,-5,7574
853,Yveltal,41,38,-2,66,8,-5,7574
854,Zygarde (50% Forme),23,7,24,16,5,-9,1516
855,Zygarde (10% Forme),-31,7,-26,-4,-5,11,1848
856,Zygarde (Complete Forme),131,7,24,26,5,-19,18848
857,Diancie,-35,7,53,35,60,-54,11824
858,Diancie (Mega Diancie),-35,67,13,95,20,6,15344
859,Hoopa (Hoopa Confined),-5,17,-37,85,40,-34,11664
860,Hoopa (Hoopa Unbound),-5,67,-37,105,40,-24,19084
861,Volcanion,-5,17,23,65,0,-34,6224
862,Rowlet,-17,-38,-42,-15,-40,-62,9166
863,Dartrix,-7,-18,-22,5,-20,-52,3986
864,Decidueye,-7,14,-22,35,10,-34,3210
865,Decidueye (Hisuian Decidueye),3,19,-17,30,5,-44,3520
866,Litten,-40,-28,-57,-5,-50,-34,9314
867,Torracat,-20,-8,-47,15,-40,-14,4694
868,Incineroar,10,22,-7,15,0,-44,2794
869,Popplio,-35,-39,-43,1,-34,-64,9848
870,Brionne,-25,-24,-28,26,-9,-54,5658
871,Primarina,-5,-19,-23,61,26,-44,7248
872,Pikipek,-50,-18,-67,-35,-60,-39,13659
873,Trumbeak,-30,-8,-47,-25,-40,-29,6239
874,Toucannon,-5,27,-22,10,-15,-44,3499
875,Yungoos,-37,-23,-67,-35,-60,-59,14693
876,Gumshoos,3,17,-37,-10,-30,-59,6148
877,Grubbin,-38,-31,-52,-10,-45,-58,10598
878,Charjabug,-28,-11,-2,-10,-15,-68,5858
879,Vikavolt,-8,-23,-7,80,-15,-61,10988
880,Crabrawler,-38,-11,-40,-23,-43,-41,7224
881,Crabominable,12,39,-20,-3,-23,-61,6324
882,Oricorio,-10,-23,-27,33,-20,-11,2968
883,Cutiefly,-45,-48,-57,-10,-50,-20,10578
884,Ribombee,-25,-38,-37,30,-20,20,5138
885,Rockruff,-40,-28,-57,-35,-50,-44,11294
886,Lycanroc (Midday Form),-10,22,-32,-10,-25,8,2397
887,Lycanroc (Midnight Form),0,22,-22,-10,-15,-22,1777
888,Lycanroc (Dusk Form),-10,24,-32,-10,-25,6,2461
889,Wishiwashi (Solo Form),-40,-73,-77,-40,-65,-64,22779
890,Wishiwashi (School Form),-40,47,33,75,45,-74,18024
891,Mareanie,-35,-40,-35,-22,-38,-59,9459
892,Toxapex,-35,-30,55,-12,52,-69,12759
893,Mudbray,-15,7,-27,-20,-35,-59,6109
894,Mudsdale,15,32,3,-10,-5,-69,6144
895,Dewpider,-47,-53,-45,-25,-18,-77,13921
896,Araquanid,-17,-23,-5,-15,42,-62,6676
897,Fomantis,-45,-38,-62,-15,-55,-69,15324
898,Lurantis,-15,12,-7,15,0,-59,4124
899,Morelull,-45,-58,-42,0,-15,-89,15299
900,Shiinotic,-25,-48,-17,25,10,-74,9419
901,Salandit,-37,-49,-57,6,-50,-27,10284
902,Salazzle,-17,-29,-37,46,-30,13,5684
903,Stufful,-15,-18,-47,-20,-40,-54,7674
904,Bewear,35,32,-17,-10,-30,-44,5474
905,Bounsweet,-43,-63,-59,-35,-52,-72,18412
906,Steenee,-33,-53,-49,-25,-42,-42,10452
907,Tsareena,-13,27,1,-15,8,-32,2212
908,Comfey,-34,-41,-7,17,20,-4,3591
909,Oranguru,5,-33,-17,25,20,-44,4364
910,Passimian,15,27,-7,-25,-30,-24,3104
911,Wimpod,-60,-58,-57,-45,-60,-24,16414
912,Golisopod,-10,32,43,-5,0,-64,7094
913,Sandygast,-30,-38,-17,5,-45,-89,12604
914,Palossand,0,-18,13,35,-15,-69,6704
915,Pyukumuku,-30,-33,33,-35,40,-99,15704
916,Type: Null,10,2,-2,30,5,-45,3058
917,Silvally,10,2,-2,30,5,-9,1114
918,Minior (Meteor Form),-25,-33,3,-5,10,-44,3784
919,Minior (Core),-25,7,-37,35,-30,16,4424
920,Komala,-20,22,-32,10,5,-39,3554
921,Turtonator,-25,-15,38,26,-5,-68,7619
922,Togedemaru,-20,5,-34,-25,-17,-8,2559
923,Mimikyu,-30,-3,-17,-15,15,-8,1712
924,Bruxish,-17,12,-27,5,-20,-12,1731
925,Drampa,-7,-33,-12,70,1,-68,10807
926,Dhelmise,-15,38,3,21,0,-64,6215
927,Jangmo-o,-40,-38,-32,-20,-45,-59,9974
928,Hakamo-o,-30,-18,-7,0,-20,-39,3194
929,Kommo-o,-10,17,28,35,15,-19,2984
930,Tapu Koko,-15,22,-12,30,-15,26,2654
931,Tapu Lele,-15,-8,-22,65,25,-9,5704
932,Tapu Bulu,-15,37,18,20,5,-29,3184
933,Tapu Fini,-15,-18,18,30,40,-19,3734
934,Cosmog,-42,-64,-66,-36,-59,-67,19482
935,Cosmoem,-42,-64,34,-36,41,-67,14482
936,Solgaleo,52,44,10,48,-1,-7,7094
937,Lunala,52,20,-8,72,17,-7,8690
938,Nihilego,24,-40,-50,62,41,-1,10202
939,Buzzwole,22,46,42,-12,-37,-25,6502
940,Pheromosa,-14,44,-60,72,-53,47,15934
941,Xurkitree,-2,-4,-26,108,-19,-21,13162
942,Celesteela,12,8,6,42,11,-43,3978
943,Kartana,-26,88,34,-6,-59,5,13118
944,Guzzlord,138,8,-44,32,-37,-61,27158
945,Necrozma,12,14,4,62,-1,-25,4826
946,Necrozma (Dusk Mane Necrozma),12,64,30,48,19,-27,8534
947,Necrozma (Dawn Wings Necrozma),12,20,12,92,37,-27,11250
948,Necrozma (Ultra Necrozma),12,74,0,102,7,25,16698
949,Magearna,-5,2,18,65,25,-39,6724
950,Marshadow,5,32,-17,25,0,21,2404
951,Poipole,-18,-20,-30,8,-23,-31,3178
952,Naganadel,-12,-20,-24,62,-17,17,5542
953,Stakataka,-24,38,114,-12,11,-91,23562
954,Blacephalon,-32,34,-44,86,-11,3,11642
955,Zeraora,3,19,-22,37,-10,39,3844
956,Meltan,-39,-28,-32,-10,-55,-70,11354
957,Melmetal,50,50,46,15,-25,-70,12866
958,Grookey,-35,-28,-47,-25,-50,-39,8864
959,Thwackey,-15,-8,-27,-10,-30,-24,2594
960,Rillaboom,15,32,-7,-5,-20,-19,2084
961,Scorbunny,-35,-22,-57,-25,-50,-35,9308
962,Raboot,-20,-7,-37,-10,-30,-10,2918
963,Cinderace,-5,23,-22,0,-15,15,1488
964,Sobble,-35,-53,-57,5,-50,-34,10964
965,Drizzile,-20,-33,-42,30,-35,-14,5574
966,Inteleon,-15,-8,-32,60,-25,16,5794
967,Skwovet,-15,-38,-42,-30,-55,-79,13599
968,Greedent,35,2,-2,-10,-15,-84,8614
969,Rookidee,-47,-46,-62,-32,-55,-47,14427
970,Corvisquire,-17,-26,-42,-22,-35,-27,5167
971,Corviknight,13,-6,8,-12,-5,-37,1807
972,Blipbug,-60,-73,-77,-40,-45,-59,21964
973,Dottler,-35,-58,-17,-15,0,-74,10579
974,Orbeetle,-25,-48,13,15,30,-14,4419
975,Nickit,-45,-65,-69,-18,-38,-54,15695
976,Thievul,-15,-35,-39,22,2,-14,3655
977,Gossifleur,-45,-53,-37,-25,-30,-94,16564
978,Eldegoss,-25,-43,-7,15,30,-44,5584
979,Wooloo,-43,-53,-42,-25,-45,-56,12208
980,Dubwool,-13,-13,3,-5,0,-16,628
981,Chewtle,-35,-29,-47,-27,-52,-60,11308
982,Drednaw,5,22,-7,-17,-22,-30,2231
983,Yamper,-26,-48,-47,-25,-40,-78,13498
984,Boltund,-16,-3,-37,25,-30,17,3448
985,Rolycoly,-55,-53,-47,-25,-40,-74,15744
986,Carkol,-5,-33,-7,-5,-20,-54,4504
987,Coalossal,25,-13,23,15,0,-74,7024
988,Applin,-45,-53,-17,-25,-50,-84,15304
989,Flapple,-15,17,-17,30,-30,-34,3759
990,Appletun,25,-8,-17,35,-10,-74,7779
991,Silicobra,-33,-36,-22,-30,-40,-58,8733
992,Sandaconda,-13,14,28,0,-20,-33,2638
993,Cramorant,-15,-8,-42,20,5,-19,2839
994,Arrokuda,-44,-30,-57,-25,-60,-38,11754
995,Barraskewda,-24,30,-37,-5,-40,32,5494
996,Toxel,-45,-55,-62,-11,-55,-64,16136
997,Toxtricity,-10,5,-27,49,-20,-29,4496
998,Sizzlipede,-35,-28,-52,-15,-40,-59,10019
999,Centiskorch,15,22,-32,25,0,-39,3879
1000,Clobbopus,-35,-25,-37,-15,-40,-72,10228
1001,Grapploct,-5,25,-7,5,-10,-62,4668
1002,Sinistea,-45,-48,-52,9,-36,-54,11326
1003,Polteageist,-25,-28,-32,69,24,-34,8926
1004,Hatenna,-43,-63,-52,-9,-37,-65,14197
1005,Hattrem,-28,-53,-32,21,-17,-55,8372
1006,Hatterene,-28,-3,-2,71,13,-75,11632
1007,Impidimp,-40,-48,-67,-10,-50,-54,13909
1008,Morgrem,-20,-33,-52,10,-35,-34,6674
1009,Grimmsnarl,10,27,-32,30,-15,-44,4914
1010,Obstagoon,8,-3,4,-5,-9,-9,276
1011,Perrserker,-15,17,3,-15,-30,-54,4564
1012,Cursola,-25,2,-47,80,40,-74,16314
1013,Sirfetch'd,-23,42,-2,3,-8,-39,3891
1014,Mr. Rime,-5,-8,-22,45,10,-34,3854
1015,Runerigus,-27,2,48,-15,15,-74,8963
1016,Milcery,-40,-53,-57,-15,-29,-70,13624
1017,Alcremie,-20,-33,-22,45,31,-40,6559
1018,Falinks,-20,7,3,5,-30,-29,2224
1019,Pincurchin,-37,8,-2,26,-5,-89,10059
1020,Snom,-55,-68,-62,-20,-60,-84,22549
1021,Frosmoth,-15,-28,-37,60,0,-39,7499
1022,Stonjourner,15,32,38,-45,-70,-34,10774
1023,Eiscue (Ice Face),-10,-13,13,0,0,-54,3354
1024,Eiscue (Noice Face),-10,-13,-27,0,-40,26,3274
1025,Indeedee (Male),-25,-28,-42,40,5,-9,4879
1026,Indeedee (Female),-15,-38,-32,30,15,-19,4179
1027,Morpeko,-27,2,-39,5,-32,-7,3352
1028,Cufant,-13,-13,-48,-25,-41,-64,9044
1029,Copperajah,37,37,-28,15,-21,-74,9664
1030,Dracozolt,5,7,-7,15,-20,-29,1589
1031,Arctozolt,5,7,-7,25,-10,-49,3249
1032,Dracovish,5,-3,3,5,-10,-29,1009
1033,Arctovish,5,-3,3,15,0,-49,2669
1034,Duraludon,-15,2,18,55,-40,-19,5539
1035,Dreepy,-57,-33,-67,-25,-60,-22,13536
1036,Drakloak,-17,-13,-47,-5,-40,-2,4296
1037,Dragapult,3,27,-22,35,-15,38,4116
1038,Zacian (Hero of Many Battles),7,27,18,15,25,34,3108
1039,Zacian (Crowned Sword),7,57,18,15,25,44,6408
1040,Zamazenta (Hero of Many Battles),7,27,18,15,25,34,3108
1041,Zamazenta (Crowned Shield),7,27,43,15,50,24,5928
1042,Eternatus,55,-8,-2,80,5,26,10194
1043,Eternatus (Eternamax Eternatus),170,22,153,60,160,26,82669
1044,Kubfu,-25,-3,-37,-12,-40,-32,4771
1045,Urshifu,15,37,3,-2,-30,-7,2556
1046,Zarude,20,27,8,5,5,1,1244
1047,Regieleki,-5,7,-47,35,-40,96,14324
1048,Regidrago,115,7,-47,35,-40,-24,18884
1049,Glastrier,15,52,33,0,20,-74,9894
1050,Spectrier,15,-28,-37,80,-10,26,9554
1051,Calyrex,15,-13,-17,15,-10,-24,1584
1052,Calyrex (Ice Rider Calyrex),15,72,53,20,40,-54,13134
1053,Calyrex (Shadow Rider Calyrex),15,-8,-17,100,10,46,12794
1054,Wyrdeer,18,12,-25,40,-15,-39,4439
1055,Kleavor,-15,42,-2,-20,-20,-19,3154
1056,Ursaluna,45,47,8,-20,-10,-54,7714
1057,Basculegion (Male),35,19,-32,15,-15,-26,3736
1058,Basculegion (Female),35,-1,-32,35,-15,-26,4376
1059,Sneasler,-5,37,-37,-25,-10,16,3744
1060,Overqwil,0,22,-2,0,-25,-19,1474
1061,Enamorus (Incarnate Forme),-11,22,-27,70,-10,2,6338
1062,Enamorus (Therian Forme),-11,22,13,70,10,-58,9138
1063,Sprigatito,-45,-32,-43,-20,-45,-39,8844
1064,Floragato,-24,-13,-34,-5,-27,-21,3096
1065,Meowscarada,-9,17,-27,16,-20,19,2116
1066,Fuecoco,-18,-48,-38,-2,-50,-68,11200
1067,Crocalor,-4,-38,-19,25,-32,-55,6495
1068,Skeledirge,19,-18,3,45,-15,-38,4388
1069,Quaxly,-30,-28,-52,-15,-45,-54,9554
1070,Quaxwell,-15,-8,-32,0,-30,-39,3734
1071,Quaquaval,0,27,-17,20,-15,-19,2004
1072,Lechonk,-31,-48,-57,-30,-45,-69,14200
1073,Oinkologne (Male),25,7,-22,-6,-10,-39,2815
1074,Oinkologne (Female),30,-3,-27,-6,0,-39,3195
1075,Tarountula,-50,-52,-52,-36,-50,-84,18760
1076,Spidops,-25,-14,-5,-13,-4,-69,5792
1077,Nymble,-52,-47,-57,-44,-65,-59,17804
1078,Lokix,-14,9,-19,-13,-35,-12,2176
1079,Pawmi,-40,-43,-77,-25,-65,-44,16164
1080,Pawmo,-25,-18,-57,-15,-50,-19,7284
1081,Pawmot,-15,22,-27,5,-30,1,2364
1082,Tandemaus,-35,-43,-52,-25,-45,-29,9269
1083,Maushold,-11,-18,-27,0,-15,7,1448
1084,Fidough,-48,-38,-27,-35,-35,-39,8448
1085,Dachsbun,-28,-13,18,-15,-10,-9,1683
1086,Smoliv,-44,-58,-52,-7,-39,-74,15050
1087,Dolliv,-33,-40,-37,13,-12,-71,9412
1088,Arboliva,-7,-24,-7,60,19,-65,8860
1089,Squawkabilly,-3,3,-46,-20,-39,-12,4199
1090,Nacli,-30,-38,-22,-30,-55,-79,12994
1091,Naclstack,-25,-33,3,-30,-25,-69,8009
1092,Garganacl,15,7,33,-20,0,-69,6524
1093,Charcadet,-45,-43,-57,-15,-50,-69,14609
1094,Armarouge,0,-33,3,60,-10,-29,5639
1095,Ceruledge,-10,32,-17,-5,10,-19,1899
1096,Tadbulb,-24,-62,-56,-6,-55,-59,14098
1097,Bellibolt,24,-29,-6,38,-7,-59,6427
1098,Wattrel,-45,-53,-62,-10,-50,-34,12434
1099,Kilowattrel,-15,-23,-37,40,-30,21,5064
1100,Maschiff,-25,-15,-37,-25,-39,-53,7174
1101,Mabosstiff,-5,27,-7,-5,-20,-19,1589
1102,Shroodle,-45,-28,-62,-25,-55,-29,11144
1103,Grafaiai,-22,2,-32,15,-18,6,2097
1104,Bramblin,-45,-28,-67,-20,-55,-44,12659
1105,Brambleghast,-30,22,-27,15,-20,-14,2934
1106,Toedscool,-45,-53,-62,-15,10,-34,10159
1107,Toedscruel,-5,-23,-32,15,30,-4,2719
1108,Klawf,-15,7,18,-30,-35,-29,3564
1109,Capsakid,-35,-31,-57,-3,-50,-54,10860
1110,Scovillain,-20,15,-32,43,-25,-29,4964
1111,Rellor,-44,-43,-37,-34,-32,-74,12810
1112,Rabsca,-10,-43,-12,50,10,-59,8174
1113,Flittle,-55,-58,-67,-10,-60,-29,15419
1114,Espathra,10,-33,-37,36,-30,1,4755
1115,Tinkatink,-35,-48,-52,-30,-26,-46,9925
1116,Tinkatuff,-20,-38,-42,-20,-8,-26,4748
1117,Tinkaton,0,-18,-20,5,15,-10,1074
1118,Wiglett,-75,-38,-72,-30,-65,-9,17459
1119,Wugtrio,-50,7,-47,-15,-20,16,5639
1120,Bombirdier,-15,10,-12,-5,-5,-22,1003
1121,Finizen,-15,-48,-57,-20,-50,-29,9519
1122,Palafin,15,-23,-25,-12,-28,-4,2323
1123,Palafin,15,67,0,41,-3,-4,6420
1124,Varoom,-40,-23,-34,-35,-45,-57,9784
1125,Revavroom,-5,26,-7,-11,-23,-14,1596
1126,Cyclizar,-15,2,-32,20,-25,17,2567
1127,Orthworm,-15,-8,48,-5,-35,-39,5364
1128,Glimmet,-37,-58,-55,40,-30,-44,12194
1129,Glimmora,-2,-38,-7,65,-9,-18,6127
1130,Greavard,-35,-32,-37,-35,-35,-70,10968
1131,Houndstone,-13,8,3,-15,7,-36,1812
1132,Flamigo,-3,22,-23,10,-26,-14,1994
1133,Cetoddle,23,-25,-52,-35,-50,-61,11304
1134,Cetitan,85,20,-32,-20,-35,-31,11235
1135,Veluza,5,9,-24,13,-25,-34,2632
1136,Dondozo,65,7,18,0,-25,-69,9984
1137,Tatsugiri,-17,-43,-37,55,5,-22,7041
1138,Annihilape,25,22,-17,-15,0,-14,1819
1139,Clodsire,45,-18,-37,-20,10,-84,11274
1140,Farigiraf,35,-3,-27,45,-20,-44,6324
1141,Dudunsparce,40,7,-17,20,-15,-49,4964
1142,Kingambit,15,42,23,-5,-5,-54,5484
1143,Great Tusk,30,38,34,-12,-37,-17,5302
1144,Scream Tail,30,-28,2,0,25,7,2362
1145,Brute Bonnet,26,34,2,14,9,-49,4514
1146,Flutter Mane,-30,-38,-42,70,45,31,11994
1147,Slither Wing,0,42,-18,20,15,-23,3242
1148,Sandy Shocks,0,-12,0,56,-5,-3,3314
1149,Iron Treads,5,19,23,7,-20,2,1368
1150,Iron Bundle,-29,-13,17,59,-30,32,6704
1151,Iron Hands,69,47,11,-15,-22,-54,10716
1152,Iron Jugulis,9,-13,-11,57,-10,4,3736
1153,Iron Moth,-5,-23,-37,75,20,6,7984
1154,Iron Thorns,15,41,13,5,-6,-32,3160
1155,Frigibax,-20,-18,-52,-30,-45,-49,8754
1156,Arctibax,5,2,-31,-20,-25,-42,3779
1157,Baxcalibur,30,52,-5,10,-4,-17,4034
1158,Gimmighoul (Chest Form),-40,-63,-27,10,-20,-94,15634
1159,Gimmighoul (Roaming Form),-40,-63,-72,10,-45,-24,13454
1160,Gholdengo,2,-33,-2,68,1,-20,6122
1161,Wo-Chien,0,-8,3,30,45,-34,4154
1162,Chien-Pao,-5,27,-17,25,-25,31,3254
1163,Ting-Lu,70,17,28,-10,-10,-59,9654
1164,Chi-Yu,-30,-13,-17,70,30,-4,7174
1165,Roaring Moon,20,46,-26,-10,11,15,3638
1166,Iron Valiant,-11,37,-7,55,-30,12,5608
1167,Koraidon,15,42,18,20,10,31,3774
1168,Miraidon,15,-8,3,70,25,31,6784
