Cason Duszak vs. Pokemon SSE,pokemon,D_HP,D_ATK,D_DEF,D_SPA,D_SPD,D_SPE,SSE
0,Bulbasaur,-40,-57,-36,-6,-30,-55,10106
1,Ivysaur,-25,-44,-22,9,-15,-40,4951
2,Venusaur,-5,-24,-2,29,5,-20,1871
3,Venusaur (Mega Venusaur),-5,-6,38,51,25,-20,5131
4,Charmander,-46,-54,-42,-11,-45,-35,10167
5,Charmeleon,-27,-42,-27,9,-30,-20,4603
6,Charizard,-7,-22,-7,38,-10,0,2126
7,Charizard (Mega Charizard X),-7,24,26,59,-10,0,4882
8,Charizard (Mega Charizard Y),-7,-2,-7,88,20,0,8246
9,Squirtle,-41,-58,-20,-21,-31,-57,10096
10,Wartortle,-26,-43,-5,-6,-15,-42,4575
11,Blastoise,-6,-23,15,14,10,-22,1570
12,Blastoise (Mega Blastoise),-6,-3,35,64,20,-22,6250
13,Caterpie,-40,-76,-50,-51,-75,-55,21127
14,Metapod,-35,-86,-30,-46,-70,-70,21437
15,Butterfree,-25,-61,-35,19,-15,-30,7057
16,Weedle,-45,-71,-55,-51,-75,-50,20817
17,Kakuna,-40,-81,-35,-46,-70,-65,20627
18,Beedrill,-20,-16,-45,-26,-15,-25,4207
19,Beedrill (Mega Beedrill),-20,44,-45,-56,-15,45,9747
20,Pidgey,-45,-61,-45,-36,-60,-44,14603
21,Pidgeotto,-22,-46,-30,-21,-45,-29,6807
22,Pidgeot,-2,-26,-10,-1,-25,1,1407
23,Pidgeot (Mega Pidgeot),-2,-26,-5,64,-15,21,5467
24,Rattata,-55,-50,-50,-46,-60,-28,14525
25,Rattata (Alolan Rattata),-55,-50,-50,-46,-60,-28,14525
26,Raticate,-30,-25,-25,-21,-25,-3,3225
27,Raticate (Alolan Raticate),-10,-35,-15,-31,-15,-23,3265
28,Spearow,-45,-46,-55,-40,-64,-30,13762
29,Fearow,-20,-16,-20,-10,-34,0,2312
30,Ekans,-50,-46,-41,-31,-41,-45,10964
31,Arbok,-25,-11,-16,-6,-16,-20,1694
32,Pikachu,-50,-51,-45,-21,-45,-10,9692
33,Pikachu (Partner Pikachu),-40,-26,-35,4,-35,20,5142
34,Raichu,-25,-16,-30,19,-15,10,2467
35,Raichu (Alolan Raichu),-25,-21,-35,24,-10,10,3067
36,Sandshrew,-35,-31,0,-51,-65,-60,12612
37,Sandshrew (Alolan Sandshrew),-35,-31,5,-61,-60,-60,13132
38,Sandslash,-10,-6,25,-26,-40,-35,4262
39,Sandslash (Alolan Sandslash),-10,-6,35,-46,-30,-35,5602
40,Nidoran♀,-30,-59,-33,-31,-55,-59,12937
41,Nidorina,-15,-44,-18,-16,-40,-44,6277
42,Nidoqueen,5,-14,2,4,-10,-24,917
43,Nidoran♂,-39,-49,-45,-31,-55,-50,12433
44,Nidorino,-24,-34,-28,-16,-40,-35,5597
45,Nidoking,-4,-4,-8,14,-20,-15,917
46,Clefairy,-15,-61,-37,-11,-30,-65,10561
47,Clefable,10,-36,-12,24,-5,-40,3741
48,Vulpix,-47,-65,-45,-21,-30,-35,11025
49,Vulpix (Alolan Vulpix),-47,-65,-45,-21,-30,-35,11025
50,Ninetales,-12,-30,-10,10,5,0,1269
51,Ninetales (Alolan Ninetales),-12,-39,-10,10,5,9,1971
52,Jigglypuff,30,-61,-65,-26,-70,-80,20822
53,Wigglytuff,55,-36,-40,14,-45,-55,11167
54,Zubat,-45,-61,-50,-41,-55,-45,14977
55,Golbat,-10,-26,-15,-6,-20,-10,1537
56,Oddish,-40,-56,-30,4,-30,-70,11452
57,Gloom,-25,-41,-15,14,-20,-60,6727
58,Vileplume,-10,-26,0,39,-5,-50,4822
59,Paras,-50,-36,-30,-26,-40,-75,12597
60,Parasect,-25,-11,-5,-11,-15,-70,6017
61,Venonat,-25,-51,-35,-31,-40,-55,10037
62,Venomoth,-15,-41,-25,19,-20,-10,3392
63,Diglett,-75,-51,-60,-36,-50,-5,15647
64,Diglett (Alolan Diglett),-75,-51,-55,-36,-50,-10,15147
65,Dugtrio,-50,-6,-35,-21,-25,20,5227
66,Dugtrio (Alolan Dugtrio),-50,-6,-25,-21,-25,10,4327
67,Meowth,-45,-61,-50,-31,-55,-10,12332
68,Meowth (Alolan Meowth),-45,-71,-50,-21,-55,-10,13132
69,Meowth (Galarian Meowth),-35,-41,-30,-31,-55,-60,11392
70,Persian,-20,-36,-25,-6,-30,15,3482
71,Persian (Alolan Persian),-20,-46,-25,4,-30,15,4282
72,Psyduck,-35,-54,-37,-6,-45,-45,9596
73,Golduck,-5,-24,-7,24,-15,-15,1676
74,Mankey,-45,-26,-50,-36,-50,-30,9897
75,Primeape,-20,-1,-25,-11,-25,-5,1797
76,Growlithe,-30,-36,-40,-1,-45,-40,7422
77,Growlithe (Hisuian Growlithe),-25,-31,-40,-6,-45,-45,7272
78,Arcanine,5,4,-5,29,-15,-5,1157
79,Arcanine (Hisuian Arcanine),10,9,-5,24,-15,-10,1107
80,Poliwag,-45,-56,-45,-31,-55,-10,11272
81,Poliwhirl,-20,-41,-20,-21,-45,-10,5047
82,Poliwrath,5,-11,10,-1,-5,-30,1172
83,Abra,-60,-86,-70,34,-40,-10,18752
84,Kadabra,-45,-71,-55,49,-25,5,13142
85,Alakazam,-30,-56,-40,64,0,20,10132
86,Alakazam (Mega Alakazam),-30,-56,-20,104,10,50,17852
87,Machop,-15,-26,-35,-36,-60,-65,11247
88,Machoke,-5,-6,-15,-21,-35,-55,4977
89,Machamp,5,24,-5,-6,-10,-45,2787
90,Bellsprout,-35,-31,-50,-1,-65,-60,12512
91,Weepinbell,-20,-16,-35,14,-50,-45,6602
92,Victreebel,-5,-1,-20,29,-25,-30,2792
93,Tentacool,-45,-66,-50,-21,5,-30,10247
94,Tentacruel,-5,-36,-20,9,25,0,2427
95,Geodude,-45,-26,15,-41,-65,-80,15232
96,Geodude (Alolan Geodude),-45,-26,15,-41,-65,-80,15232
97,Graveler,-30,-11,30,-26,-50,-65,9322
98,Graveler (Alolan Graveler),-30,-11,30,-26,-50,-65,9322
99,Golem,-5,14,45,-16,-30,-55,6427
100,Golem (Alolan Golem),-5,14,45,-16,-30,-55,6427
101,Ponyta,-35,-21,-30,-6,-30,-10,3602
102,Ponyta (Galarian Ponyta),-35,-21,-30,-6,-30,-10,3602
103,Rapidash,-20,-6,-15,9,-15,5,992
104,Rapidash (Galarian Rapidash),-20,-6,-15,9,-15,5,992
105,Slowpoke,5,-41,-20,-31,-55,-85,13317
106,Slowpoke (Galarian Slowpoke),5,-41,-20,-31,-55,-85,13317
107,Slowbro,10,-31,25,29,-15,-70,7652
108,Slowbro (Mega Slowbro),10,-31,95,59,-15,-70,18692
109,Slowbro (Galarian Slowbro),10,-6,10,29,-25,-70,6602
110,Magnemite,-60,-71,-15,24,-40,-55,14067
111,Magneton,-35,-46,10,49,-25,-30,7367
112,Farfetch'd,-33,-16,-30,-13,-33,-40,5103
113,Farfetch'd (Galarian Farfetch'd),-33,-11,-30,-13,-33,-45,5393
114,Doduo,-50,-21,-40,-36,-60,-25,10062
115,Dodrio,-25,4,-15,-11,-35,10,2312
116,Seel,-20,-61,-30,-26,-25,-55,9347
117,Dewgong,5,-36,-5,-1,0,-30,2247
118,Grimer,-5,-26,-35,-31,-45,-75,10537
119,Grimer (Alolan Grimer),-5,-26,-35,-31,-45,-75,10537
120,Muk,20,-1,-10,-6,5,-50,3062
121,Muk (Alolan Muk),20,-1,-10,-6,5,-50,3062
122,Shellder,-55,-41,15,-26,-70,-60,14107
123,Cloyster,-35,-11,95,14,-50,-30,13967
124,Gastly,-55,-71,-55,29,-60,-20,15932
125,Haunter,-40,-56,-40,44,-40,-5,9897
126,Gengar,-25,-41,-25,59,-20,10,6912
127,Gengar (Mega Gengar),-25,-41,-5,99,0,30,13032
128,Onix,-50,-61,75,-41,-50,-30,16927
129,Drowzee,-25,-58,-40,-28,-5,-58,9762
130,Hypno,0,-33,-15,2,20,-33,2807
131,Krabby,-55,-1,5,-46,-70,-50,12567
132,Kingler,-30,24,30,-21,-45,-25,5467
133,Voltorb,-45,-76,-35,-16,-40,0,10882
134,Voltorb (Hisuian Voltorb),-45,-76,-35,-16,-40,0,10882
135,Electrode,-25,-56,-15,9,-15,50,6792
136,Electrode (Hisuian Electrode),-25,-56,-15,9,-15,50,6792
137,Exeggcute,-25,-66,-5,-11,-50,-60,11227
138,Exeggutor,10,-11,0,54,-20,-45,5562
139,Exeggutor (Alolan Exeggutor),10,-1,0,54,-20,-55,6442
140,Cubone,-35,-56,10,-31,-45,-65,11672
141,Marowak,-25,-26,25,-21,-15,-55,5617
142,Marowak (Alolan Marowak),-25,-26,25,-21,-15,-55,5617
143,Hitmonlee,-35,14,-32,-36,15,-13,4135
144,Hitmonchan,-35,-1,-6,-36,15,-24,3359
145,Lickitung,5,-51,-10,-11,-20,-70,8147
146,Koffing,-45,-41,10,-11,-50,-65,10652
147,Weezing,-20,-16,35,14,-25,-40,4302
148,Weezing (Galarian Weezing),-20,-16,35,14,-25,-40,4302
149,Rhyhorn,-5,-21,10,-41,-65,-75,12097
150,Rhydon,20,24,35,-26,-50,-60,8977
151,Chansey,165,-101,-80,-36,10,-50,47722
152,Tangela,-20,-51,30,29,-55,-40,9367
153,Kangaskhan,20,-11,-5,-31,-15,-10,1832
154,Kangaskhan (Mega Kangaskhan),20,19,15,-11,5,0,1132
155,Horsea,-55,-66,-15,-1,-70,-40,14107
156,Seadra,-30,-41,10,24,-50,-15,5982
157,Goldeen,-40,-39,-25,-36,-45,-37,8436
158,Seaking,-5,-14,-20,-6,-15,-32,1906
159,Staryu,-55,-61,-30,-1,-40,-15,9472
160,Starmie,-25,-31,0,29,-10,15,2752
161,Mr. Mime,-45,-61,-20,29,25,-10,7712
162,Mr. Mime (Galarian Mr. Mime),-35,-41,-20,19,-5,0,3692
163,Scyther,-15,4,-5,-16,-15,5,772
164,Jynx,-20,-56,-50,44,0,-5,7997
165,Electabuzz,-20,-23,-28,24,-10,5,2414
166,Magmar,-20,-11,-28,29,-10,-7,2295
167,Pinsir,-20,19,15,-16,-25,-15,2092
168,Pinsir (Mega Pinsir),-20,49,35,-6,-5,5,4112
169,Tauros,-10,-6,10,-31,-25,10,1922
170,Tauros (Paldean Tauros (Combat Breed)),-10,4,20,-41,-25,0,2822
171,Tauros (Paldean Tauros (Blaze Breed)),-10,4,20,-41,-25,0,2822
172,Tauros (Paldean Tauros (Aqua Breed)),-10,4,20,-41,-25,0,2822
173,Magikarp,-65,-96,-30,-56,-75,-20,23502
174,Gyarados,10,19,-6,-11,5,-19,1004
175,Gyarados (Mega Gyarados),10,49,24,-1,35,-19,4664
176,Lapras,45,-21,-5,14,0,-40,4287
177,Ditto,-37,-58,-37,-23,-47,-52,11544
178,Eevee,-30,-51,-35,-26,-30,-45,8327
179,Eevee (Partner Eevee),-20,-31,-15,-6,-10,-25,2347
180,Vaporeon,45,-41,-25,39,0,-35,7077
181,Jolteon,-20,-41,-25,39,0,30,5127
182,Flareon,-20,24,-25,24,15,-35,3627
183,Porygon,-20,-46,-15,14,-20,-60,6937
184,Omanyte,-50,-66,15,19,-40,-65,13267
185,Omastar,-15,-46,40,44,-25,-45,8527
186,Kabuto,-55,-26,5,-16,-50,-45,8507
187,Kabutops,-25,9,20,-6,-25,-20,2167
188,Aerodactyl,-5,-1,-20,-11,-20,30,1847
189,Aerodactyl (Mega Aerodactyl),-5,29,0,-1,0,50,3367
190,Snorlax,75,4,-20,-6,15,-70,11202
191,Articuno,5,-21,15,24,30,-15,2392
192,Articuno (Galarian Articuno),5,-21,0,54,5,-5,3432
193,Zapdos,5,-16,0,54,-5,0,3222
194,Zapdos (Galarian Zapdos),5,19,5,14,-5,0,632
195,Moltres,5,-6,5,54,-10,-10,3202
196,Moltres (Galarian Moltres),5,-21,5,29,30,-10,2332
197,Dratini,-44,-42,-40,-21,-45,-50,10266
198,Dragonair,-24,-22,-20,-1,-25,-30,2986
199,Dragonite,6,28,10,29,5,-20,2186
200,Mewtwo,21,4,5,83,-5,30,8296
201,Mewtwo (Mega Mewtwo X),21,84,15,83,5,30,15536
202,Mewtwo (Mega Mewtwo Y),21,44,-15,123,25,40,19956
203,Mew,15,-6,15,29,5,0,1352
204,Chikorita,-40,-57,-20,-22,-30,-55,9658
205,Bayleef,-25,-44,-5,-8,-15,-40,4475
206,Meganium,-5,-24,15,12,5,-20,1395
207,Cyndaquil,-46,-54,-42,-11,-45,-35,10167
208,Quilava,-27,-42,-27,9,-30,-20,4603
209,Typhlosion,-7,-22,-7,38,-10,0,2126
210,Typhlosion (Hisuian Typhlosion),-12,-22,-7,48,-10,-5,3106
211,Totodile,-35,-41,-21,-27,-47,-57,9534
212,Croconaw,-20,-26,-5,-12,-32,-42,4033
213,Feraligatr,0,-1,15,8,-12,-22,918
214,Sentret,-50,-60,-51,-36,-50,-80,18897
215,Furret,0,-30,-21,-26,-40,-10,3717
216,Hoothoot,-25,-76,-55,-35,-39,-50,14672
217,Noctowl,15,-56,-35,15,1,-30,5712
218,Ledyba,-45,-86,-55,-31,-15,-45,15657
219,Ledian,-30,-71,-35,-16,15,-15,7872
220,Spinarak,-45,-46,-45,-31,-55,-70,15052
221,Ariados,-15,-16,-15,-11,-25,-60,5052
222,Crobat,0,-16,-5,-1,-15,30,1407
223,Chinchou,-10,-68,-47,-15,-39,-33,9768
224,Lanturn,40,-48,-27,5,-19,-33,6108
225,Pichu,-65,-66,-70,-36,-60,-40,19977
226,Cleffa,-35,-81,-57,-26,-40,-85,20536
227,Igglybuff,5,-76,-70,-31,-75,-85,24512
228,Togepi,-50,-86,-20,-31,-30,-80,18557
229,Togetic,-30,-66,0,9,10,-60,9037
230,Natu,-45,-56,-40,-1,-50,-30,10162
231,Xatu,-20,-31,-15,24,-25,-5,2812
232,Mareep,-30,-66,-45,-6,-50,-65,14042
233,Flaaffy,-15,-51,-30,9,-35,-55,8057
234,Ampharos,5,-31,0,44,-5,-45,4972
235,Ampharos (Mega Ampharos),5,-11,20,94,15,-55,12632
236,Bellossom,-10,-26,10,19,5,-50,3762
237,Marill,-15,-86,-35,-51,-45,-60,17072
238,Azumarill,15,-56,-5,-11,-15,-50,6232
239,Sudowoodo,-15,-6,30,-41,-30,-70,8642
240,Politoed,5,-31,-10,19,5,-30,2372
241,Hoppip,-50,-71,-45,-36,-40,-50,14962
242,Skiploom,-30,-61,-35,-26,-30,-20,7822
243,Jumpluff,-10,-51,-15,-16,0,10,3282
244,Aipom,-30,-36,-30,-31,-40,-15,5882
245,Sunkern,-55,-76,-55,-41,-65,-70,22632
246,Sunflora,-10,-31,-30,34,-10,-70,8117
247,Yanma,-20,-41,-40,4,-50,-5,6222
248,Wooper,-30,-61,-40,-46,-70,-85,20462
249,Wooper (Paldean Wooper),-30,-61,-40,-46,-70,-85,20462
250,Quagsire,10,-21,0,-6,-30,-65,5702
251,Espeon,-20,-41,-25,59,0,10,6287
252,Umbreon,10,-41,25,-11,35,-35,4977
253,Murkrow,-25,-21,-43,14,-53,-9,6001
254,Slowking,10,-31,-5,29,15,-70,7052
255,Slowking (Galarian Slowking),10,-41,-5,39,15,-70,8452
256,Misdreavus,-25,-46,-25,14,-10,-15,3887
257,Unown,-37,-34,-37,1,-47,-52,8808
258,Wobbuffet,105,-73,-27,-38,-37,-67,24385
259,Girafarig,-15,-26,-20,19,-30,-15,2787
260,Pineco,-35,-41,5,-36,-60,-85,15052
261,Forretress,-10,-16,55,-11,-35,-60,8327
262,Dunsparce,15,-36,-15,-6,-30,-55,5707
263,Gligar,-20,-31,20,-36,-30,-15,4182
264,Steelix,-10,-21,115,-16,-30,-70,19822
265,Steelix (Mega Steelix),-10,19,145,-16,0,-70,26642
266,Snubbull,-25,-26,-35,-31,-55,-70,11412
267,Granbull,5,14,-10,-11,-35,-55,4692
268,Qwilfish,-20,-11,0,-16,-40,-15,2602
269,Qwilfish (Hisuian Qwilfish),-20,-11,0,-16,-40,-15,2602
270,Scizor,-15,24,15,-16,-15,-35,2732
271,Scizor (Mega Scizor),-15,44,55,-6,5,-25,5872
272,Shuckle,-65,-96,145,-61,135,-95,65437
273,Heracross,-5,19,-10,-31,0,-15,1672
274,Heracross (Mega Heracross),-5,79,30,-31,10,-25,8852
275,Sneasel,-30,-11,-30,-36,-20,15,3842
276,Sneasel (Hisuian Sneasel),-30,-11,-30,-36,-20,15,3842
277,Teddiursa,-25,-26,-35,-21,-45,-60,8592
278,Ursaring,5,24,-10,4,-20,-45,3142
279,Slugma,-45,-66,-45,-1,-55,-80,17832
280,Magcargo,-25,-56,35,19,-15,-70,10472
281,Swinub,-35,-56,-45,-41,-65,-50,14792
282,Piloswine,15,-6,-5,-11,-35,-50,4132
283,Corsola,-20,-51,10,-6,0,-65,7362
284,Corsola (Galarian Corsola),-25,-51,15,-6,5,-70,8412
285,Remoraid,-50,-41,-50,-6,-60,-35,11542
286,Octillery,-10,-1,-10,34,-20,-55,4782
287,Delibird,-40,-51,-40,-6,-50,-25,8962
288,Mantine,0,-66,-15,9,45,-30,7587
289,Skarmory,-20,-26,55,-31,-25,-30,6587
290,Houndour,-40,-46,-55,9,-45,-35,10072
291,Houndoom,-10,-16,-35,39,-15,-5,3352
292,Houndoom (Mega Houndoom),-10,-16,5,69,-5,15,5392
293,Kingdra,-10,-11,10,24,0,-15,1122
294,Phanpy,5,-46,-25,-31,-55,-60,10352
295,Donphan,5,14,35,-11,-35,-50,5292
296,Porygon2,0,-26,5,34,0,-40,3457
297,Stantler,-12,-11,-23,14,-30,-15,2115
298,Smeargle,-30,-86,-50,-51,-50,-25,16522
299,Tyrogue,-50,-71,-50,-36,-60,-65,19162
300,Hitmontop,-35,-11,10,-36,15,-30,3867
301,Smoochum,-40,-76,-70,14,-30,-35,14597
302,Elekid,-40,-43,-48,-6,-40,-5,7414
303,Magby,-40,-31,-48,-1,-40,-17,6755
304,Miltank,10,-26,20,-31,-25,0,2762
305,Blissey,170,-96,-75,4,40,-45,47382
306,Raikou,5,-21,-10,44,5,15,2752
307,Entei,30,9,0,19,-20,0,1742
308,Suicune,15,-31,30,19,20,-15,3072
309,Larvitar,-35,-42,-35,-26,-45,-59,10396
310,Pupitar,-15,-22,-15,-6,-25,-49,3996
311,Tyranitar,15,28,25,24,5,-39,3756
312,Tyranitar (Mega Tyranitar),15,58,65,24,25,-29,9856
313,Lugia,21,-16,45,19,59,10,6664
314,Ho-Oh,21,24,5,39,59,-10,6144
315,Celebi,15,-6,15,29,5,0,1352
316,Treecko,-45,-61,-50,-6,-40,-30,10782
317,Grovyle,-35,-41,-40,14,-30,-5,5627
318,Sceptile,-15,-21,-20,34,-10,20,2722
319,Sceptile (Mega Sceptile),-15,4,-10,74,-10,45,7942
320,Torchic,-40,-46,-45,-1,-45,-55,10792
321,Combusken,-25,-21,-25,14,-35,-45,5137
322,Blaziken,-5,14,-15,39,-25,-20,2992
323,Blaziken (Mega Blaziken),-5,54,-5,59,-15,0,6672
324,Mudkip,-35,-36,-35,-21,-45,-60,9812
325,Marshtomp,-15,-21,-15,-11,-25,-50,4137
326,Swampert,15,4,5,14,-5,-40,2087
327,Swampert (Mega Swampert),15,44,25,24,15,-30,4487
328,Poochyena,-50,-51,-50,-41,-65,-65,17732
329,Mightyena,-15,-16,-15,-11,-35,-30,2952
330,Zigzagoon,-47,-76,-44,-41,-54,-40,16118
331,Zigzagoon (Galarian Zigzagoon),-47,-76,-44,-41,-54,-40,16118
332,Linoone,-7,-36,-24,-21,-34,0,3518
333,Linoone (Galarian Linoone),-7,-36,-24,-21,-34,0,3518
334,Wurmple,-40,-61,-50,-51,-65,-80,21047
335,Silcoon,-35,-71,-30,-46,-70,-85,21407
336,Beautifly,-25,-36,-35,29,-45,-35,7237
337,Cascoon,-35,-71,-30,-46,-70,-85,21407
338,Dustox,-25,-56,-15,-21,-5,-35,5677
339,Lotad,-45,-76,-55,-31,-45,-70,18712
340,Lombre,-25,-56,-35,-11,-25,-50,8232
341,Ludicolo,-5,-36,-15,19,5,-30,2832
342,Seedot,-45,-66,-35,-41,-65,-70,18412
343,Nuzleaf,-15,-36,-45,-11,-55,-40,8292
344,Shiftry,5,-6,-25,19,-35,-20,2672
345,Taillow,-45,-51,-55,-41,-65,-15,13782
346,Swellow,-25,-21,-25,4,-45,25,4357
347,Wingull,-45,-76,-55,-16,-65,-15,15532
348,Pelipper,-25,-56,15,24,-25,-35,6412
349,Ralts,-57,-81,-60,-26,-60,-60,21286
350,Kirlia,-47,-71,-50,-6,-40,-50,13886
351,Gardevoir,-17,-41,-20,54,20,-20,6086
352,Gardevoir (Mega Gardevoir),-17,-21,-20,94,40,0,11566
353,Surskit,-45,-76,-53,-21,-43,-35,14125
354,Masquerain,-15,-46,-23,29,-13,-20,4280
355,Shroomish,-25,-66,-25,-31,-35,-65,12017
356,Breloom,-25,24,-5,-11,-35,-30,3472
357,Slakoth,-25,-46,-25,-36,-60,-70,13162
358,Vigoroth,-5,-26,-5,-16,-40,-10,2682
359,Slaking,65,54,15,24,-30,0,8842
360,Nincada,-54,-61,5,-41,-65,-60,16168
361,Ninjask,-24,-16,-40,-21,-45,60,8498
362,Shedinja,-84,-16,-40,-41,-65,-60,18418
363,Whismur,-21,-55,-62,-20,-72,-72,18078
364,Loudred,-1,-35,-42,0,-52,-52,8398
365,Exploud,19,-15,-22,20,-22,-32,2978
366,Makuhita,-13,-46,-55,-51,-65,-75,17761
367,Hariyama,59,14,-25,-31,-35,-50,8988
368,Azurill,-35,-86,-45,-51,-55,-80,22672
369,Nosepass,-55,-61,50,-26,-5,-70,14847
370,Skitty,-35,-61,-40,-36,-60,-50,13942
371,Delcatty,-15,-41,-20,-16,-40,-10,4262
372,Sableye,-35,-31,-10,-6,-30,-50,5722
373,Sableye (Mega Sableye),-35,-21,40,14,20,-80,10262
374,Mawile,-35,-21,0,-16,-40,-50,6022
375,Mawile (Mega Mawile),-35,-1,40,-16,0,-50,5582
376,Aron,-35,-36,15,-31,-55,-70,11632
377,Lairon,-25,-16,55,-21,-45,-60,9972
378,Aggron,-15,4,95,-11,-35,-50,13112
379,Aggron (Mega Aggron),-15,34,145,-11,-15,-50,25252
380,Meditite,-55,-66,-30,-31,-40,-40,12442
381,Medicham,-25,-46,-10,-11,-20,-20,3762
382,Medicham (Mega Medicham),-25,-6,0,9,-10,0,842
383,Electrike,-45,-61,-45,-6,-55,-35,12057
384,Manectric,-15,-31,-25,34,-35,5,4217
385,Manectric (Mega Manectric),-15,-31,-5,64,-15,35,6757
386,Plusle,-25,-56,-45,14,-20,-5,6407
387,Minun,-25,-66,-35,4,-10,-5,6347
388,Volbeat,-20,-33,-10,-24,-10,-15,2490
389,Illumise,-20,-59,-10,2,-10,-15,4310
390,Roselia,-35,-46,-40,29,-15,-35,7232
391,Gulpin,-15,-63,-32,-28,-42,-60,11366
392,Swalot,15,-33,-2,2,-12,-45,3491
393,Carvanha,-40,-16,-65,-6,-75,-35,12967
394,Sharpedo,-15,14,-45,24,-55,-5,6072
395,Sharpedo (Mega Sharpedo),-15,34,-15,39,-30,5,4052
396,Wailmer,45,-36,-50,-1,-60,-40,11022
397,Wailord,85,-16,-40,19,-50,-40,13542
398,Numel,-25,-46,-45,-6,-50,-65,11527
399,Camerupt,-15,-6,-15,34,-20,-60,5642
400,Camerupt (Mega Camerupt),-15,14,15,74,10,-80,12622
401,Torkoal,-15,-21,55,14,-25,-80,10912
402,Spoink,-25,-81,-50,-1,-15,-40,11512
403,Grumpig,-5,-61,-20,19,15,-20,5132
404,Spinda,-25,-46,-25,-11,-35,-40,6312
405,Trapinch,-40,-6,-40,-26,-50,-90,14512
406,Vibrava,-35,-36,-35,-21,-45,-30,7112
407,Flygon,-5,-6,-5,9,-15,0,392
408,Cacnea,-35,-21,-45,14,-55,-65,11137
409,Cacturne,-15,9,-25,44,-35,-45,6117
410,Swablu,-40,-66,-25,-31,-20,-50,10442
411,Altaria,-10,-36,5,-1,10,-20,1922
412,Altaria (Mega Altaria),-10,4,25,39,10,-20,2762
413,Zangoose,-12,9,-25,-11,-35,-10,2296
414,Seviper,-12,-6,-25,29,-35,-35,4096
415,Lunatone,5,-51,-20,24,-10,-30,4602
416,Solrock,5,-11,0,-16,-30,-30,2202
417,Barboach,-35,-58,-42,-25,-54,-40,11494
418,Whiscash,25,-28,-12,5,-24,-40,3754
419,Corphish,-42,-26,-20,-21,-60,-65,11106
420,Crawdaunt,-22,14,0,19,-40,-45,4666
421,Baltoy,-45,-66,-30,-31,-25,-45,10892
422,Claydol,-25,-36,20,-1,25,-25,3572
423,Lileep,-19,-65,-8,-10,-8,-77,10743
424,Cradily,1,-25,12,10,12,-57,4263
425,Anorith,-40,-11,-35,-31,-45,-25,6557
426,Armaldo,-10,19,15,-1,-15,-55,3937
427,Feebas,-65,-91,-65,-61,-40,-20,22452
428,Milotic,10,-46,-6,29,30,-19,4354
429,Castform,-15,-36,-15,-1,-25,-30,3272
430,Kecleon,-25,-16,-15,-11,25,-60,5452
431,Shuppet,-41,-31,-50,-8,-62,-55,12075
432,Banette,-21,9,-20,12,-32,-35,3315
433,Banette (Mega Banette),-21,59,-10,22,-12,-25,5275
434,Duskull,-65,-66,5,-41,-5,-75,15937
435,Dusclops,-45,-36,45,-11,35,-75,12317
436,Tropius,14,-38,-2,1,-8,-49,4110
437,Chimecho,-10,-56,-5,24,-5,-35,5087
438,Absol,-20,24,-25,4,-35,-25,3467
439,Absol (Mega Absol),-20,44,-25,44,-35,15,6347
440,Wynaut,10,-83,-37,-48,-47,-77,18800
441,Snorunt,-35,-56,-35,-21,-45,-50,10552
442,Glalie,-5,-26,-5,9,-15,-20,1432
443,Glalie (Mega Glalie),-5,14,-5,49,-15,0,2872
444,Spheal,-15,-66,-35,-16,-45,-75,13712
445,Sealeo,5,-46,-15,4,-25,-55,6032
446,Walrein,25,-26,5,24,-5,-35,3152
447,Clamperl,-50,-42,0,3,-40,-68,10497
448,Huntail,-30,-2,20,23,-20,-48,4537
449,Gorebyss,-30,-22,20,43,-20,-48,6337
450,Relicanth,15,-16,45,-26,-30,-45,6107
451,Luvdisc,-42,-76,-30,-31,-30,-3,10310
452,Bagon,-40,-31,-25,-31,-65,-50,10872
453,Shelgon,-20,-11,15,-11,-45,-50,5392
454,Salamence,10,29,-5,39,-15,0,2712
455,Salamence (Mega Salamence),10,39,45,49,-5,20,6472
456,Beldum,-45,-51,-5,-36,-35,-70,12072
457,Metang,-25,-31,15,-16,-15,-50,4792
458,Metagross,-5,29,45,24,-5,-30,4392
459,Metagross (Mega Metagross),-5,39,65,34,15,10,7252
460,Regirock,-5,-6,115,-21,5,-50,16252
461,Regice,-5,-56,15,29,105,-50,17752
462,Registeel,-5,-31,65,4,55,-50,10752
463,Latias,-5,-26,5,39,35,10,3572
464,Latias (Mega Latias),-5,-6,35,69,55,10,9172
465,Latios,-5,-16,-5,59,15,10,4112
466,Latios (Mega Latios),-5,24,15,89,25,10,9472
467,Kyogre,15,-6,5,79,45,-10,8652
468,Kyogre (Primal Kyogre),15,44,5,109,65,-10,18392
469,Groudon,15,44,55,29,-5,-10,6152
470,Groudon (Primal Groudon),15,74,75,79,-5,-10,17692
471,Rayquaza,20,44,5,79,-5,-5,8652
472,Rayquaza (Mega Rayquaza),20,74,15,109,5,15,18232
473,Jirachi,15,-6,15,29,5,0,1352
474,Deoxys (Normal Forme),-35,44,-35,79,-45,50,15152
475,Deoxys (Attack Forme),-35,74,-65,109,-75,50,30932
476,Deoxys (Defense Forme),-35,-36,75,-1,65,-10,12472
477,Deoxys (Speed Forme),-35,-11,5,24,-5,80,8372
478,Turtwig,-30,-38,-21,-26,-40,-69,9822
479,Grotle,-10,-17,0,-16,-30,-64,5641
480,Torterra,10,3,20,4,-10,-44,2561
481,Chimchar,-41,-48,-41,-13,-51,-39,9957
482,Monferno,-21,-28,-33,7,-43,-19,4573
483,Infernape,-9,-2,-14,33,-24,8,2010
484,Piplup,-32,-55,-32,-10,-39,-60,10294
485,Prinplup,-21,-40,-17,10,-19,-50,5291
486,Empoleon,-1,-20,3,40,6,-40,3646
487,Starly,-45,-51,-55,-41,-65,-40,15157
488,Staravia,-30,-31,-35,-31,-55,-20,7472
489,Staraptor,0,14,-15,-21,-35,0,2087
490,Bidoof,-26,-61,-45,-36,-55,-69,15504
491,Bibarel,-6,-21,-25,-16,-35,-29,3424
492,Kricketot,-48,-81,-44,-46,-54,-75,21458
493,Kricketune,-8,-21,-34,-16,-44,-35,5078
494,Shinx,-40,-41,-51,-31,-61,-55,13589
495,Luxio,-25,-21,-36,-11,-46,-40,6199
496,Luxray,-5,14,-6,24,-16,-30,1989
497,Budew,-45,-76,-50,-21,-25,-45,13392
498,Roserade,-25,-36,-20,54,10,-10,5437
499,Cranidos,-18,19,-45,-41,-65,-42,10380
500,Rampardos,12,59,-25,-6,-45,-42,8075
501,Shieldon,-55,-64,33,-29,-7,-70,14000
502,Bastiodon,-25,-54,83,-24,43,-70,17755
503,Burmy,-45,-77,-40,-42,-50,-64,17914
504,Wormadam (Plant Cloak),-25,-47,0,8,10,-64,7094
505,Wormadam (Sandy Cloak),-25,-27,20,-12,-10,-64,6094
506,Wormadam (Trash Cloak),-25,-37,10,-2,0,-64,6194
507,Mothim,-15,-12,-35,23,-45,-34,5304
508,Combee,-55,-76,-43,-41,-53,-30,16040
509,Vespiquen,-15,-26,17,9,7,-60,4920
510,Pachirisu,-25,-61,-15,-26,-5,-5,5297
511,Buizel,-30,-41,-50,-11,-65,-15,9652
512,Floatzel,0,-1,-30,14,-45,15,3347
513,Cherubi,-40,-71,-40,-9,-42,-65,14311
514,Cherrim,-15,-46,-15,16,-17,-15,3336
515,Shellos,-9,-58,-37,-14,-33,-66,10455
516,Gastrodon,26,-23,-17,21,-13,-61,5825
517,Ambipom,-10,-6,-19,-11,-29,15,1684
518,Drifloon,5,-56,-51,-11,-51,-30,9384
519,Drifblim,65,-26,-41,19,-41,-20,9024
520,Buneary,-30,-40,-41,-27,-39,-15,6656
521,Lopunny,-20,-30,-1,-17,1,5,1616
522,Lopunny (Mega Lopunny),-20,30,9,-17,1,35,2896
523,Mismagius,-25,-46,-25,34,10,5,4647
524,Honchkrow,15,19,-33,34,-43,-29,5521
525,Glameow,-36,-51,-43,-29,-58,-15,10176
526,Purugly,-14,-24,-21,-7,-36,12,2702
527,Chingling,-40,-76,-35,-6,-45,-55,13687
528,Stunky,-22,-43,-38,-30,-54,-26,8269
529,Skuntank,18,-13,-18,0,-34,-16,2229
530,Bronzor,-28,-82,1,-47,-9,-77,15728
531,Bronzong,-18,-17,31,8,21,-67,6568
532,Bonsly,-35,-26,10,-61,-50,-90,16322
533,Mime Jr.,-65,-81,-40,-1,-5,-40,14012
534,Happiny,15,-101,-80,-56,-30,-70,25762
535,Chatot,-9,-41,-40,21,-53,-9,6693
536,Spiritomb,-35,-14,23,21,13,-65,6785
537,Gible,-27,-36,-40,-31,-50,-58,10450
538,Gabite,-17,-16,-20,-21,-40,-18,3310
539,Garchomp,23,24,10,9,-10,2,1390
540,Garchomp (Mega Garchomp),23,64,30,49,0,-8,7990
541,Munchlax,50,-21,-45,-31,-10,-95,15052
542,Riolu,-45,-36,-45,-36,-55,-40,11267
543,Lucario,-15,4,-15,44,-25,-10,3127
544,Lucario (Mega Lucario),-15,39,3,69,-25,12,7285
545,Hippopotas,-17,-34,-7,-33,-53,-68,10016
546,Hippowdon,23,6,33,-3,-23,-53,5001
547,Skorupi,-45,-56,5,-41,-40,-35,9692
548,Drapion,-15,-16,25,-11,-20,-5,1652
549,Croagunk,-37,-45,-45,-10,-55,-50,11044
550,Toxicroak,-2,0,-20,15,-30,-15,1754
551,Carnivine,-11,-6,-13,19,-23,-54,4132
552,Finneon,-36,-57,-29,-22,-34,-34,8182
553,Lumineon,-16,-37,-9,-2,-9,-9,1872
554,Mantyke,-40,-86,-35,-11,25,-50,13467
555,Snover,-25,-44,-35,-9,-35,-60,8692
556,Abomasnow,5,-14,-10,21,-10,-40,2462
557,Abomasnow (Mega Abomasnow),5,26,20,61,10,-70,9822
558,Weavile,-15,14,-20,-26,-10,25,2222
559,Magnezone,-15,-36,30,59,-5,-40,7527
560,Lickilicky,25,-21,10,9,0,-50,3747
561,Rhyperior,30,34,45,-16,-40,-60,9537
562,Tangrowth,15,-6,40,39,-45,-50,7907
563,Electivire,-10,17,-18,24,-10,-5,1414
564,Magmortar,-10,-11,-18,54,0,-17,3750
565,Togekiss,0,-56,10,49,20,-20,6437
566,Yanmega,1,-30,1,45,-39,-5,4473
567,Leafeon,-20,4,45,-11,-30,-5,3487
568,Glaceon,-20,-46,25,59,0,-35,7847
569,Gliscor,-10,-11,40,-26,-20,-5,2922
570,Mamoswine,25,24,-5,-1,-35,-20,2852
571,Porygon-Z,0,-26,-15,64,-20,-10,5497
572,Gallade,-17,19,-20,-6,20,-20,1886
573,Gallade (Mega Gallade),-17,59,10,-6,20,10,4406
574,Probopass,-25,-51,60,4,55,-60,13467
575,Dusknoir,-40,-6,50,-6,40,-55,8797
576,Froslass,-15,-26,-15,9,-25,10,1932
577,Rotom,-35,-56,-8,24,-18,-9,5406
578,Rotom (Heat Rotom),-35,-41,22,34,12,-14,4886
579,Rotom (Wash Rotom),-35,-41,22,34,12,-14,4886
580,Rotom (Frost Rotom),-35,-41,22,34,12,-14,4886
581,Rotom (Fan Rotom),-35,-41,22,34,12,-14,4886
582,Rotom (Mow Rotom),-35,-41,22,34,12,-14,4886
583,Uxie,-10,-31,45,4,35,-5,4352
584,Mesprit,-5,-1,20,34,10,-20,2082
585,Azelf,-10,19,-15,54,-25,15,4452
586,Dialga,15,14,35,79,5,-10,8012
587,Dialga (Origin Forme),15,-6,35,79,25,-10,8452
588,Palkia,5,14,15,79,25,0,7312
589,Palkia (Origin Forme),5,-6,15,79,25,20,7552
590,Heatran,6,-16,21,59,11,-23,4864
591,Regigigas,25,54,25,9,15,0,4472
592,Giratina (Altered Forme),65,-6,35,29,25,-10,7052
593,Giratina (Origin Forme),65,14,15,49,5,-10,7172
594,Cresselia,35,-36,35,4,35,-15,5212
595,Phione,-5,-26,-5,9,-15,-20,1432
596,Manaphy,15,-6,15,29,5,0,1352
597,Darkrai,-15,-16,5,64,-5,25,5252
598,Shaymin (Land Forme),15,-6,15,29,5,0,1352
599,Shaymin (Sky Forme),15,-3,-10,49,-20,27,3864
600,Arceus,35,14,35,49,25,20,6072
601,Victini,15,-6,15,29,5,0,1352
602,Snivy,-40,-61,-30,-26,-40,-37,9866
603,Servine,-25,-46,-10,-11,-20,-17,3651
604,Serperior,-10,-31,10,4,0,13,1346
605,Tepig,-20,-43,-40,-26,-50,-55,10050
606,Pignite,5,-13,-30,-1,-40,-45,4720
607,Emboar,25,17,-20,29,-30,-35,4280
608,Oshawott,-30,-51,-40,-8,-50,-55,10690
609,Dewott,-10,-31,-25,12,-35,-40,4655
610,Samurott,10,-6,0,37,-25,-30,3030
611,Samurott (Hisuian Samurott),5,2,-5,29,-30,-15,2020
612,Patrat,-40,-51,-46,-36,-56,-58,14113
613,Watchog,-25,-21,-16,-11,-26,-23,2648
614,Lillipup,-40,-46,-40,-46,-50,-45,11957
615,Herdier,-20,-26,-20,-36,-30,-40,5272
616,Stoutland,0,4,5,-26,-5,-20,1142
617,Purrloin,-44,-56,-48,-21,-58,-34,12337
618,Liepard,-21,-18,-35,17,-45,6,4340
619,Pansage,-35,-53,-37,-18,-47,-36,9232
620,Simisage,-10,-8,-22,27,-32,1,2402
621,Pansear,-35,-53,-37,-18,-47,-36,9232
622,Simisear,-10,-8,-22,27,-32,1,2402
623,Panpour,-35,-53,-37,-18,-47,-36,9232
624,Simipour,-10,-8,-22,27,-32,1,2402
625,Munna,-9,-81,-40,-4,-40,-76,15634
626,Musharna,31,-51,0,36,0,-71,9899
627,Pidove,-35,-51,-35,-35,-65,-57,13750
628,Tranquill,-23,-29,-23,-21,-53,-35,6374
629,Unfezant,-5,9,-5,-6,-40,-7,1816
630,Blitzle,-40,-46,-53,-21,-63,-24,11511
631,Zebstrika,-10,-6,-22,9,-32,16,1981
632,Roggenrola,-30,-31,0,-46,-70,-85,16102
633,Boldore,-15,-1,20,-21,-55,-80,10492
634,Gigalith,0,29,45,-11,-15,-75,8837
635,Woobat,-20,-61,-42,-16,-52,-28,9629
636,Swoobat,-18,-49,-30,6,-40,14,5457
637,Drilbur,-25,-21,-45,-41,-50,-32,8296
638,Excadrill,25,29,-25,-21,-30,-12,3576
639,Audino,18,-46,1,-11,-9,-50,5143
640,Audino (Mega Audino),18,-46,41,9,31,-50,7663
641,Timburr,-10,-26,-30,-46,-60,-65,11617
642,Gurdurr,0,-1,0,-31,-45,-60,6587
643,Conkeldurr,20,34,10,-16,-30,-55,5837
644,Tympole,-35,-56,-45,-21,-55,-36,11148
645,Palpitoad,-10,-41,-30,-6,-40,-31,5278
646,Seismitoad,20,-11,-10,14,-20,-26,1893
647,Throh,35,-6,0,-41,-10,-55,6067
648,Sawk,-10,19,-10,-41,-20,-15,2867
649,Sewaddle,-40,-53,-15,-31,-35,-58,10184
650,Swadloon,-30,-43,5,-21,-15,-58,6804
651,Leavanny,-10,-3,-5,-1,-15,-8,424
652,Venipede,-55,-61,-26,-41,-56,-43,14088
653,Whirlipede,-45,-51,14,-31,-16,-53,8848
654,Scolipede,-25,-6,4,-16,-26,12,1753
655,Cottonee,-45,-79,-25,-34,-45,-34,13228
656,Whimsicott,-25,-39,0,6,-20,16,2838
657,Petilil,-40,-71,-35,-1,-45,-70,14792
658,Lilligant,-15,-46,-10,39,-20,-10,4462
659,Lilligant (Hisuian Lilligant),-15,-1,-10,-21,-20,5,1192
660,Basculin,-15,-14,-20,9,-40,-2,2506
661,Sandile,-35,-34,-50,-36,-60,-35,11002
662,Krokorok,-25,-24,-40,-26,-50,-26,6653
663,Krookodile,10,11,-5,-6,-25,-8,971
664,Darumaka,-15,-16,-40,-56,-50,-50,10217
665,Darumaka (Galarian Darumaka),-15,-16,-40,-56,-50,-50,10217
666,Darmanitan (Standard Mode),20,34,-30,-41,-40,-5,5762
667,Darmanitan (Zen Mode),20,-76,20,69,10,-45,13462
668,Darmanitan (Galarian Standard Mode),20,34,-30,-41,-40,-5,5762
669,Darmanitan (Galarian Zen Mode),20,54,-30,-41,-40,35,8722
670,Maractus,-10,-20,-18,35,-28,-40,4433
671,Dwebble,-35,-41,0,-36,-60,-45,9827
672,Crustle,-15,-1,40,-6,-20,-55,5287
673,Scraggy,-35,-31,-15,-36,-25,-52,7036
674,Scrafty,-20,-16,30,-26,20,-42,4396
675,Sigilyph,-13,-48,-5,32,-15,-3,3756
676,Yamask,-47,-76,0,-16,-30,-70,14041
677,Yamask (Galarian Yamask),-47,-51,0,-41,-30,-70,12291
678,Cofagrigus,-27,-56,60,24,10,-70,13041
679,Tirtouga,-31,-28,18,-18,-50,-78,10977
680,Carracosta,-11,2,48,12,-30,-68,8097
681,Archen,-30,6,-40,3,-50,-30,5945
682,Archeops,-10,34,-20,41,-30,10,4337
683,Trubbish,-35,-56,-23,-31,-33,-35,8165
684,Garbodor,-5,-11,-3,-11,-13,-25,1070
685,Zorua,-45,-41,-45,9,-55,-35,10062
686,Zorua (Hisuian Zorua),-50,-46,-45,14,-55,-30,10762
687,Zoroark,-25,-1,-25,49,-35,5,4902
688,Zoroark (Hisuian Zoroark),-30,-6,-25,54,-35,10,5802
689,Minccino,-30,-56,-45,-31,-55,-25,10672
690,Cinccino,-10,-11,-25,-6,-35,15,2332
691,Gothita,-40,-76,-35,-16,-30,-55,12782
692,Gothorita,-25,-61,-15,4,-10,-45,6712
693,Gothitelle,-15,-51,10,24,15,-35,4952
694,Solosis,-40,-76,-45,34,-45,-80,18982
695,Duosion,-20,-66,-35,54,-35,-70,15022
696,Reuniclus,25,-41,-10,54,-10,-70,10322
697,Ducklett,-23,-62,-35,-27,-45,-45,10377
698,Swanna,-10,-19,-22,16,-32,-2,2229
699,Vanillite,-49,-56,-35,-6,-35,-56,11159
700,Vanillish,-34,-41,-20,9,-20,-41,5399
701,Vanilluxe,-14,-11,0,39,0,-21,2279
702,Deerling,-25,-46,-35,-31,-45,-25,7577
703,Sawsbuck,-5,-6,-15,-11,-25,-5,1057
704,Emolga,-30,-31,-25,4,-35,3,3736
705,Karrablast,-35,-31,-40,-31,-50,-40,8847
706,Escavalier,-15,29,20,-11,10,-80,8087
707,Foongus,-16,-51,-40,-16,-40,-85,13538
708,Amoonguss,29,-21,-15,14,-15,-70,6828
709,Frillish,-30,-66,-35,-6,-10,-60,10217
710,Jellicent,15,-46,-15,14,10,-40,4462
711,Alomomola,80,-31,-5,-31,-50,-35,12072
712,Joltik,-35,-59,-35,-14,-45,-35,9377
713,Galvantula,-15,-29,-25,26,-35,8,3656
714,Ferroseed,-41,-56,6,-47,-9,-90,15243
715,Ferrothorn,-11,-12,46,-17,21,-80,9511
716,Klink,-45,-51,-15,-26,-35,-70,11652
717,Klang,-25,-26,10,-1,-10,-50,4002
718,Klinklang,-25,-6,30,-1,-10,-10,1762
719,Tynamo,-50,-51,-45,-26,-55,-40,12427
720,Eelektrik,-20,-21,-15,4,-25,-60,5307
721,Eelektross,0,9,-5,34,-15,-50,3987
722,Elgyem,-30,-51,-30,14,-40,-70,11097
723,Beheeyem,-10,-31,-10,54,0,-60,7677
724,Litwick,-35,-76,-30,-6,-40,-80,15937
725,Lampent,-25,-66,-25,24,-35,-45,9432
726,Chandelure,-25,-51,5,74,-5,-20,9152
727,Axew,-39,-19,-25,-41,-55,-43,9062
728,Fraxure,-19,11,-15,-31,-45,-33,4782
729,Haxorus,-9,41,5,-11,-25,-3,2542
730,Cubchoo,-30,-36,-45,-11,-55,-60,10967
731,Beartic,10,24,-5,-1,-15,-50,3427
732,Cryogonal,-5,-56,-35,24,40,5,6587
733,Shelmet,-35,-66,0,-31,-30,-75,13067
734,Accelgor,-5,-36,-45,29,-35,45,7437
735,Stunfisk,24,-40,-1,10,4,-68,6917
736,Stunfisk (Galarian Stunfisk),24,-25,14,-5,-11,-68,6167
737,Mienfoo,-40,-21,-35,-16,-45,-35,6772
738,Mienshao,-20,19,-25,24,-35,5,3212
739,Druddigon,-8,14,5,-11,-5,-52,3135
740,Golett,-26,-32,-35,-36,-45,-65,10471
741,Golurk,4,18,-5,-16,-15,-45,2871
742,Pawniard,-40,-21,-15,-31,-55,-40,7852
743,Bisharp,-20,19,15,-11,-25,-30,2632
744,Bouffalant,10,4,10,-31,0,-45,3202
745,Rufflet,-15,-23,-35,-34,-45,-40,6760
746,Braviary,15,17,-10,-14,-20,-20,1610
747,Braviary (Hisuian Braviary),25,-23,-15,41,-25,-35,4910
748,Vullaby,-15,-51,-10,-26,-30,-40,6102
749,Mandibuzz,25,-41,20,-16,0,-20,3362
750,Heatmor,0,-9,-19,34,-29,-35,3664
751,Durant,-27,3,27,-23,-47,9,4286
752,Deino,-33,-41,-35,-26,-45,-62,10540
753,Zweilous,-13,-21,-15,-6,-25,-42,3260
754,Hydreigon,7,-1,5,54,-5,-2,3020
755,Larvesta,-30,-21,-30,-21,-40,-40,5882
756,Volcarona,0,-46,-20,64,10,0,6712
757,Cobalion,6,-16,44,19,-23,8,3182
758,Terrakion,6,23,5,1,-5,8,680
759,Virizion,6,-16,-13,19,34,8,2042
760,Tornadus (Incarnate Forme),-6,9,-15,54,-15,11,3604
761,Tornadus (Therian Forme),-6,-6,-5,39,-5,21,2084
762,Thundurus (Incarnate Forme),-6,9,-15,54,-15,11,3604
763,Thundurus (Therian Forme),-6,-1,-15,74,-15,1,5964
764,Reshiram,15,14,15,79,25,-10,7612
765,Zekrom,15,44,35,49,5,-10,5912
766,Landorus (Incarnate Forme),4,19,5,44,-15,1,2564
767,Landorus (Therian Forme),4,39,5,34,-15,-9,3024
768,Kyurem,40,24,5,59,-5,-5,5732
769,Kyurem (Black Kyurem),40,64,15,49,-5,-5,8372
770,Kyurem (White Kyurem),40,14,5,99,5,-5,11672
771,Keldeo,6,-34,5,58,-5,8,4670
772,Meloetta (Aria Forme),15,-29,-8,57,33,-10,5568
773,Meloetta (Pirouette Forme),15,22,5,6,-18,28,1878
774,Genesect,-14,14,10,49,0,-1,2894
775,Chespin,-29,-45,-20,-23,-50,-62,10139
776,Quilladin,-24,-28,10,-15,-37,-43,4903
777,Chesnaught,3,1,37,3,-20,-36,3084
778,Fennekin,-45,-61,-45,-9,-35,-40,10677
779,Braixen,-26,-47,-27,19,-25,-27,5329
780,Delphox,-10,-37,-13,43,5,4,3528
781,Froakie,-44,-50,-45,-9,-51,-29,9984
782,Frogadier,-31,-43,-33,12,-39,-3,5573
783,Greninja,-13,-11,-18,32,-24,22,2698
784,Greninja (Ash-Greninja),-13,39,-18,82,-24,32,10338
785,Bunnelby,-47,-70,-47,-39,-59,-43,16169
786,Diggersby,0,-50,-8,-21,-18,-22,3813
787,Fletchling,-40,-56,-42,-31,-57,-38,12154
788,Fletchinder,-23,-33,-30,-15,-43,-16,4848
789,Talonflame,-7,-25,-14,3,-26,26,2231
790,Scatterbug,-47,-71,-45,-44,-70,-65,20336
791,Spewpa,-40,-84,-25,-44,-65,-71,20483
792,Vivillon,-5,-54,-35,19,-45,-11,6673
793,Litleo,-23,-56,-27,2,-41,-28,6863
794,Pyroar,1,-38,-13,38,-29,6,3935
795,Flabébé,-41,-68,-46,-10,-16,-58,12141
796,Floette,-31,-61,-38,4,3,-48,8455
797,Florges,-7,-41,-17,41,59,-25,7806
798,Skiddo,-19,-41,-37,-9,-38,-48,7240
799,Gogoat,38,-6,-23,26,-14,-32,3905
800,Pancham,-18,-24,-23,-25,-47,-57,7512
801,Pangoro,10,18,-7,-2,-24,-42,2817
802,Furfrou,-10,-26,-25,-6,-5,2,1466
803,Espurr,-23,-58,-31,-8,-35,-32,7167
804,Meowstic,-11,-58,-9,12,-14,4,3922
805,Honedge,-40,-26,15,-36,-58,-72,12345
806,Doublade,-26,4,65,-26,-46,-65,11934
807,Aegislash (Shield Forme),-25,-56,55,-21,45,-40,10852
808,Aegislash (Blade Forme),-25,34,-35,69,-45,-40,11392
809,Spritzee,-7,-54,-25,-8,-30,-77,10483
810,Aromatisse,16,-34,-13,28,-6,-71,7442
811,Swirlix,-23,-58,-19,-12,-38,-51,8443
812,Slurpuff,-3,-26,1,14,-20,-28,2066
813,Inkay,-32,-52,-32,-34,-49,-55,11334
814,Malamar,1,-14,3,-3,-20,-27,1344
815,Binacle,-43,-54,-18,-32,-39,-50,10134
816,Barbaracle,-13,-1,30,-17,-9,-32,2464
817,Skrelp,-35,-46,-25,-11,-35,-70,10212
818,Dragalge,-20,-31,5,26,28,-56,5982
819,Clauncher,-35,-53,-23,-13,-32,-56,8892
820,Clawitzer,-14,-33,3,49,-6,-41,5412
821,Helioptile,-41,-68,-52,-10,-52,-30,12713
822,Heliolisk,-23,-51,-33,38,-1,9,5745
823,Tyrunt,-27,-17,-8,-26,-50,-52,6962
824,Tyrantrum,-3,15,34,-2,-36,-29,3531
825,Amaura,-8,-47,-35,-4,-32,-54,7454
826,Aurorus,38,-29,-13,28,-3,-42,5011
827,Sylveon,10,-41,-20,39,35,-40,6527
828,Hawlucha,-7,-14,-10,3,-32,18,1702
829,Dedenne,-18,-48,-28,10,-28,1,4297
830,Carbink,-35,-56,65,-21,55,-50,14552
831,Goomy,-40,-56,-50,-16,-20,-60,11492
832,Sliggoo,-17,-31,-32,12,18,-40,4342
833,Sliggoo (Hisuian Sliggoo),-27,-31,-2,12,18,-60,5762
834,Goodra,5,-6,-15,39,55,-20,5232
835,Goodra (Hisuian Goodra),-5,-6,15,39,55,-40,6432
836,Klefki,-28,-26,6,9,-8,-25,2266
837,Phantump,-42,-36,-37,-21,-35,-62,9939
838,Trevenant,0,4,-9,-6,-13,-44,2238
839,Pumpkaboo (Small Size),-41,-40,-15,-27,-40,-44,7771
840,Pumpkaboo (Average Size),-36,-40,-15,-27,-40,-49,7851
841,Pumpkaboo (Large Size),-31,-40,-15,-27,-40,-54,8031
842,Pumpkaboo (Super Size),-26,-40,-15,-27,-40,-59,8311
843,Gourgeist (Small Size),-30,-21,37,-13,-20,-1,3280
844,Gourgeist (Average Size),-20,-16,37,-13,-20,-16,2850
845,Gourgeist (Large Size),-10,-11,37,-13,-20,-31,3120
846,Gourgeist (Super Size),0,-6,37,-13,-20,-46,4090
847,Bergmite,-30,-37,0,-39,-60,-72,12574
848,Avalugg,10,11,99,-27,-49,-72,18336
849,Avalugg (Hisuian Avalugg),10,21,99,-37,-59,-62,19036
850,Noibat,-45,-76,-50,-26,-55,-45,16027
851,Noivern,0,-36,-5,26,-15,23,2751
852,Xerneas,41,25,10,60,3,-1,6016
853,Yveltal,41,25,10,60,3,-1,6016
854,Zygarde (50% Forme),23,-6,36,10,0,-5,1986
855,Zygarde (10% Forme),-31,-6,-14,-10,-10,15,1618
856,Zygarde (Complete Forme),131,-6,36,20,0,-15,19118
857,Diancie,-35,-6,65,29,55,-50,11852
858,Diancie (Mega Diancie),-35,54,25,89,15,10,13012
859,Hoopa (Hoopa Confined),-5,4,-25,79,35,-30,9032
860,Hoopa (Hoopa Unbound),-5,54,-25,99,35,-20,14992
861,Volcanion,-5,4,35,59,-5,-30,5672
862,Rowlet,-17,-51,-30,-21,-45,-58,9620
863,Dartrix,-7,-31,-10,-1,-25,-48,4040
864,Decidueye,-7,1,-10,29,5,-30,1916
865,Decidueye (Hisuian Decidueye),3,6,-5,24,0,-40,2246
866,Litten,-40,-41,-45,-11,-55,-30,9352
867,Torracat,-20,-21,-35,9,-45,-10,4272
868,Incineroar,10,9,5,9,-5,-40,1912
869,Popplio,-35,-52,-31,-5,-39,-60,10036
870,Brionne,-25,-37,-16,20,-14,-50,5346
871,Primarina,-5,-32,-11,55,21,-40,6236
872,Pikipek,-50,-31,-55,-41,-65,-35,13617
873,Trumbeak,-30,-21,-35,-31,-45,-25,6177
874,Toucannon,-5,14,-10,4,-20,-40,2337
875,Yungoos,-37,-36,-55,-41,-65,-55,14621
876,Gumshoos,3,4,-25,-16,-35,-55,5156
877,Grubbin,-38,-44,-40,-16,-50,-54,10652
878,Charjabug,-28,-24,10,-16,-20,-64,6212
879,Vikavolt,-8,-36,5,74,-20,-57,10510
880,Crabrawler,-38,-24,-28,-29,-48,-37,7318
881,Crabominable,12,26,-8,-9,-28,-57,4998
882,Oricorio,-10,-36,-15,27,-25,-7,3024
883,Cutiefly,-45,-61,-45,-16,-55,-16,11308
884,Ribombee,-25,-51,-25,24,-25,24,5628
885,Rockruff,-40,-41,-45,-41,-55,-40,11612
886,Lycanroc (Midday Form),-10,9,-20,-16,-30,12,1881
887,Lycanroc (Midnight Form),0,9,-10,-16,-20,-18,1161
888,Lycanroc (Dusk Form),-10,11,-20,-16,-30,10,1877
889,Wishiwashi (Solo Form),-40,-86,-65,-46,-70,-60,23837
890,Wishiwashi (School Form),-40,34,45,69,40,-70,16042
891,Mareanie,-35,-53,-23,-28,-43,-55,10221
892,Toxapex,-35,-43,67,-18,47,-65,14321
893,Mudbray,-15,-6,-15,-26,-40,-55,5787
894,Mudsdale,15,19,15,-16,-10,-65,5392
895,Dewpider,-47,-66,-33,-31,-23,-73,14473
896,Araquanid,-17,-36,7,-21,37,-58,6808
897,Fomantis,-45,-51,-50,-21,-60,-65,15392
898,Lurantis,-15,-1,5,9,-5,-55,3382
899,Morelull,-45,-71,-30,-6,-20,-85,15627
900,Shiinotic,-25,-61,-5,19,5,-70,9657
901,Salandit,-37,-62,-45,0,-55,-23,10792
902,Salazzle,-17,-42,-25,40,-35,17,5792
903,Stufful,-15,-31,-35,-26,-45,-50,7612
904,Bewear,35,19,-5,-16,-35,-40,4692
905,Bounsweet,-43,-76,-47,-41,-57,-68,19388
906,Steenee,-33,-66,-37,-31,-47,-38,11428
907,Tsareena,-13,14,13,-21,3,-28,1768
908,Comfey,-34,-54,5,11,15,0,4443
909,Oranguru,5,-46,-5,19,15,-40,4352
910,Passimian,15,14,5,-31,-35,-20,3032
911,Wimpod,-60,-71,-45,-51,-65,-20,17892
912,Golisopod,-10,19,55,-11,-5,-60,7232
913,Sandygast,-30,-51,-5,-1,-50,-85,13252
914,Palossand,0,-31,25,29,-20,-65,7052
915,Pyukumuku,-30,-46,45,-41,35,-95,16972
916,Type: Null,10,-11,10,24,0,-41,2578
917,Silvally,10,-11,10,24,0,-5,922
918,Minior (Meteor Form),-25,-46,15,-11,5,-40,4712
919,Minior (Core),-25,-6,-25,29,-35,20,3752
920,Komala,-20,9,-20,4,0,-35,2122
921,Turtonator,-25,-28,50,20,-10,-64,8505
922,Togedemaru,-20,-8,-22,-31,-22,-4,2409
923,Mimikyu,-30,-16,-5,-21,10,-4,1738
924,Bruxish,-17,-1,-15,-1,-25,-8,1205
925,Drampa,-7,-46,0,64,-4,-64,10373
926,Dhelmise,-15,25,15,15,-5,-60,4925
927,Jangmo-o,-40,-51,-20,-26,-50,-55,10802
928,Hakamo-o,-30,-31,5,-6,-25,-35,3772
929,Kommo-o,-10,4,40,29,10,-15,2882
930,Tapu Koko,-15,9,0,24,-20,30,2182
931,Tapu Lele,-15,-21,-10,59,20,-5,4672
932,Tapu Bulu,-15,24,30,14,0,-25,2522
933,Tapu Fini,-15,-31,30,24,35,-15,4112
934,Cosmog,-42,-77,-54,-42,-64,-63,20438
935,Cosmoem,-42,-77,46,-42,36,-63,16838
936,Solgaleo,52,31,22,42,-6,-3,5958
937,Lunala,52,7,4,66,12,-3,7278
938,Nihilego,24,-53,-38,56,36,3,9270
939,Buzzwole,22,33,54,-18,-42,-21,7018
940,Pheromosa,-14,31,-48,66,-58,51,13782
941,Xurkitree,-2,-17,-14,102,-24,-17,11758
942,Celesteela,12,-5,18,36,6,-39,3346
943,Kartana,-26,75,46,-12,-64,9,12738
944,Guzzlord,138,-5,-32,26,-42,-57,25782
945,Necrozma,12,1,16,56,-6,-21,4014
946,Necrozma (Dusk Mane Necrozma),12,51,42,42,14,-23,6998
947,Necrozma (Dawn Wings Necrozma),12,7,24,86,32,-23,9718
948,Necrozma (Ultra Necrozma),12,61,12,96,2,29,14070
949,Magearna,-5,-11,30,59,20,-35,6152
950,Marshadow,5,19,-5,19,-5,25,1422
951,Poipole,-18,-33,-18,2,-28,-27,3254
952,Naganadel,-12,-33,-12,56,-22,21,5438
953,Stakataka,-24,25,126,-18,6,-87,25006
954,Blacephalon,-32,21,-32,80,-16,7,9194
955,Zeraora,3,6,-10,31,-15,43,3180
956,Meltan,-39,-41,-20,-16,-60,-66,11814
957,Melmetal,50,37,58,9,-30,-66,12570
958,Grookey,-35,-41,-35,-31,-55,-35,9342
959,Thwackey,-15,-21,-15,-16,-35,-20,2772
960,Rillaboom,15,19,5,-11,-25,-15,1582
961,Scorbunny,-35,-35,-45,-31,-55,-31,9422
962,Raboot,-20,-20,-25,-16,-35,-6,2942
963,Cinderace,-5,10,-10,-6,-20,19,1022
964,Sobble,-35,-66,-45,-1,-55,-30,11532
965,Drizzile,-20,-46,-30,24,-40,-10,5692
966,Inteleon,-15,-21,-20,54,-30,20,5282
967,Skwovet,-15,-51,-30,-36,-60,-75,14247
968,Greedent,35,-11,10,-16,-20,-80,8502
969,Rookidee,-47,-59,-50,-38,-60,-43,15083
970,Corvisquire,-17,-39,-30,-28,-40,-23,5623
971,Corviknight,13,-19,20,-18,-10,-33,2443
972,Blipbug,-60,-86,-65,-46,-50,-55,22862
973,Dottler,-35,-71,-5,-21,-5,-70,11657
974,Orbeetle,-25,-61,25,9,25,-10,5777
975,Nickit,-45,-78,-57,-24,-43,-50,16283
976,Thievul,-15,-48,-27,16,-3,-10,3623
977,Gossifleur,-45,-66,-25,-31,-35,-90,17292
978,Eldegoss,-25,-56,5,9,25,-40,6092
979,Wooloo,-43,-66,-30,-31,-50,-52,13270
980,Dubwool,-13,-26,15,-11,-5,-12,1360
981,Chewtle,-35,-42,-35,-33,-57,-56,11688
982,Drednaw,5,9,5,-23,-27,-26,2065
983,Yamper,-26,-61,-35,-31,-45,-74,14084
984,Boltund,-16,-16,-25,19,-35,21,3164
985,Rolycoly,-55,-66,-35,-31,-45,-70,16492
986,Carkol,-5,-46,5,-11,-25,-50,5412
987,Coalossal,25,-26,35,9,-5,-70,7532
988,Applin,-45,-66,-5,-31,-55,-80,16792
989,Flapple,-15,4,-5,24,-35,-30,2967
990,Appletun,25,-21,-5,29,-15,-70,7057
991,Silicobra,-33,-49,-10,-36,-45,-54,9827
992,Sandaconda,-13,1,40,-6,-25,-29,3272
993,Cramorant,-15,-21,-30,14,0,-15,1987
994,Arrokuda,-44,-43,-45,-31,-65,-34,12152
995,Barraskewda,-24,17,-25,-11,-45,36,4932
996,Toxel,-45,-68,-50,-17,-60,-60,16638
997,Toxtricity,-10,-8,-15,43,-25,-25,3488
998,Sizzlipede,-35,-41,-40,-21,-45,-55,9997
999,Centiskorch,15,9,-20,19,-5,-35,2317
1000,Clobbopus,-35,-38,-25,-21,-45,-68,10384
1001,Grapploct,-5,12,5,-1,-15,-58,3784
1002,Sinistea,-45,-61,-40,3,-41,-50,11536
1003,Polteageist,-25,-41,-20,63,19,-30,7936
1004,Hatenna,-43,-76,-40,-15,-42,-61,14935
1005,Hattrem,-28,-66,-20,15,-22,-51,8850
1006,Hatterene,-28,-16,10,65,8,-71,10470
1007,Impidimp,-40,-61,-55,-16,-55,-50,14127
1008,Morgrem,-20,-46,-40,4,-40,-30,6632
1009,Grimmsnarl,10,14,-20,24,-20,-40,3272
1010,Obstagoon,8,-16,16,-11,-14,-5,918
1011,Perrserker,-15,4,15,-21,-35,-50,4632
1012,Cursola,-25,-11,-35,74,35,-70,13572
1013,Sirfetch'd,-23,29,10,-3,-13,-35,2873
1014,Mr. Rime,-5,-21,-10,39,5,-30,3012
1015,Runerigus,-27,-11,60,-21,10,-70,9891
1016,Milcery,-40,-66,-45,-21,-34,-66,13934
1017,Alcremie,-20,-46,-10,39,26,-36,6109
1018,Falinks,-20,-6,15,-1,-35,-25,2512
1019,Pincurchin,-37,-5,10,20,-10,-85,9219
1020,Snom,-55,-81,-50,-26,-65,-80,23387
1021,Frosmoth,-15,-41,-25,54,-5,-35,6697
1022,Stonjourner,15,19,50,-51,-75,-30,12212
1023,Eiscue (Ice Face),-10,-26,25,-6,-5,-50,3962
1024,Eiscue (Noice Face),-10,-26,-15,-6,-45,30,3962
1025,Indeedee (Male),-25,-41,-30,34,0,-5,4387
1026,Indeedee (Female),-15,-51,-20,24,10,-15,4127
1027,Morpeko,-27,-11,-27,-1,-37,-3,2958
1028,Cufant,-13,-26,-36,-31,-46,-60,8818
1029,Copperajah,37,24,-16,9,-26,-70,7858
1030,Dracozolt,5,-6,5,9,-25,-25,1417
1031,Arctozolt,5,-6,5,19,-15,-45,2697
1032,Dracovish,5,-16,15,-1,-15,-25,1357
1033,Arctovish,5,-16,15,9,-5,-45,2637
1034,Duraludon,-15,-11,30,49,-45,-15,5897
1035,Dreepy,-57,-46,-55,-31,-65,-18,13900
1036,Drakloak,-17,-26,-35,-11,-45,2,4340
1037,Dragapult,3,14,-10,29,-20,42,3310
1038,Zacian (Hero of Many Battles),7,14,30,9,20,38,3070
1039,Zacian (Crowned Sword),7,44,30,9,20,48,5670
1040,Zamazenta (Hero of Many Battles),7,14,30,9,20,38,3070
1041,Zamazenta (Crowned Shield),7,14,55,9,45,28,6160
1042,Eternatus,55,-21,10,74,0,30,9942
1043,Eternatus (Eternamax Eternatus),170,9,165,54,155,30,84047
1044,Kubfu,-25,-16,-25,-18,-45,-28,4639
1045,Urshifu,15,24,15,-8,-35,-3,2324
1046,Zarude,20,14,20,-1,0,5,1022
1047,Regieleki,-5,-6,-35,29,-45,100,14152
1048,Regidrago,115,-6,-35,29,-45,-20,17752
1049,Glastrier,15,39,45,-6,15,-70,8932
1050,Spectrier,15,-41,-25,74,-15,30,9132
1051,Calyrex,15,-26,-5,9,-15,-20,1632
1052,Calyrex (Ice Rider Calyrex),15,59,65,14,35,-50,11852
1053,Calyrex (Shadow Rider Calyrex),15,-21,-5,94,5,50,12052
1054,Wyrdeer,18,-1,-13,34,-20,-35,3275
1055,Kleavor,-15,29,10,-26,-25,-15,2692
1056,Ursaluna,45,34,20,-26,-15,-50,6982
1057,Basculegion (Male),35,6,-20,9,-20,-22,2626
1058,Basculegion (Female),35,-14,-20,29,-20,-22,3546
1059,Sneasler,-5,24,-25,-31,-15,20,2812
1060,Overqwil,0,9,10,-6,-30,-15,1342
1061,Enamorus (Incarnate Forme),-11,9,-15,64,-15,6,4784
1062,Enamorus (Therian Forme),-11,9,25,64,5,-54,7864
1063,Sprigatito,-45,-45,-31,-26,-50,-35,9412
1064,Floragato,-24,-26,-22,-11,-32,-17,3170
1065,Meowscarada,-9,4,-15,10,-25,23,1576
1066,Fuecoco,-18,-61,-26,-8,-55,-64,11906
1067,Crocalor,-4,-51,-7,19,-37,-51,6997
1068,Skeledirge,19,-31,15,39,-20,-34,4624
1069,Quaxly,-30,-41,-40,-21,-50,-50,9622
1070,Quaxwell,-15,-21,-20,-6,-35,-35,3552
1071,Quaquaval,0,14,-5,14,-20,-15,1042
1072,Lechonk,-31,-61,-45,-36,-50,-65,14728
1073,Oinkologne (Male),25,-6,-10,-12,-15,-35,2355
1074,Oinkologne (Female),30,-16,-15,-12,-5,-35,2775
1075,Tarountula,-50,-65,-40,-42,-55,-80,19514
1076,Spidops,-25,-27,7,-19,-9,-65,6070
1077,Nymble,-52,-60,-45,-50,-70,-55,18754
1078,Lokix,-14,-4,-7,-19,-40,-8,2286
1079,Pawmi,-40,-56,-65,-31,-70,-40,16422
1080,Pawmo,-25,-31,-45,-21,-55,-15,7302
1081,Pawmot,-15,9,-15,-1,-35,5,1782
1082,Tandemaus,-35,-56,-40,-31,-50,-25,10047
1083,Maushold,-11,-31,-15,-6,-20,11,1864
1084,Fidough,-48,-51,-15,-41,-40,-35,9636
1085,Dachsbun,-28,-26,30,-21,-15,-5,3051
1086,Smoliv,-44,-71,-40,-13,-44,-70,15582
1087,Dolliv,-33,-53,-25,7,-17,-67,9350
1088,Arboliva,-7,-37,5,54,14,-61,8276
1089,Squawkabilly,-3,-10,-34,-26,-44,-8,3941
1090,Nacli,-30,-51,-10,-36,-60,-75,14122
1091,Naclstack,-25,-46,15,-36,-30,-65,9387
1092,Garganacl,15,-6,45,-26,-5,-65,7212
1093,Charcadet,-45,-56,-45,-21,-55,-65,14877
1094,Armarouge,0,-46,15,54,-15,-25,6107
1095,Ceruledge,-10,19,-5,-11,5,-15,857
1096,Tadbulb,-24,-75,-44,-12,-60,-55,14906
1097,Bellibolt,24,-42,6,32,-12,-55,6569
1098,Wattrel,-45,-66,-50,-16,-55,-30,13062
1099,Kilowattrel,-15,-36,-25,34,-35,25,5152
1100,Maschiff,-25,-28,-25,-31,-44,-49,7332
1101,Mabosstiff,-5,14,5,-11,-25,-15,1217
1102,Shroodle,-45,-41,-50,-31,-60,-25,11392
1103,Grafaiai,-22,-11,-20,9,-23,10,1715
1104,Bramblin,-45,-41,-55,-26,-60,-40,12607
1105,Brambleghast,-30,9,-15,9,-25,-10,2012
1106,Toedscool,-45,-66,-50,-21,5,-30,10247
1107,Toedscruel,-5,-36,-20,9,25,0,2427
1108,Klawf,-15,-6,30,-36,-40,-25,4682
1109,Capsakid,-35,-44,-45,-9,-55,-50,10792
1110,Scovillain,-20,2,-20,37,-30,-25,3698
1111,Rellor,-44,-56,-25,-40,-37,-70,13566
1112,Rabsca,-10,-56,0,44,5,-55,8222
1113,Flittle,-55,-71,-55,-16,-65,-25,16197
1114,Espathra,10,-46,-25,30,-35,5,4991
1115,Tinkatink,-35,-61,-40,-36,-31,-42,10567
1116,Tinkatuff,-20,-51,-30,-26,-13,-22,5230
1117,Tinkaton,0,-31,-8,-1,10,-6,1162
1118,Wiglett,-75,-51,-60,-36,-70,-5,18047
1119,Wugtrio,-50,-6,-35,-21,-25,20,5227
1120,Bombirdier,-15,-3,0,-11,-10,-18,779
1121,Finizen,-15,-61,-45,-26,-55,-25,10297
1122,Palafin,15,-36,-13,-18,-33,0,3103
1123,Palafin,15,54,12,35,-8,0,4574
1124,Varoom,-40,-36,-22,-41,-50,-53,10370
1125,Revavroom,-5,13,5,-17,-28,-10,1392
1126,Cyclizar,-15,-11,-20,14,-30,21,2283
1127,Orthworm,-15,-21,60,-11,-40,-35,7212
1128,Glimmet,-37,-71,-43,34,-35,-40,12240
1129,Glimmora,-2,-51,5,59,-14,-14,6503
1130,Greavard,-35,-45,-25,-41,-40,-66,11512
1131,Houndstone,-13,-5,15,-21,2,-32,1888
1132,Flamigo,-3,9,-11,4,-31,-10,1288
1133,Cetoddle,23,-38,-40,-41,-55,-57,11528
1134,Cetitan,85,7,-20,-26,-40,-27,10679
1135,Veluza,5,-4,-12,7,-30,-30,2034
1136,Dondozo,65,-6,30,-6,-30,-65,10322
1137,Tatsugiri,-17,-56,-25,49,0,-18,6775
1138,Annihilape,25,9,-5,-21,-5,-10,1297
1139,Clodsire,45,-31,-25,-26,5,-80,10712
1140,Farigiraf,35,-16,-15,39,-25,-40,5452
1141,Dudunsparce,40,-6,-5,14,-20,-45,4282
1142,Kingambit,15,29,35,-11,-10,-50,5012
1143,Great Tusk,30,25,46,-18,-42,-13,5898
1144,Scream Tail,30,-41,14,-6,20,11,3334
1145,Brute Bonnet,26,21,14,8,4,-45,3418
1146,Flutter Mane,-30,-51,-30,64,40,35,11322
1147,Slither Wing,0,29,-6,14,10,-19,1534
1148,Sandy Shocks,0,-25,12,50,-10,1,3370
1149,Iron Treads,5,6,35,1,-25,6,1948
1150,Iron Bundle,-29,-26,29,53,-35,36,7688
1151,Iron Hands,69,34,23,-21,-27,-50,10116
1152,Iron Jugulis,9,-26,1,51,-15,8,3648
1153,Iron Moth,-5,-36,-25,69,15,10,7032
1154,Iron Thorns,15,28,25,-1,-11,-28,2540
1155,Frigibax,-20,-31,-40,-36,-50,-45,8782
1156,Arctibax,5,-11,-19,-26,-30,-38,3527
1157,Baxcalibur,30,39,7,4,-9,-13,2736
1158,Gimmighoul (Chest Form),-40,-76,-15,4,-25,-90,16342
1159,Gimmighoul (Roaming Form),-40,-76,-60,4,-50,-20,13892
1160,Gholdengo,2,-46,10,62,-4,-16,6336
1161,Wo-Chien,0,-21,15,24,40,-30,3742
1162,Chien-Pao,-5,14,-5,19,-30,35,2732
1163,Ting-Lu,70,4,40,-16,-15,-55,10022
1164,Chi-Yu,-30,-26,-5,64,25,0,6322
1165,Roaring Moon,20,33,-14,-16,6,19,2338
1166,Iron Valiant,-11,24,5,49,-35,16,4604
1167,Koraidon,15,29,30,14,5,35,3412
1168,Miraidon,15,-21,15,64,20,35,6612
