Rose Roché vs. Pokemon SSE,pokemon,D_HP,D_ATK,D_DEF,D_SPA,D_SPD,D_SPE,SSE
0,Bulbasaur,-17,-55,-41,5,-20,-57,8669
1,Ivysaur,-2,-42,-27,20,-5,-42,4686
2,Venusaur,18,-22,-7,40,15,-22,3166
3,Venusaur (Mega Venusaur),18,-4,33,62,35,-22,6982
4,Charmander,-23,-52,-47,0,-35,-37,8036
5,Charmeleon,-4,-40,-32,20,-20,-22,3924
6,Charizard,16,-20,-12,49,0,-2,3205
7,Charizard (Mega Charizard X),16,26,21,70,0,-2,6277
8,Charizard (Mega Charizard Y),16,0,-12,99,30,-2,11105
9,Squirtle,-18,-56,-25,-10,-21,-59,8107
10,Wartortle,-3,-41,-10,5,-5,-44,3776
11,Blastoise,17,-21,10,25,20,-24,2431
12,Blastoise (Mega Blastoise),17,-1,30,75,30,-24,8291
13,Caterpie,-17,-74,-55,-40,-65,-57,17864
14,Metapod,-12,-84,-35,-35,-60,-72,18434
15,Butterfree,-2,-59,-40,30,-5,-32,7034
16,Weedle,-22,-69,-60,-40,-65,-52,17374
17,Kakuna,-17,-79,-40,-35,-60,-67,17444
18,Beedrill,3,-14,-50,-15,-5,-27,3684
19,Beedrill (Mega Beedrill),3,46,-50,-45,-5,43,8524
20,Pidgey,-22,-59,-50,-25,-50,-46,11706
21,Pidgeotto,1,-44,-35,-10,-35,-31,5448
22,Pidgeot,21,-24,-15,10,-15,-1,1568
23,Pidgeot (Mega Pidgeot),21,-24,-10,75,-5,19,7128
24,Rattata,-32,-48,-55,-35,-50,-30,10978
25,Rattata (Alolan Rattata),-32,-48,-55,-35,-50,-30,10978
26,Raticate,-7,-23,-30,-10,-15,-5,1828
27,Raticate (Alolan Raticate),13,-33,-20,-20,-5,-25,2708
28,Spearow,-22,-44,-60,-29,-54,-32,10801
29,Fearow,3,-14,-25,1,-24,-2,1411
30,Ekans,-27,-44,-46,-20,-31,-47,8351
31,Arbok,-2,-9,-21,5,-6,-22,1071
32,Pikachu,-27,-49,-50,-10,-35,-12,7099
33,Pikachu (Partner Pikachu),-17,-24,-40,15,-25,18,3639
34,Raichu,-2,-14,-35,30,-5,8,2414
35,Raichu (Alolan Raichu),-2,-19,-40,35,0,8,3254
36,Sandshrew,-12,-29,-5,-40,-55,-62,9479
37,Sandshrew (Alolan Sandshrew),-12,-29,0,-50,-50,-62,9829
38,Sandslash,13,-4,20,-15,-30,-37,3079
39,Sandslash (Alolan Sandslash),13,-4,30,-35,-20,-37,4079
40,Nidoran♀,-7,-57,-38,-20,-45,-61,10888
41,Nidorina,8,-42,-23,-5,-30,-46,5398
42,Nidoqueen,28,-12,-3,15,0,-26,1838
43,Nidoran♂,-16,-47,-50,-20,-45,-52,10094
44,Nidorino,-1,-32,-33,-5,-30,-37,4408
45,Nidoking,19,-2,-13,25,-10,-17,1548
46,Clefairy,8,-59,-42,0,-20,-67,10198
47,Clefable,33,-34,-17,35,5,-42,5548
48,Vulpix,-24,-63,-50,-10,-20,-37,8914
49,Vulpix (Alolan Vulpix),-24,-63,-50,-10,-20,-37,8914
50,Ninetales,11,-28,-15,21,15,-2,1800
51,Ninetales (Alolan Ninetales),11,-37,-15,21,15,7,2430
52,Jigglypuff,53,-59,-70,-15,-60,-82,21739
53,Wigglytuff,78,-34,-45,25,-35,-57,14364
54,Zubat,-22,-59,-55,-30,-45,-47,12124
55,Golbat,13,-24,-20,5,-10,-12,1414
56,Oddish,-17,-54,-35,15,-20,-72,10239
57,Gloom,-2,-39,-20,25,-10,-62,6494
58,Vileplume,13,-24,-5,50,5,-52,5999
59,Paras,-27,-34,-35,-15,-30,-77,10164
60,Parasect,-2,-9,-10,0,-5,-72,5394
61,Venonat,-2,-49,-40,-20,-30,-57,8554
62,Venomoth,8,-39,-30,30,-10,-12,3629
63,Diglett,-52,-49,-65,-25,-40,-7,11604
64,Diglett (Alolan Diglett),-52,-49,-60,-25,-40,-12,11074
65,Dugtrio,-27,-4,-40,-10,-15,18,2994
66,Dugtrio (Alolan Dugtrio),-27,-4,-30,-10,-15,8,2034
67,Meowth,-22,-59,-55,-20,-45,-12,9559
68,Meowth (Alolan Meowth),-22,-69,-55,-10,-45,-12,10539
69,Meowth (Galarian Meowth),-12,-39,-35,-20,-45,-62,9159
70,Persian,3,-34,-30,5,-20,13,2659
71,Persian (Alolan Persian),3,-44,-30,15,-20,13,3639
72,Psyduck,-12,-52,-42,5,-35,-47,8071
73,Golduck,18,-22,-12,35,-5,-17,2491
74,Mankey,-22,-24,-55,-25,-40,-32,7334
75,Primeape,3,1,-30,0,-15,-7,1184
76,Growlithe,-7,-34,-45,10,-35,-42,6319
77,Growlithe (Hisuian Growlithe),-2,-29,-45,5,-35,-47,6329
78,Arcanine,28,6,-10,40,-5,-7,2594
79,Arcanine (Hisuian Arcanine),33,11,-10,35,-5,-12,2704
80,Poliwag,-22,-54,-50,-20,-45,-12,8469
81,Poliwhirl,3,-39,-25,-10,-35,-12,3624
82,Poliwrath,28,-9,5,10,5,-32,2039
83,Abra,-37,-84,-75,45,-30,-12,17119
84,Kadabra,-22,-69,-60,60,-15,3,12679
85,Alakazam,-7,-54,-45,75,10,18,11039
86,Alakazam (Mega Alakazam),-7,-54,-25,115,20,48,19519
87,Machop,8,-24,-40,-25,-50,-67,9854
88,Machoke,18,-4,-20,-10,-25,-57,4714
89,Machamp,28,26,-10,5,0,-47,3794
90,Bellsprout,-12,-29,-55,10,-55,-62,10979
91,Weepinbell,3,-14,-40,25,-40,-47,6239
92,Victreebel,18,1,-25,40,-15,-32,3799
93,Tentacool,-22,-64,-55,-10,15,-32,8954
94,Tentacruel,18,-34,-25,20,35,-2,3734
95,Geodude,-22,-24,10,-30,-55,-82,11809
96,Geodude (Alolan Geodude),-22,-24,10,-30,-55,-82,11809
97,Graveler,-7,-9,25,-15,-40,-67,7069
98,Graveler (Alolan Graveler),-7,-9,25,-15,-40,-67,7069
99,Golem,18,16,40,-5,-20,-57,5854
100,Golem (Alolan Golem),18,16,40,-5,-20,-57,5854
101,Ponyta,-12,-19,-35,5,-20,-12,2299
102,Ponyta (Galarian Ponyta),-12,-19,-35,5,-20,-12,2299
103,Rapidash,3,-4,-20,20,-5,3,859
104,Rapidash (Galarian Rapidash),3,-4,-20,20,-5,3,859
105,Slowpoke,28,-39,-25,-20,-45,-87,12924
106,Slowpoke (Galarian Slowpoke),28,-39,-25,-20,-45,-87,12924
107,Slowbro,33,-29,20,40,-5,-72,9139
108,Slowbro (Mega Slowbro),33,-29,90,70,-5,-72,20139
109,Slowbro (Galarian Slowbro),33,-4,5,40,-15,-72,8139
110,Magnemite,-37,-69,-20,35,-30,-57,11904
111,Magneton,-12,-44,5,60,-15,-32,6954
112,Farfetch'd,-10,-14,-35,-2,-23,-42,3818
113,Farfetch'd (Galarian Farfetch'd),-10,-9,-35,-2,-23,-47,4148
114,Doduo,-27,-19,-45,-25,-50,-27,6969
115,Dodrio,-2,6,-20,0,-25,8,1129
116,Seel,3,-59,-35,-15,-15,-57,8414
117,Dewgong,28,-34,-10,10,10,-32,3264
118,Grimer,18,-24,-40,-20,-35,-77,10054
119,Grimer (Alolan Grimer),18,-24,-40,-20,-35,-77,10054
120,Muk,43,1,-15,5,15,-52,5029
121,Muk (Alolan Muk),43,1,-15,5,15,-52,5029
122,Shellder,-32,-39,10,-15,-60,-62,10314
123,Cloyster,-12,-9,90,25,-40,-32,11574
124,Gastly,-32,-69,-60,40,-50,-22,13969
125,Haunter,-17,-54,-45,55,-30,-7,9204
126,Gengar,-2,-39,-30,70,-10,8,7489
127,Gengar (Mega Gengar),-2,-39,-10,110,10,28,14609
128,Onix,-27,-59,70,-30,-40,-32,12634
129,Drowzee,-2,-56,-45,-17,5,-60,9079
130,Hypno,23,-31,-20,13,30,-35,4184
131,Krabby,-32,1,0,-35,-60,-52,8554
132,Kingler,-7,26,25,-10,-35,-27,3404
133,Voltorb,-22,-74,-40,-5,-30,-2,8489
134,Voltorb (Hisuian Voltorb),-22,-74,-40,-5,-30,-2,8489
135,Electrode,-2,-54,-20,20,-5,48,6049
136,Electrode (Hisuian Electrode),-2,-54,-20,20,-5,48,6049
137,Exeggcute,-2,-64,-10,0,-40,-62,9644
138,Exeggutor,33,-9,-5,65,-10,-47,7729
139,Exeggutor (Alolan Exeggutor),33,1,-5,65,-10,-57,8689
140,Cubone,-12,-54,5,-20,-35,-67,9199
141,Marowak,-2,-24,20,-10,-5,-57,4354
142,Marowak (Alolan Marowak),-2,-24,20,-10,-5,-57,4354
143,Hitmonlee,-12,16,-37,-25,25,-15,3244
144,Hitmonchan,-12,1,-11,-25,25,-26,2192
145,Lickitung,28,-49,-15,0,-10,-72,8694
146,Koffing,-22,-39,5,0,-40,-67,8119
147,Weezing,3,-14,30,25,-15,-42,3719
148,Weezing (Galarian Weezing),3,-14,30,25,-15,-42,3719
149,Rhyhorn,18,-19,5,-30,-55,-77,10564
150,Rhydon,43,26,30,-15,-40,-62,9094
151,Chansey,188,-99,-85,-25,20,-52,56099
152,Tangela,3,-49,25,40,-45,-42,8424
153,Kangaskhan,43,-9,-10,-20,-5,-12,2599
154,Kangaskhan (Mega Kangaskhan),43,21,10,0,15,-2,2619
155,Horsea,-32,-64,-20,10,-60,-42,10984
156,Seadra,-7,-39,5,35,-40,-17,4709
157,Goldeen,-17,-37,-30,-25,-35,-39,5929
158,Seaking,18,-12,-25,5,-5,-34,2299
159,Staryu,-32,-59,-35,10,-30,-17,7019
160,Starmie,-2,-29,-5,40,0,13,2639
161,Mr. Mime,-22,-59,-25,40,35,-12,7559
162,Mr. Mime (Galarian Mr. Mime),-12,-39,-25,30,5,-2,3219
163,Scyther,8,6,-10,-5,-5,3,259
164,Jynx,3,-54,-55,55,10,-7,9124
165,Electabuzz,3,-21,-33,35,0,3,2773
166,Magmar,3,-9,-33,40,0,-9,2860
167,Pinsir,3,21,10,-5,-15,-17,1089
168,Pinsir (Mega Pinsir),3,51,30,5,5,3,3569
169,Tauros,13,-4,5,-20,-15,8,899
170,Tauros (Paldean Tauros (Combat Breed)),13,6,15,-30,-15,-2,1559
171,Tauros (Paldean Tauros (Blaze Breed)),13,6,15,-30,-15,-2,1559
172,Tauros (Paldean Tauros (Aqua Breed)),13,6,15,-30,-15,-2,1559
173,Magikarp,-42,-94,-35,-45,-65,-22,18559
174,Gyarados,33,21,-11,0,15,-21,2317
175,Gyarados (Mega Gyarados),33,51,19,10,45,-21,6617
176,Lapras,68,-19,-10,25,10,-42,7574
177,Ditto,-14,-56,-42,-12,-37,-54,9525
178,Eevee,-7,-49,-40,-15,-20,-47,6884
179,Eevee (Partner Eevee),3,-29,-20,5,0,-27,2004
180,Vaporeon,68,-39,-30,50,10,-37,11014
181,Jolteon,3,-39,-30,50,10,28,5814
182,Flareon,3,26,-30,35,25,-37,4804
183,Porygon,3,-44,-20,25,-10,-62,6914
184,Omanyte,-27,-64,10,30,-30,-67,11214
185,Omastar,8,-44,35,55,-15,-47,8684
186,Kabuto,-32,-24,0,-5,-40,-47,5434
187,Kabutops,-2,11,15,5,-15,-22,1084
188,Aerodactyl,18,1,-25,0,-10,28,1834
189,Aerodactyl (Mega Aerodactyl),18,31,-5,10,10,48,3814
190,Snorlax,98,6,-25,5,25,-72,16099
191,Articuno,28,-19,10,35,40,-17,4359
192,Articuno (Galarian Articuno),28,-19,-5,65,15,-7,5669
193,Zapdos,28,-14,-5,65,5,-2,5259
194,Zapdos (Galarian Zapdos),28,21,0,25,5,-2,1879
195,Moltres,28,-4,0,65,0,-12,5169
196,Moltres (Galarian Moltres),28,-19,0,40,40,-12,4489
197,Dratini,-21,-40,-45,-10,-35,-52,8095
198,Dragonair,-1,-20,-25,10,-15,-32,2375
199,Dragonite,29,30,5,40,15,-22,4075
200,Mewtwo,44,6,0,94,5,28,11617
201,Mewtwo (Mega Mewtwo X),44,86,10,94,15,28,19277
202,Mewtwo (Mega Mewtwo Y),44,46,-20,134,35,38,25077
203,Mew,38,-4,10,40,15,-2,3389
204,Chikorita,-17,-55,-25,-11,-20,-57,7709
205,Bayleef,-2,-42,-10,3,-5,-42,3666
206,Meganium,18,-22,10,23,15,-22,2146
207,Cyndaquil,-23,-52,-47,0,-35,-37,8036
208,Quilava,-4,-40,-32,20,-20,-22,3924
209,Typhlosion,16,-20,-12,49,0,-2,3205
210,Typhlosion (Hisuian Typhlosion),11,-20,-12,59,0,-7,4195
211,Totodile,-12,-39,-26,-16,-37,-59,7447
212,Croconaw,3,-24,-10,-1,-22,-44,3106
213,Feraligatr,23,1,10,19,-2,-24,1571
214,Sentret,-27,-58,-56,-25,-40,-82,16178
215,Furret,23,-28,-26,-15,-30,-12,3258
216,Hoothoot,-2,-74,-60,-24,-29,-52,13201
217,Noctowl,38,-54,-40,26,11,-32,7781
218,Ledyba,-22,-84,-60,-20,-5,-47,13774
219,Ledian,-7,-69,-40,-5,25,-17,7349
220,Spinarak,-22,-44,-50,-20,-45,-72,12529
221,Ariados,8,-14,-20,0,-15,-62,4729
222,Crobat,23,-14,-10,10,-5,28,1734
223,Chinchou,13,-66,-52,-4,-29,-35,9311
224,Lanturn,63,-46,-32,16,-9,-35,8671
225,Pichu,-42,-64,-75,-25,-50,-42,16374
226,Cleffa,-12,-79,-62,-15,-30,-87,18923
227,Igglybuff,28,-74,-75,-20,-65,-87,24079
228,Togepi,-27,-84,-25,-20,-20,-82,15934
229,Togetic,-7,-64,-5,20,20,-62,8814
230,Natu,-22,-54,-45,10,-40,-32,8149
231,Xatu,3,-29,-20,35,-15,-7,2749
232,Mareep,-7,-64,-50,5,-40,-67,12759
233,Flaaffy,8,-49,-35,20,-25,-57,7964
234,Ampharos,28,-29,-5,55,5,-47,6909
235,Ampharos (Mega Ampharos),28,-9,15,105,25,-57,15989
236,Bellossom,13,-24,5,30,15,-52,4599
237,Marill,8,-84,-40,-40,-35,-62,15389
238,Azumarill,38,-54,-10,0,-5,-52,7189
239,Sudowoodo,8,-4,25,-30,-20,-72,7189
240,Politoed,28,-29,-15,30,15,-32,3999
241,Hoppip,-27,-69,-50,-25,-30,-52,12219
242,Skiploom,-7,-59,-40,-15,-20,-22,6239
243,Jumpluff,13,-49,-20,-5,10,8,3159
244,Aipom,-7,-34,-35,-20,-30,-17,4019
245,Sunkern,-32,-74,-60,-30,-55,-72,19209
246,Sunflora,13,-29,-35,45,0,-72,9444
247,Yanma,3,-39,-45,15,-40,-7,5429
248,Wooper,-7,-59,-45,-35,-60,-87,17949
249,Wooper (Paldean Wooper),-7,-59,-45,-35,-60,-87,17949
250,Quagsire,33,-19,-5,5,-20,-67,6389
251,Espeon,3,-39,-30,70,10,8,7494
252,Umbreon,33,-39,20,0,45,-37,6404
253,Murkrow,-2,-19,-48,25,-43,-11,5264
254,Slowking,33,-29,-10,40,25,-72,9439
255,Slowking (Galarian Slowking),33,-39,-10,50,25,-72,11019
256,Misdreavus,-2,-44,-30,25,0,-17,3754
257,Unown,-14,-32,-42,12,-37,-54,7413
258,Wobbuffet,128,-71,-32,-27,-27,-69,28668
259,Girafarig,8,-24,-25,30,-20,-17,2854
260,Pineco,-12,-39,0,-25,-50,-87,12359
261,Forretress,13,-14,50,0,-25,-62,7334
262,Dunsparce,38,-34,-20,5,-20,-57,6674
263,Gligar,3,-29,15,-25,-20,-17,2389
264,Steelix,13,-19,110,-5,-20,-72,18239
265,Steelix (Mega Steelix),13,21,140,-5,10,-72,25519
266,Snubbull,-2,-24,-40,-20,-45,-72,9789
267,Granbull,28,16,-15,0,-25,-57,5139
268,Qwilfish,3,-9,-5,-5,-30,-17,1329
269,Qwilfish (Hisuian Qwilfish),3,-9,-5,-5,-30,-17,1329
270,Scizor,8,26,10,-5,-5,-37,2259
271,Scizor (Mega Scizor),8,46,50,5,15,-27,5659
272,Shuckle,-42,-94,140,-50,145,-97,63134
273,Heracross,18,21,-15,-20,10,-17,1779
274,Heracross (Mega Heracross),18,81,25,-20,20,-27,9039
275,Sneasel,-7,-9,-35,-25,-10,13,2249
276,Sneasel (Hisuian Sneasel),-7,-9,-35,-25,-10,13,2249
277,Teddiursa,-2,-24,-40,-10,-35,-62,7349
278,Ursaring,28,26,-15,15,-10,-47,4219
279,Slugma,-22,-64,-50,10,-45,-82,15929
280,Magcargo,-2,-54,30,30,-5,-72,9929
281,Swinub,-12,-54,-50,-30,-55,-52,12189
282,Piloswine,38,-4,-10,0,-25,-52,4889
283,Corsola,3,-49,5,5,10,-67,7049
284,Corsola (Galarian Corsola),-2,-49,10,5,15,-72,7939
285,Remoraid,-27,-39,-55,5,-50,-37,9169
286,Octillery,13,1,-15,45,-10,-57,5769
287,Delibird,-17,-49,-45,5,-40,-27,7069
288,Mantine,23,-64,-20,20,55,-32,9474
289,Skarmory,3,-24,50,-20,-15,-32,4734
290,Houndour,-17,-44,-60,20,-35,-37,8819
291,Houndoom,13,-14,-40,50,-5,-7,4539
292,Houndoom (Mega Houndoom),13,-14,0,80,5,13,6959
293,Kingdra,13,-9,5,35,10,-17,1889
294,Phanpy,28,-44,-30,-20,-45,-62,9889
295,Donphan,28,16,30,0,-25,-52,5269
296,Porygon2,23,-24,0,45,10,-42,4994
297,Stantler,11,-9,-28,25,-20,-17,2300
298,Smeargle,-7,-84,-55,-40,-40,-27,14059
299,Tyrogue,-27,-69,-55,-25,-50,-67,16129
300,Hitmontop,-12,-9,5,-25,25,-32,2524
301,Smoochum,-17,-74,-75,25,-20,-37,13784
302,Elekid,-17,-41,-53,5,-30,-7,5753
303,Magby,-17,-29,-53,10,-30,-19,5300
304,Miltank,33,-24,15,-20,-15,-2,2519
305,Blissey,193,-94,-80,15,50,-47,57419
306,Raikou,28,-19,-15,55,15,13,4789
307,Entei,53,11,-5,30,-10,-2,3959
308,Suicune,38,-29,25,30,30,-17,4999
309,Larvitar,-12,-40,-40,-15,-35,-61,8515
310,Pupitar,8,-20,-20,5,-15,-51,3715
311,Tyranitar,38,30,20,35,15,-41,5875
312,Tyranitar (Mega Tyranitar),38,60,60,35,35,-31,12055
313,Lugia,44,-14,40,30,69,8,9457
314,Ho-Oh,44,26,0,50,69,-12,10017
315,Celebi,38,-4,10,40,15,-2,3389
316,Treecko,-22,-59,-55,5,-30,-32,8939
317,Grovyle,-12,-39,-45,25,-20,-7,4764
318,Sceptile,8,-19,-25,45,0,18,3399
319,Sceptile (Mega Sceptile),8,6,-15,85,0,43,9399
320,Torchic,-17,-44,-50,10,-35,-57,9299
321,Combusken,-2,-19,-30,25,-25,-47,4724
322,Blaziken,18,16,-20,50,-15,-22,4189
323,Blaziken (Mega Blaziken),18,56,-10,70,-5,-2,8489
324,Mudkip,-12,-34,-40,-10,-35,-62,8069
325,Marshtomp,8,-19,-20,0,-15,-52,3754
326,Swampert,38,6,0,25,5,-42,3894
327,Swampert (Mega Swampert),38,46,20,35,25,-32,6834
328,Poochyena,-27,-49,-55,-30,-55,-67,14569
329,Mightyena,8,-14,-20,0,-25,-32,2309
330,Zigzagoon,-24,-74,-49,-30,-44,-42,13053
331,Zigzagoon (Galarian Zigzagoon),-24,-74,-49,-30,-44,-42,13053
332,Linoone,16,-34,-29,-10,-24,-2,2933
333,Linoone (Galarian Linoone),16,-34,-29,-10,-24,-2,2933
334,Wurmple,-17,-59,-55,-40,-55,-82,18144
335,Silcoon,-12,-69,-35,-35,-60,-87,18524
336,Beautifly,-2,-34,-40,40,-35,-37,6954
337,Cascoon,-12,-69,-35,-35,-60,-87,18524
338,Dustox,-2,-54,-20,-10,5,-37,4814
339,Lotad,-22,-74,-60,-20,-35,-72,16369
340,Lombre,-2,-54,-40,0,-15,-52,7449
341,Ludicolo,18,-34,-20,30,15,-32,4029
342,Seedot,-22,-64,-40,-30,-55,-72,15289
343,Nuzleaf,8,-34,-50,0,-45,-42,7509
344,Shiftry,28,-4,-30,30,-25,-22,3709
345,Taillow,-22,-49,-60,-30,-55,-17,10699
346,Swellow,-2,-19,-30,15,-35,23,3244
347,Wingull,-22,-74,-60,-5,-55,-17,12899
348,Pelipper,-2,-54,10,35,-15,-37,5839
349,Ralts,-34,-79,-65,-15,-50,-62,18191
350,Kirlia,-24,-69,-55,5,-30,-52,11991
351,Gardevoir,6,-39,-25,65,30,-22,7791
352,Gardevoir (Mega Gardevoir),6,-19,-25,105,50,-2,14551
353,Surskit,-22,-74,-58,-10,-33,-37,11882
354,Masquerain,8,-44,-28,40,-3,-22,4877
355,Shroomish,-2,-64,-30,-20,-25,-67,10514
356,Breloom,-2,26,-10,0,-25,-32,2429
357,Slakoth,-2,-44,-30,-25,-50,-72,11149
358,Vigoroth,18,-24,-10,-5,-30,-12,2069
359,Slaking,88,56,10,35,-20,-2,12609
360,Nincada,-31,-59,0,-30,-55,-62,12211
361,Ninjask,-1,-14,-45,-10,-35,58,6911
362,Shedinja,-61,-14,-45,-30,-55,-62,13711
363,Whismur,2,-53,-67,-9,-62,-74,16703
364,Loudred,22,-33,-47,11,-42,-54,8583
365,Exploud,42,-13,-27,31,-12,-34,4923
366,Makuhita,10,-44,-60,-40,-55,-77,16190
367,Hariyama,82,16,-30,-20,-25,-52,11609
368,Azurill,-12,-84,-50,-40,-45,-82,20049
369,Nosepass,-32,-59,45,-15,5,-72,11964
370,Skitty,-12,-59,-45,-25,-50,-52,11479
371,Delcatty,8,-39,-25,-5,-30,-12,3279
372,Sableye,-12,-29,-15,5,-20,-52,4339
373,Sableye (Mega Sableye),-12,-19,35,25,30,-82,9979
374,Mawile,-12,-19,-5,-5,-30,-52,4159
375,Mawile (Mega Mawile),-12,1,35,-5,10,-52,4199
376,Aron,-12,-34,10,-20,-45,-72,9009
377,Lairon,-2,-14,50,-10,-35,-62,7869
378,Aggron,8,6,90,0,-25,-52,11529
379,Aggron (Mega Aggron),8,36,140,0,-5,-52,23689
380,Meditite,-32,-64,-35,-20,-30,-42,9409
381,Medicham,-2,-44,-15,0,-10,-22,2749
382,Medicham (Mega Medicham),-2,-4,-5,20,0,-2,449
383,Electrike,-22,-59,-50,5,-45,-37,9884
384,Manectric,8,-29,-30,45,-25,3,4464
385,Manectric (Mega Manectric),8,-29,-10,75,-5,33,7744
386,Plusle,-2,-54,-50,25,-10,-7,6194
387,Minun,-2,-64,-40,15,0,-7,5974
388,Volbeat,3,-31,-15,-13,0,-17,1653
389,Illumise,3,-57,-15,13,0,-17,3941
390,Roselia,-12,-44,-45,40,-5,-37,7099
391,Gulpin,8,-61,-37,-17,-32,-62,10311
392,Swalot,38,-31,-7,13,-2,-47,4836
393,Carvanha,-17,-14,-70,5,-65,-37,11004
394,Sharpedo,8,16,-50,35,-45,-7,6119
395,Sharpedo (Mega Sharpedo),8,36,-20,50,-20,3,4669
396,Wailmer,68,-34,-55,10,-50,-42,13169
397,Wailord,108,-14,-45,30,-40,-42,18149
398,Numel,-2,-44,-50,5,-40,-67,10554
399,Camerupt,8,-4,-20,45,-10,-62,6449
400,Camerupt (Mega Camerupt),8,16,10,85,20,-82,14769
401,Torkoal,8,-19,50,25,-15,-82,10499
402,Spoink,-2,-79,-55,10,-5,-42,11159
403,Grumpig,18,-59,-25,30,25,-22,6439
404,Spinda,-2,-44,-30,0,-25,-42,5229
405,Trapinch,-17,-4,-45,-15,-40,-92,12619
406,Vibrava,-12,-34,-40,-10,-35,-32,5249
407,Flygon,18,-4,-10,20,-5,-2,869
408,Cacnea,-12,-19,-50,25,-45,-67,10144
409,Cacturne,8,11,-30,55,-25,-47,6944
410,Swablu,-17,-64,-30,-20,-10,-52,8489
411,Altaria,13,-34,0,10,20,-22,2309
412,Altaria (Mega Altaria),13,6,20,50,20,-22,3989
413,Zangoose,11,11,-30,0,-25,-12,1911
414,Seviper,11,-4,-30,40,-25,-37,4631
415,Lunatone,28,-49,-25,35,0,-32,6059
416,Solrock,28,-9,-5,-5,-20,-32,2339
417,Barboach,-12,-56,-47,-14,-44,-42,9385
418,Whiscash,48,-26,-17,16,-14,-42,5485
419,Corphish,-19,-24,-25,-10,-50,-67,8651
420,Crawdaunt,1,16,-5,30,-30,-47,4291
421,Baltoy,-22,-64,-35,-20,-15,-47,8639
422,Claydol,-2,-34,15,10,35,-27,3439
423,Lileep,4,-63,-13,1,2,-79,10400
424,Cradily,24,-23,7,21,22,-59,5560
425,Anorith,-17,-9,-40,-20,-35,-27,4324
426,Armaldo,13,21,10,10,-5,-57,4084
427,Feebas,-42,-89,-70,-50,-30,-22,18469
428,Milotic,33,-44,-11,40,40,-21,6787
429,Castform,8,-34,-20,10,-15,-32,2969
430,Kecleon,-2,-14,-20,0,35,-62,5669
431,Shuppet,-18,-29,-55,3,-52,-57,10152
432,Banette,2,11,-25,23,-22,-37,3132
433,Banette (Mega Banette),2,61,-15,33,-2,-27,5772
434,Duskull,-42,-64,0,-30,5,-77,12714
435,Dusclops,-22,-34,40,0,45,-77,11194
436,Tropius,37,-36,-7,12,2,-51,5463
437,Chimecho,13,-54,-10,35,5,-37,5804
438,Absol,3,26,-30,15,-25,-27,3164
439,Absol (Mega Absol),3,46,-30,55,-25,13,6844
440,Wynaut,33,-81,-42,-37,-37,-79,18393
441,Snorunt,-12,-54,-40,-10,-35,-52,8689
442,Glalie,18,-24,-10,20,-5,-22,1909
443,Glalie (Mega Glalie),18,16,-10,60,-5,-2,4309
444,Spheal,8,-64,-40,-5,-35,-77,12939
445,Sealeo,28,-44,-20,15,-15,-57,6819
446,Walrein,48,-24,0,35,5,-37,5499
447,Clamperl,-27,-40,-5,14,-30,-70,8350
448,Huntail,-7,0,15,34,-10,-50,4030
449,Gorebyss,-7,-20,15,54,-10,-50,6190
450,Relicanth,38,-14,40,-15,-20,-47,6074
451,Luvdisc,-19,-74,-35,-20,-20,-5,7887
452,Bagon,-17,-29,-30,-20,-55,-52,8159
453,Shelgon,3,-9,10,0,-35,-52,4119
454,Salamence,33,31,-10,50,-5,-2,4679
455,Salamence (Mega Salamence),33,41,40,60,5,18,8319
456,Beldum,-22,-49,-10,-25,-25,-72,9419
457,Metang,-2,-29,10,-5,-5,-52,3699
458,Metagross,18,31,40,35,5,-32,5159
459,Metagross (Mega Metagross),18,41,60,45,25,8,8319
460,Regirock,18,-4,110,-10,15,-52,15469
461,Regice,18,-54,10,40,115,-52,20869
462,Registeel,18,-29,60,15,65,-52,11919
463,Latias,18,-24,0,50,45,8,5489
464,Latias (Mega Latias),18,-4,30,80,65,8,11929
465,Latios,18,-14,-10,70,25,8,6209
466,Latios (Mega Latios),18,26,10,100,35,8,12389
467,Kyogre,38,-4,0,90,55,-12,12729
468,Kyogre (Primal Kyogre),38,46,0,120,75,-12,23729
469,Groudon,38,46,50,40,5,-12,7829
470,Groudon (Primal Groudon),38,76,70,90,5,-12,20389
471,Rayquaza,43,46,0,90,5,-7,12139
472,Rayquaza (Mega Rayquaza),43,76,10,120,15,13,22519
473,Jirachi,38,-4,10,40,15,-2,3389
474,Deoxys (Normal Forme),-12,46,-40,90,-35,48,15489
475,Deoxys (Attack Forme),-12,76,-70,120,-65,48,31749
476,Deoxys (Defense Forme),-12,-34,70,10,75,-12,12069
477,Deoxys (Speed Forme),-12,-9,0,35,5,78,7559
478,Turtwig,-7,-36,-26,-15,-30,-71,8187
479,Grotle,13,-15,-5,-5,-20,-66,5200
480,Torterra,33,5,15,15,0,-46,3680
481,Chimchar,-18,-46,-46,-2,-41,-41,7922
482,Monferno,2,-26,-38,18,-33,-21,3978
483,Infernape,14,0,-19,44,-14,6,2725
484,Piplup,-9,-53,-37,1,-29,-62,8945
485,Prinplup,2,-38,-22,21,-9,-52,5158
486,Empoleon,22,-18,-2,51,16,-42,5433
487,Starly,-22,-49,-60,-30,-55,-42,12174
488,Staravia,-7,-29,-40,-20,-45,-22,5399
489,Staraptor,23,16,-20,-10,-25,-2,1914
490,Bidoof,-3,-59,-50,-25,-45,-71,13681
491,Bibarel,17,-19,-30,-5,-25,-31,3161
492,Kricketot,-25,-79,-49,-35,-44,-77,18357
493,Kricketune,15,-19,-39,-5,-34,-37,4657
494,Shinx,-17,-39,-56,-20,-51,-57,11196
495,Luxio,-2,-19,-41,0,-36,-42,5106
496,Luxray,18,16,-11,35,-6,-32,2986
497,Budew,-22,-74,-55,-10,-15,-47,11519
498,Roserade,-2,-34,-25,65,20,-12,6554
499,Cranidos,5,21,-50,-30,-55,-44,8827
500,Rampardos,35,61,-30,5,-35,-44,9032
501,Shieldon,-32,-62,28,-18,3,-72,11169
502,Bastiodon,-2,-52,78,-13,53,-72,16954
503,Burmy,-22,-75,-45,-31,-40,-66,15051
504,Wormadam (Plant Cloak),-2,-45,-5,19,20,-66,7171
505,Wormadam (Sandy Cloak),-2,-25,15,-1,0,-66,5211
506,Wormadam (Trash Cloak),-2,-35,5,9,10,-66,5791
507,Mothim,8,-10,-40,34,-35,-36,5441
508,Combee,-32,-74,-48,-30,-43,-32,12577
509,Vespiquen,8,-24,12,20,17,-62,5317
510,Pachirisu,-2,-59,-20,-15,5,-7,4184
511,Buizel,-7,-39,-55,0,-55,-17,7909
512,Floatzel,23,1,-35,25,-35,13,3774
513,Cherubi,-17,-69,-45,2,-32,-67,12592
514,Cherrim,8,-44,-20,27,-7,-17,3467
515,Shellos,14,-56,-42,-3,-23,-68,10258
516,Gastrodon,49,-21,-22,32,-3,-63,8328
517,Ambipom,13,-4,-24,0,-19,13,1291
518,Drifloon,28,-54,-56,0,-41,-32,9541
519,Drifblim,88,-24,-46,30,-31,-22,12781
520,Buneary,-7,-38,-46,-16,-29,-17,4995
521,Lopunny,3,-28,-6,-6,11,3,995
522,Lopunny (Mega Lopunny),3,32,4,-6,11,33,2295
523,Mismagius,-2,-44,-30,45,20,3,5274
524,Honchkrow,38,21,-38,45,-33,-31,7404
525,Glameow,-13,-49,-48,-18,-48,-17,7791
526,Purugly,9,-22,-26,4,-26,10,2033
527,Chingling,-17,-74,-40,5,-35,-57,11864
528,Stunky,1,-41,-43,-19,-44,-28,6612
529,Skuntank,41,-11,-23,11,-24,-18,3352
530,Bronzor,-5,-80,-4,-36,1,-79,13979
531,Bronzong,5,-15,26,19,31,-69,7009
532,Bonsly,-12,-24,5,-50,-40,-92,13309
533,Mime Jr.,-42,-79,-45,10,5,-42,11919
534,Happiny,38,-99,-85,-45,-20,-72,26079
535,Chatot,14,-39,-45,32,-43,-11,6736
536,Spiritomb,-12,-12,18,32,23,-67,6654
537,Gible,-4,-34,-45,-20,-40,-60,8797
538,Gabite,6,-14,-25,-10,-30,-20,2257
539,Garchomp,46,26,5,20,0,0,3217
540,Garchomp (Mega Garchomp),46,66,25,60,10,-10,10897
541,Munchlax,73,-19,-50,-20,0,-97,17999
542,Riolu,-22,-34,-50,-25,-45,-42,8554
543,Lucario,8,6,-20,55,-15,-12,3894
544,Lucario (Mega Lucario),8,41,-2,80,-15,10,8474
545,Hippopotas,6,-32,-12,-22,-43,-70,8437
546,Hippowdon,46,8,28,8,-13,-55,6222
547,Skorupi,-22,-54,0,-30,-30,-37,6569
548,Drapion,8,-14,20,0,-10,-7,809
549,Croagunk,-14,-43,-50,1,-45,-52,9275
550,Toxicroak,21,2,-25,26,-20,-17,2435
551,Carnivine,12,-4,-18,30,-13,-56,4689
552,Finneon,-13,-55,-34,-11,-24,-36,6343
553,Lumineon,7,-35,-14,9,1,-11,1673
554,Mantyke,-17,-84,-40,0,35,-52,12874
555,Snover,-2,-42,-40,2,-25,-62,7841
556,Abomasnow,28,-12,-15,32,0,-42,3941
557,Abomasnow (Mega Abomasnow),28,28,15,72,20,-72,12561
558,Weavile,8,16,-25,-15,0,23,1699
559,Magnezone,8,-34,25,70,5,-42,8534
560,Lickilicky,48,-19,5,20,10,-52,5894
561,Rhyperior,53,36,40,-5,-30,-62,10474
562,Tangrowth,38,-4,35,50,-35,-52,9114
563,Electivire,13,19,-23,35,0,-7,2333
564,Magmortar,13,-9,-23,65,10,-19,5465
565,Togekiss,23,-54,5,60,30,-22,8454
566,Yanmega,24,-28,-4,56,-29,-7,5402
567,Leafeon,3,6,40,0,-20,-7,2094
568,Glaceon,3,-44,20,70,10,-37,8714
569,Gliscor,13,-9,35,-15,-10,-7,1849
570,Mamoswine,48,26,-10,10,-25,-22,4289
571,Porygon-Z,23,-24,-20,75,-10,-12,7374
572,Gallade,6,21,-25,5,30,-22,2511
573,Gallade (Mega Gallade),6,61,5,5,30,8,4771
574,Probopass,-2,-49,55,15,65,-62,13724
575,Dusknoir,-17,-4,45,5,50,-57,8104
576,Froslass,8,-24,-20,20,-15,8,1729
577,Rotom,-12,-54,-13,35,-8,-11,4639
578,Rotom (Heat Rotom),-12,-39,17,45,22,-16,4719
579,Rotom (Wash Rotom),-12,-39,17,45,22,-16,4719
580,Rotom (Frost Rotom),-12,-39,17,45,22,-16,4719
581,Rotom (Fan Rotom),-12,-39,17,45,22,-16,4719
582,Rotom (Mow Rotom),-12,-39,17,45,22,-16,4719
583,Uxie,13,-29,40,15,45,-7,4909
584,Mesprit,18,1,15,45,20,-22,3459
585,Azelf,13,21,-20,65,-15,13,5629
586,Dialga,38,16,30,90,15,-12,11069
587,Dialga (Origin Forme),38,-4,30,90,35,-12,11829
588,Palkia,28,16,10,90,35,-2,10469
589,Palkia (Origin Forme),28,-4,10,90,35,18,10549
590,Heatran,29,-14,16,70,21,-25,7259
591,Regigigas,48,56,20,20,25,-2,6869
592,Giratina (Altered Forme),88,-4,30,40,35,-12,11629
593,Giratina (Origin Forme),88,16,10,60,15,-12,12069
594,Cresselia,58,-34,30,15,45,-17,7959
595,Phione,18,-24,-10,20,-5,-22,1909
596,Manaphy,38,-4,10,40,15,-2,3389
597,Darkrai,8,-14,0,75,5,23,6439
598,Shaymin (Land Forme),38,-4,10,40,15,-2,3389
599,Shaymin (Sky Forme),38,-1,-15,60,-10,25,5995
600,Arceus,58,16,30,60,35,18,9669
601,Victini,38,-4,10,40,15,-2,3389
602,Snivy,-17,-59,-35,-15,-30,-39,7641
603,Servine,-2,-44,-15,0,-10,-19,2626
604,Serperior,13,-29,5,15,10,11,1481
605,Tepig,3,-41,-45,-15,-40,-57,8789
606,Pignite,28,-11,-35,10,-30,-47,5339
607,Emboar,48,19,-25,40,-20,-37,6659
608,Oshawott,-7,-49,-45,3,-40,-57,9333
609,Dewott,13,-29,-30,23,-25,-42,4828
610,Samurott,33,-4,-5,48,-15,-32,4683
611,Samurott (Hisuian Samurott),28,4,-10,40,-20,-17,3189
612,Patrat,-17,-49,-51,-25,-46,-60,11632
613,Watchog,-2,-19,-21,0,-16,-25,1687
614,Lillipup,-17,-44,-45,-35,-40,-47,9284
615,Herdier,3,-24,-25,-25,-20,-42,3999
616,Stoutland,23,6,0,-15,5,-22,1299
617,Purrloin,-21,-54,-53,-10,-48,-36,9866
618,Liepard,2,-16,-40,28,-35,4,3885
619,Pansage,-12,-51,-42,-7,-37,-38,7371
620,Simisage,13,-6,-27,38,-22,-1,2863
621,Pansear,-12,-51,-42,-7,-37,-38,7371
622,Simisear,13,-6,-27,38,-22,-1,2863
623,Panpour,-12,-51,-42,-7,-37,-38,7371
624,Simipour,13,-6,-27,38,-22,-1,2863
625,Munna,14,-79,-45,7,-30,-78,15495
626,Musharna,54,-49,-5,47,10,-73,12980
627,Pidove,-12,-49,-40,-24,-55,-59,11227
628,Tranquill,0,-27,-28,-10,-43,-37,4831
629,Unfezant,18,11,-10,5,-30,-9,1551
630,Blitzle,-17,-44,-58,-10,-53,-26,9174
631,Zebstrika,13,-4,-27,20,-22,14,1994
632,Roggenrola,-7,-29,-5,-35,-60,-87,13309
633,Boldore,8,1,15,-10,-45,-82,9139
634,Gigalith,23,31,40,0,-5,-77,9044
635,Woobat,3,-59,-47,-5,-42,-30,8388
636,Swoobat,5,-47,-35,17,-30,12,4792
637,Drilbur,-2,-19,-50,-30,-40,-34,6521
638,Excadrill,48,31,-30,-10,-20,-14,4861
639,Audino,41,-44,-4,0,1,-52,6338
640,Audino (Mega Audino),41,-44,36,20,41,-52,9698
641,Timburr,13,-24,-35,-35,-50,-67,10184
642,Gurdurr,23,1,-5,-20,-35,-62,6024
643,Conkeldurr,43,36,5,-5,-20,-57,6844
644,Tympole,-12,-54,-50,-10,-45,-38,9129
645,Palpitoad,13,-39,-35,5,-30,-33,4929
646,Seismitoad,43,-9,-15,25,-10,-28,3664
647,Throh,58,-4,-5,-30,0,-57,7554
648,Sawk,13,21,-15,-30,-10,-17,2124
649,Sewaddle,-17,-51,-20,-20,-25,-60,7915
650,Swadloon,-7,-41,0,-10,-5,-60,5455
651,Leavanny,13,-1,-10,10,-5,-10,495
652,Venipede,-32,-59,-31,-30,-46,-45,10507
653,Whirlipede,-22,-49,9,-20,-6,-55,6427
654,Scolipede,-2,-4,-1,-5,-16,10,402
655,Cottonee,-22,-77,-30,-23,-35,-36,10363
656,Whimsicott,-2,-37,-5,17,-10,14,1983
657,Petilil,-17,-69,-40,10,-35,-72,13159
658,Lilligant,8,-44,-15,50,-10,-12,4969
659,Lilligant (Hisuian Lilligant),8,1,-15,-10,-10,3,499
660,Basculin,8,-12,-25,20,-30,-4,2149
661,Sandile,-12,-32,-55,-25,-50,-37,8687
662,Krokorok,-2,-22,-45,-15,-40,-28,5122
663,Krookodile,33,13,-10,5,-15,-10,1708
664,Darumaka,8,-14,-45,-45,-40,-52,8614
665,Darumaka (Galarian Darumaka),8,-14,-45,-45,-40,-52,8614
666,Darmanitan (Standard Mode),43,36,-35,-30,-30,-7,6219
667,Darmanitan (Zen Mode),43,-74,15,80,20,-47,16559
668,Darmanitan (Galarian Standard Mode),43,36,-35,-30,-30,-7,6219
669,Darmanitan (Galarian Zen Mode),43,56,-35,-30,-30,33,9099
670,Maractus,13,-18,-23,46,-18,-42,5226
671,Dwebble,-12,-39,-5,-25,-50,-47,7024
672,Crustle,8,1,35,5,-10,-57,4664
673,Scraggy,-12,-29,-20,-25,-15,-54,5151
674,Scrafty,3,-14,25,-15,30,-44,3891
675,Sigilyph,10,-46,-10,43,-5,-5,4215
676,Yamask,-24,-74,-5,-5,-20,-72,11686
677,Yamask (Galarian Yamask),-24,-49,-5,-30,-20,-72,9486
678,Cofagrigus,-4,-54,55,35,20,-72,12766
679,Tirtouga,-8,-26,13,-7,-40,-80,8958
680,Carracosta,12,4,43,23,-20,-70,7838
681,Archen,-7,8,-45,14,-40,-32,4958
682,Archeops,13,36,-25,52,-20,8,5258
683,Trubbish,-12,-54,-28,-20,-23,-37,6142
684,Garbodor,18,-9,-8,0,-3,-27,1207
685,Zorua,-22,-39,-50,20,-45,-37,8299
686,Zorua (Hisuian Zorua),-27,-44,-50,25,-45,-32,8839
687,Zoroark,-2,1,-30,60,-25,3,5139
688,Zoroark (Hisuian Zoroark),-7,-4,-30,65,-25,8,5879
689,Minccino,-7,-54,-50,-20,-45,-27,8619
690,Cinccino,13,-9,-30,5,-25,13,1969
691,Gothita,-17,-74,-40,-5,-20,-57,11039
692,Gothorita,-2,-59,-20,15,0,-47,6319
693,Gothitelle,8,-49,5,35,25,-37,5709
694,Solosis,-17,-74,-50,45,-35,-82,18239
695,Duosion,3,-64,-40,65,-25,-72,15739
696,Reuniclus,48,-39,-15,65,0,-72,13459
697,Ducklett,0,-60,-40,-16,-35,-47,8890
698,Swanna,13,-17,-27,27,-22,-4,2416
699,Vanillite,-26,-54,-40,5,-25,-58,9206
700,Vanillish,-11,-39,-25,20,-10,-43,4616
701,Vanilluxe,9,-9,-5,50,10,-23,3316
702,Deerling,-2,-44,-40,-20,-35,-27,5894
703,Sawsbuck,18,-4,-20,0,-15,-7,1014
704,Emolga,-7,-29,-30,15,-25,1,2641
705,Karrablast,-12,-29,-45,-20,-40,-42,6774
706,Escavalier,8,31,15,0,20,-82,8374
707,Foongus,7,-49,-45,-5,-30,-87,12969
708,Amoonguss,52,-19,-20,25,-5,-72,9299
709,Frillish,-7,-64,-40,5,0,-62,9614
710,Jellicent,38,-44,-20,25,20,-42,6569
711,Alomomola,103,-29,-10,-20,-40,-37,14919
712,Joltik,-12,-57,-40,-3,-35,-37,7596
713,Galvantula,8,-27,-30,37,-25,6,3723
714,Ferroseed,-18,-54,1,-36,1,-92,13002
715,Ferrothorn,12,-10,41,-6,31,-82,9646
716,Klink,-22,-49,-20,-15,-25,-72,9319
717,Klang,-2,-24,5,10,0,-52,3409
718,Klinklang,-2,-4,25,10,0,-12,889
719,Tynamo,-27,-49,-50,-15,-45,-42,9644
720,Eelektrik,3,-19,-20,15,-15,-62,5064
721,Eelektross,23,11,-10,45,-5,-52,5504
722,Elgyem,-7,-49,-35,25,-30,-72,10384
723,Beheeyem,13,-29,-15,65,10,-62,9404
724,Litwick,-12,-74,-35,5,-30,-82,14494
725,Lampent,-2,-64,-30,35,-25,-47,9059
726,Chandelure,-2,-49,0,85,5,-22,10139
727,Axew,-16,-17,-30,-30,-45,-45,6395
728,Fraxure,4,13,-20,-20,-35,-35,3435
729,Haxorus,14,43,0,0,-15,-5,2295
730,Cubchoo,-7,-34,-50,0,-45,-62,9574
731,Beartic,33,26,-10,10,-5,-52,4694
732,Cryogonal,18,-54,-40,35,50,3,8574
733,Shelmet,-12,-64,-5,-20,-20,-77,10994
734,Accelgor,18,-34,-50,40,-25,43,8054
735,Stunfisk,47,-38,-6,21,14,-70,9226
736,Stunfisk (Galarian Stunfisk),47,-23,9,6,-1,-70,7756
737,Mienfoo,-17,-19,-40,-5,-35,-37,4869
738,Mienshao,3,21,-30,35,-25,3,3209
739,Druddigon,15,16,0,0,5,-54,3422
740,Golett,-3,-30,-40,-25,-35,-67,8848
741,Golurk,27,20,-10,-5,-5,-47,3488
742,Pawniard,-17,-19,-20,-20,-45,-42,5239
743,Bisharp,3,21,10,0,-15,-32,1799
744,Bouffalant,33,6,5,-20,10,-47,3859
745,Rufflet,8,-21,-40,-23,-35,-42,5623
746,Braviary,38,19,-15,-3,-10,-22,2623
747,Braviary (Hisuian Braviary),48,-21,-20,52,-15,-37,7443
748,Vullaby,8,-49,-15,-15,-20,-42,5079
749,Mandibuzz,48,-39,15,-5,10,-22,4659
750,Heatmor,23,-7,-24,45,-19,-37,4909
751,Durant,-4,5,22,-12,-37,7,2087
752,Deino,-10,-39,-40,-15,-35,-64,8767
753,Zweilous,10,-19,-20,5,-15,-44,3047
754,Hydreigon,30,1,0,65,5,-4,5167
755,Larvesta,-7,-19,-35,-10,-30,-42,4399
756,Volcarona,23,-44,-25,75,20,-2,9119
757,Cobalion,29,-14,39,30,-13,6,3663
758,Terrakion,29,25,0,12,5,6,1671
759,Virizion,29,-14,-18,30,44,6,4233
760,Tornadus (Incarnate Forme),17,11,-20,65,-5,9,5141
761,Tornadus (Therian Forme),17,-4,-10,50,5,19,3291
762,Thundurus (Incarnate Forme),17,11,-20,65,-5,9,5141
763,Thundurus (Therian Forme),17,1,-20,85,-5,-1,7941
764,Reshiram,38,16,10,90,35,-12,11269
765,Zekrom,38,46,30,60,15,-12,8429
766,Landorus (Incarnate Forme),27,21,0,55,-5,-1,4221
767,Landorus (Therian Forme),27,41,0,45,-5,-11,4581
768,Kyurem,63,26,0,70,5,-7,9619
769,Kyurem (Black Kyurem),63,66,10,60,5,-7,12099
770,Kyurem (White Kyurem),63,16,0,110,15,-7,16599
771,Keldeo,29,-32,0,69,5,6,6687
772,Meloetta (Aria Forme),38,-27,-13,68,43,-12,8959
773,Meloetta (Pirouette Forme),38,24,0,17,-8,26,3049
774,Genesect,9,16,5,60,10,-3,4071
775,Chespin,-6,-43,-25,-12,-40,-64,8350
776,Quilladin,-1,-26,5,-4,-27,-45,3472
777,Chesnaught,26,3,32,14,-10,-38,3449
778,Fennekin,-22,-59,-50,2,-25,-42,8858
779,Braixen,-3,-45,-32,30,-15,-29,5024
780,Delphox,13,-35,-18,54,15,2,4863
781,Froakie,-21,-48,-50,2,-41,-31,7891
782,Frogadier,-8,-41,-38,23,-29,-5,4584
783,Greninja,10,-9,-23,43,-14,20,3155
784,Greninja (Ash-Greninja),10,41,-23,93,-14,30,12055
785,Bunnelby,-24,-68,-52,-28,-49,-45,13114
786,Diggersby,23,-48,-13,-10,-8,-24,3742
787,Fletchling,-17,-54,-47,-20,-47,-40,9623
788,Fletchinder,0,-31,-35,-4,-33,-18,3615
789,Talonflame,16,-23,-19,14,-16,24,2174
790,Scatterbug,-24,-69,-50,-33,-60,-67,17015
791,Spewpa,-17,-82,-30,-33,-55,-73,17356
792,Vivillon,18,-52,-40,30,-35,-13,6922
793,Litleo,0,-54,-32,13,-31,-30,5970
794,Pyroar,24,-36,-18,49,-19,4,4974
795,Flabébé,-18,-66,-51,1,-6,-60,10918
796,Floette,-8,-59,-43,15,13,-50,8288
797,Florges,16,-39,-22,52,69,-27,10455
798,Skiddo,4,-39,-42,2,-28,-50,6589
799,Gogoat,61,-4,-28,37,-4,-34,7062
800,Pancham,5,-22,-28,-14,-37,-59,6339
801,Pangoro,33,20,-12,9,-14,-44,3846
802,Furfrou,13,-24,-30,5,5,0,1695
803,Espurr,0,-56,-36,3,-25,-34,6222
804,Meowstic,12,-56,-14,23,-4,2,4025
805,Honedge,-17,-24,10,-25,-48,-74,9370
806,Doublade,-3,6,60,-15,-36,-67,9655
807,Aegislash (Shield Forme),-2,-54,50,-10,55,-42,10309
808,Aegislash (Blade Forme),-2,36,-40,80,-35,-42,12289
809,Spritzee,16,-52,-30,3,-20,-79,10510
810,Aromatisse,39,-32,-18,39,4,-73,9735
811,Swirlix,0,-56,-24,-1,-28,-53,7306
812,Slurpuff,20,-24,-4,25,-10,-30,2617
813,Inkay,-9,-50,-37,-23,-39,-57,9249
814,Malamar,24,-12,-2,8,-10,-29,1729
815,Binacle,-20,-52,-23,-21,-29,-52,7619
816,Barbaracle,10,1,25,-6,1,-34,1919
817,Skrelp,-12,-44,-30,0,-25,-72,8789
818,Dragalge,3,-29,0,37,38,-58,7027
819,Clauncher,-12,-51,-28,-2,-22,-58,7381
820,Clawitzer,9,-31,-2,60,4,-43,6511
821,Helioptile,-18,-66,-57,1,-42,-32,10718
822,Heliolisk,0,-49,-38,49,9,7,6376
823,Tyrunt,-4,-15,-13,-15,-40,-54,5151
824,Tyrantrum,20,17,29,9,-26,-31,3248
825,Amaura,15,-45,-40,7,-22,-56,7519
826,Aurorus,61,-27,-18,39,7,-44,8280
827,Sylveon,33,-39,-25,50,45,-42,9524
828,Hawlucha,16,-12,-15,14,-22,16,1561
829,Dedenne,5,-46,-33,21,-18,-1,3996
830,Carbink,-12,-54,60,-10,65,-52,13689
831,Goomy,-17,-54,-55,-5,-10,-62,10199
832,Sliggoo,6,-29,-37,23,28,-42,5323
833,Sliggoo (Hisuian Sliggoo),-4,-29,-7,23,28,-62,6063
834,Goodra,28,-4,-20,50,65,-22,8409
835,Goodra (Hisuian Goodra),18,-4,10,50,65,-42,8929
836,Klefki,-5,-24,1,20,2,-27,1735
837,Phantump,-19,-34,-42,-10,-25,-64,8102
838,Trevenant,23,6,-14,5,-3,-46,2911
839,Pumpkaboo (Small Size),-18,-38,-20,-16,-30,-46,5440
840,Pumpkaboo (Average Size),-13,-38,-20,-16,-30,-51,5770
841,Pumpkaboo (Large Size),-8,-38,-20,-16,-30,-56,6200
842,Pumpkaboo (Super Size),-3,-38,-20,-16,-30,-61,6730
843,Gourgeist (Small Size),-7,-19,32,-2,-10,-3,1547
844,Gourgeist (Average Size),3,-14,32,-2,-10,-18,1657
845,Gourgeist (Large Size),13,-9,32,-2,-10,-33,2467
846,Gourgeist (Super Size),23,-4,32,-2,-10,-48,3977
847,Bergmite,-7,-35,-5,-28,-50,-74,10059
848,Avalugg,33,13,94,-16,-39,-74,17347
849,Avalugg (Hisuian Avalugg),33,23,94,-26,-49,-64,17627
850,Noibat,-22,-74,-55,-15,-45,-47,13444
851,Noivern,23,-34,-10,37,-5,21,3620
852,Xerneas,64,27,5,71,13,-3,10069
853,Yveltal,64,27,5,71,13,-3,10069
854,Zygarde (50% Forme),46,-4,31,21,10,-7,3683
855,Zygarde (10% Forme),-8,-4,-19,1,0,13,611
856,Zygarde (Complete Forme),154,-4,31,31,10,-17,26043
857,Diancie,-12,-4,60,40,65,-52,12289
858,Diancie (Mega Diancie),-12,56,20,100,25,8,14369
859,Hoopa (Hoopa Confined),18,6,-30,90,45,-32,12409
860,Hoopa (Hoopa Unbound),18,56,-30,110,45,-22,18969
861,Volcanion,18,6,30,70,5,-32,7209
862,Rowlet,6,-49,-35,-10,-35,-60,8587
863,Dartrix,16,-29,-15,10,-15,-50,4147
864,Decidueye,16,3,-15,40,15,-32,3339
865,Decidueye (Hisuian Decidueye),26,8,-10,35,10,-42,3929
866,Litten,-17,-39,-50,0,-45,-32,7359
867,Torracat,3,-19,-40,20,-35,-12,3739
868,Incineroar,33,11,0,20,5,-42,3399
869,Popplio,-12,-50,-36,6,-29,-62,8661
870,Brionne,-2,-35,-21,31,-4,-52,5351
871,Primarina,18,-30,-16,66,31,-42,8561
872,Pikipek,-27,-29,-60,-30,-55,-37,10464
873,Trumbeak,-7,-19,-40,-20,-35,-27,4364
874,Toucannon,18,16,-15,15,-10,-42,2894
875,Yungoos,-14,-34,-60,-30,-55,-57,12126
876,Gumshoos,26,6,-30,-5,-25,-57,5511
877,Grubbin,-15,-42,-45,-5,-40,-56,8775
878,Charjabug,-5,-22,5,-5,-10,-66,5015
879,Vikavolt,15,-34,0,85,-10,-59,12187
880,Crabrawler,-15,-22,-33,-18,-38,-39,5087
881,Crabominable,35,28,-13,2,-18,-59,5987
882,Oricorio,13,-34,-20,38,-15,-9,3475
883,Cutiefly,-22,-59,-50,-5,-45,-18,8839
884,Ribombee,-2,-49,-30,35,-15,22,5239
885,Rockruff,-17,-39,-50,-30,-45,-42,8999
886,Lycanroc (Midday Form),13,11,-25,-5,-20,10,1440
887,Lycanroc (Midnight Form),23,11,-15,-5,-10,-20,1400
888,Lycanroc (Dusk Form),13,13,-25,-5,-20,8,1452
889,Wishiwashi (Solo Form),-17,-84,-70,-35,-60,-62,20914
890,Wishiwashi (School Form),-17,36,40,80,50,-72,17269
891,Mareanie,-12,-51,-28,-17,-33,-57,8156
892,Toxapex,-12,-41,62,-7,57,-67,13456
893,Mudbray,8,-4,-20,-15,-30,-57,4854
894,Mudsdale,38,21,10,-5,0,-67,6499
895,Dewpider,-24,-64,-38,-20,-13,-75,12310
896,Araquanid,6,-34,2,-10,47,-60,7105
897,Fomantis,-22,-49,-55,-10,-50,-67,12999
898,Lurantis,8,1,0,20,5,-57,3739
899,Morelull,-22,-69,-35,5,-10,-87,14164
900,Shiinotic,-2,-59,-10,30,15,-72,9894
901,Salandit,-14,-60,-50,11,-45,-25,9067
902,Salazzle,6,-40,-30,51,-25,15,5987
903,Stufful,8,-29,-40,-15,-35,-52,6659
904,Bewear,58,21,-10,-5,-25,-42,6319
905,Bounsweet,-20,-74,-52,-30,-47,-70,16589
906,Steenee,-10,-64,-42,-20,-37,-40,9329
907,Tsareena,10,16,8,-10,13,-30,1589
908,Comfey,-11,-52,0,22,25,-2,3938
909,Oranguru,28,-44,-10,30,25,-42,6109
910,Passimian,38,16,0,-20,-25,-22,3209
911,Wimpod,-37,-69,-50,-40,-55,-22,13739
912,Golisopod,13,21,50,0,5,-62,6979
913,Sandygast,-7,-49,-10,10,-40,-87,11819
914,Palossand,23,-29,20,40,-10,-67,7959
915,Pyukumuku,-7,-44,40,-30,45,-97,15919
916,Type: Null,33,-9,5,35,10,-43,4369
917,Silvally,33,-9,5,35,10,-7,2569
918,Minior (Meteor Form),-2,-44,10,0,15,-42,4029
919,Minior (Core),-2,-4,-30,40,-25,18,3469
920,Komala,3,11,-25,15,10,-37,2449
921,Turtonator,-2,-26,45,31,0,-66,8022
922,Togedemaru,3,-6,-27,-20,-12,-6,1354
923,Mimikyu,-7,-14,-10,-10,20,-6,881
924,Bruxish,6,1,-20,10,-15,-10,862
925,Drampa,16,-44,-5,75,6,-66,12234
926,Dhelmise,8,27,10,26,5,-62,5438
927,Jangmo-o,-17,-49,-25,-15,-40,-57,8389
928,Hakamo-o,-7,-29,0,5,-15,-37,2509
929,Kommo-o,13,6,35,40,20,-17,3719
930,Tapu Koko,8,11,-5,35,-10,28,2319
931,Tapu Lele,8,-19,-15,70,30,-7,6499
932,Tapu Bulu,8,26,25,25,10,-27,2819
933,Tapu Fini,8,-29,25,35,45,-17,5069
934,Cosmog,-19,-75,-59,-31,-54,-65,17569
935,Cosmoem,-19,-75,41,-31,46,-65,14969
936,Solgaleo,75,33,17,53,4,-5,9853
937,Lunala,75,9,-1,77,22,-5,12145
938,Nihilego,47,-51,-43,67,46,1,13265
939,Buzzwole,45,35,49,-7,-32,-23,7253
940,Pheromosa,9,33,-53,77,-48,49,14613
941,Xurkitree,21,-15,-19,113,-14,-19,14353
942,Celesteela,35,-3,13,47,16,-41,5549
943,Kartana,-3,77,41,-1,-54,7,10585
944,Guzzlord,161,-3,-37,37,-32,-59,33173
945,Necrozma,35,3,11,67,4,-23,6389
946,Necrozma (Dusk Mane Necrozma),35,53,37,53,24,-25,9413
947,Necrozma (Dawn Wings Necrozma),35,9,19,97,42,-25,13465
948,Necrozma (Ultra Necrozma),35,63,7,107,12,27,17565
949,Magearna,18,-9,25,70,30,-37,8199
950,Marshadow,28,21,-10,30,5,23,2779
951,Poipole,5,-31,-23,13,-18,-29,2849
952,Naganadel,11,-31,-17,67,-12,19,6365
953,Stakataka,-1,27,121,-7,16,-89,23597
954,Blacephalon,-9,23,-37,91,-6,5,10321
955,Zeraora,26,8,-15,42,-5,41,4435
956,Meltan,-16,-39,-25,-5,-50,-68,9551
957,Melmetal,73,39,53,20,-20,-68,15083
958,Grookey,-12,-39,-40,-20,-45,-37,7059
959,Thwackey,8,-19,-20,-5,-25,-22,1959
960,Rillaboom,38,21,0,0,-15,-17,2399
961,Scorbunny,-12,-33,-50,-20,-45,-33,7247
962,Raboot,3,-18,-30,-5,-25,-8,1947
963,Cinderace,18,12,-15,5,-10,17,1107
964,Sobble,-12,-64,-50,10,-45,-32,9889
965,Drizzile,3,-44,-35,35,-30,-12,5439
966,Inteleon,8,-19,-25,65,-20,18,5999
967,Skwovet,8,-49,-35,-25,-50,-77,12744
968,Greedent,58,-9,5,-5,-10,-82,10319
969,Rookidee,-24,-57,-55,-27,-50,-45,12104
970,Corvisquire,6,-37,-35,-17,-30,-25,4444
971,Corviknight,36,-17,15,-7,0,-35,3084
972,Blipbug,-37,-84,-70,-35,-40,-57,19399
973,Dottler,-12,-69,-10,-10,5,-72,10314
974,Orbeetle,-2,-59,20,20,35,-12,5654
975,Nickit,-22,-76,-62,-13,-33,-52,14066
976,Thievul,8,-46,-32,27,7,-12,4126
977,Gossifleur,-22,-64,-30,-20,-25,-92,14969
978,Eldegoss,-2,-54,0,20,35,-42,6309
979,Wooloo,-20,-64,-35,-20,-40,-54,10637
980,Dubwool,10,-24,10,0,5,-14,997
981,Chewtle,-12,-40,-40,-22,-47,-58,9401
982,Drednaw,28,11,0,-12,-17,-28,2122
983,Yamper,-3,-59,-40,-20,-35,-76,12491
984,Boltund,7,-14,-30,30,-25,19,3031
985,Rolycoly,-32,-64,-40,-20,-35,-72,13529
986,Carkol,18,-44,0,0,-15,-52,5189
987,Coalossal,48,-24,30,20,5,-72,9389
988,Applin,-22,-64,-10,-20,-45,-82,13829
989,Flapple,8,6,-10,35,-25,-32,3074
990,Appletun,48,-19,-10,40,-5,-72,9574
991,Silicobra,-10,-47,-15,-25,-35,-56,7520
992,Sandaconda,10,3,35,5,-15,-31,2545
993,Cramorant,8,-19,-35,25,10,-17,2664
994,Arrokuda,-21,-41,-50,-20,-55,-36,9343
995,Barraskewda,-1,19,-30,0,-35,34,3643
996,Toxel,-22,-66,-55,-6,-50,-62,14245
997,Toxtricity,13,-6,-20,54,-15,-27,4475
998,Sizzlipede,-12,-39,-45,-10,-35,-57,8264
999,Centiskorch,38,11,-25,30,5,-37,4484
1000,Clobbopus,-12,-36,-30,-10,-35,-70,8565
1001,Grapploct,18,14,0,10,-5,-60,4245
1002,Sinistea,-22,-59,-45,14,-31,-52,9851
1003,Polteageist,-2,-39,-25,74,29,-32,9491
1004,Hatenna,-20,-74,-45,-4,-32,-63,12910
1005,Hattrem,-5,-64,-25,26,-12,-53,8375
1006,Hatterene,-5,-14,5,76,18,-73,11675
1007,Impidimp,-17,-59,-60,-5,-45,-52,12124
1008,Morgrem,3,-44,-45,15,-30,-32,6119
1009,Grimmsnarl,33,16,-25,35,-10,-42,5059
1010,Obstagoon,31,-14,11,0,-4,-7,1343
1011,Perrserker,8,6,10,-10,-25,-52,3629
1012,Cursola,-2,-9,-40,85,45,-72,16119
1013,Sirfetch'd,0,31,5,8,-3,-37,2428
1014,Mr. Rime,18,-19,-15,50,15,-32,4659
1015,Runerigus,-4,-9,55,-10,20,-72,8806
1016,Milcery,-17,-64,-50,-10,-24,-68,12185
1017,Alcremie,3,-44,-15,50,36,-38,7410
1018,Falinks,3,-4,10,10,-25,-27,1579
1019,Pincurchin,-14,-3,5,31,0,-87,8760
1020,Snom,-32,-79,-55,-15,-55,-82,20264
1021,Frosmoth,8,-39,-30,65,5,-37,8104
1022,Stonjourner,38,21,45,-40,-65,-32,10759
1023,Eiscue (Ice Face),13,-24,20,5,5,-52,3899
1024,Eiscue (Noice Face),13,-24,-20,5,-35,28,3179
1025,Indeedee (Male),-2,-39,-35,45,10,-7,4924
1026,Indeedee (Female),8,-49,-25,35,20,-17,5004
1027,Morpeko,-4,-9,-32,10,-27,-5,1975
1028,Cufant,10,-24,-41,-20,-36,-62,7897
1029,Copperajah,60,26,-21,20,-16,-72,10557
1030,Dracozolt,28,-4,0,20,-15,-27,2154
1031,Arctozolt,28,-4,0,30,-5,-47,3934
1032,Dracovish,28,-14,10,10,-5,-27,1934
1033,Arctovish,28,-14,10,20,5,-47,3714
1034,Duraludon,8,-9,25,60,-35,-17,5884
1035,Dreepy,-34,-44,-60,-20,-55,-20,10517
1036,Drakloak,6,-24,-40,0,-35,0,3437
1037,Dragapult,26,16,-15,40,-10,40,4457
1038,Zacian (Hero of Many Battles),30,16,25,20,30,36,4377
1039,Zacian (Crowned Sword),30,46,25,20,30,46,7057
1040,Zamazenta (Hero of Many Battles),30,16,25,20,30,36,4377
1041,Zamazenta (Crowned Shield),30,16,50,20,55,26,7757
1042,Eternatus,78,-19,5,85,10,28,14579
1043,Eternatus (Eternamax Eternatus),193,11,160,65,165,28,95204
1044,Kubfu,-2,-14,-30,-7,-35,-30,3274
1045,Urshifu,38,26,10,3,-25,-5,2879
1046,Zarude,43,16,15,10,10,3,2539
1047,Regieleki,18,-4,-40,40,-35,98,14369
1048,Regidrago,138,-4,-40,40,-35,-22,23969
1049,Glastrier,38,41,40,5,25,-72,10559
1050,Spectrier,38,-39,-30,85,-5,28,11899
1051,Calyrex,38,-24,-10,20,-5,-22,3029
1052,Calyrex (Ice Rider Calyrex),38,61,60,25,45,-52,14119
1053,Calyrex (Shadow Rider Calyrex),38,-19,-10,105,15,48,15459
1054,Wyrdeer,41,1,-18,45,-10,-37,5500
1055,Kleavor,8,31,5,-15,-15,-17,1789
1056,Ursaluna,68,36,15,-15,-5,-52,9099
1057,Basculegion (Male),58,8,-25,20,-10,-24,5129
1058,Basculegion (Female),58,-12,-25,40,-10,-24,6409
1059,Sneasler,18,26,-30,-20,-5,18,2649
1060,Overqwil,23,11,5,5,-20,-17,1389
1061,Enamorus (Incarnate Forme),12,11,-20,75,-5,4,6331
1062,Enamorus (Therian Forme),12,11,20,75,15,-56,9651
1063,Sprigatito,-22,-43,-36,-15,-40,-37,6823
1064,Floragato,-1,-24,-27,0,-22,-19,2151
1065,Meowscarada,14,6,-20,21,-15,21,1739
1066,Fuecoco,5,-59,-31,3,-45,-66,10857
1067,Crocalor,19,-49,-12,30,-27,-53,7344
1068,Skeledirge,42,-29,10,50,-10,-36,6601
1069,Quaxly,-7,-39,-45,-10,-40,-52,7999
1070,Quaxwell,8,-19,-25,5,-25,-37,3069
1071,Quaquaval,23,16,-10,25,-10,-17,1899
1072,Lechonk,-8,-59,-50,-25,-40,-67,12759
1073,Oinkologne (Male),48,-4,-15,-1,-5,-37,3940
1074,Oinkologne (Female),53,-14,-20,-1,5,-37,4800
1075,Tarountula,-27,-63,-45,-31,-45,-82,16433
1076,Spidops,-2,-25,2,-8,1,-67,5187
1077,Nymble,-29,-58,-50,-39,-60,-57,15075
1078,Lokix,9,-2,-12,-8,-30,-10,1293
1079,Pawmi,-17,-54,-70,-20,-60,-42,13869
1080,Pawmo,-2,-29,-50,-10,-45,-17,5759
1081,Pawmot,8,11,-20,10,-25,3,1319
1082,Tandemaus,-12,-54,-45,-20,-40,-27,7814
1083,Maushold,12,-29,-20,5,-10,9,1591
1084,Fidough,-25,-49,-20,-30,-30,-37,6595
1085,Dachsbun,-5,-24,25,-10,-5,-7,1400
1086,Smoliv,-21,-69,-45,-2,-34,-72,13571
1087,Dolliv,-10,-51,-30,18,-7,-69,8735
1088,Arboliva,16,-35,0,65,24,-63,10251
1089,Squawkabilly,20,-8,-39,-15,-34,-10,3466
1090,Nacli,-7,-49,-15,-25,-50,-77,11729
1091,Naclstack,-2,-44,10,-25,-20,-67,7554
1092,Garganacl,38,-4,40,-15,5,-67,7799
1093,Charcadet,-22,-54,-50,-10,-45,-67,12514
1094,Armarouge,23,-44,10,65,-5,-27,7544
1095,Ceruledge,13,21,-10,0,15,-17,1224
1096,Tadbulb,-1,-73,-49,-1,-50,-57,13481
1097,Bellibolt,47,-40,1,43,-2,-57,8912
1098,Wattrel,-22,-64,-55,-5,-45,-32,10679
1099,Kilowattrel,8,-34,-30,45,-25,23,5299
1100,Maschiff,-2,-26,-30,-20,-34,-51,5737
1101,Mabosstiff,18,16,0,0,-15,-17,1094
1102,Shroodle,-22,-39,-55,-20,-50,-27,8659
1103,Grafaiai,1,-9,-25,20,-13,8,1340
1104,Bramblin,-22,-39,-60,-15,-50,-42,10094
1105,Brambleghast,-7,11,-20,20,-15,-12,1339
1106,Toedscool,-22,-64,-55,-10,15,-32,8954
1107,Toedscruel,18,-34,-25,20,35,-2,3734
1108,Klawf,8,-4,25,-25,-30,-27,2959
1109,Capsakid,-12,-42,-50,2,-45,-52,9141
1110,Scovillain,3,4,-25,48,-20,-27,4083
1111,Rellor,-21,-54,-30,-29,-27,-72,11011
1112,Rabsca,13,-54,-5,55,15,-57,9609
1113,Flittle,-32,-69,-60,-5,-55,-27,13164
1114,Espathra,33,-44,-30,41,-25,3,6240
1115,Tinkatink,-12,-59,-45,-25,-21,-44,8652
1116,Tinkatuff,3,-49,-35,-15,-3,-24,4445
1117,Tinkaton,23,-29,-13,10,20,-8,2103
1118,Wiglett,-52,-49,-65,-25,-60,-7,13604
1119,Wugtrio,-27,-4,-40,-10,-15,18,2994
1120,Bombirdier,8,-1,-5,0,0,-20,490
1121,Finizen,8,-59,-50,-15,-45,-27,9024
1122,Palafin,38,-34,-18,-7,-23,-2,3506
1123,Palafin,38,56,7,46,2,-2,6753
1124,Varoom,-17,-34,-27,-30,-40,-55,7699
1125,Revavroom,18,15,0,-6,-18,-12,1053
1126,Cyclizar,8,-9,-25,25,-20,19,2156
1127,Orthworm,8,-19,55,0,-30,-37,5719
1128,Glimmet,-14,-69,-48,45,-25,-42,11675
1129,Glimmora,21,-49,0,70,-4,-16,8014
1130,Greavard,-12,-43,-30,-30,-30,-68,9317
1131,Houndstone,10,-3,10,-10,12,-34,1609
1132,Flamigo,20,11,-16,15,-21,-12,1587
1133,Cetoddle,46,-36,-45,-30,-45,-59,11843
1134,Cetitan,108,9,-25,-15,-30,-29,14336
1135,Veluza,28,-2,-17,18,-20,-32,2825
1136,Dondozo,88,-4,25,5,-20,-67,13299
1137,Tatsugiri,6,-54,-30,60,10,-20,7952
1138,Annihilape,48,11,-10,-10,5,-12,2794
1139,Clodsire,68,-29,-30,-15,15,-82,13539
1140,Farigiraf,58,-14,-20,50,-15,-42,8449
1141,Dudunsparce,63,-4,-10,25,-10,-47,7019
1142,Kingambit,38,31,30,0,0,-52,6009
1143,Great Tusk,53,27,41,-7,-32,-15,6517
1144,Scream Tail,53,-39,9,5,30,9,5417
1145,Brute Bonnet,49,23,9,19,14,-47,5777
1146,Flutter Mane,-7,-49,-35,75,50,33,12889
1147,Slither Wing,23,31,-11,25,20,-21,3077
1148,Sandy Shocks,23,-23,7,61,0,-1,4829
1149,Iron Treads,28,8,30,12,-15,4,2133
1150,Iron Bundle,-6,-24,24,64,-25,34,7065
1151,Iron Hands,92,36,18,-10,-17,-52,13177
1152,Iron Jugulis,32,-24,-4,62,-5,6,5521
1153,Iron Moth,18,-34,-30,80,25,8,9469
1154,Iron Thorns,38,30,20,10,-1,-30,3745
1155,Frigibax,3,-29,-45,-25,-40,-47,7309
1156,Arctibax,28,-9,-24,-15,-20,-40,3666
1157,Baxcalibur,53,41,2,15,1,-15,4945
1158,Gimmighoul (Chest Form),-17,-74,-20,15,-15,-92,15079
1159,Gimmighoul (Roaming Form),-17,-74,-65,15,-40,-22,12299
1160,Gholdengo,25,-44,5,73,6,-18,8275
1161,Wo-Chien,23,-19,10,35,50,-32,5739
1162,Chien-Pao,18,16,-10,30,-20,33,3069
1163,Ting-Lu,93,6,35,-5,-5,-57,13209
1164,Chi-Yu,-7,-24,-10,75,35,-2,7579
1165,Roaring Moon,43,35,-19,-5,16,17,4005
1166,Iron Valiant,12,26,0,60,-25,14,5241
1167,Koraidon,38,31,25,25,15,33,4969
1168,Miraidon,38,-19,10,75,30,33,9519
