Kevin Cooper vs. Pokemon SSE,pokemon,D_HP,D_ATK,D_DEF,D_SPA,D_SPD,D_SPE,SSE
0,Bulbasaur,-27,-64,-66,-5,-36,-52,13206
1,Ivysaur,-12,-51,-52,10,-21,-37,7359
2,Venusaur,8,-31,-32,30,-1,-17,3239
3,Venusaur (Mega Venusaur),8,-13,8,52,19,-17,3651
4,Charmander,-33,-61,-72,-10,-51,-32,13719
5,Charmeleon,-14,-49,-57,10,-36,-17,7531
6,Charizard,6,-29,-37,39,-16,3,4032
7,Charizard (Mega Charizard X),6,17,-4,60,-16,3,4206
8,Charizard (Mega Charizard Y),6,-9,-37,89,14,3,9612
9,Squirtle,-28,-65,-50,-20,-37,-54,12194
10,Wartortle,-13,-50,-35,-5,-21,-39,5881
11,Blastoise,7,-30,-15,15,4,-19,1776
12,Blastoise (Mega Blastoise),7,-10,5,65,14,-19,4956
13,Caterpie,-27,-83,-80,-50,-81,-52,25783
14,Metapod,-22,-93,-60,-45,-76,-67,25023
15,Butterfree,-12,-68,-65,20,-21,-27,10563
16,Weedle,-32,-78,-85,-50,-81,-47,25603
17,Kakuna,-27,-88,-65,-45,-76,-62,24343
18,Beedrill,-7,-23,-75,-25,-21,-22,7753
19,Beedrill (Mega Beedrill),-7,37,-75,-55,-21,48,12813
20,Pidgey,-32,-68,-75,-35,-66,-41,18535
21,Pidgeotto,-9,-53,-60,-20,-51,-26,10167
22,Pidgeot,11,-33,-40,0,-31,4,3787
23,Pidgeot (Mega Pidgeot),11,-33,-35,65,-21,24,7677
24,Rattata,-42,-57,-80,-45,-66,-25,18419
25,Rattata (Alolan Rattata),-42,-57,-80,-45,-66,-25,18419
26,Raticate,-17,-32,-55,-20,-31,0,5699
27,Raticate (Alolan Raticate),3,-42,-45,-30,-21,-20,5539
28,Spearow,-32,-53,-85,-39,-70,-27,18208
29,Fearow,-7,-23,-50,-9,-40,3,4768
30,Ekans,-37,-53,-71,-30,-47,-42,14092
31,Arbok,-12,-18,-46,-5,-22,-17,3382
32,Pikachu,-37,-58,-75,-20,-51,-7,13408
33,Pikachu (Partner Pikachu),-27,-33,-65,5,-41,23,8278
34,Raichu,-12,-23,-60,20,-21,13,5283
35,Raichu (Alolan Raichu),-12,-28,-65,25,-16,13,6203
36,Sandshrew,-22,-38,-30,-50,-71,-57,13618
37,Sandshrew (Alolan Sandshrew),-22,-38,-25,-60,-66,-57,13758
38,Sandslash,3,-13,-5,-25,-46,-32,3968
39,Sandslash (Alolan Sandslash),3,-13,5,-45,-36,-32,4548
40,Nidoran♀,-17,-66,-63,-30,-61,-56,16371
41,Nidorina,-2,-51,-48,-15,-46,-41,8931
42,Nidoqueen,18,-21,-28,5,-16,-21,2271
43,Nidoran♂,-26,-56,-75,-30,-61,-47,16267
44,Nidorino,-11,-41,-58,-15,-46,-32,8531
45,Nidoking,9,-11,-38,15,-26,-12,2691
46,Clefairy,-2,-68,-67,-10,-36,-62,14357
47,Clefable,23,-43,-42,25,-11,-37,6257
48,Vulpix,-34,-72,-75,-20,-36,-32,14685
49,Vulpix (Alolan Vulpix),-34,-72,-75,-20,-36,-32,14685
50,Ninetales,1,-37,-40,11,-1,3,3101
51,Ninetales (Alolan Ninetales),1,-46,-40,11,-1,12,3983
52,Jigglypuff,43,-68,-95,-25,-76,-77,27828
53,Wigglytuff,68,-43,-70,15,-51,-52,16903
54,Zubat,-32,-68,-80,-40,-61,-42,19133
55,Golbat,3,-33,-45,-5,-26,-7,3873
56,Oddish,-27,-63,-60,5,-36,-67,14108
57,Gloom,-12,-48,-45,15,-26,-57,8623
58,Vileplume,3,-33,-30,40,-11,-47,5928
59,Paras,-37,-43,-60,-25,-46,-72,14743
60,Parasect,-12,-18,-35,-10,-21,-67,6723
61,Venonat,-12,-58,-65,-30,-46,-52,13453
62,Venomoth,-2,-48,-55,20,-26,-7,6458
63,Diglett,-62,-58,-90,-35,-56,-2,19673
64,Diglett (Alolan Diglett),-62,-58,-85,-35,-56,-7,18843
65,Dugtrio,-37,-13,-65,-20,-31,23,7653
66,Dugtrio (Alolan Dugtrio),-37,-13,-55,-20,-31,13,6093
67,Meowth,-32,-68,-80,-30,-61,-7,16718
68,Meowth (Alolan Meowth),-32,-78,-80,-20,-61,-7,17678
69,Meowth (Galarian Meowth),-22,-48,-60,-30,-61,-57,14258
70,Persian,-7,-43,-55,-5,-36,18,6568
71,Persian (Alolan Persian),-7,-53,-55,5,-36,18,7528
72,Psyduck,-22,-61,-67,-5,-51,-42,13084
73,Golduck,8,-31,-37,25,-21,-12,3604
74,Mankey,-32,-33,-80,-35,-56,-27,13603
75,Primeape,-7,-8,-55,-10,-31,-2,4203
76,Growlithe,-17,-43,-70,0,-51,-37,11008
77,Growlithe (Hisuian Growlithe),-12,-38,-70,-5,-51,-42,10878
78,Arcanine,18,-3,-35,30,-21,-2,2903
79,Arcanine (Hisuian Arcanine),23,2,-35,25,-21,-7,2873
80,Poliwag,-32,-63,-75,-30,-61,-7,15288
81,Poliwhirl,-7,-48,-50,-20,-51,-7,7903
82,Poliwrath,18,-18,-20,0,-11,-27,1898
83,Abra,-47,-93,-100,35,-46,-7,24248
84,Kadabra,-32,-78,-85,50,-31,8,17858
85,Alakazam,-17,-63,-70,65,-6,23,13948
86,Alakazam (Mega Alakazam),-17,-63,-50,105,4,53,20608
87,Machop,-2,-33,-65,-35,-66,-62,14743
88,Machoke,8,-13,-45,-20,-41,-52,7043
89,Machamp,18,17,-35,-5,-16,-42,3883
90,Bellsprout,-22,-38,-80,0,-71,-57,16618
91,Weepinbell,-7,-23,-65,15,-56,-42,9928
92,Victreebel,8,-8,-50,30,-31,-27,5218
93,Tentacool,-32,-73,-80,-20,-1,-27,13883
94,Tentacruel,8,-43,-50,10,19,3,4883
95,Geodude,-32,-33,-15,-40,-71,-77,14908
96,Geodude (Alolan Geodude),-32,-33,-15,-40,-71,-77,14908
97,Graveler,-17,-18,0,-25,-56,-62,8218
98,Graveler (Alolan Graveler),-17,-18,0,-25,-56,-62,8218
99,Golem,8,7,15,-15,-36,-52,4563
100,Golem (Alolan Golem),8,7,15,-15,-36,-52,4563
101,Ponyta,-22,-28,-60,-5,-36,-7,6238
102,Ponyta (Galarian Ponyta),-22,-28,-60,-5,-36,-7,6238
103,Rapidash,-7,-13,-45,10,-21,8,2848
104,Rapidash (Galarian Rapidash),-7,-13,-45,10,-21,8,2848
105,Slowpoke,18,-48,-50,-30,-61,-82,16473
106,Slowpoke (Galarian Slowpoke),18,-48,-50,-30,-61,-82,16473
107,Slowbro,23,-38,-5,30,-21,-67,7828
108,Slowbro (Mega Slowbro),23,-38,65,60,-21,-67,14728
109,Slowbro (Galarian Slowbro),23,-13,-20,30,-31,-67,7448
110,Magnemite,-47,-78,-45,25,-46,-52,15763
111,Magneton,-22,-53,-20,50,-31,-27,7883
112,Farfetch'd,-20,-23,-60,-12,-39,-37,7563
113,Farfetch'd (Galarian Farfetch'd),-20,-18,-60,-12,-39,-42,7753
114,Doduo,-37,-28,-70,-35,-66,-22,13118
115,Dodrio,-12,-3,-45,-10,-41,13,4128
116,Seel,-7,-68,-60,-25,-31,-52,12563
117,Dewgong,18,-43,-35,0,-6,-27,4163
118,Grimer,8,-33,-65,-30,-51,-72,14063
119,Grimer (Alolan Grimer),8,-33,-65,-30,-51,-72,14063
120,Muk,33,-8,-40,-5,-1,-47,4988
121,Muk (Alolan Muk),33,-8,-40,-5,-1,-47,4988
122,Shellder,-42,-48,-15,-25,-76,-57,13943
123,Cloyster,-22,-18,65,15,-56,-27,9123
124,Gastly,-42,-78,-85,30,-66,-17,20618
125,Haunter,-27,-63,-70,45,-46,-2,13743
126,Gengar,-12,-48,-55,60,-26,13,9918
127,Gengar (Mega Gengar),-12,-48,-35,100,-6,33,14798
128,Onix,-37,-68,45,-40,-56,-27,13483
129,Drowzee,-12,-65,-70,-27,-11,-55,13144
130,Hypno,13,-40,-45,3,14,-30,4899
131,Krabby,-42,-8,-25,-45,-76,-47,12463
132,Kingler,-17,17,0,-20,-51,-22,4063
133,Voltorb,-32,-83,-65,-15,-46,3,14488
134,Voltorb (Hisuian Voltorb),-32,-83,-65,-15,-46,3,14488
135,Electrode,-12,-63,-45,10,-21,53,9488
136,Electrode (Hisuian Electrode),-12,-63,-45,10,-21,53,9488
137,Exeggcute,-12,-73,-35,-10,-56,-57,13183
138,Exeggutor,23,-18,-30,55,-26,-42,7218
139,Exeggutor (Alolan Exeggutor),23,-8,-30,55,-26,-52,7898
140,Cubone,-22,-63,-20,-30,-51,-62,12198
141,Marowak,-12,-33,-5,-20,-21,-52,4803
142,Marowak (Alolan Marowak),-12,-33,-5,-20,-21,-52,4803
143,Hitmonlee,-22,7,-62,-35,9,-10,5783
144,Hitmonchan,-22,-8,-36,-35,9,-21,3591
145,Lickitung,18,-58,-40,-10,-26,-67,10553
146,Koffing,-32,-48,-20,-10,-56,-62,10808
147,Weezing,-7,-23,5,15,-31,-37,3158
148,Weezing (Galarian Weezing),-7,-23,5,15,-31,-37,3158
149,Rhyhorn,8,-28,-20,-40,-71,-72,13073
150,Rhydon,33,17,5,-25,-56,-57,8413
151,Chansey,178,-108,-110,-35,4,-47,58898
152,Tangela,-7,-58,0,30,-61,-37,9403
153,Kangaskhan,33,-18,-35,-30,-21,-7,4028
154,Kangaskhan (Mega Kangaskhan),33,12,-15,-10,-1,3,1568
155,Horsea,-42,-73,-45,0,-76,-37,16263
156,Seadra,-17,-48,-20,25,-56,-12,6898
157,Goldeen,-27,-46,-55,-35,-51,-34,10852
158,Seaking,8,-21,-50,-5,-21,-29,4312
159,Staryu,-42,-68,-60,0,-46,-12,12248
160,Starmie,-12,-38,-30,30,-16,18,3968
161,Mr. Mime,-32,-68,-50,30,19,-7,9458
162,Mr. Mime (Galarian Mr. Mime),-22,-48,-50,20,-11,3,5818
163,Scyther,-2,-3,-35,-15,-21,8,1968
164,Jynx,-7,-63,-80,45,-6,-2,12483
165,Electabuzz,-7,-30,-58,25,-16,8,5258
166,Magmar,-7,-18,-58,30,-16,-4,4909
167,Pinsir,-7,12,-15,-15,-31,-12,1748
168,Pinsir (Mega Pinsir),-7,42,5,-5,-11,8,2048
169,Tauros,3,-13,-20,-30,-31,13,2608
170,Tauros (Paldean Tauros (Combat Breed)),3,-3,-10,-40,-31,3,2688
171,Tauros (Paldean Tauros (Blaze Breed)),3,-3,-10,-40,-31,3,2688
172,Tauros (Paldean Tauros (Aqua Breed)),3,-3,-10,-40,-31,3,2688
173,Magikarp,-52,-103,-60,-55,-81,-17,26788
174,Gyarados,23,12,-36,-10,-1,-16,2326
175,Gyarados (Mega Gyarados),23,42,-6,0,29,-16,3426
176,Lapras,58,-28,-35,15,-6,-37,7003
177,Ditto,-24,-65,-67,-22,-53,-49,14984
178,Eevee,-17,-58,-65,-25,-36,-42,11563
179,Eevee (Partner Eevee),-7,-38,-45,-5,-16,-22,4283
180,Vaporeon,58,-48,-55,40,-6,-32,11353
181,Jolteon,-7,-48,-55,40,-6,33,8103
182,Flareon,-7,17,-55,25,9,-32,5093
183,Porygon,-7,-53,-45,15,-26,-57,9033
184,Omanyte,-37,-73,-15,20,-46,-62,13283
185,Omastar,-2,-53,10,45,-31,-42,7663
186,Kabuto,-42,-33,-25,-15,-56,-42,8603
187,Kabutops,-12,2,-10,-5,-31,-17,1523
188,Aerodactyl,8,-8,-50,-10,-26,33,4493
189,Aerodactyl (Mega Aerodactyl),8,22,-30,0,-6,53,4293
190,Snorlax,88,-3,-50,-5,9,-67,14848
191,Articuno,18,-28,-15,25,24,-12,2678
192,Articuno (Galarian Articuno),18,-28,-30,55,-1,-2,5038
193,Zapdos,18,-23,-30,55,-11,3,4908
194,Zapdos (Galarian Zapdos),18,12,-25,15,-11,3,1448
195,Moltres,18,-13,-25,55,-16,-7,4448
196,Moltres (Galarian Moltres),18,-28,-25,30,24,-7,3258
197,Dratini,-31,-49,-70,-20,-51,-47,13472
198,Dragonair,-11,-29,-50,0,-31,-27,5152
199,Dragonite,19,21,-20,30,-1,-17,2392
200,Mewtwo,34,-3,-25,84,-11,33,10056
201,Mewtwo (Mega Mewtwo X),34,77,-15,84,-1,33,15456
202,Mewtwo (Mega Mewtwo Y),34,37,-45,124,19,43,22136
203,Mew,28,-13,-15,30,-1,3,2088
204,Chikorita,-27,-64,-50,-21,-36,-52,11766
205,Bayleef,-12,-51,-35,-7,-21,-37,5829
206,Meganium,8,-31,-15,13,-1,-17,1709
207,Cyndaquil,-33,-61,-72,-10,-51,-32,13719
208,Quilava,-14,-49,-57,10,-36,-17,7531
209,Typhlosion,6,-29,-37,39,-16,3,4032
210,Typhlosion (Hisuian Typhlosion),1,-29,-37,49,-16,-2,4872
211,Totodile,-22,-48,-51,-26,-53,-54,11790
212,Croconaw,-7,-33,-35,-11,-38,-39,5449
213,Feraligatr,13,-8,-15,9,-18,-19,1224
214,Sentret,-37,-67,-81,-35,-56,-77,22709
215,Furret,13,-37,-51,-25,-46,-7,6929
216,Hoothoot,-12,-83,-85,-34,-45,-47,19648
217,Noctowl,28,-63,-65,16,-5,-27,9988
218,Ledyba,-32,-93,-85,-30,-21,-42,20003
219,Ledian,-17,-78,-65,-15,9,-12,11048
220,Spinarak,-32,-53,-75,-30,-61,-67,18568
221,Ariados,-2,-23,-45,-10,-31,-57,6868
222,Crobat,13,-23,-35,0,-21,33,3453
223,Chinchou,3,-75,-77,-14,-45,-30,14684
224,Lanturn,53,-55,-57,6,-25,-30,10644
225,Pichu,-52,-73,-100,-35,-66,-37,24983
226,Cleffa,-22,-88,-87,-25,-46,-82,25262
227,Igglybuff,18,-83,-100,-30,-81,-82,31398
228,Togepi,-37,-93,-50,-30,-36,-77,20643
229,Togetic,-17,-73,-30,10,4,-57,9883
230,Natu,-32,-63,-70,0,-56,-27,13758
231,Xatu,-7,-38,-45,25,-31,-2,5108
232,Mareep,-17,-73,-75,-5,-56,-62,18248
233,Flaaffy,-2,-58,-60,10,-41,-52,11453
234,Ampharos,18,-38,-30,45,-11,-42,6578
235,Ampharos (Mega Ampharos),18,-18,-10,95,9,-52,12558
236,Bellossom,3,-33,-20,20,-1,-47,4108
237,Marill,-2,-93,-65,-50,-51,-57,21228
238,Azumarill,28,-63,-35,-10,-21,-47,8728
239,Sudowoodo,-2,-13,0,-40,-36,-67,7558
240,Politoed,18,-38,-40,20,-1,-27,4498
241,Hoppip,-37,-78,-75,-35,-46,-47,18628
242,Skiploom,-17,-68,-65,-25,-36,-17,11348
243,Jumpluff,3,-58,-45,-15,-6,13,5828
244,Aipom,-17,-43,-60,-30,-46,-12,8898
245,Sunkern,-42,-83,-85,-40,-71,-67,27008
246,Sunflora,3,-38,-60,35,-16,-67,11023
247,Yanma,-7,-48,-70,5,-56,-2,10418
248,Wooper,-17,-68,-70,-45,-76,-82,24338
249,Wooper (Paldean Wooper),-17,-68,-70,-45,-76,-82,24338
250,Quagsire,23,-28,-30,-5,-36,-62,7378
251,Espeon,-7,-48,-55,60,-6,13,9183
252,Umbreon,23,-48,-5,-10,29,-32,4823
253,Murkrow,-12,-28,-73,15,-59,-6,9999
254,Slowking,23,-38,-35,30,9,-67,8668
255,Slowking (Galarian Slowking),23,-48,-35,40,9,-67,10228
256,Misdreavus,-12,-53,-55,15,-16,-12,6603
257,Unown,-24,-41,-67,2,-53,-49,11960
258,Wobbuffet,118,-80,-57,-37,-43,-64,30887
259,Girafarig,-2,-33,-50,20,-36,-12,5433
260,Pineco,-22,-48,-25,-35,-66,-82,15718
261,Forretress,3,-23,25,-10,-41,-57,6193
262,Dunsparce,28,-43,-45,-5,-36,-52,8683
263,Gligar,-7,-38,-10,-35,-36,-12,4258
264,Steelix,3,-28,85,-15,-36,-67,14028
265,Steelix (Mega Steelix),3,12,115,-15,-6,-67,18128
266,Snubbull,-12,-33,-65,-30,-61,-67,14568
267,Granbull,18,7,-40,-10,-41,-52,6458
268,Qwilfish,-7,-18,-30,-15,-46,-12,3758
269,Qwilfish (Hisuian Qwilfish),-7,-18,-30,-15,-46,-12,3758
270,Scizor,-2,17,-15,-15,-21,-32,2208
271,Scizor (Mega Scizor),-2,37,25,-5,-1,-22,2508
272,Shuckle,-52,-103,115,-60,129,-92,55243
273,Heracross,8,12,-40,-30,-6,-12,2888
274,Heracross (Mega Heracross),8,72,0,-30,4,-22,6648
275,Sneasel,-17,-18,-60,-35,-26,18,6438
276,Sneasel (Hisuian Sneasel),-17,-18,-60,-35,-26,18,6438
277,Teddiursa,-12,-33,-65,-20,-51,-57,11708
278,Ursaring,18,17,-40,5,-26,-42,4678
279,Slugma,-32,-73,-75,0,-61,-77,21628
280,Magcargo,-12,-63,5,20,-21,-67,9468
281,Swinub,-22,-63,-75,-40,-71,-47,18928
282,Piloswine,28,-13,-35,-10,-41,-47,6168
283,Corsola,-7,-58,-20,-5,-6,-62,7718
284,Corsola (Galarian Corsola),-12,-58,-15,-5,-1,-67,8248
285,Remoraid,-37,-48,-80,-5,-66,-32,15478
286,Octillery,3,-8,-40,35,-26,-52,6278
287,Delibird,-27,-58,-70,-5,-56,-22,12638
288,Mantine,13,-73,-45,10,39,-27,9873
289,Skarmory,-7,-33,25,-30,-31,-27,4353
290,Houndour,-27,-53,-85,10,-51,-32,14488
291,Houndoom,3,-23,-65,40,-21,-2,6808
292,Houndoom (Mega Houndoom),3,-23,-25,70,-11,18,6508
293,Kingdra,3,-18,-20,25,-6,-12,1538
294,Phanpy,18,-53,-55,-30,-61,-57,14028
295,Donphan,18,7,5,-10,-41,-47,4388
296,Porygon2,13,-33,-25,35,-6,-37,4513
297,Stantler,1,-18,-53,15,-36,-12,4799
298,Smeargle,-17,-93,-80,-50,-56,-22,21458
299,Tyrogue,-37,-78,-80,-35,-66,-62,23278
300,Hitmontop,-22,-18,-20,-35,9,-27,3243
301,Smoochum,-27,-83,-100,15,-36,-32,20163
302,Elekid,-27,-50,-78,-5,-46,-2,11458
303,Magby,-27,-38,-78,0,-46,-14,10569
304,Miltank,23,-33,-10,-30,-31,3,3588
305,Blissey,183,-103,-105,5,34,-42,58068
306,Raikou,18,-28,-40,45,-1,18,5058
307,Entei,43,2,-30,20,-26,3,3838
308,Suicune,28,-38,0,20,14,-12,2968
309,Larvitar,-22,-49,-65,-25,-51,-56,13472
310,Pupitar,-2,-29,-45,-5,-31,-46,5972
311,Tyranitar,28,21,-5,25,-1,-36,3172
312,Tyranitar (Mega Tyranitar),28,51,35,25,19,-26,6272
313,Lugia,34,-23,15,20,53,13,5288
314,Ho-Oh,34,17,-25,40,53,-7,6528
315,Celebi,28,-13,-15,30,-1,3,2088
316,Treecko,-32,-68,-80,-5,-46,-27,14918
317,Grovyle,-22,-48,-70,15,-36,-2,9213
318,Sceptile,-2,-28,-50,35,-16,23,5298
319,Sceptile (Mega Sceptile),-2,-3,-40,75,-16,48,9798
320,Torchic,-27,-53,-75,0,-51,-52,14468
321,Combusken,-12,-28,-55,15,-41,-42,7623
322,Blaziken,8,7,-45,40,-31,-17,4988
323,Blaziken (Mega Blaziken),8,47,-35,60,-21,3,7548
324,Mudkip,-22,-43,-65,-20,-51,-57,12808
325,Marshtomp,-2,-28,-45,-10,-31,-47,6083
326,Swampert,28,-3,-25,15,-11,-37,3133
327,Swampert (Mega Swampert),28,37,-5,25,9,-27,3613
328,Poochyena,-37,-58,-80,-40,-71,-62,21618
329,Mightyena,-2,-23,-45,-10,-41,-27,5068
330,Zigzagoon,-34,-83,-74,-40,-60,-37,20090
331,Zigzagoon (Galarian Zigzagoon),-34,-83,-74,-40,-60,-37,20090
332,Linoone,6,-43,-54,-20,-40,3,6810
333,Linoone (Galarian Linoone),6,-43,-54,-20,-40,3,6810
334,Wurmple,-27,-68,-80,-50,-71,-77,25223
335,Silcoon,-22,-78,-60,-45,-76,-82,24693
336,Beautifly,-12,-43,-65,30,-51,-32,10743
337,Cascoon,-22,-78,-60,-45,-76,-82,24693
338,Dustox,-12,-63,-45,-20,-11,-32,7683
339,Lotad,-32,-83,-85,-30,-51,-67,23128
340,Lombre,-12,-63,-65,-10,-31,-47,11608
341,Ludicolo,8,-43,-45,20,-1,-27,5068
342,Seedot,-32,-73,-65,-40,-71,-67,21708
343,Nuzleaf,-2,-43,-75,-10,-61,-37,12668
344,Shiftry,18,-13,-55,20,-41,-17,5888
345,Taillow,-32,-58,-85,-40,-71,-12,18398
346,Swellow,-12,-28,-55,5,-51,28,7363
347,Wingull,-32,-83,-85,-15,-71,-12,20548
348,Pelipper,-12,-63,-15,25,-31,-32,6948
349,Ralts,-44,-88,-90,-25,-66,-57,26010
350,Kirlia,-34,-78,-80,-5,-46,-47,17990
351,Gardevoir,-4,-48,-50,55,14,-17,8330
352,Gardevoir (Mega Gardevoir),-4,-28,-50,95,34,3,13490
353,Surskit,-32,-83,-83,-20,-49,-32,18627
354,Masquerain,-2,-53,-53,30,-19,-17,7172
355,Shroomish,-12,-73,-55,-30,-41,-62,14923
356,Breloom,-12,17,-35,-10,-41,-27,4168
357,Slakoth,-12,-53,-55,-35,-66,-67,16048
358,Vigoroth,8,-33,-35,-15,-46,-7,4768
359,Slaking,78,47,-15,25,-36,3,10448
360,Nincada,-41,-68,-25,-40,-71,-57,16820
361,Ninjask,-11,-23,-70,-20,-51,63,12520
362,Shedinja,-71,-23,-70,-40,-71,-57,20360
363,Whismur,-8,-62,-92,-19,-78,-69,23578
364,Loudred,12,-42,-72,1,-58,-49,12858
365,Exploud,32,-22,-52,21,-28,-29,6278
366,Makuhita,0,-53,-85,-50,-71,-72,22759
367,Hariyama,72,7,-55,-30,-41,-47,13048
368,Azurill,-22,-93,-75,-50,-61,-77,26908
369,Nosepass,-42,-68,20,-25,-11,-67,12023
370,Skitty,-22,-68,-70,-35,-66,-47,17798
371,Delcatty,-2,-48,-50,-15,-46,-7,7198
372,Sableye,-22,-38,-40,-5,-36,-47,7058
373,Sableye (Mega Sableye),-22,-28,10,15,14,-77,7718
374,Mawile,-22,-28,-30,-15,-46,-47,6718
375,Mawile (Mega Mawile),-22,-8,10,-15,-6,-47,3118
376,Aron,-22,-43,-15,-30,-61,-67,11668
377,Lairon,-12,-23,25,-20,-51,-57,7548
378,Aggron,-2,-3,65,-10,-41,-47,8228
379,Aggron (Mega Aggron),-2,27,115,-10,-21,-47,16708
380,Meditite,-42,-73,-60,-30,-46,-37,15078
381,Medicham,-12,-53,-40,-10,-26,-17,5618
382,Medicham (Mega Medicham),-12,-13,-30,10,-16,3,1578
383,Electrike,-32,-68,-75,-5,-61,-32,16043
384,Manectric,-2,-38,-55,35,-41,8,7443
385,Manectric (Mega Manectric),-2,-38,-35,65,-21,38,8783
386,Plusle,-12,-63,-75,15,-26,-2,10643
387,Minun,-12,-73,-65,5,-16,-2,9983
388,Volbeat,-7,-40,-40,-23,-16,-12,4178
389,Illumise,-7,-66,-40,3,-16,-12,6414
390,Roselia,-22,-53,-70,30,-21,-32,10558
391,Gulpin,-2,-70,-62,-27,-48,-57,15030
392,Swalot,28,-40,-32,3,-18,-42,5505
393,Carvanha,-27,-23,-95,-5,-81,-32,17893
394,Sharpedo,-2,7,-75,25,-61,-2,10028
395,Sharpedo (Mega Sharpedo),-2,27,-45,40,-36,8,5718
396,Wailmer,58,-43,-80,0,-66,-37,17338
397,Wailord,98,-23,-70,20,-56,-37,19938
398,Numel,-12,-53,-75,-5,-56,-62,15583
399,Camerupt,-2,-13,-45,35,-26,-57,7348
400,Camerupt (Mega Camerupt),-2,7,-15,75,4,-77,11848
401,Torkoal,-2,-28,25,15,-31,-77,8528
402,Spoink,-12,-88,-80,0,-21,-37,16098
403,Grumpig,8,-68,-50,20,9,-17,7958
404,Spinda,-12,-53,-55,-10,-41,-37,9128
405,Trapinch,-27,-13,-70,-25,-56,-87,17128
406,Vibrava,-22,-43,-65,-20,-51,-27,10288
407,Flygon,8,-13,-35,10,-21,3,2008
408,Cacnea,-22,-28,-75,15,-61,-62,14683
409,Cacturne,-2,2,-55,45,-41,-42,8503
410,Swablu,-27,-73,-55,-30,-26,-47,12868
411,Altaria,3,-43,-25,0,4,-17,2788
412,Altaria (Mega Altaria),3,-3,-5,40,4,-17,1948
413,Zangoose,1,2,-55,-10,-41,-7,4860
414,Seviper,1,-13,-55,30,-41,-32,6800
415,Lunatone,18,-58,-50,25,-16,-27,7798
416,Solrock,18,-18,-30,-15,-36,-27,3798
417,Barboach,-22,-65,-72,-24,-60,-37,15438
418,Whiscash,38,-35,-42,6,-30,-37,6738
419,Corphish,-29,-33,-50,-20,-66,-62,13030
420,Crawdaunt,-9,7,-30,20,-46,-42,5310
421,Baltoy,-32,-73,-60,-30,-31,-42,13578
422,Claydol,-12,-43,-10,0,19,-22,2938
423,Lileep,-6,-72,-38,-9,-14,-74,12417
424,Cradily,14,-32,-18,11,6,-54,4617
425,Anorith,-27,-18,-65,-30,-51,-22,9263
426,Armaldo,3,12,-15,0,-21,-52,3523
427,Feebas,-52,-98,-95,-60,-46,-17,27338
428,Milotic,23,-53,-36,30,24,-16,6366
429,Castform,-2,-43,-45,0,-31,-27,5568
430,Kecleon,-12,-23,-45,-10,19,-57,6408
431,Shuppet,-28,-38,-80,-7,-68,-52,16005
432,Banette,-8,2,-50,13,-38,-32,5205
433,Banette (Mega Banette),-8,52,-40,23,-18,-22,5705
434,Duskull,-52,-73,-25,-40,-11,-72,15563
435,Dusclops,-32,-43,15,-10,29,-72,9223
436,Tropius,27,-45,-32,2,-14,-46,6094
437,Chimecho,3,-63,-35,25,-11,-32,6973
438,Absol,-7,17,-55,5,-41,-22,5553
439,Absol (Mega Absol),-7,37,-55,45,-41,18,8473
440,Wynaut,23,-90,-67,-47,-53,-74,23612
441,Snorunt,-22,-63,-65,-20,-51,-47,13888
442,Glalie,8,-33,-35,10,-21,-17,3208
443,Glalie (Mega Glalie),8,7,-35,50,-21,3,4288
444,Spheal,-2,-73,-65,-15,-51,-72,17568
445,Sealeo,18,-53,-45,5,-31,-52,8848
446,Walrein,38,-33,-25,25,-11,-32,4928
447,Clamperl,-37,-49,-30,4,-46,-65,11027
448,Huntail,-17,-9,-10,24,-26,-45,3747
449,Gorebyss,-17,-29,-10,44,-26,-45,5867
450,Relicanth,28,-23,15,-25,-36,-42,5223
451,Luvdisc,-29,-83,-60,-30,-36,0,13526
452,Bagon,-27,-38,-55,-30,-71,-47,13348
453,Shelgon,-7,-18,-15,-10,-51,-47,5508
454,Salamence,23,22,-35,40,-21,3,4288
455,Salamence (Mega Salamence),23,32,15,50,-11,23,4928
456,Beldum,-32,-58,-35,-35,-41,-67,13008
457,Metang,-12,-38,-15,-15,-21,-47,4688
458,Metagross,8,22,15,25,-11,-27,2248
459,Metagross (Mega Metagross),8,32,35,35,9,13,3788
460,Regirock,8,-13,85,-20,-1,-47,10068
461,Regice,8,-63,-15,30,99,-47,17168
462,Registeel,8,-38,35,5,49,-47,7368
463,Latias,8,-33,-25,40,29,13,4388
464,Latias (Mega Latias),8,-13,5,70,49,13,7728
465,Latios,8,-23,-35,60,9,13,5668
466,Latios (Mega Latios),8,17,-15,90,19,13,9208
467,Kyogre,28,-13,-25,80,39,-7,9548
468,Kyogre (Primal Kyogre),28,37,-25,110,59,-7,18408
469,Groudon,28,37,25,30,-11,-7,3848
470,Groudon (Primal Groudon),28,67,45,80,-11,-7,13868
471,Rayquaza,33,37,-25,80,-11,-2,9608
472,Rayquaza (Mega Rayquaza),33,67,-15,110,-1,18,18228
473,Jirachi,28,-13,-15,30,-1,3,2088
474,Deoxys (Normal Forme),-22,37,-65,80,-51,53,17888
475,Deoxys (Attack Forme),-22,67,-95,110,-81,53,35468
476,Deoxys (Defense Forme),-22,-43,45,0,59,-7,7888
477,Deoxys (Speed Forme),-22,-18,-25,25,-11,83,9068
478,Turtwig,-17,-45,-51,-25,-46,-66,12012
479,Grotle,3,-24,-30,-15,-36,-61,6727
480,Torterra,23,-4,-10,5,-16,-41,2607
481,Chimchar,-28,-55,-71,-12,-57,-36,13539
482,Monferno,-8,-35,-63,8,-49,-16,7979
483,Infernape,4,-9,-44,34,-30,11,4210
484,Piplup,-19,-62,-62,-9,-45,-57,13404
485,Prinplup,-8,-47,-47,11,-25,-47,7437
486,Empoleon,12,-27,-27,41,0,-37,4652
487,Starly,-32,-58,-85,-40,-71,-37,19623
488,Staravia,-17,-38,-65,-30,-61,-17,10868
489,Staraptor,13,7,-45,-20,-41,3,4333
490,Bidoof,-13,-68,-75,-35,-61,-66,19720
491,Bibarel,7,-28,-55,-15,-41,-26,6440
492,Kricketot,-35,-88,-74,-45,-60,-72,25254
493,Kricketune,5,-28,-64,-15,-50,-32,8654
494,Shinx,-27,-48,-81,-30,-67,-52,17687
495,Luxio,-12,-28,-66,-10,-52,-37,9457
496,Luxray,8,7,-36,25,-22,-27,3247
497,Budew,-32,-83,-80,-20,-31,-42,17438
498,Roserade,-12,-43,-50,55,4,-7,7583
499,Cranidos,-5,12,-75,-40,-71,-39,13956
500,Rampardos,25,52,-55,-5,-51,-39,10501
501,Shieldon,-42,-71,3,-28,-13,-67,12256
502,Bastiodon,-12,-61,53,-23,37,-67,13061
503,Burmy,-32,-84,-70,-41,-56,-61,21518
504,Wormadam (Plant Cloak),-12,-54,-30,9,4,-61,7778
505,Wormadam (Sandy Cloak),-12,-34,-10,-11,-16,-61,5498
506,Wormadam (Trash Cloak),-12,-44,-20,-1,-6,-61,6238
507,Mothim,-2,-19,-65,24,-51,-31,8728
508,Combee,-42,-83,-73,-40,-59,-27,19792
509,Vespiquen,-2,-33,-13,10,1,-57,4612
510,Pachirisu,-12,-68,-45,-25,-11,-2,7543
511,Buizel,-17,-48,-80,-10,-71,-12,14278
512,Floatzel,13,-8,-60,15,-51,18,6983
513,Cherubi,-27,-78,-70,-8,-48,-62,17925
514,Cherrim,-2,-53,-45,17,-23,-12,5800
515,Shellos,4,-65,-67,-13,-39,-63,14389
516,Gastrodon,39,-30,-47,22,-19,-58,8839
517,Ambipom,3,-13,-49,-10,-35,18,4228
518,Drifloon,18,-63,-81,-10,-57,-27,14932
519,Drifblim,78,-33,-71,20,-47,-17,15112
520,Buneary,-17,-47,-71,-26,-45,-12,10384
521,Lopunny,-7,-37,-31,-16,-5,8,2724
522,Lopunny (Mega Lopunny),-7,23,-21,-16,-5,38,2744
523,Mismagius,-12,-53,-55,35,4,8,7283
524,Honchkrow,28,12,-63,35,-49,-26,9199
525,Glameow,-23,-58,-73,-28,-64,-12,14246
526,Purugly,-1,-31,-51,-6,-42,15,5588
527,Chingling,-27,-83,-65,-5,-51,-52,17173
528,Stunky,-9,-50,-68,-29,-60,-23,12175
529,Skuntank,31,-20,-48,1,-40,-13,5435
530,Bronzor,-15,-89,-29,-46,-15,-74,16804
531,Bronzong,-5,-24,1,9,15,-64,5004
532,Bonsly,-22,-33,-20,-60,-56,-87,16278
533,Mime Jr.,-52,-88,-70,0,-11,-37,16838
534,Happiny,28,-108,-110,-55,-36,-67,33358
535,Chatot,4,-48,-70,22,-59,-6,11221
536,Spiritomb,-22,-21,-7,22,7,-62,5351
537,Gible,-14,-43,-70,-30,-56,-55,14006
538,Gabite,-4,-23,-50,-20,-46,-15,5786
539,Garchomp,36,17,-20,10,-16,5,2366
540,Garchomp (Mega Garchomp),36,57,0,50,-6,-5,7106
541,Munchlax,63,-28,-75,-30,-16,-92,19998
542,Riolu,-32,-43,-75,-35,-61,-37,14813
543,Lucario,-2,-3,-45,45,-31,-7,5073
544,Lucario (Mega Lucario),-2,32,-27,70,-31,15,7843
545,Hippopotas,-4,-41,-37,-32,-59,-65,11796
546,Hippowdon,36,-1,3,-2,-29,-50,4651
547,Skorupi,-32,-63,-25,-40,-46,-32,10358
548,Drapion,-2,-23,-5,-10,-26,-2,1338
549,Croagunk,-24,-52,-75,-9,-61,-47,14916
550,Toxicroak,11,-7,-50,16,-36,-12,4366
551,Carnivine,2,-13,-43,20,-29,-51,5864
552,Finneon,-23,-64,-59,-21,-40,-31,11108
553,Lumineon,-3,-44,-39,-1,-15,-6,3728
554,Mantyke,-27,-93,-65,-10,19,-47,16273
555,Snover,-12,-51,-65,-8,-41,-57,11964
556,Abomasnow,18,-21,-40,22,-16,-37,4474
557,Abomasnow (Mega Abomasnow),18,19,-10,62,4,-67,9134
558,Weavile,-2,7,-50,-25,-16,28,4218
559,Magnezone,-2,-43,0,60,-11,-37,6943
560,Lickilicky,38,-28,-20,10,-6,-47,4973
561,Rhyperior,43,27,15,-15,-46,-57,8393
562,Tangrowth,28,-13,10,40,-51,-47,7463
563,Electivire,3,10,-48,25,-16,-2,3298
564,Magmortar,3,-18,-48,55,-6,-14,5894
565,Togekiss,13,-63,-20,50,14,-17,7523
566,Yanmega,14,-37,-29,46,-45,-2,6551
567,Leafeon,-7,-3,15,-10,-36,-2,1683
568,Glaceon,-7,-53,-5,60,-6,-32,7543
569,Gliscor,3,-18,10,-25,-26,-2,1738
570,Mamoswine,38,17,-35,0,-41,-17,4928
571,Porygon-Z,13,-33,-45,65,-26,-7,8233
572,Gallade,-4,12,-50,-5,14,-17,3170
573,Gallade (Mega Gallade),-4,52,-20,-5,14,13,3510
574,Probopass,-12,-58,30,5,49,-57,10083
575,Dusknoir,-27,-13,20,-5,34,-52,5183
576,Froslass,-2,-33,-45,10,-31,13,4348
577,Rotom,-22,-63,-38,25,-24,-6,7134
578,Rotom (Heat Rotom),-22,-48,-8,35,6,-11,4234
579,Rotom (Wash Rotom),-22,-48,-8,35,6,-11,4234
580,Rotom (Frost Rotom),-22,-48,-8,35,6,-11,4234
581,Rotom (Fan Rotom),-22,-48,-8,35,6,-11,4234
582,Rotom (Mow Rotom),-22,-48,-8,35,6,-11,4234
583,Uxie,3,-38,15,5,29,-2,2548
584,Mesprit,8,-8,-10,35,4,-17,1758
585,Azelf,3,12,-45,55,-31,18,6488
586,Dialga,28,7,5,80,-1,-7,7308
587,Dialga (Origin Forme),28,-13,5,80,19,-7,7788
588,Palkia,18,7,-15,80,19,3,7368
589,Palkia (Origin Forme),18,-13,-15,80,19,23,8008
590,Heatran,19,-23,-9,60,5,-20,4996
591,Regigigas,38,47,-5,10,9,3,3868
592,Giratina (Altered Forme),78,-13,5,30,19,-7,7588
593,Giratina (Origin Forme),78,7,-15,50,-1,-7,8908
594,Cresselia,48,-43,5,5,29,-12,5188
595,Phione,8,-33,-35,10,-21,-17,3208
596,Manaphy,28,-13,-15,30,-1,3,2088
597,Darkrai,-2,-23,-25,65,-11,28,6288
598,Shaymin (Land Forme),28,-13,-15,30,-1,3,2088
599,Shaymin (Sky Forme),28,-10,-40,50,-26,30,6560
600,Arceus,48,7,5,50,19,23,5768
601,Victini,28,-13,-15,30,-1,3,2088
602,Snivy,-27,-68,-60,-25,-46,-34,12850
603,Servine,-12,-53,-40,-10,-26,-14,5525
604,Serperior,3,-38,-20,5,-6,16,2170
605,Tepig,-7,-50,-70,-25,-56,-52,13914
606,Pignite,18,-20,-60,0,-46,-42,8204
607,Emboar,38,10,-50,30,-36,-32,7264
608,Oshawott,-17,-58,-70,-7,-56,-52,14442
609,Dewott,3,-38,-55,13,-41,-37,7697
610,Samurott,23,-13,-30,38,-31,-27,4732
611,Samurott (Hisuian Samurott),18,-5,-35,30,-36,-12,3914
612,Patrat,-27,-58,-76,-35,-62,-55,17963
613,Watchog,-12,-28,-46,-10,-32,-20,4568
614,Lillipup,-27,-53,-70,-45,-56,-42,15363
615,Herdier,-7,-33,-50,-35,-36,-37,7528
616,Stoutland,13,-3,-25,-25,-11,-17,1838
617,Purrloin,-31,-63,-78,-20,-64,-31,16471
618,Liepard,-8,-25,-65,18,-51,9,7920
619,Pansage,-22,-60,-67,-17,-53,-33,12760
620,Simisage,3,-15,-52,28,-38,4,5182
621,Pansear,-22,-60,-67,-17,-53,-33,12760
622,Simisear,3,-15,-52,28,-38,4,5182
623,Panpour,-22,-60,-67,-17,-53,-33,12760
624,Simipour,3,-15,-52,28,-38,4,5182
625,Munna,4,-88,-70,-3,-46,-73,20114
626,Musharna,44,-58,-30,37,-6,-68,12229
627,Pidove,-22,-58,-65,-34,-71,-54,17186
628,Tranquill,-10,-36,-53,-20,-59,-32,9110
629,Unfezant,8,2,-35,-5,-46,-4,3450
630,Blitzle,-27,-53,-83,-20,-69,-21,16029
631,Zebstrika,3,-13,-52,10,-38,19,4787
632,Roggenrola,-17,-38,-30,-45,-76,-82,17158
633,Boldore,-2,-8,-10,-20,-61,-77,10218
634,Gigalith,13,22,15,-10,-21,-72,6603
635,Woobat,-7,-68,-72,-15,-58,-25,14071
636,Swoobat,-5,-56,-60,7,-46,17,9215
637,Drilbur,-12,-28,-75,-40,-56,-29,12130
638,Excadrill,38,22,-55,-20,-36,-9,6730
639,Audino,31,-53,-29,-10,-15,-47,7145
640,Audino (Mega Audino),31,-53,11,10,25,-47,6825
641,Timburr,3,-33,-60,-45,-66,-62,14923
642,Gurdurr,13,-8,-30,-30,-51,-57,7883
643,Conkeldurr,33,27,-20,-15,-36,-52,6443
644,Tympole,-22,-63,-75,-20,-61,-33,15288
645,Palpitoad,3,-48,-60,-5,-46,-28,8838
646,Seismitoad,33,-18,-40,15,-26,-23,4443
647,Throh,48,-13,-30,-40,-16,-52,7933
648,Sawk,3,12,-40,-40,-26,-12,4173
649,Sewaddle,-27,-60,-45,-30,-41,-55,11960
650,Swadloon,-17,-50,-25,-20,-21,-55,7280
651,Leavanny,3,-10,-35,0,-21,-5,1800
652,Venipede,-42,-68,-56,-40,-62,-40,16568
653,Whirlipede,-32,-58,-16,-30,-22,-50,8528
654,Scolipede,-12,-13,-26,-15,-32,15,2463
655,Cottonee,-32,-86,-55,-33,-51,-31,16096
656,Whimsicott,-12,-46,-30,7,-26,19,4246
657,Petilil,-27,-78,-65,0,-51,-67,18128
658,Lilligant,-2,-53,-40,40,-26,-7,6738
659,Lilligant (Hisuian Lilligant),-2,-8,-40,-20,-26,8,2808
660,Basculin,-2,-21,-50,10,-46,1,5162
661,Sandile,-22,-41,-80,-35,-66,-32,15170
662,Krokorok,-12,-31,-70,-25,-56,-23,10295
663,Krookodile,23,4,-35,-5,-31,-5,2781
664,Darumaka,-2,-23,-70,-55,-56,-47,13803
665,Darumaka (Galarian Darumaka),-2,-23,-70,-55,-56,-47,13803
666,Darmanitan (Standard Mode),33,27,-60,-40,-46,-2,9138
667,Darmanitan (Zen Mode),33,-83,-10,70,4,-42,14758
668,Darmanitan (Galarian Standard Mode),33,27,-60,-40,-46,-2,9138
669,Darmanitan (Galarian Zen Mode),33,47,-60,-40,-46,38,12058
670,Maractus,3,-27,-48,36,-34,-37,6863
671,Dwebble,-22,-48,-30,-35,-66,-42,11033
672,Crustle,-2,-8,10,-5,-26,-52,3573
673,Scraggy,-22,-38,-45,-35,-31,-49,8540
674,Scrafty,-7,-23,0,-25,14,-39,2920
675,Sigilyph,0,-55,-35,33,-21,0,5780
676,Yamask,-34,-83,-30,-15,-36,-67,14955
677,Yamask (Galarian Yamask),-34,-58,-30,-40,-36,-67,12805
678,Cofagrigus,-14,-63,30,25,4,-67,10195
679,Tirtouga,-18,-35,-12,-17,-56,-75,10743
680,Carracosta,2,-5,18,13,-36,-65,6043
681,Archen,-17,-1,-70,4,-56,-27,9071
682,Archeops,3,27,-50,42,-36,13,6467
683,Trubbish,-22,-63,-53,-30,-39,-32,10707
684,Garbodor,8,-18,-33,-10,-19,-22,2422
685,Zorua,-32,-48,-75,10,-61,-32,13798
686,Zorua (Hisuian Zorua),-37,-53,-75,15,-61,-27,14478
687,Zoroark,-12,-8,-55,50,-41,8,7478
688,Zoroark (Hisuian Zoroark),-17,-13,-55,55,-41,13,8358
689,Minccino,-17,-63,-75,-30,-61,-22,14988
690,Cinccino,3,-18,-55,-5,-41,18,5388
691,Gothita,-27,-83,-65,-15,-36,-52,16068
692,Gothorita,-12,-68,-45,5,-16,-42,8838
693,Gothitelle,-2,-58,-20,25,9,-32,5498
694,Solosis,-27,-83,-75,35,-51,-77,22998
695,Duosion,-7,-73,-65,55,-41,-67,18798
696,Reuniclus,38,-48,-40,55,-16,-67,13118
697,Ducklett,-10,-69,-65,-26,-51,-42,14127
698,Swanna,3,-26,-52,17,-38,1,5123
699,Vanillite,-36,-63,-65,-5,-41,-53,14005
700,Vanillish,-21,-48,-50,10,-26,-38,7465
701,Vanilluxe,-1,-18,-30,40,-6,-18,3185
702,Deerling,-12,-53,-65,-30,-51,-22,11163
703,Sawsbuck,8,-13,-45,-10,-31,-2,3323
704,Emolga,-17,-38,-55,5,-41,6,6500
705,Karrablast,-22,-38,-70,-30,-56,-37,12233
706,Escavalier,-2,22,-10,-10,4,-77,6633
707,Foongus,-3,-58,-70,-15,-46,-82,17338
708,Amoonguss,42,-28,-45,15,-21,-67,9728
709,Frillish,-17,-73,-65,-5,-16,-57,13373
710,Jellicent,28,-53,-45,15,4,-37,7228
711,Alomomola,93,-38,-35,-30,-56,-32,16378
712,Joltik,-22,-66,-65,-13,-51,-32,12859
713,Galvantula,-2,-36,-55,27,-41,11,6856
714,Ferroseed,-28,-63,-24,-46,-15,-87,15239
715,Ferrothorn,2,-19,16,-16,15,-77,7031
716,Klink,-32,-58,-45,-25,-41,-67,13208
717,Klang,-12,-33,-20,0,-16,-47,4098
718,Klinklang,-12,-13,0,0,-16,-7,618
719,Tynamo,-37,-58,-75,-25,-61,-37,16073
720,Eelektrik,-7,-28,-45,5,-31,-57,7093
721,Eelektross,13,2,-35,35,-21,-47,5273
722,Elgyem,-17,-58,-60,15,-46,-67,14083
723,Beheeyem,3,-38,-40,55,-6,-57,9363
724,Litwick,-22,-83,-60,-5,-46,-77,19043
725,Lampent,-12,-73,-55,25,-41,-42,12568
726,Chandelure,-12,-58,-25,75,-11,-17,10168
727,Axew,-26,-26,-55,-40,-61,-40,11298
728,Fraxure,-6,4,-45,-30,-51,-30,6478
729,Haxorus,4,34,-25,-10,-31,0,2858
730,Cubchoo,-17,-43,-75,-10,-61,-57,14833
731,Beartic,23,17,-35,0,-21,-47,4693
732,Cryogonal,8,-63,-65,25,34,8,10103
733,Shelmet,-22,-73,-30,-30,-36,-72,14093
734,Accelgor,8,-43,-75,30,-41,48,12423
735,Stunfisk,37,-47,-31,11,-2,-65,8889
736,Stunfisk (Galarian Stunfisk),37,-32,-16,-4,-17,-65,7179
737,Mienfoo,-27,-28,-65,-15,-51,-32,9588
738,Mienshao,-7,12,-55,25,-41,8,5588
739,Druddigon,5,7,-25,-10,-11,-49,3321
740,Golett,-13,-39,-65,-35,-51,-62,13585
741,Golurk,17,11,-35,-15,-21,-42,4065
742,Pawniard,-27,-28,-45,-30,-61,-37,9528
743,Bisharp,-7,12,-15,-10,-31,-27,2208
744,Bouffalant,23,-3,-20,-30,-6,-42,3638
745,Rufflet,-2,-30,-65,-33,-51,-37,10188
746,Braviary,28,10,-40,-13,-26,-17,3618
747,Braviary (Hisuian Braviary),38,-30,-45,42,-31,-32,8118
748,Vullaby,-2,-58,-40,-25,-36,-37,8258
749,Mandibuzz,38,-48,-10,-15,-6,-17,4398
750,Heatmor,13,-16,-49,35,-35,-32,6300
751,Durant,-14,-4,-3,-22,-53,12,3658
752,Deino,-20,-48,-65,-25,-51,-59,13636
753,Zweilous,0,-28,-45,-5,-31,-39,5316
754,Hydreigon,20,-8,-25,55,-11,1,4236
755,Larvesta,-17,-28,-60,-20,-46,-37,8558
756,Volcarona,13,-53,-50,65,4,3,9728
757,Cobalion,19,-23,14,20,-29,11,2448
758,Terrakion,19,16,-25,2,-11,11,1488
759,Virizion,19,-23,-43,20,28,11,4044
760,Tornadus (Incarnate Forme),7,2,-45,55,-21,14,5740
761,Tornadus (Therian Forme),7,-13,-35,40,-11,24,3740
762,Thundurus (Incarnate Forme),7,2,-45,55,-21,14,5740
763,Thundurus (Therian Forme),7,-8,-45,75,-21,4,8220
764,Reshiram,28,7,-15,80,19,-7,7868
765,Zekrom,28,37,5,50,-1,-7,4728
766,Landorus (Incarnate Forme),17,12,-25,45,-21,4,3540
767,Landorus (Therian Forme),17,32,-25,35,-21,-6,3640
768,Kyurem,53,17,-25,60,-11,-2,7448
769,Kyurem (Black Kyurem),53,57,-15,50,-11,-2,8908
770,Kyurem (White Kyurem),53,7,-25,100,-1,-2,13488
771,Keldeo,19,-41,-25,59,-11,11,6390
772,Meloetta (Aria Forme),28,-36,-38,58,27,-7,7666
773,Meloetta (Pirouette Forme),28,15,-25,7,-24,31,3220
774,Genesect,-1,7,-20,50,-6,2,2990
775,Chespin,-16,-52,-50,-22,-56,-59,12561
776,Quilladin,-11,-35,-20,-14,-43,-40,5391
777,Chesnaught,16,-6,7,4,-26,-33,2122
778,Fennekin,-32,-68,-75,-8,-41,-37,14387
779,Braixen,-13,-54,-57,20,-31,-24,8271
780,Delphox,3,-44,-43,44,-1,7,5780
781,Froakie,-31,-57,-75,-8,-57,-26,13824
782,Frogadier,-18,-50,-63,13,-45,0,8987
783,Greninja,0,-18,-48,33,-30,25,5242
784,Greninja (Ash-Greninja),0,32,-48,83,-30,35,12342
785,Bunnelby,-34,-77,-77,-38,-65,-40,20283
786,Diggersby,13,-57,-38,-20,-24,-19,6199
787,Fletchling,-27,-63,-72,-30,-63,-35,15976
788,Fletchinder,-10,-40,-60,-14,-49,-13,8066
789,Talonflame,6,-32,-44,4,-32,29,4877
790,Scatterbug,-34,-78,-75,-43,-76,-62,24334
791,Spewpa,-27,-91,-55,-43,-71,-68,23549
792,Vivillon,8,-61,-65,20,-51,-8,11075
793,Litleo,-10,-63,-57,3,-47,-25,10161
794,Pyroar,14,-45,-43,39,-35,9,6897
795,Flabébé,-28,-75,-76,-9,-22,-55,15775
796,Floette,-18,-68,-68,5,-3,-45,11631
797,Florges,6,-48,-47,42,53,-22,9606
798,Skiddo,-6,-48,-67,-8,-44,-45,10854
799,Gogoat,51,-13,-53,27,-20,-29,7549
800,Pancham,-5,-31,-53,-24,-53,-54,10096
801,Pangoro,23,11,-37,-1,-30,-39,4441
802,Furfrou,3,-33,-55,-5,-11,5,4294
803,Espurr,-10,-65,-61,-7,-41,-29,10617
804,Meowstic,2,-65,-39,13,-20,7,6368
805,Honedge,-27,-33,-15,-35,-64,-69,12125
806,Doublade,-13,-3,35,-25,-52,-62,8576
807,Aegislash (Shield Forme),-12,-63,25,-20,39,-37,8028
808,Aegislash (Blade Forme),-12,27,-65,70,-51,-37,13968
809,Spritzee,6,-61,-55,-7,-36,-74,13603
810,Aromatisse,29,-41,-43,29,-12,-68,9980
811,Swirlix,-10,-65,-49,-11,-44,-48,11087
812,Slurpuff,10,-33,-29,15,-26,-25,3556
813,Inkay,-19,-59,-62,-33,-55,-52,14504
814,Malamar,14,-21,-27,-2,-26,-24,2622
815,Binacle,-30,-61,-48,-31,-45,-47,12120
816,Barbaracle,0,-8,0,-16,-15,-29,1386
817,Skrelp,-22,-53,-55,-10,-41,-67,12588
818,Dragalge,-7,-38,-25,27,22,-53,6140
819,Clauncher,-22,-60,-53,-12,-38,-53,11290
820,Clawitzer,-1,-40,-27,50,-12,-38,6418
821,Helioptile,-28,-75,-82,-9,-58,-27,17307
822,Heliolisk,-10,-58,-63,39,-7,12,9147
823,Tyrunt,-14,-24,-38,-25,-56,-49,8378
824,Tyrantrum,10,8,4,-1,-42,-26,2621
825,Amaura,5,-54,-65,-3,-38,-51,11220
826,Aurorus,51,-36,-43,29,-9,-39,8189
827,Sylveon,23,-48,-50,40,29,-37,9143
828,Hawlucha,6,-21,-40,4,-38,21,3978
829,Dedenne,-5,-55,-58,11,-34,4,7707
830,Carbink,-22,-63,35,-20,49,-47,10688
831,Goomy,-27,-63,-80,-15,-26,-57,15248
832,Sliggoo,-4,-38,-62,13,12,-37,6986
833,Sliggoo (Hisuian Sliggoo),-14,-38,-32,13,12,-57,6226
834,Goodra,18,-13,-45,40,49,-17,6808
835,Goodra (Hisuian Goodra),8,-13,-15,40,49,-37,5828
836,Klefki,-15,-33,-24,10,-14,-22,2670
837,Phantump,-29,-43,-67,-20,-41,-59,12741
838,Trevenant,13,-3,-39,-5,-19,-41,3766
839,Pumpkaboo (Small Size),-28,-47,-45,-26,-46,-41,9491
840,Pumpkaboo (Average Size),-23,-47,-45,-26,-46,-46,9671
841,Pumpkaboo (Large Size),-18,-47,-45,-26,-46,-51,9951
842,Pumpkaboo (Super Size),-13,-47,-45,-26,-46,-56,10331
843,Gourgeist (Small Size),-17,-28,7,-12,-26,2,1946
844,Gourgeist (Average Size),-7,-23,7,-12,-26,-13,1616
845,Gourgeist (Large Size),3,-18,7,-12,-26,-28,1986
846,Gourgeist (Super Size),13,-13,7,-12,-26,-43,3056
847,Bergmite,-17,-44,-30,-38,-66,-69,13686
848,Avalugg,23,4,69,-26,-55,-69,13768
849,Avalugg (Hisuian Avalugg),23,14,69,-36,-65,-59,14488
850,Noibat,-32,-83,-80,-25,-61,-42,20423
851,Noivern,13,-43,-35,27,-21,26,5089
852,Xerneas,54,18,-20,61,-3,2,7374
853,Yveltal,54,18,-20,61,-3,2,7374
854,Zygarde (50% Forme),36,-13,6,11,-6,-2,1662
855,Zygarde (10% Forme),-18,-13,-44,-9,-16,18,3090
856,Zygarde (Complete Forme),144,-13,6,21,-6,-12,21562
857,Diancie,-22,-13,35,30,49,-47,7388
858,Diancie (Mega Diancie),-22,47,-5,90,9,13,11068
859,Hoopa (Hoopa Confined),8,-3,-55,80,29,-27,11068
860,Hoopa (Hoopa Unbound),8,47,-55,100,29,-17,16428
861,Volcanion,8,-3,5,60,-11,-27,4548
862,Rowlet,-4,-58,-60,-20,-51,-55,13006
863,Dartrix,6,-38,-40,0,-31,-45,6066
864,Decidueye,6,-6,-40,30,-1,-27,3302
865,Decidueye (Hisuian Decidueye),16,-1,-35,25,-6,-37,3512
866,Litten,-27,-48,-75,-10,-61,-27,13208
867,Torracat,-7,-28,-65,10,-51,-7,7808
868,Incineroar,23,2,-25,10,-11,-37,2748
869,Popplio,-22,-59,-61,-4,-45,-57,12976
870,Brionne,-12,-44,-46,21,-20,-47,7246
871,Primarina,8,-39,-41,56,15,-37,7996
872,Pikipek,-37,-38,-85,-40,-71,-32,17703
873,Trumbeak,-17,-28,-65,-30,-51,-22,9283
874,Toucannon,8,7,-40,5,-26,-37,3783
875,Yungoos,-24,-43,-85,-40,-71,-52,18995
876,Gumshoos,16,-3,-55,-15,-41,-52,7900
877,Grubbin,-25,-51,-70,-15,-56,-51,14088
878,Charjabug,-15,-31,-20,-15,-26,-61,6208
879,Vikavolt,5,-43,-25,75,-26,-54,11716
880,Crabrawler,-25,-31,-58,-28,-54,-34,9806
881,Crabominable,25,19,-38,-8,-34,-54,6566
882,Oricorio,3,-43,-45,28,-31,-4,5644
883,Cutiefly,-32,-68,-75,-15,-61,-13,15388
884,Ribombee,-12,-58,-55,25,-31,27,8848
885,Rockruff,-27,-48,-75,-40,-61,-37,15348
886,Lycanroc (Midday Form),3,2,-50,-15,-36,15,4259
887,Lycanroc (Midnight Form),13,2,-40,-15,-26,-15,2899
888,Lycanroc (Dusk Form),3,4,-50,-15,-36,13,4215
889,Wishiwashi (Solo Form),-27,-93,-95,-45,-76,-57,29453
890,Wishiwashi (School Form),-27,27,15,70,34,-67,12228
891,Mareanie,-22,-60,-53,-27,-49,-52,12727
892,Toxapex,-22,-50,37,-17,41,-62,10167
893,Mudbray,-2,-13,-45,-25,-46,-52,7643
894,Mudsdale,28,12,-15,-15,-16,-62,5478
895,Dewpider,-34,-73,-63,-30,-29,-70,17095
896,Araquanid,-4,-43,-23,-20,31,-55,6780
897,Fomantis,-32,-58,-80,-20,-66,-62,19388
898,Lurantis,-2,-8,-25,10,-11,-52,3618
899,Morelull,-32,-78,-60,-5,-26,-82,18133
900,Shiinotic,-12,-68,-35,20,-1,-67,10883
901,Salandit,-24,-69,-75,1,-61,-20,15084
902,Salazzle,-4,-49,-55,41,-41,20,9204
903,Stufful,-2,-38,-65,-25,-51,-47,11108
904,Bewear,48,12,-35,-15,-41,-37,6948
905,Bounsweet,-30,-83,-77,-40,-63,-65,23512
906,Steenee,-20,-73,-67,-30,-53,-35,15152
907,Tsareena,0,7,-17,-20,-3,-25,1372
908,Comfey,-21,-61,-25,12,9,3,5021
909,Oranguru,18,-53,-35,20,9,-37,6208
910,Passimian,28,7,-25,-30,-41,-17,4328
911,Wimpod,-47,-78,-75,-50,-71,-17,21748
912,Golisopod,3,12,25,-10,-11,-57,4248
913,Sandygast,-17,-58,-35,0,-56,-82,14738
914,Palossand,13,-38,-5,30,-26,-62,7058
915,Pyukumuku,-17,-53,15,-40,29,-92,14228
916,Type: Null,23,-18,-20,25,-6,-38,3358
917,Silvally,23,-18,-20,25,-6,-2,1918
918,Minior (Meteor Form),-12,-53,-15,-10,-1,-37,4648
919,Minior (Core),-12,-13,-55,30,-41,23,6448
920,Komala,-7,2,-50,5,-6,-32,3638
921,Turtonator,-12,-35,20,21,-16,-61,6187
922,Togedemaru,-7,-15,-52,-30,-28,-1,4663
923,Mimikyu,-17,-23,-35,-20,4,-1,2460
924,Bruxish,-4,-8,-45,0,-31,-5,3091
925,Drampa,6,-53,-30,65,-10,-61,11791
926,Dhelmise,-2,18,-15,16,-11,-57,4179
927,Jangmo-o,-27,-58,-50,-25,-56,-52,13058
928,Hakamo-o,-17,-38,-25,-5,-31,-32,4368
929,Kommo-o,3,-3,10,30,4,-12,1178
930,Tapu Koko,-2,2,-30,25,-26,33,3298
931,Tapu Lele,-2,-28,-40,60,14,-2,6188
932,Tapu Bulu,-2,17,0,15,-6,-22,1038
933,Tapu Fini,-2,-38,0,25,29,-12,3058
934,Cosmog,-29,-84,-84,-41,-70,-60,25134
935,Cosmoem,-29,-84,16,-41,30,-60,14334
936,Solgaleo,65,24,-8,43,-12,0,6858
937,Lunala,65,0,-26,67,6,0,9426
938,Nihilego,37,-60,-68,57,30,6,13778
939,Buzzwole,35,26,24,-17,-48,-18,5394
940,Pheromosa,-1,24,-78,67,-64,54,18162
941,Xurkitree,11,-24,-44,103,-30,-14,14338
942,Celesteela,25,-12,-12,37,0,-36,3578
943,Kartana,-13,68,16,-11,-70,12,10214
944,Guzzlord,151,-12,-62,27,-48,-54,32738
945,Necrozma,25,-6,-14,57,-12,-18,4574
946,Necrozma (Dusk Mane Necrozma),25,44,12,43,8,-20,5018
947,Necrozma (Dawn Wings Necrozma),25,0,-6,87,26,-20,9306
948,Necrozma (Ultra Necrozma),25,54,-18,97,-4,32,14314
949,Magearna,8,-18,0,60,14,-32,5208
950,Marshadow,18,12,-35,20,-11,28,2998
951,Poipole,-5,-40,-48,3,-34,-24,5670
952,Naganadel,1,-40,-42,57,-28,24,7974
953,Stakataka,-11,18,96,-17,0,-84,17006
954,Blacephalon,-19,14,-62,81,-22,10,11546
955,Zeraora,16,-1,-40,32,-21,46,5438
956,Meltan,-26,-48,-50,-15,-66,-63,14030
957,Melmetal,63,30,28,10,-36,-63,11018
958,Grookey,-22,-48,-65,-30,-61,-32,12658
959,Thwackey,-2,-28,-45,-15,-41,-17,5008
960,Rillaboom,28,12,-25,-10,-31,-12,2758
961,Scorbunny,-22,-42,-75,-30,-61,-28,13278
962,Raboot,-7,-27,-55,-15,-41,-3,5718
963,Cinderace,8,3,-40,-5,-26,22,2858
964,Sobble,-22,-73,-75,0,-61,-27,15888
965,Drizzile,-7,-53,-60,25,-46,-7,9248
966,Inteleon,-2,-28,-50,55,-36,23,8138
967,Skwovet,-2,-58,-60,-35,-66,-72,17733
968,Greedent,48,-18,-20,-15,-26,-77,9858
969,Rookidee,-34,-66,-80,-37,-66,-40,19237
970,Corvisquire,-4,-46,-60,-27,-46,-20,8977
971,Corviknight,26,-26,-10,-17,-16,-30,2897
972,Blipbug,-47,-93,-95,-45,-56,-52,27748
973,Dottler,-22,-78,-35,-20,-11,-67,12803
974,Orbeetle,-12,-68,-5,10,19,-7,5303
975,Nickit,-32,-85,-87,-23,-49,-47,20957
976,Thievul,-2,-55,-57,17,-9,-7,6697
977,Gossifleur,-32,-73,-55,-30,-41,-87,19528
978,Eldegoss,-12,-63,-25,10,19,-37,6568
979,Wooloo,-30,-73,-60,-30,-56,-49,16266
980,Dubwool,0,-33,-15,-10,-11,-9,1616
981,Chewtle,-22,-49,-65,-32,-63,-53,14912
982,Drednaw,18,2,-25,-22,-33,-23,3055
983,Yamper,-13,-68,-65,-30,-51,-71,17560
984,Boltund,-3,-23,-55,20,-41,24,6220
985,Rolycoly,-42,-73,-65,-30,-51,-67,19308
986,Carkol,8,-53,-25,-10,-31,-47,6768
987,Coalossal,38,-33,5,10,-11,-67,7268
988,Applin,-32,-73,-35,-30,-61,-77,18128
989,Flapple,-2,-3,-35,25,-41,-27,4273
990,Appletun,38,-28,-35,30,-21,-67,9283
991,Silicobra,-20,-56,-40,-35,-51,-51,11563
992,Sandaconda,0,-6,10,-5,-31,-26,1798
993,Cramorant,-2,-28,-60,15,-6,-12,4793
994,Arrokuda,-31,-50,-75,-30,-71,-31,15988
995,Barraskewda,-11,10,-55,-10,-51,39,7468
996,Toxel,-32,-75,-80,-16,-66,-57,20910
997,Toxtricity,3,-15,-45,44,-31,-22,5640
998,Sizzlipede,-22,-48,-70,-20,-51,-52,13393
999,Centiskorch,28,2,-50,20,-11,-32,4833
1000,Clobbopus,-22,-45,-55,-20,-51,-65,12760
1001,Grapploct,8,5,-25,0,-21,-55,4180
1002,Sinistea,-32,-68,-70,4,-47,-47,14982
1003,Polteageist,-12,-48,-50,64,13,-27,9942
1004,Hatenna,-30,-83,-70,-14,-48,-58,18553
1005,Hattrem,-15,-73,-50,16,-28,-48,11398
1006,Hatterene,-15,-23,-20,66,2,-68,10138
1007,Impidimp,-27,-68,-85,-15,-61,-47,18733
1008,Morgrem,-7,-53,-70,5,-46,-27,10628
1009,Grimmsnarl,23,7,-50,25,-26,-37,5748
1010,Obstagoon,21,-23,-14,-10,-20,-2,1670
1011,Perrserker,-2,-3,-15,-20,-41,-47,4528
1012,Cursola,-12,-18,-65,75,29,-67,15648
1013,Sirfetch'd,-10,22,-20,-2,-19,-32,2373
1014,Mr. Rime,8,-28,-40,40,-1,-27,4778
1015,Runerigus,-14,-18,30,-20,4,-67,6325
1016,Milcery,-27,-73,-75,-20,-40,-63,17652
1017,Alcremie,-7,-53,-40,40,20,-33,7547
1018,Falinks,-7,-13,-15,0,-41,-22,2608
1019,Pincurchin,-24,-12,-20,21,-16,-82,8541
1020,Snom,-42,-88,-80,-25,-71,-77,27503
1021,Frosmoth,-2,-48,-55,55,-11,-32,9503
1022,Stonjourner,28,12,20,-50,-81,-27,11118
1023,Eiscue (Ice Face),3,-33,-5,-5,-11,-47,3478
1024,Eiscue (Noice Face),3,-33,-45,-5,-51,33,6838
1025,Indeedee (Male),-12,-48,-60,35,-6,-2,7313
1026,Indeedee (Female),-2,-58,-50,25,4,-12,6653
1027,Morpeko,-14,-18,-57,0,-43,0,5618
1028,Cufant,0,-33,-66,-30,-52,-57,12298
1029,Copperajah,50,17,-46,10,-32,-67,10518
1030,Dracozolt,18,-13,-25,10,-31,-22,2663
1031,Arctozolt,18,-13,-25,20,-21,-42,3723
1032,Dracovish,18,-23,-15,0,-21,-22,2003
1033,Arctovish,18,-23,-15,10,-11,-42,3063
1034,Duraludon,-2,-18,0,50,-51,-12,5573
1035,Dreepy,-44,-53,-85,-30,-71,-15,18136
1036,Drakloak,-4,-33,-65,-10,-51,5,8056
1037,Dragapult,16,7,-40,30,-26,45,5506
1038,Zacian (Hero of Many Battles),20,7,0,10,14,41,2426
1039,Zacian (Crowned Sword),20,37,0,10,14,51,4666
1040,Zamazenta (Hero of Many Battles),20,7,0,10,14,41,2426
1041,Zamazenta (Crowned Shield),20,7,25,10,39,31,3656
1042,Eternatus,68,-28,-20,75,-6,33,12558
1043,Eternatus (Eternamax Eternatus),183,2,135,55,149,33,78033
1044,Kubfu,-12,-23,-55,-17,-51,-25,7213
1045,Urshifu,28,17,-15,-7,-41,0,3028
1046,Zarude,33,7,-10,0,-6,8,1338
1047,Regieleki,8,-13,-65,30,-51,103,18568
1048,Regidrago,128,-13,-65,30,-51,-17,24568
1049,Glastrier,28,32,15,-5,9,-67,6628
1050,Spectrier,28,-48,-55,75,-21,33,13268
1051,Calyrex,28,-33,-35,10,-21,-17,3928
1052,Calyrex (Ice Rider Calyrex),28,52,35,15,29,-47,7988
1053,Calyrex (Shadow Rider Calyrex),28,-28,-35,95,-1,53,14628
1054,Wyrdeer,31,-8,-43,35,-26,-32,5799
1055,Kleavor,-2,22,-20,-25,-31,-12,2618
1056,Ursaluna,58,27,-10,-25,-21,-47,7468
1057,Basculegion (Male),48,-1,-50,10,-26,-19,5942
1058,Basculegion (Female),48,-21,-50,30,-26,-19,7182
1059,Sneasler,8,17,-55,-30,-21,23,5248
1060,Overqwil,13,2,-20,-5,-36,-12,2038
1061,Enamorus (Incarnate Forme),2,2,-45,65,-21,9,6780
1062,Enamorus (Therian Forme),2,2,-5,65,-1,-51,6860
1063,Sprigatito,-32,-52,-61,-25,-56,-32,12234
1064,Floragato,-11,-33,-52,-10,-38,-14,5654
1065,Meowscarada,4,-3,-45,11,-31,26,3808
1066,Fuecoco,-5,-68,-56,-7,-61,-61,15276
1067,Crocalor,9,-58,-37,20,-43,-48,9367
1068,Skeledirge,32,-38,-15,40,-26,-31,5930
1069,Quaxly,-17,-48,-70,-20,-56,-47,13238
1070,Quaxwell,-2,-28,-50,-5,-41,-32,6018
1071,Quaquaval,13,7,-35,15,-26,-12,2488
1072,Lechonk,-18,-68,-75,-35,-56,-62,18778
1073,Oinkologne (Male),38,-13,-40,-11,-21,-32,4799
1074,Oinkologne (Female),43,-23,-45,-11,-11,-32,5669
1075,Tarountula,-37,-72,-70,-41,-61,-77,22784
1076,Spidops,-12,-34,-23,-18,-15,-62,6222
1077,Nymble,-39,-67,-75,-49,-76,-52,22516
1078,Lokix,-1,-11,-37,-18,-46,-5,3956
1079,Pawmi,-27,-63,-95,-30,-76,-37,21768
1080,Pawmo,-12,-38,-75,-20,-61,-12,11478
1081,Pawmot,-2,2,-45,0,-41,8,3778
1082,Tandemaus,-22,-63,-70,-30,-56,-22,13873
1083,Maushold,2,-38,-45,-5,-26,14,4370
1084,Fidough,-35,-58,-45,-40,-46,-32,11354
1085,Dachsbun,-15,-33,0,-20,-21,-2,2159
1086,Smoliv,-31,-78,-70,-12,-50,-67,19078
1087,Dolliv,-20,-60,-55,8,-23,-64,11714
1088,Arboliva,6,-44,-25,55,8,-58,9050
1089,Squawkabilly,10,-17,-64,-25,-50,-5,7635
1090,Nacli,-17,-58,-40,-35,-66,-72,16018
1091,Naclstack,-12,-53,-15,-35,-36,-62,9543
1092,Garganacl,28,-13,15,-25,-11,-62,5768
1093,Charcadet,-32,-63,-75,-20,-61,-62,18583
1094,Armarouge,13,-53,-15,55,-21,-22,7153
1095,Ceruledge,3,12,-35,-10,-1,-12,1623
1096,Tadbulb,-11,-82,-74,-11,-66,-52,19502
1097,Bellibolt,37,-49,-24,33,-18,-52,8463
1098,Wattrel,-32,-73,-80,-15,-61,-27,17428
1099,Kilowattrel,-2,-43,-55,35,-41,28,8568
1100,Maschiff,-12,-35,-55,-30,-50,-46,9910
1101,Mabosstiff,8,7,-25,-10,-31,-12,1943
1102,Shroodle,-32,-48,-80,-30,-66,-22,15468
1103,Grafaiai,-9,-18,-50,10,-29,13,4015
1104,Bramblin,-32,-48,-85,-25,-66,-37,16903
1105,Brambleghast,-17,2,-45,10,-31,-7,3428
1106,Toedscool,-32,-73,-80,-20,-1,-27,13883
1107,Toedscruel,8,-43,-50,10,19,3,4883
1108,Klawf,-2,-13,0,-35,-46,-22,3998
1109,Capsakid,-22,-51,-75,-8,-61,-47,14704
1110,Scovillain,-7,-5,-50,38,-36,-22,5798
1111,Rellor,-31,-63,-55,-39,-43,-67,15814
1112,Rabsca,3,-63,-30,45,-1,-52,9608
1113,Flittle,-42,-78,-85,-15,-71,-22,20823
1114,Espathra,23,-53,-55,31,-41,8,9069
1115,Tinkatink,-22,-68,-70,-35,-37,-39,14123
1116,Tinkatuff,-7,-58,-60,-25,-19,-19,8360
1117,Tinkaton,13,-38,-38,0,4,-3,3082
1118,Wiglett,-62,-58,-90,-35,-76,-2,22313
1119,Wugtrio,-37,-13,-65,-20,-31,23,7653
1120,Bombirdier,-2,-10,-30,-10,-16,-15,1585
1121,Finizen,-2,-68,-75,-25,-61,-22,15083
1122,Palafin,28,-43,-43,-17,-39,3,6301
1123,Palafin,28,47,-18,36,-14,3,4818
1124,Varoom,-27,-43,-52,-40,-56,-50,12518
1125,Revavroom,8,6,-25,-16,-34,-7,2186
1126,Cyclizar,-2,-18,-50,15,-36,24,4925
1127,Orthworm,-2,-28,30,-10,-46,-32,4928
1128,Glimmet,-24,-78,-73,35,-41,-37,16264
1129,Glimmora,11,-58,-25,60,-20,-11,8231
1130,Greavard,-22,-52,-55,-40,-46,-63,13898
1131,Houndstone,0,-12,-15,-20,-4,-29,1626
1132,Flamigo,10,2,-41,5,-37,-7,3228
1133,Cetoddle,36,-45,-70,-40,-61,-54,16458
1134,Cetitan,98,0,-50,-25,-46,-24,15421
1135,Veluza,18,-11,-42,8,-36,-27,4298
1136,Dondozo,78,-13,0,-5,-36,-62,11418
1137,Tatsugiri,-4,-63,-55,50,-6,-15,9771
1138,Annihilape,38,2,-35,-20,-11,-7,3243
1139,Clodsire,58,-38,-55,-25,-1,-77,14388
1140,Farigiraf,48,-23,-45,40,-31,-37,8788
1141,Dudunsparce,53,-13,-35,15,-26,-42,6868
1142,Kingambit,28,22,5,-10,-16,-47,3858
1143,Great Tusk,43,18,16,-17,-48,-10,5122
1144,Scream Tail,43,-48,-16,-5,14,14,4826
1145,Brute Bonnet,39,14,-16,9,-2,-42,3822
1146,Flutter Mane,-17,-58,-60,65,34,38,14078
1147,Slither Wing,13,22,-36,15,4,-16,2446
1148,Sandy Shocks,13,-32,-18,51,-16,4,4390
1149,Iron Treads,18,-1,5,2,-31,9,1396
1150,Iron Bundle,-16,-33,-1,54,-41,39,7464
1151,Iron Hands,82,27,-7,-20,-33,-47,11200
1152,Iron Jugulis,22,-33,-29,52,-21,11,5680
1153,Iron Moth,8,-43,-55,70,9,13,10088
1154,Iron Thorns,28,21,-5,0,-17,-25,2164
1155,Frigibax,-7,-38,-70,-35,-56,-42,12518
1156,Arctibax,18,-18,-49,-25,-36,-35,6195
1157,Baxcalibur,43,32,-23,5,-15,-10,3752
1158,Gimmighoul (Chest Form),-27,-83,-45,5,-31,-87,18198
1159,Gimmighoul (Roaming Form),-27,-83,-90,5,-56,-17,19168
1160,Gholdengo,15,-53,-20,63,-10,-13,7672
1161,Wo-Chien,13,-28,-15,25,34,-27,3688
1162,Chien-Pao,8,7,-35,20,-36,38,4478
1163,Ting-Lu,83,-3,10,-15,-21,-52,10368
1164,Chi-Yu,-17,-33,-35,65,19,3,7198
1165,Roaring Moon,33,26,-44,-15,0,22,4410
1166,Iron Valiant,2,17,-25,50,-41,19,5460
1167,Koraidon,28,22,0,15,-1,38,2938
1168,Miraidon,28,-28,-15,65,14,38,7658
